Date,Strategy,Type,ABT,ACN,AFL,AMZN,APA,APD,ARE,GOOGL,MMM,MO
2022-01-20,buy_and_hold,Rebalance,0.1,0.1,0.1,0.1,0.1,0.1,0.1,0.1,0.1,0.1
2022-01-21,buy_and_hold,Hold,0.1027,0.0997,0.1001,0.0957,0.0981,0.1002,0.1009,0.0995,0.1013,0.1018
2022-01-24,buy_and_hold,Hold,0.1009,0.1005,0.1009,0.0968,0.0993,0.1001,0.1,0.0997,0.1011,0.1008
2022-01-25,buy_and_hold,Hold,0.1004,0.0993,0.1016,0.0937,0.1075,0.0989,0.0994,0.0967,0.1017,0.1009
2022-01-26,buy_and_hold,Hold,0.0987,0.0987,0.103,0.0939,0.1086,0.0988,0.0981,0.0994,0.1,0.1008
2022-01-27,buy_and_hold,Hold,0.099,0.0997,0.1025,0.0943,0.108,0.0985,0.0959,0.0992,0.1005,0.1025
2022-01-28,buy_and_hold,Hold,0.1016,0.1012,0.1018,0.096,0.1073,0.0978,0.0966,0.1011,0.095,0.1014
2022-01-31,buy_and_hold,Hold,0.1015,0.1025,0.1008,0.098,0.1056,0.0977,0.0976,0.1008,0.095,0.1004
2022-02-01,buy_and_hold,Rebalance,0.1,0.1,0.1,0.1,0.1,0.1,0.1,0.1,0.1,0.1
2022-02-02,buy_and_hold,Hold,0.101,0.1005,0.1,0.0984,0.0989,0.0987,0.0996,0.1062,0.0983,0.0985
2022-02-03,buy_and_hold,Hold,0.1032,0.0986,0.1022,0.0926,0.1004,0.0995,0.0991,0.1049,0.099,0.1004
2022-02-04,buy_and_hold,Hold,0.1024,0.0987,0.1033,0.1047,0.0998,0.0928,0.098,0.1045,0.0964,0.0995
2022-02-07,buy_and_hold,Hold,0.102,0.0986,0.1052,0.1059,0.0995,0.0906,0.0973,0.1025,0.0976,0.1008
2022-02-08,buy_and_hold,Hold,0.1024,0.0989,0.1063,0.1081,0.0959,0.0899,0.0969,0.1025,0.0982,0.1008
2022-02-09,buy_and_hold,Hold,0.1025,0.1005,0.1049,0.1065,0.0962,0.0911,0.0978,0.1028,0.0977,0.0999
2022-02-10,buy_and_hold,Hold,0.1023,0.0987,0.1062,0.1071,0.0982,0.0903,0.0966,0.1026,0.0972,0.1009
2022-02-11,buy_and_hold,Hold,0.1019,0.0962,0.1072,0.1047,0.1015,0.0886,0.0981,0.1007,0.0984,0.1027
2022-02-14,buy_and_hold,Hold,0.1008,0.0964,0.1067,0.1072,0.0967,0.0893,0.0982,0.1028,0.0986,0.1033
2022-02-15,buy_and_hold,Hold,0.101,0.0966,0.1071,0.1073,0.0962,0.0902,0.0983,0.1029,0.0974,0.103
2022-02-16,buy_and_hold,Hold,0.1005,0.0976,0.1067,0.1081,0.0965,0.0891,0.099,0.1034,0.096,0.1033
2022-02-17,buy_and_hold,Hold,0.0998,0.0962,0.1064,0.1077,0.0982,0.089,0.1003,0.1014,0.0943,0.1068
2022-02-18,buy_and_hold,Hold,0.0973,0.0963,0.1071,0.107,0.0982,0.0901,0.1008,0.1004,0.0944,0.1083
2022-02-22,buy_and_hold,Hold,0.0987,0.097,0.1073,0.1061,0.0955,0.0894,0.1026,0.1007,0.0945,0.1082
2022-02-23,buy_and_hold,Hold,0.0998,0.0959,0.1067,0.1037,0.0961,0.0892,0.103,0.1003,0.0942,0.111
2022-02-24,buy_and_hold,Hold,0.1001,0.096,0.1023,0.1074,0.0998,0.0886,0.1044,0.1034,0.093,0.105
2022-02-25,buy_and_hold,Hold,0.1003,0.0951,0.1034,0.1061,0.1011,0.0881,0.1034,0.1019,0.0946,0.106
2022-02-28,buy_and_hold,Hold,0.0993,0.0936,0.1023,0.1063,0.1075,0.0869,0.1015,0.1027,0.0938,0.106
2022-03-01,buy_and_hold,Rebalance,0.1,0.1,0.1,0.1,0.1,0.1,0.1,0.1,0.1,0.1
2022-03-02,buy_and_hold,Hold,0.1003,0.1007,0.1012,0.099,0.1,0.0996,0.0994,0.0988,0.1001,0.1008
2022-03-03,buy_and_hold,Hold,0.1005,0.1006,0.1027,0.0961,0.1008,0.0988,0.1005,0.0981,0.1006,0.1013
2022-03-04,buy_and_hold,Hold,0.1012,0.0994,0.1013,0.0949,0.1043,0.0976,0.1021,0.097,0.0999,0.1022
2022-03-07,buy_and_hold,Hold,0.1021,0.0995,0.1025,0.0923,0.1033,0.0976,0.1024,0.0957,0.1005,0.1041
2022-03-08,buy_and_hold,Hold,0.1002,0.0988,0.1033,0.0918,0.1057,0.0968,0.1036,0.0967,0.1025,0.1007
2022-03-09,buy_and_hold,Hold,0.1003,0.0995,0.1033,0.0922,0.1039,0.0985,0.1024,0.0996,0.1014,0.099
2022-03-10,buy_and_hold,Hold,0.0986,0.0991,0.1022,0.0968,0.107,0.0984,0.1015,0.0984,0.0991,0.099
2022-03-11,buy_and_hold,Hold,0.0977,0.1013,0.1038,0.0975,0.106,0.0963,0.1016,0.0981,0.0986,0.0991
2022-03-14,buy_and_hold,Hold,0.0996,0.1007,0.106,0.0956,0.1027,0.0965,0.1022,0.0957,0.101,0.0999
2022-03-15,buy_and_hold,Hold,0.0998,0.102,0.1052,0.0979,0.0988,0.097,0.102,0.0968,0.1001,0.1004
2022-03-16,buy_and_hold,Hold,0.1,0.1032,0.1059,0.1001,0.0977,0.0963,0.1009,0.0983,0.0994,0.0983
2022-03-17,buy_and_hold,Hold,0.0999,0.0999,0.1047,0.1013,0.103,0.0965,0.1006,0.0972,0.0993,0.0976
2022-03-18,buy_and_hold,Hold,0.1,0.1005,0.1039,0.103,0.1013,0.097,0.1006,0.098,0.0989,0.0968
2022-03-21,buy_and_hold,Hold,0.0989,0.1,0.104,0.1025,0.1052,0.0975,0.0989,0.0974,0.0985,0.0972
2022-03-22,buy_and_hold,Hold,0.0979,0.0999,0.1047,0.1036,0.1032,0.0974,0.0977,0.0991,0.0984,0.0982
2022-03-23,buy_and_hold,Hold,0.0951,0.099,0.1048,0.104,0.105,0.0981,0.0974,0.0992,0.0981,0.0992
2022-03-24,buy_and_hold,Hold,0.0948,0.0994,0.1049,0.103,0.104,0.1,0.0972,0.1004,0.0979,0.0985
2022-03-25,buy_and_hold,Hold,0.0946,0.0989,0.1053,0.1024,0.1046,0.1005,0.0975,0.0993,0.0976,0.0994
2022-03-28,buy_and_hold,Hold,0.0956,0.1,0.1051,0.1053,0.1006,0.1014,0.0986,0.0994,0.0972,0.0966
2022-03-29,buy_and_hold,Hold,0.0946,0.1018,0.1039,0.1042,0.1021,0.1018,0.1003,0.0989,0.0977,0.0948
2022-03-30,buy_and_hold,Hold,0.0948,0.1012,0.1043,0.1024,0.1028,0.1022,0.1007,0.0986,0.0974,0.0956
2022-03-31,buy_and_hold,Hold,0.0942,0.1018,0.1035,0.1014,0.1042,0.1026,0.1013,0.0975,0.0967,0.0969
2022-04-01,buy_and_hold,Rebalance,0.1,0.1,0.1,0.1,0.1,0.1,0.1,0.1,0.1,0.1
2022-04-04,buy_and_hold,Hold,0.0996,0.1005,0.0975,0.1023,0.1012,0.1008,0.098,0.1014,0.0993,0.0994
2022-04-05,buy_and_hold,Hold,0.101,0.1008,0.0986,0.1005,0.0989,0.1013,0.0986,0.1005,0.0997,0.1001
2022-04-06,buy_and_hold,Hold,0.1016,0.1003,0.1008,0.0975,0.0971,0.1009,0.1006,0.0979,0.1008,0.1026
2022-04-07,buy_and_hold,Hold,0.1043,0.1006,0.1008,0.0967,0.0974,0.1012,0.0991,0.0972,0.1004,0.1022
2022-04-08,buy_and_hold,Hold,0.1041,0.0997,0.1012,0.0946,0.1021,0.1011,0.0987,0.0953,0.1003,0.1029
2022-04-11,buy_and_hold,Hold,0.1033,0.0981,0.1026,0.0943,0.0993,0.1024,0.0984,0.0938,0.1024,0.1054
2022-04-12,buy_and_hold,Hold,0.1021,0.0981,0.1023,0.0943,0.1022,0.1018,0.098,0.0932,0.1015,0.1065
2022-04-13,buy_and_hold,Hold,0.1024,0.097,0.1014,0.0962,0.1045,0.1016,0.0974,0.0938,0.1005,0.1052
2022-04-14,buy_and_hold,Hold,0.1019,0.0962,0.103,0.0948,0.1058,0.1013,0.0974,0.0924,0.1006,0.1066
2022-04-18,buy_and_hold,Hold,0.101,0.0947,0.1037,0.0958,0.1069,0.1014,0.0967,0.0935,0.1002,0.1063
2022-04-19,buy_and_hold,Hold,0.1023,0.0951,0.1017,0.0974,0.1059,0.101,0.0966,0.0934,0.101,0.1055
2022-04-20,buy_and_hold,Hold,0.1043,0.0957,0.1032,0.0946,0.1055,0.1003,0.098,0.0918,0.1011,0.1055
2022-04-21,buy_and_hold,Hold,0.1059,0.0962,0.1024,0.0919,0.1016,0.1022,0.0982,0.0903,0.1028,0.1087
2022-04-22,buy_and_hold,Hold,0.1057,0.0955,0.102,0.0921,0.1009,0.1018,0.0992,0.0891,0.104,0.1099
2022-04-25,buy_and_hold,Hold,0.1062,0.0975,0.1006,0.0934,0.0971,0.1019,0.098,0.0918,0.1038,0.1096
2022-04-26,buy_and_hold,Hold,0.1063,0.0958,0.1006,0.0915,0.0985,0.1016,0.0994,0.0909,0.1035,0.1118
2022-04-27,buy_and_hold,Hold,0.1063,0.096,0.1009,0.0908,0.1021,0.1029,0.0978,0.0877,0.1036,0.112
2022-04-28,buy_and_hold,Hold,0.1055,0.0976,0.0965,0.0933,0.1039,0.102,0.0976,0.0893,0.1038,0.1106
2022-04-29,buy_and_hold,Hold,0.1054,0.097,0.0969,0.0833,0.1066,0.1031,0.097,0.0893,0.1057,0.1156
2022-05-02,buy_and_hold,Rebalance,0.1,0.1,0.1,0.1,0.1,0.1,0.1,0.1,0.1,0.1
2022-05-03,buy_and_hold,Hold,0.0986,0.099,0.1,0.0988,0.1036,0.1005,0.1003,0.0996,0.1004,0.0991
2022-05-04,buy_and_hold,Hold,0.0983,0.0991,0.0998,0.0969,0.1067,0.1008,0.0991,0.1005,0.1013,0.0976
2022-05-05,buy_and_hold,Hold,0.1003,0.0982,0.1014,0.0936,0.1018,0.1004,0.1007,0.1,0.1025,0.1011
2022-05-06,buy_and_hold,Hold,0.0993,0.0969,0.1014,0.092,0.1084,0.0999,0.0989,0.0991,0.1022,0.1019
2022-05-09,buy_and_hold,Hold,0.0988,0.098,0.1043,0.0907,0.0959,0.1028,0.0974,0.1002,0.1084,0.1036
2022-05-10,buy_and_hold,Hold,0.0994,0.0992,0.1052,0.0919,0.0967,0.103,0.0962,0.1031,0.1074,0.0979
2022-05-11,buy_and_hold,Hold,0.0993,0.0976,0.105,0.0896,0.0998,0.1047,0.0961,0.1031,0.1062,0.0988
2022-05-12,buy_and_hold,Hold,0.1009,0.0974,0.1033,0.0906,0.0988,0.1037,0.0959,0.1021,0.1081,0.0993
2022-05-13,buy_and_hold,Hold,0.1002,0.0968,0.101,0.0934,0.1042,0.1021,0.0961,0.1024,0.1052,0.0985
2022-05-16,buy_and_hold,Hold,0.1,0.0966,0.1008,0.0915,0.1074,0.1017,0.0952,0.1009,0.1061,0.0998
2022-05-17,buy_and_hold,Hold,0.1022,0.0962,0.1013,0.0933,0.1069,0.1024,0.0935,0.1006,0.1051,0.0986
2022-05-18,buy_and_hold,Hold,0.1044,0.0941,0.1034,0.0899,0.1041,0.1041,0.0927,0.1003,0.1067,0.1004
2022-05-19,buy_and_hold,Hold,0.1048,0.0945,0.1028,0.0907,0.1057,0.1047,0.0932,0.0996,0.107,0.097
2022-05-20,buy_and_hold,Hold,0.1053,0.0953,0.1016,0.0907,0.1077,0.1059,0.0941,0.098,0.1045,0.0968
2022-05-23,buy_and_hold,Hold,0.1051,0.0959,0.1024,0.089,0.112,0.1042,0.093,0.0985,0.103,0.097
2022-05-24,buy_and_hold,Hold,0.1048,0.0953,0.1043,0.0869,0.1117,0.1046,0.0935,0.0945,0.1049,0.0994
2022-05-25,buy_and_hold,Hold,0.1033,0.0945,0.1046,0.0883,0.1155,0.1034,0.0927,0.0935,0.1039,0.1002
2022-05-26,buy_and_hold,Hold,0.1027,0.0966,0.1049,0.09,0.1139,0.104,0.0925,0.0933,0.1027,0.0993
2022-05-27,buy_and_hold,Hold,0.1015,0.098,0.1043,0.0908,0.1151,0.1045,0.0929,0.0946,0.1016,0.0965
2022-05-31,buy_and_hold,Hold,0.1023,0.0963,0.1047,0.0949,0.1138,0.1028,0.0916,0.0959,0.1016,0.096
2022-06-01,buy_and_hold,Rebalance,0.1,0.1,0.1,0.1,0.1,0.1,0.1,0.1,0.1,0.1
2022-06-02,buy_and_hold,Hold,0.1003,0.1009,0.0981,0.1014,0.098,0.102,0.1,0.1015,0.0995,0.0984
2022-06-03,buy_and_hold,Hold,0.1006,0.1014,0.0977,0.0999,0.1007,0.1029,0.0991,0.0999,0.099,0.0988
2022-06-06,buy_and_hold,Hold,0.0999,0.1007,0.0976,0.1012,0.1006,0.1044,0.098,0.1012,0.0986,0.0978
2022-06-07,buy_and_hold,Hold,0.0992,0.1003,0.0974,0.0988,0.1055,0.1047,0.098,0.1005,0.098,0.0976
2022-06-08,buy_and_hold,Hold,0.0998,0.1015,0.0983,0.0997,0.1076,0.1038,0.0954,0.103,0.0994,0.0916
2022-06-09,buy_and_hold,Hold,0.1001,0.1011,0.0981,0.0975,0.1074,0.1064,0.0939,0.103,0.1006,0.0919
2022-06-10,buy_and_hold,Hold,0.1003,0.1008,0.0979,0.0949,0.1079,0.1073,0.094,0.1027,0.099,0.0953
2022-06-13,buy_and_hold,Hold,0.1009,0.1015,0.0985,0.0934,0.1049,0.1093,0.0915,0.1024,0.1021,0.0956
2022-06-14,buy_and_hold,Hold,0.0987,0.1017,0.0991,0.0928,0.1066,0.1084,0.0912,0.1034,0.1019,0.0963
2022-06-15,buy_and_hold,Hold,0.0995,0.1028,0.099,0.0966,0.1047,0.1073,0.0905,0.1053,0.1002,0.094
2022-06-16,buy_and_hold,Hold,0.1002,0.1025,0.1001,0.0962,0.0991,0.1091,0.09,0.1052,0.101,0.0966
2022-06-17,buy_and_hold,Hold,0.1007,0.1042,0.1002,0.0986,0.093,0.1095,0.0909,0.1063,0.1002,0.0965
2022-06-21,buy_and_hold,Hold,0.1006,0.1049,0.1004,0.099,0.0939,0.1097,0.0891,0.1086,0.0984,0.0955
2022-06-22,buy_and_hold,Hold,0.1028,0.1076,0.1012,0.1004,0.0883,0.111,0.0913,0.1098,0.0999,0.0877
2022-06-23,buy_and_hold,Hold,0.1029,0.1067,0.1,0.103,0.0847,0.1108,0.0938,0.1098,0.0991,0.0893
2022-06-24,buy_and_hold,Hold,0.1024,0.1079,0.1004,0.103,0.0824,0.1114,0.0943,0.1115,0.0987,0.0881
2022-06-27,buy_and_hold,Hold,0.1028,0.1063,0.1014,0.1009,0.0854,0.1097,0.0965,0.1103,0.0984,0.0883
2022-06-28,buy_and_hold,Hold,0.1024,0.1047,0.103,0.0972,0.0897,0.1097,0.0972,0.1083,0.0981,0.0897
2022-06-29,buy_and_hold,Hold,0.1052,0.104,0.1029,0.0994,0.0842,0.1108,0.0988,0.1089,0.0984,0.0874
2022-06-30,buy_and_hold,Hold,0.1059,0.1042,0.1037,0.0979,0.0822,0.1115,0.1001,0.1073,0.0991,0.0883
2022-07-01,buy_and_hold,Rebalance,0.1,0.1,0.1,0.1,0.1,0.1,0.1,0.1,0.1,0.1
2022-07-05,buy_and_hold,Hold,0.0996,0.0985,0.0992,0.1041,0.093,0.0993,0.1013,0.1047,0.101,0.0992
2022-07-06,buy_and_hold,Hold,0.0992,0.0989,0.1001,0.105,0.0911,0.0983,0.1019,0.106,0.1016,0.098
2022-07-07,buy_and_hold,Hold,0.0983,0.0985,0.0992,0.1051,0.0966,0.0961,0.1,0.1081,0.1002,0.0979
2022-07-08,buy_and_hold,Hold,0.0986,0.0989,0.0995,0.1049,0.0981,0.0952,0.0983,0.1092,0.0997,0.0978
2022-07-11,buy_and_hold,Hold,0.0993,0.0985,0.1002,0.1026,0.0973,0.097,0.0974,0.107,0.101,0.0998
2022-07-12,buy_and_hold,Hold,0.0998,0.099,0.1006,0.1012,0.0931,0.097,0.0982,0.1065,0.1029,0.1017
2022-07-13,buy_and_hold,Hold,0.0988,0.0998,0.0995,0.1033,0.0954,0.0963,0.0974,0.105,0.1025,0.1018
2022-07-14,buy_and_hold,Hold,0.1002,0.0999,0.0988,0.105,0.0929,0.0951,0.0964,0.1055,0.1038,0.1024
2022-07-15,buy_and_hold,Hold,0.1012,0.0991,0.0986,0.1058,0.0924,0.0947,0.0984,0.1049,0.1034,0.1015
2022-07-18,buy_and_hold,Hold,0.1,0.0985,0.0988,0.1065,0.0952,0.0945,0.0982,0.1028,0.1029,0.1026
2022-07-19,buy_and_hold,Hold,0.0996,0.0995,0.0972,0.1073,0.0966,0.0942,0.0984,0.104,0.1022,0.1011
2022-07-20,buy_and_hold,Hold,0.0975,0.0996,0.0962,0.1108,0.0979,0.0944,0.0987,0.1036,0.1024,0.099
2022-07-21,buy_and_hold,Hold,0.0992,0.1012,0.0962,0.1118,0.0929,0.095,0.0983,0.1034,0.1025,0.0995
2022-07-22,buy_and_hold,Hold,0.0987,0.1022,0.0975,0.1108,0.0913,0.0958,0.1006,0.0984,0.1035,0.1012
2022-07-25,buy_and_hold,Hold,0.0974,0.1018,0.0981,0.1089,0.0962,0.0954,0.0999,0.0973,0.1028,0.1021
2022-07-26,buy_and_hold,Hold,0.098,0.1006,0.0976,0.1033,0.0947,0.0953,0.1042,0.0952,0.108,0.103
2022-07-27,buy_and_hold,Hold,0.0966,0.1025,0.096,0.1064,0.0963,0.0944,0.103,0.1002,0.1041,0.1005
2022-07-28,buy_and_hold,Hold,0.0957,0.1033,0.0954,0.1062,0.0962,0.0957,0.1048,0.0999,0.1039,0.099
2022-07-29,buy_and_hold,Hold,0.0922,0.1018,0.0947,0.1145,0.0981,0.0951,0.104,0.0994,0.1036,0.0965
2022-08-01,buy_and_hold,Rebalance,0.1,0.1,0.1,0.1,0.1,0.1,0.1,0.1,0.1,0.1
2022-08-02,buy_and_hold,Hold,0.0997,0.0997,0.1041,0.0995,0.1002,0.0992,0.0976,0.1007,0.0993,0.1
2022-08-03,buy_and_hold,Hold,0.0997,0.1008,0.1037,0.1027,0.0953,0.099,0.0966,0.1024,0.0997,0.1
2022-08-04,buy_and_hold,Hold,0.0997,0.1014,0.1038,0.1048,0.0848,0.1037,0.0968,0.1024,0.1028,0.0999
2022-08-05,buy_and_hold,Hold,0.0991,0.1008,0.1041,0.1033,0.0876,0.1055,0.0966,0.1016,0.1021,0.0994
2022-08-08,buy_and_hold,Hold,0.0986,0.1009,0.1041,0.102,0.0886,0.1049,0.098,0.1011,0.1026,0.0994
2022-08-09,buy_and_hold,Hold,0.0978,0.1009,0.1057,0.101,0.0901,0.1039,0.0979,0.1008,0.1023,0.0996
2022-08-10,buy_and_hold,Hold,0.0978,0.1008,0.1057,0.1023,0.0896,0.1043,0.0984,0.1012,0.1012,0.0986
2022-08-11,buy_and_hold,Hold,0.0976,0.0998,0.1068,0.1004,0.0936,0.1036,0.0983,0.1,0.1009,0.0991
2022-08-12,buy_and_hold,Hold,0.0969,0.1002,0.1075,0.101,0.0918,0.1043,0.0986,0.1009,0.1011,0.0976
2022-08-15,buy_and_hold,Hold,0.0975,0.1003,0.1078,0.1009,0.0889,0.1058,0.0987,0.1014,0.1008,0.0981
2022-08-16,buy_and_hold,Hold,0.0975,0.1003,0.1075,0.1019,0.0879,0.1054,0.0995,0.101,0.0999,0.099
2022-08-17,buy_and_hold,Hold,0.0972,0.1006,0.1085,0.101,0.0899,0.1043,0.1,0.1002,0.099,0.0993
2022-08-18,buy_and_hold,Hold,0.0961,0.1003,0.1089,0.1006,0.097,0.1036,0.0966,0.1001,0.0979,0.0991
2022-08-19,buy_and_hold,Hold,0.0974,0.1002,0.1088,0.0989,0.0973,0.1033,0.0962,0.0989,0.0991,0.1
2022-08-22,buy_and_hold,Hold,0.0966,0.1002,0.108,0.0969,0.1006,0.1039,0.096,0.098,0.0983,0.1015
2022-08-23,buy_and_hold,Hold,0.0952,0.0989,0.1075,0.097,0.1059,0.1039,0.0943,0.0975,0.0982,0.1016
2022-08-24,buy_and_hold,Hold,0.0942,0.0983,0.1068,0.0967,0.1095,0.1039,0.0949,0.0968,0.0972,0.1017
2022-08-25,buy_and_hold,Hold,0.0933,0.0981,0.1066,0.0979,0.1083,0.1041,0.0951,0.098,0.0971,0.1016
2022-08-26,buy_and_hold,Hold,0.093,0.0978,0.108,0.0965,0.1115,0.106,0.0961,0.096,0.091,0.1041
2022-08-29,buy_and_hold,Hold,0.0933,0.0972,0.1083,0.0962,0.1152,0.1058,0.0951,0.0956,0.0894,0.1041
2022-08-30,buy_and_hold,Hold,0.095,0.0977,0.1086,0.0968,0.1111,0.1053,0.0954,0.0965,0.0895,0.1042
2022-08-31,buy_and_hold,Hold,0.096,0.097,0.1081,0.096,0.1113,0.1046,0.0957,0.0966,0.0898,0.105
2022-09-01,buy_and_hold,Rebalance,0.1,0.1,0.1,0.1,0.1,0.1,0.1,0.1,0.1,0.1
2022-09-02,buy_and_hold,Hold,0.0988,0.0994,0.1008,0.1008,0.1034,0.0996,0.1001,0.0993,0.0978,0.1002
2022-09-06,buy_and_hold,Hold,0.0998,0.1,0.1019,0.1005,0.1016,0.1003,0.1025,0.0991,0.0945,0.1
2022-09-07,buy_and_hold,Hold,0.1001,0.0996,0.1025,0.1016,0.097,0.1018,0.102,0.1,0.0962,0.0993
2022-09-08,buy_and_hold,Hold,0.1018,0.0995,0.1034,0.1013,0.0971,0.1013,0.1032,0.0985,0.0947,0.0993
2022-09-09,buy_and_hold,Hold,0.1015,0.0987,0.102,0.1023,0.0985,0.1008,0.1027,0.0989,0.0961,0.0985
2022-09-12,buy_and_hold,Hold,0.1008,0.0989,0.1015,0.1032,0.102,0.1019,0.1021,0.0977,0.0956,0.0962
2022-09-13,buy_and_hold,Hold,0.1017,0.0982,0.1029,0.1,0.1039,0.1032,0.1021,0.0958,0.0966,0.0954
2022-09-14,buy_and_hold,Hold,0.1014,0.097,0.1016,0.1011,0.1107,0.1026,0.1007,0.0962,0.0941,0.0946
2022-09-15,buy_and_hold,Hold,0.1019,0.0964,0.1018,0.1005,0.1113,0.1011,0.1011,0.0954,0.0942,0.0963
2022-09-16,buy_and_hold,Hold,0.1015,0.0966,0.1023,0.0989,0.1092,0.1013,0.1016,0.0959,0.095,0.0975
2022-09-19,buy_and_hold,Hold,0.1012,0.097,0.1033,0.0994,0.1087,0.1016,0.1,0.0957,0.0946,0.0985
2022-09-20,buy_and_hold,Hold,0.1008,0.0967,0.1051,0.0988,0.1079,0.1012,0.0985,0.0952,0.0958,0.0999
2022-09-21,buy_and_hold,Hold,0.101,0.0967,0.1056,0.0975,0.1066,0.1016,0.0979,0.0951,0.0961,0.1019
2022-09-22,buy_and_hold,Hold,0.1021,0.0962,0.1044,0.0972,0.1037,0.1011,0.0992,0.0967,0.0962,0.1033
2022-09-23,buy_and_hold,Hold,0.1042,0.0977,0.1053,0.0966,0.094,0.1029,0.1023,0.0976,0.0976,0.1019
2022-09-26,buy_and_hold,Hold,0.1045,0.0979,0.1048,0.0989,0.0921,0.1016,0.1008,0.0982,0.0987,0.1025
2022-09-27,buy_and_hold,Hold,0.1034,0.0979,0.1048,0.0987,0.095,0.1018,0.1002,0.098,0.0987,0.1014
2022-09-28,buy_and_hold,Hold,0.1016,0.0978,0.1037,0.0996,0.0986,0.1014,0.1004,0.0983,0.0981,0.1006
2022-09-29,buy_and_hold,Hold,0.1024,0.0976,0.1038,0.0981,0.1006,0.1012,0.1004,0.0969,0.0976,0.1013
2022-09-30,buy_and_hold,Hold,0.1017,0.0982,0.1041,0.0974,0.0994,0.1033,0.1027,0.0961,0.0969,0.1003
2022-10-03,buy_and_hold,Rebalance,0.1,0.1,0.1,0.1,0.1,0.1,0.1,0.1,0.1,0.1
2022-10-04,buy_and_hold,Hold,0.1002,0.1002,0.1004,0.1011,0.1016,0.1007,0.0978,0.0997,0.0988,0.0994
2022-10-05,buy_and_hold,Hold,0.1007,0.1004,0.0999,0.1012,0.1053,0.0987,0.0951,0.0997,0.0986,0.1005
2022-10-06,buy_and_hold,Hold,0.1004,0.0992,0.0997,0.1012,0.1103,0.0976,0.0943,0.1003,0.0957,0.1013
2022-10-07,buy_and_hold,Hold,0.1021,0.0978,0.0995,0.0986,0.1138,0.097,0.0933,0.0998,0.0948,0.1033
2022-10-10,buy_and_hold,Hold,0.1019,0.0976,0.1006,0.0984,0.1107,0.0978,0.092,0.0995,0.0961,0.1054
2022-10-11,buy_and_hold,Hold,0.1027,0.0959,0.1008,0.0972,0.109,0.0974,0.0937,0.0989,0.0965,0.1077
2022-10-12,buy_and_hold,Hold,0.1013,0.0955,0.0999,0.0981,0.11,0.0969,0.093,0.0996,0.0969,0.1089
2022-10-13,buy_and_hold,Hold,0.1015,0.0958,0.1012,0.0953,0.1101,0.098,0.0917,0.0985,0.099,0.1088
2022-10-14,buy_and_hold,Hold,0.1023,0.0962,0.1026,0.0927,0.1075,0.098,0.0917,0.0983,0.1008,0.1098
2022-10-17,buy_and_hold,Hold,0.103,0.098,0.1015,0.0967,0.1059,0.0981,0.0917,0.0998,0.0991,0.1062
2022-10-18,buy_and_hold,Hold,0.1034,0.0977,0.1015,0.098,0.1042,0.0993,0.0906,0.0997,0.1,0.1056
2022-10-19,buy_and_hold,Hold,0.0974,0.0985,0.1022,0.0977,0.1105,0.0997,0.0892,0.0994,0.0992,0.1062
2022-10-20,buy_and_hold,Hold,0.0956,0.0987,0.1017,0.0989,0.1114,0.0995,0.0892,0.1008,0.0994,0.1047
2022-10-21,buy_and_hold,Hold,0.0933,0.0993,0.1024,0.1001,0.1132,0.0984,0.0891,0.0996,0.1003,0.1045
2022-10-24,buy_and_hold,Hold,0.095,0.0999,0.1024,0.099,0.113,0.098,0.0882,0.0995,0.1001,0.1051
2022-10-25,buy_and_hold,Hold,0.0931,0.1002,0.1008,0.098,0.1148,0.0994,0.0916,0.0997,0.0985,0.1041
2022-10-26,buy_and_hold,Hold,0.0941,0.1005,0.1014,0.0945,0.1177,0.1001,0.0921,0.0911,0.1026,0.106
2022-10-27,buy_and_hold,Hold,0.0936,0.1011,0.1036,0.0916,0.1179,0.0999,0.0943,0.0894,0.1037,0.105
2022-10-28,buy_and_hold,Hold,0.0945,0.1027,0.1054,0.084,0.1153,0.1005,0.0952,0.0919,0.1052,0.1053
2022-10-31,buy_and_hold,Hold,0.0946,0.102,0.1066,0.0837,0.1161,0.0995,0.0955,0.0908,0.1052,0.1059
2022-11-01,buy_and_hold,Rebalance,0.1,0.1,0.1,0.1,0.1,0.1,0.1,0.1,0.1,0.1
2022-11-02,buy_and_hold,Hold,0.1013,0.0994,0.1025,0.0977,0.0992,0.0998,0.101,0.0987,0.1007,0.0998
2022-11-03,buy_and_hold,Hold,0.0997,0.0937,0.1014,0.0947,0.1061,0.1075,0.1015,0.0947,0.1007,0.1
2022-11-04,buy_and_hold,Hold,0.099,0.093,0.1008,0.0943,0.1073,0.1098,0.1011,0.096,0.0999,0.0989
2022-11-07,buy_and_hold,Hold,0.0995,0.0949,0.1008,0.0929,0.1073,0.1093,0.1007,0.0971,0.0988,0.0987
2022-11-08,buy_and_hold,Hold,0.0995,0.0948,0.1009,0.0922,0.1062,0.1113,0.0997,0.0975,0.0992,0.0987
2022-11-09,buy_and_hold,Hold,0.1014,0.0959,0.1024,0.0901,0.1007,0.1125,0.0999,0.0978,0.1001,0.0992
2022-11-10,buy_and_hold,Hold,0.1011,0.0983,0.1009,0.0962,0.0989,0.1107,0.1022,0.1001,0.0993,0.0923
2022-11-11,buy_and_hold,Hold,0.0997,0.098,0.1001,0.0991,0.1013,0.1088,0.0992,0.1014,0.1009,0.0915
2022-11-14,buy_and_hold,Hold,0.099,0.0989,0.0991,0.0981,0.0994,0.1127,0.0981,0.102,0.1008,0.0918
2022-11-15,buy_and_hold,Hold,0.0988,0.0989,0.1006,0.0972,0.1019,0.1111,0.0984,0.1035,0.0996,0.09
2022-11-16,buy_and_hold,Hold,0.1,0.0992,0.1021,0.0961,0.0992,0.1121,0.0975,0.1047,0.0984,0.0905
2022-11-17,buy_and_hold,Hold,0.0997,0.0985,0.1026,0.0946,0.0989,0.1123,0.0982,0.1049,0.0991,0.0913
2022-11-18,buy_and_hold,Hold,0.1007,0.098,0.1028,0.0936,0.0974,0.1132,0.0999,0.1037,0.0985,0.0922
2022-11-21,buy_and_hold,Hold,0.101,0.0985,0.1038,0.0923,0.0955,0.1136,0.1,0.1021,0.0995,0.0938
2022-11-22,buy_and_hold,Hold,0.1,0.0986,0.1027,0.0912,0.0988,0.1161,0.0999,0.1016,0.0984,0.0927
2022-11-23,buy_and_hold,Hold,0.1011,0.0991,0.1026,0.0921,0.0967,0.1157,0.0993,0.1031,0.0979,0.0924
2022-11-25,buy_and_hold,Hold,0.1018,0.0995,0.1031,0.0912,0.0958,0.1161,0.1006,0.1018,0.0984,0.0916
2022-11-28,buy_and_hold,Hold,0.1021,0.0993,0.1028,0.0933,0.0944,0.1161,0.099,0.1021,0.0968,0.0941
2022-11-29,buy_and_hold,Hold,0.1013,0.098,0.1023,0.0915,0.0975,0.1149,0.101,0.1008,0.0976,0.0952
2022-11-30,buy_and_hold,Hold,0.1012,0.0999,0.1012,0.0932,0.0956,0.1149,0.1004,0.1043,0.095,0.0943
2022-12-01,buy_and_hold,Rebalance,0.1,0.1,0.1,0.1,0.1,0.1,0.1,0.1,0.1,0.1
2022-12-02,buy_and_hold,Hold,0.1,0.0989,0.1004,0.0984,0.1006,0.1019,0.0988,0.0993,0.1006,0.1011
2022-12-05,buy_and_hold,Hold,0.0994,0.0984,0.1006,0.097,0.0996,0.1028,0.099,0.1003,0.1007,0.1022
2022-12-06,buy_and_hold,Hold,0.0999,0.0978,0.1026,0.0959,0.0975,0.1038,0.0982,0.0997,0.1026,0.102
2022-12-07,buy_and_hold,Hold,0.1006,0.0981,0.1026,0.096,0.0968,0.1048,0.0974,0.0974,0.1039,0.1022
2022-12-08,buy_and_hold,Hold,0.1021,0.0994,0.1008,0.0975,0.0943,0.1056,0.0989,0.0956,0.1031,0.1027
2022-12-09,buy_and_hold,Hold,0.1034,0.0989,0.101,0.0968,0.093,0.1046,0.1001,0.0954,0.1036,0.1032
2022-12-12,buy_and_hold,Hold,0.1038,0.0988,0.1007,0.097,0.0961,0.1047,0.0991,0.0945,0.103,0.1022
2022-12-13,buy_and_hold,Hold,0.1041,0.0983,0.099,0.0976,0.0989,0.1051,0.0994,0.0954,0.1018,0.1004
2022-12-14,buy_and_hold,Hold,0.1044,0.0975,0.0992,0.0972,0.0977,0.1056,0.1001,0.0954,0.1014,0.1016
2022-12-15,buy_and_hold,Hold,0.1043,0.0963,0.1,0.0961,0.1,0.1051,0.1007,0.0933,0.1007,0.1036
2022-12-16,buy_and_hold,Hold,0.1045,0.0921,0.1012,0.097,0.0989,0.107,0.0987,0.0943,0.1019,0.1045
2022-12-19,buy_and_hold,Hold,0.1052,0.0899,0.1021,0.0948,0.1,0.1071,0.0992,0.0933,0.1033,0.1051
2022-12-20,buy_and_hold,Hold,0.1046,0.0917,0.1041,0.0945,0.1001,0.1061,0.0991,0.0934,0.1016,0.1047
2022-12-21,buy_and_hold,Hold,0.1043,0.0925,0.1035,0.0946,0.104,0.1049,0.0988,0.0924,0.102,0.1031
2022-12-22,buy_and_hold,Hold,0.1057,0.0923,0.1041,0.0927,0.101,0.1058,0.0996,0.0918,0.1019,0.105
2022-12-23,buy_and_hold,Hold,0.1047,0.0918,0.1042,0.0932,0.1056,0.1044,0.0993,0.0923,0.0996,0.1049
2022-12-27,buy_and_hold,Hold,0.1053,0.0917,0.1052,0.091,0.1068,0.1048,0.099,0.0906,0.0999,0.1057
2022-12-28,buy_and_hold,Hold,0.1064,0.0925,0.1058,0.0912,0.103,0.1057,0.0986,0.0907,0.1,0.106
2022-12-29,buy_and_hold,Hold,0.1071,0.0928,0.105,0.0923,0.1029,0.1045,0.099,0.0917,0.1002,0.1043
2022-12-30,buy_and_hold,Hold,0.1067,0.0924,0.1049,0.0922,0.1048,0.1041,0.0995,0.0916,0.0998,0.1041
2023-01-03,buy_and_hold,Rebalance,0.1,0.1,0.1,0.1,0.1,0.1,0.1,0.1,0.1,0.1
2023-01-04,buy_and_hold,Hold,0.1015,0.0996,0.1005,0.0992,0.0966,0.1,0.1019,0.0988,0.1022,0.0997
2023-01-05,buy_and_hold,Hold,0.1026,0.0987,0.1014,0.0983,0.0972,0.0999,0.1007,0.0982,0.1019,0.1011
2023-01-06,buy_and_hold,Hold,0.1014,0.0985,0.102,0.0992,0.0973,0.1001,0.1013,0.0969,0.1023,0.1009
2023-01-09,buy_and_hold,Hold,0.1012,0.1002,0.0987,0.1007,0.0983,0.1005,0.1006,0.0977,0.1024,0.0999
2023-01-10,buy_and_hold,Hold,0.1019,0.0998,0.0987,0.1027,0.0972,0.1001,0.1005,0.0973,0.1026,0.0991
2023-01-11,buy_and_hold,Hold,0.0996,0.1007,0.0969,0.1069,0.0969,0.0984,0.1029,0.099,0.1017,0.0971
2023-01-12,buy_and_hold,Hold,0.0982,0.1014,0.0965,0.1068,0.1,0.0973,0.104,0.0983,0.1016,0.0959
2023-01-13,buy_and_hold,Hold,0.0993,0.1,0.0971,0.1091,0.0992,0.0969,0.103,0.0987,0.1009,0.0956
2023-01-17,buy_and_hold,Hold,0.1,0.1018,0.0973,0.1076,0.0995,0.0961,0.1042,0.0985,0.0994,0.0954
2023-01-18,buy_and_hold,Hold,0.0998,0.1008,0.0981,0.1086,0.0987,0.0965,0.1052,0.0999,0.0979,0.0944
2023-01-19,buy_and_hold,Hold,0.1006,0.0995,0.0969,0.1071,0.1016,0.096,0.1051,0.1024,0.0949,0.096
2023-01-20,buy_and_hold,Hold,0.0995,0.1002,0.0955,0.109,0.1,0.0955,0.1048,0.1058,0.0948,0.095
2023-01-23,buy_and_hold,Hold,0.0997,0.099,0.0954,0.1084,0.0998,0.0961,0.1053,0.1068,0.0955,0.0939
2023-01-24,buy_and_hold,Hold,0.0997,0.0987,0.0983,0.1084,0.0981,0.0988,0.1063,0.1059,0.0907,0.0951
2023-01-25,buy_and_hold,Hold,0.0989,0.0987,0.0993,0.1101,0.0988,0.099,0.1058,0.1039,0.0897,0.096
2023-01-26,buy_and_hold,Hold,0.0981,0.0982,0.0982,0.1114,0.1008,0.0995,0.1051,0.1055,0.0894,0.0938
2023-01-27,buy_and_hold,Hold,0.0963,0.0984,0.0973,0.1138,0.1007,0.0979,0.1065,0.1065,0.0899,0.0926
2023-01-30,buy_and_hold,Hold,0.0974,0.0986,0.0987,0.1134,0.0985,0.0991,0.1057,0.1052,0.0889,0.0946
2023-01-31,buy_and_hold,Hold,0.0965,0.0987,0.0978,0.1145,0.0973,0.0996,0.1062,0.1056,0.0895,0.0942
2023-02-01,buy_and_hold,Rebalance,0.1,0.1,0.1,0.1,0.1,0.1,0.1,0.1,0.1,0.1
2023-02-02,buy_and_hold,Hold,0.0993,0.1026,0.093,0.1063,0.0966,0.0919,0.1035,0.1062,0.1027,0.0978
2023-02-03,buy_and_hold,Hold,0.1011,0.1032,0.0958,0.0995,0.098,0.0906,0.104,0.1055,0.1026,0.0998
2023-02-06,buy_and_hold,Hold,0.1009,0.1022,0.0967,0.099,0.0986,0.0906,0.1044,0.1044,0.1024,0.1006
2023-02-07,buy_and_hold,Hold,0.1009,0.1022,0.0962,0.0978,0.1014,0.0903,0.1029,0.108,0.1016,0.0987
2023-02-08,buy_and_hold,Hold,0.101,0.1029,0.0986,0.0976,0.0995,0.0926,0.1041,0.1014,0.102,0.1003
2023-02-09,buy_and_hold,Hold,0.1006,0.1046,0.0989,0.0972,0.0984,0.0938,0.1052,0.0984,0.1014,0.1014
2023-02-10,buy_and_hold,Hold,0.0998,0.1033,0.0984,0.0958,0.1036,0.0933,0.1047,0.0972,0.1014,0.1025
2023-02-13,buy_and_hold,Hold,0.0995,0.1043,0.0994,0.0971,0.1005,0.0924,0.1049,0.0966,0.1021,0.1032
2023-02-14,buy_and_hold,Hold,0.0993,0.1039,0.0983,0.0981,0.1013,0.0916,0.1046,0.0976,0.102,0.1032
2023-02-15,buy_and_hold,Hold,0.0989,0.1045,0.098,0.0991,0.0981,0.0921,0.1044,0.0995,0.1021,0.1033
2023-02-16,buy_and_hold,Hold,0.0993,0.1038,0.0994,0.0977,0.0968,0.0924,0.1039,0.0996,0.1026,0.1044
2023-02-17,buy_and_hold,Hold,0.1006,0.1029,0.1003,0.0974,0.0924,0.0926,0.1042,0.099,0.1041,0.1065
2023-02-21,buy_and_hold,Hold,0.0998,0.1021,0.1007,0.0968,0.0944,0.0939,0.1038,0.0984,0.1028,0.1074
2023-02-22,buy_and_hold,Hold,0.099,0.1025,0.1012,0.0982,0.094,0.0943,0.1029,0.0984,0.1027,0.1069
2023-02-23,buy_and_hold,Hold,0.0985,0.1027,0.1003,0.0979,0.0968,0.0944,0.1025,0.0972,0.1023,0.1073
2023-02-24,buy_and_hold,Hold,0.0976,0.1021,0.1022,0.0966,0.0981,0.0959,0.1009,0.0964,0.1024,0.1078
2023-02-27,buy_and_hold,Hold,0.0969,0.1019,0.1017,0.0968,0.0982,0.0974,0.1008,0.0972,0.1028,0.1063
2023-02-28,buy_and_hold,Hold,0.0989,0.1018,0.1018,0.0975,0.0962,0.0978,0.0998,0.0975,0.1025,0.1062
2023-03-01,buy_and_hold,Rebalance,0.1,0.1,0.1,0.1,0.1,0.1,0.1,0.1,0.1,0.1
2023-03-02,buy_and_hold,Hold,0.1011,0.0999,0.0985,0.0993,0.1009,0.1006,0.0995,0.1011,0.099,0.1
2023-03-03,buy_and_hold,Hold,0.1014,0.1,0.0984,0.1008,0.1017,0.1001,0.0985,0.1015,0.0988,0.0987
2023-03-06,buy_and_hold,Hold,0.1001,0.1005,0.0984,0.0999,0.0995,0.0999,0.1001,0.1034,0.098,0.1004
2023-03-07,buy_and_hold,Hold,0.0992,0.1002,0.0985,0.1015,0.0987,0.1011,0.0989,0.1039,0.0972,0.1009
2023-03-08,buy_and_hold,Hold,0.0987,0.1001,0.0971,0.102,0.0972,0.1007,0.1011,0.1044,0.0973,0.1015
2023-03-09,buy_and_hold,Hold,0.0991,0.1006,0.0972,0.1022,0.0954,0.1006,0.0992,0.1043,0.0978,0.1034
2023-03-10,buy_and_hold,Hold,0.1005,0.1002,0.0982,0.1028,0.0948,0.1019,0.0927,0.1048,0.0986,0.1055
2023-03-13,buy_and_hold,Hold,0.1022,0.1,0.0958,0.1052,0.0914,0.1023,0.0926,0.1058,0.0985,0.1061
2023-03-14,buy_and_hold,Hold,0.1015,0.0994,0.0962,0.1069,0.0912,0.103,0.0919,0.108,0.0968,0.1051
2023-03-15,buy_and_hold,Hold,0.1019,0.0981,0.0945,0.1097,0.085,0.101,0.0933,0.1118,0.098,0.1067
2023-03-16,buy_and_hold,Hold,0.1016,0.0993,0.0949,0.1123,0.0856,0.1004,0.0898,0.1148,0.0978,0.1035
2023-03-17,buy_and_hold,Hold,0.101,0.0996,0.0945,0.1127,0.0841,0.1001,0.0888,0.1181,0.0981,0.1031
2023-03-20,buy_and_hold,Hold,0.1007,0.0994,0.0966,0.11,0.0861,0.1005,0.0885,0.1163,0.0982,0.1036
2023-03-21,buy_and_hold,Hold,0.0994,0.0996,0.0968,0.1112,0.0901,0.0985,0.0877,0.1183,0.0964,0.102
2023-03-22,buy_and_hold,Hold,0.1,0.1,0.0965,0.1115,0.0903,0.0995,0.0853,0.1191,0.0959,0.1019
2023-03-23,buy_and_hold,Hold,0.1,0.1071,0.0954,0.1113,0.0892,0.0962,0.0844,0.1214,0.0952,0.0999
2023-03-24,buy_and_hold,Hold,0.1004,0.1065,0.0953,0.1099,0.0899,0.0958,0.0866,0.1205,0.0947,0.1004
2023-03-27,buy_and_hold,Hold,0.1007,0.1071,0.0955,0.1096,0.092,0.0966,0.0856,0.1169,0.0949,0.101
2023-03-28,buy_and_hold,Hold,0.0993,0.1075,0.0962,0.1088,0.0934,0.0978,0.0855,0.1153,0.0952,0.1012
2023-03-29,buy_and_hold,Hold,0.0994,0.1079,0.0959,0.1105,0.0921,0.0974,0.0875,0.114,0.0951,0.1001
2023-03-30,buy_and_hold,Hold,0.0995,0.1086,0.0955,0.112,0.0904,0.0982,0.0887,0.113,0.0944,0.0997
2023-03-31,buy_and_hold,Hold,0.1,0.1079,0.0943,0.1116,0.0906,0.0998,0.0884,0.1143,0.0949,0.0983
2023-04-03,buy_and_hold,Rebalance,0.1,0.1,0.1,0.1,0.1,0.1,0.1,0.1,0.1,0.1
2023-04-04,buy_and_hold,Hold,0.1018,0.1006,0.0994,0.1021,0.0978,0.0993,0.1003,0.1009,0.0984,0.0994
2023-04-05,buy_and_hold,Hold,0.1035,0.0993,0.1006,0.0996,0.0978,0.0991,0.1004,0.101,0.0987,0.0997
2023-04-06,buy_and_hold,Hold,0.1037,0.099,0.1003,0.1001,0.0975,0.098,0.1004,0.1043,0.0975,0.0992
2023-04-10,buy_and_hold,Hold,0.1023,0.0988,0.1007,0.1,0.1,0.0983,0.1,0.1022,0.0985,0.0992
2023-04-11,buy_and_hold,Hold,0.1015,0.1,0.1015,0.0974,0.1017,0.0985,0.0988,0.1008,0.0998,0.1001
2023-04-12,buy_and_hold,Hold,0.1013,0.1001,0.1024,0.0959,0.1015,0.0997,0.0981,0.1007,0.1002,0.1001
2023-04-13,buy_and_hold,Hold,0.1016,0.0993,0.1017,0.0991,0.1023,0.0988,0.0953,0.1021,0.1006,0.0991
2023-04-14,buy_and_hold,Hold,0.1021,0.0974,0.1017,0.0994,0.1033,0.0983,0.0946,0.1036,0.1004,0.0994
2023-04-17,buy_and_hold,Hold,0.1025,0.0975,0.1021,0.0994,0.0999,0.0982,0.0985,0.1007,0.1012,0.1001
2023-04-18,buy_and_hold,Hold,0.1022,0.0975,0.1026,0.0991,0.0997,0.0987,0.0984,0.0993,0.1008,0.1017
2023-04-19,buy_and_hold,Hold,0.109,0.0964,0.1015,0.0999,0.0971,0.0986,0.0988,0.0979,0.0995,0.1013
2023-04-20,buy_and_hold,Hold,0.108,0.0957,0.1017,0.1003,0.0957,0.1001,0.0985,0.0998,0.0991,0.1011
2023-04-21,buy_and_hold,Hold,0.109,0.0957,0.1007,0.103,0.0943,0.0992,0.0987,0.0996,0.0986,0.1012
2023-04-24,buy_and_hold,Hold,0.1074,0.0958,0.1005,0.102,0.0956,0.0998,0.0981,0.0999,0.0988,0.1021
2023-04-25,buy_and_hold,Hold,0.1088,0.0951,0.1017,0.1002,0.0932,0.1003,0.0969,0.0995,0.0998,0.1045
2023-04-26,buy_and_hold,Hold,0.1082,0.0958,0.1017,0.1031,0.0913,0.0994,0.0971,0.1,0.099,0.1044
2023-04-27,buy_and_hold,Hold,0.1062,0.0949,0.1054,0.1052,0.0898,0.0989,0.0968,0.1011,0.0988,0.1029
2023-04-28,buy_and_hold,Hold,0.1066,0.096,0.1054,0.1004,0.0923,0.0993,0.0974,0.1003,0.0991,0.103
2023-05-01,buy_and_hold,Rebalance,0.1,0.1,0.1,0.1,0.1,0.1,0.1,0.1,0.1,0.1
2023-05-02,buy_and_hold,Hold,0.1021,0.1008,0.0993,0.1033,0.0947,0.1005,0.0999,0.1,0.099,0.1005
2023-05-03,buy_and_hold,Hold,0.1026,0.1004,0.0976,0.1036,0.0944,0.1012,0.1017,0.1003,0.099,0.0993
2023-05-04,buy_and_hold,Hold,0.1031,0.0985,0.0981,0.1053,0.0903,0.1015,0.1031,0.1009,0.0994,0.0997
2023-05-05,buy_and_hold,Hold,0.1021,0.097,0.098,0.1056,0.0918,0.1022,0.1035,0.1005,0.0996,0.0997
2023-05-08,buy_and_hold,Hold,0.1019,0.0968,0.0982,0.1059,0.0916,0.1019,0.1026,0.1027,0.0988,0.0996
2023-05-09,buy_and_hold,Hold,0.1023,0.0972,0.0988,0.1077,0.0926,0.0974,0.1026,0.1032,0.0981,0.1002
2023-05-10,buy_and_hold,Hold,0.1018,0.0983,0.0969,0.1103,0.0908,0.0969,0.1026,0.1065,0.0974,0.0983
2023-05-11,buy_and_hold,Hold,0.1008,0.0992,0.0964,0.1119,0.0912,0.095,0.1006,0.1107,0.0969,0.0973
2023-05-12,buy_and_hold,Hold,0.1013,0.101,0.0957,0.11,0.091,0.0956,0.0999,0.1116,0.0965,0.0973
2023-05-15,buy_and_hold,Hold,0.1006,0.1011,0.0956,0.1109,0.0908,0.0959,0.1009,0.1106,0.0966,0.097
2023-05-16,buy_and_hold,Hold,0.1008,0.1023,0.0955,0.1138,0.0878,0.0953,0.0988,0.1142,0.0948,0.0967
2023-05-17,buy_and_hold,Hold,0.099,0.103,0.0957,0.1144,0.0892,0.0943,0.0988,0.114,0.0957,0.0959
2023-05-18,buy_and_hold,Hold,0.0982,0.1035,0.0963,0.1165,0.0892,0.0936,0.0965,0.1153,0.0961,0.0949
2023-05-19,buy_and_hold,Hold,0.0985,0.1042,0.0961,0.1144,0.091,0.0946,0.0955,0.115,0.0954,0.0952
2023-05-22,buy_and_hold,Hold,0.0976,0.1043,0.0954,0.1129,0.0909,0.093,0.0968,0.1169,0.0978,0.0942
2023-05-23,buy_and_hold,Hold,0.096,0.1041,0.0953,0.1137,0.0927,0.0925,0.0978,0.1154,0.0975,0.0949
2023-05-24,buy_and_hold,Hold,0.0954,0.1046,0.0941,0.1166,0.0949,0.0932,0.0957,0.1149,0.0948,0.0959
2023-05-25,buy_and_hold,Hold,0.0941,0.1069,0.0946,0.1154,0.0924,0.0941,0.0935,0.1179,0.0953,0.0957
2023-05-26,buy_and_hold,Hold,0.0937,0.1099,0.0933,0.1191,0.0916,0.0935,0.0928,0.1176,0.0941,0.0945
2023-05-30,buy_and_hold,Hold,0.0927,0.1118,0.0945,0.1208,0.0885,0.0938,0.0936,0.1169,0.0933,0.094
2023-05-31,buy_and_hold,Hold,0.0938,0.1119,0.0939,0.1208,0.088,0.0929,0.0952,0.1171,0.0915,0.095
2023-06-01,buy_and_hold,Rebalance,0.1,0.1,0.1,0.1,0.1,0.1,0.1,0.1,0.1,0.1
2023-06-02,buy_and_hold,Hold,0.0984,0.0991,0.1,0.0983,0.1021,0.0999,0.0997,0.0979,0.1056,0.0988
2023-06-05,buy_and_hold,Hold,0.0989,0.0977,0.1017,0.1,0.1011,0.1003,0.1006,0.0998,0.1018,0.0981
2023-06-06,buy_and_hold,Hold,0.0972,0.0983,0.1019,0.1004,0.1013,0.0993,0.1024,0.1002,0.1015,0.0975
2023-06-07,buy_and_hold,Hold,0.0958,0.0988,0.1025,0.0957,0.1041,0.1002,0.1051,0.096,0.1038,0.0981
2023-06-08,buy_and_hold,Hold,0.0952,0.0978,0.1024,0.0983,0.103,0.1007,0.1042,0.0959,0.1038,0.0988
2023-06-09,buy_and_hold,Hold,0.0963,0.0985,0.1038,0.0979,0.1015,0.0993,0.1045,0.0962,0.1032,0.0988
2023-06-12,buy_and_hold,Hold,0.0955,0.0988,0.1029,0.0999,0.0999,0.0989,0.1043,0.0968,0.104,0.0989
2023-06-13,buy_and_hold,Hold,0.095,0.099,0.1029,0.099,0.1009,0.1,0.1042,0.096,0.1045,0.0985
2023-06-14,buy_and_hold,Hold,0.0965,0.0992,0.1021,0.0989,0.1009,0.1016,0.1042,0.096,0.1039,0.0967
2023-06-15,buy_and_hold,Hold,0.0969,0.1006,0.1023,0.0982,0.1026,0.1009,0.1023,0.0959,0.1044,0.0959
2023-06-16,buy_and_hold,Hold,0.0987,0.1,0.1026,0.0977,0.1025,0.1025,0.0982,0.0954,0.106,0.0964
2023-06-20,buy_and_hold,Hold,0.1003,0.1005,0.1013,0.099,0.1011,0.1024,0.0981,0.0962,0.1049,0.0962
2023-06-21,buy_and_hold,Hold,0.1002,0.0995,0.1012,0.0986,0.1036,0.1027,0.0977,0.0945,0.1044,0.0976
2023-06-22,buy_and_hold,Hold,0.1022,0.0977,0.1013,0.1029,0.1006,0.1023,0.0957,0.0966,0.1034,0.0973
2023-06-23,buy_and_hold,Hold,0.103,0.0958,0.1017,0.1032,0.0996,0.1027,0.0951,0.0969,0.1047,0.0974
2023-06-26,buy_and_hold,Hold,0.103,0.0951,0.102,0.1012,0.1006,0.1023,0.0995,0.0934,0.104,0.0989
2023-06-27,buy_and_hold,Hold,0.102,0.0959,0.103,0.1024,0.0995,0.1038,0.1003,0.093,0.1014,0.0988
2023-06-28,buy_and_hold,Hold,0.1018,0.0961,0.1028,0.1022,0.1008,0.1037,0.0974,0.0945,0.1017,0.0991
2023-06-29,buy_and_hold,Hold,0.101,0.0974,0.103,0.1005,0.1021,0.104,0.0984,0.0928,0.1015,0.0993
2023-06-30,buy_and_hold,Hold,0.1013,0.0966,0.1031,0.1014,0.1019,0.1054,0.0975,0.0924,0.1014,0.0991
2023-07-03,buy_and_hold,Rebalance,0.1,0.1,0.1,0.1,0.1,0.1,0.1,0.1,0.1,0.1
2023-07-05,buy_and_hold,Hold,0.1004,0.0999,0.0999,0.1004,0.1011,0.0972,0.101,0.1018,0.0978,0.1004
2023-07-06,buy_and_hold,Hold,0.1011,0.1001,0.1003,0.0997,0.0999,0.098,0.1019,0.1013,0.0963,0.1015
2023-07-07,buy_and_hold,Hold,0.0999,0.099,0.1005,0.1004,0.1032,0.0973,0.1015,0.1004,0.0969,0.1009
2023-07-10,buy_and_hold,Hold,0.1011,0.1005,0.1004,0.0989,0.1043,0.0989,0.1012,0.0984,0.0973,0.0991
2023-07-11,buy_and_hold,Hold,0.0997,0.099,0.0999,0.0983,0.1088,0.0966,0.1014,0.0972,0.1002,0.0988
2023-07-12,buy_and_hold,Hold,0.0986,0.1002,0.099,0.0993,0.1089,0.098,0.1003,0.0981,0.0993,0.0984
2023-07-13,buy_and_hold,Hold,0.0983,0.0991,0.0971,0.1005,0.1104,0.098,0.0998,0.1012,0.0991,0.0967
2023-07-14,buy_and_hold,Hold,0.099,0.0998,0.097,0.1012,0.1053,0.0984,0.1008,0.1024,0.099,0.097
2023-07-17,buy_and_hold,Hold,0.0985,0.1014,0.0985,0.1007,0.1048,0.0989,0.0994,0.1021,0.0988,0.0971
2023-07-18,buy_and_hold,Hold,0.0979,0.1017,0.0987,0.0997,0.1087,0.0981,0.0983,0.1008,0.0995,0.0966
2023-07-19,buy_and_hold,Hold,0.0979,0.1002,0.0989,0.1012,0.1087,0.0979,0.1001,0.0991,0.0996,0.0962
2023-07-20,buy_and_hold,Hold,0.1019,0.098,0.1003,0.097,0.1091,0.0986,0.1015,0.0967,0.1002,0.0967
2023-07-21,buy_and_hold,Hold,0.1033,0.098,0.0995,0.0963,0.1102,0.0983,0.1024,0.0966,0.0995,0.0958
2023-07-24,buy_and_hold,Hold,0.1035,0.0974,0.0994,0.0953,0.1118,0.0979,0.1021,0.0976,0.0993,0.0956
2023-07-25,buy_and_hold,Hold,0.1011,0.0979,0.0987,0.0947,0.1117,0.0984,0.1018,0.0974,0.1037,0.0946
2023-07-26,buy_and_hold,Hold,0.1009,0.0964,0.0979,0.0929,0.1116,0.0963,0.1035,0.1018,0.1051,0.0937
2023-07-27,buy_and_hold,Hold,0.1002,0.0976,0.0974,0.0935,0.1107,0.0968,0.1028,0.1024,0.1043,0.0942
2023-07-28,buy_and_hold,Hold,0.0995,0.0959,0.0971,0.0956,0.1117,0.0962,0.1026,0.1041,0.1041,0.0933
2023-07-31,buy_and_hold,Hold,0.0982,0.0961,0.097,0.0966,0.1126,0.0967,0.1018,0.1042,0.1037,0.0931
2023-08-01,buy_and_hold,Rebalance,0.1,0.1,0.1,0.1,0.1,0.1,0.1,0.1,0.1,0.1
2023-08-02,buy_and_hold,Hold,0.0991,0.0999,0.1067,0.0982,0.0978,0.0999,0.101,0.0985,0.0994,0.0995
2023-08-03,buy_and_hold,Hold,0.0982,0.0998,0.1079,0.0988,0.1045,0.0941,0.1012,0.0986,0.0979,0.099
2023-08-04,buy_and_hold,Hold,0.0979,0.0978,0.1072,0.1066,0.1046,0.0946,0.0995,0.0979,0.096,0.0979
2023-08-07,buy_and_hold,Hold,0.0974,0.0977,0.1073,0.1072,0.1041,0.0943,0.1011,0.0993,0.0945,0.097
2023-08-08,buy_and_hold,Hold,0.0955,0.0981,0.1068,0.1062,0.1076,0.0937,0.1003,0.0998,0.0941,0.0979
2023-08-09,buy_and_hold,Hold,0.0956,0.0974,0.1053,0.105,0.1103,0.0947,0.1007,0.0989,0.0941,0.0979
2023-08-10,buy_and_hold,Hold,0.0952,0.0971,0.1055,0.1057,0.1102,0.0951,0.1001,0.099,0.0944,0.0976
2023-08-11,buy_and_hold,Hold,0.0953,0.0963,0.1061,0.1051,0.1116,0.0955,0.1001,0.0985,0.0946,0.0968
2023-08-14,buy_and_hold,Hold,0.0959,0.097,0.1062,0.1066,0.1109,0.096,0.098,0.0997,0.0934,0.0962
2023-08-15,buy_and_hold,Hold,0.0964,0.0973,0.1067,0.1062,0.1107,0.0958,0.097,0.1002,0.0929,0.0968
2023-08-16,buy_and_hold,Hold,0.0965,0.0978,0.1073,0.1046,0.1106,0.0964,0.0975,0.0998,0.093,0.0965
2023-08-17,buy_and_hold,Hold,0.0968,0.0971,0.1069,0.1038,0.1116,0.0959,0.0971,0.1007,0.0939,0.0961
2023-08-18,buy_and_hold,Hold,0.0962,0.0968,0.1064,0.1037,0.1127,0.0966,0.0967,0.0994,0.0941,0.0974
2023-08-21,buy_and_hold,Hold,0.0964,0.0979,0.1059,0.1049,0.1119,0.0967,0.096,0.1001,0.0934,0.097
2023-08-22,buy_and_hold,Hold,0.0978,0.0989,0.1052,0.1048,0.1089,0.0969,0.0964,0.1009,0.093,0.0973
2023-08-23,buy_and_hold,Hold,0.0968,0.1,0.1039,0.1048,0.1076,0.0962,0.0978,0.1025,0.0931,0.0972
2023-08-24,buy_and_hold,Hold,0.0962,0.1003,0.1062,0.1026,0.1076,0.0972,0.0976,0.1011,0.0927,0.0985
2023-08-25,buy_and_hold,Hold,0.0961,0.1013,0.1056,0.1032,0.1083,0.0972,0.0964,0.1007,0.0926,0.0986
2023-08-28,buy_and_hold,Hold,0.0941,0.1012,0.1053,0.1023,0.1079,0.097,0.096,0.1008,0.0968,0.0985
2023-08-29,buy_and_hold,Hold,0.094,0.1008,0.1041,0.1025,0.1083,0.0971,0.0961,0.1023,0.0969,0.0979
2023-08-30,buy_and_hold,Hold,0.0942,0.1005,0.1039,0.1023,0.1084,0.0975,0.0963,0.103,0.0956,0.0983
2023-08-31,buy_and_hold,Hold,0.0927,0.1005,0.1036,0.1044,0.1085,0.0973,0.0949,0.1031,0.0975,0.0975
2023-09-01,buy_and_hold,Rebalance,0.1,0.1,0.1,0.1,0.1,0.1,0.1,0.1,0.1,0.1
2023-09-05,buy_and_hold,Hold,0.0986,0.1001,0.0998,0.0999,0.1011,0.0988,0.1001,0.1006,0.1005,0.1005
2023-09-06,buy_and_hold,Hold,0.0998,0.1006,0.1003,0.099,0.1001,0.0995,0.1002,0.1002,0.1005,0.0997
2023-09-07,buy_and_hold,Hold,0.0987,0.101,0.1007,0.1007,0.0993,0.0989,0.1003,0.1006,0.0999,0.1
2023-09-08,buy_and_hold,Hold,0.0985,0.0999,0.1007,0.1007,0.0988,0.1008,0.0989,0.1011,0.0999,0.1005
2023-09-11,buy_and_hold,Hold,0.0997,0.0995,0.1012,0.1037,0.0952,0.1017,0.0964,0.101,0.1009,0.1009
2023-09-12,buy_and_hold,Hold,0.0999,0.0964,0.1024,0.1026,0.0984,0.1017,0.0959,0.1001,0.1005,0.1021
2023-09-13,buy_and_hold,Hold,0.1009,0.0968,0.1033,0.106,0.0944,0.1028,0.0958,0.1019,0.0955,0.1026
2023-09-14,buy_and_hold,Hold,0.0998,0.0966,0.1034,0.1048,0.0954,0.1027,0.0976,0.1018,0.0957,0.1022
2023-09-15,buy_and_hold,Hold,0.1001,0.0965,0.1036,0.1029,0.0954,0.1026,0.0985,0.1025,0.0957,0.1021
2023-09-18,buy_and_hold,Hold,0.0995,0.0977,0.1042,0.1027,0.096,0.1018,0.0973,0.1032,0.0957,0.1018
2023-09-19,buy_and_hold,Hold,0.0996,0.0985,0.1053,0.1014,0.0952,0.1022,0.0973,0.1036,0.0954,0.1016
2023-09-20,buy_and_hold,Hold,0.1002,0.0994,0.1061,0.1007,0.0941,0.1017,0.0987,0.1014,0.0952,0.1026
2023-09-21,buy_and_hold,Hold,0.1016,0.1005,0.1076,0.0989,0.094,0.1017,0.0929,0.1015,0.0963,0.105
2023-09-22,buy_and_hold,Hold,0.1011,0.1021,0.1081,0.099,0.0945,0.1019,0.0917,0.1017,0.0961,0.1039
2023-09-25,buy_and_hold,Hold,0.1001,0.1022,0.1085,0.1004,0.0961,0.1027,0.0911,0.1021,0.0936,0.1031
2023-09-26,buy_and_hold,Hold,0.1003,0.1016,0.1096,0.0978,0.0976,0.1031,0.0903,0.1016,0.0941,0.1041
2023-09-27,buy_and_hold,Hold,0.099,0.1023,0.1098,0.0972,0.1002,0.102,0.0901,0.1026,0.0932,0.1036
2023-09-28,buy_and_hold,Hold,0.1014,0.0976,0.1104,0.097,0.0996,0.1023,0.0914,0.1037,0.0927,0.1038
2023-09-29,buy_and_hold,Hold,0.1004,0.0999,0.1095,0.0982,0.0972,0.1021,0.0925,0.1029,0.0934,0.104
2023-10-02,buy_and_hold,Rebalance,0.1,0.1,0.1,0.1,0.1,0.1,0.1,0.1,0.1,0.1
2023-10-03,buy_and_hold,Hold,0.101,0.1003,0.0996,0.0972,0.1013,0.1019,0.0999,0.0996,0.0993,0.0998
2023-10-04,buy_and_hold,Hold,0.1005,0.1009,0.1001,0.0987,0.0967,0.1027,0.1002,0.1014,0.0981,0.1007
2023-10-05,buy_and_hold,Hold,0.1012,0.1012,0.1007,0.098,0.0961,0.101,0.1005,0.1014,0.0981,0.1017
2023-10-06,buy_and_hold,Hold,0.1012,0.1013,0.1015,0.0989,0.0951,0.1007,0.0996,0.1026,0.098,0.1012
2023-10-09,buy_and_hold,Hold,0.0999,0.1001,0.1011,0.098,0.098,0.1007,0.1012,0.102,0.0976,0.1015
2023-10-10,buy_and_hold,Hold,0.1003,0.0997,0.1015,0.0985,0.0969,0.1016,0.1007,0.1013,0.0989,0.1006
2023-10-11,buy_and_hold,Hold,0.095,0.1,0.1025,0.1,0.0967,0.1024,0.1015,0.1029,0.0984,0.1005
2023-10-12,buy_and_hold,Hold,0.0942,0.0985,0.1038,0.1016,0.0986,0.1018,0.0995,0.103,0.0981,0.101
2023-10-13,buy_and_hold,Hold,0.0945,0.0974,0.1039,0.0993,0.1034,0.1013,0.0998,0.1014,0.0974,0.1016
2023-10-16,buy_and_hold,Hold,0.0946,0.0972,0.1036,0.1,0.1043,0.1005,0.1004,0.1013,0.0974,0.1007
2023-10-17,buy_and_hold,Hold,0.0942,0.0977,0.1036,0.0988,0.1044,0.1014,0.1,0.1013,0.0976,0.101
2023-10-18,buy_and_hold,Hold,0.0986,0.0972,0.1033,0.0973,0.1069,0.0998,0.0977,0.1011,0.0963,0.1019
2023-10-19,buy_and_hold,Hold,0.0992,0.0977,0.103,0.0982,0.1084,0.0995,0.0955,0.1016,0.0955,0.1014
2023-10-20,buy_and_hold,Hold,0.1016,0.0967,0.1014,0.0967,0.1073,0.0998,0.0968,0.101,0.0959,0.1027
2023-10-23,buy_and_hold,Hold,0.1014,0.0968,0.1017,0.0985,0.1056,0.0992,0.0968,0.1025,0.0956,0.1021
2023-10-24,buy_and_hold,Hold,0.0992,0.0961,0.1013,0.0989,0.1039,0.099,0.097,0.1031,0.0995,0.1019
2023-10-25,buy_and_hold,Hold,0.1001,0.0971,0.1042,0.0955,0.1063,0.1002,0.0954,0.0954,0.1009,0.1049
2023-10-26,buy_and_hold,Hold,0.1018,0.0981,0.1046,0.0953,0.1061,0.1026,0.0988,0.094,0.1014,0.0974
2023-10-27,buy_and_hold,Hold,0.1008,0.0976,0.1034,0.102,0.1055,0.1023,0.0965,0.0941,0.1002,0.0977
2023-10-30,buy_and_hold,Hold,0.0995,0.0971,0.1031,0.1044,0.1028,0.1024,0.0965,0.0945,0.1011,0.0986
2023-10-31,buy_and_hold,Hold,0.1005,0.0979,0.1034,0.104,0.1023,0.1024,0.096,0.0936,0.102,0.0978
2023-11-01,buy_and_hold,Rebalance,0.1,0.1,0.1,0.1,0.1,0.1,0.1,0.1,0.1,0.1
2023-11-02,buy_and_hold,Hold,0.099,0.1005,0.1014,0.0988,0.0982,0.1002,0.1033,0.0988,0.0999,0.0999
2023-11-03,buy_and_hold,Hold,0.0977,0.101,0.1007,0.098,0.0977,0.1002,0.1067,0.0989,0.1004,0.0987
2023-11-06,buy_and_hold,Hold,0.0973,0.1013,0.1002,0.0992,0.0965,0.1,0.106,0.1002,0.1005,0.0988
2023-11-07,buy_and_hold,Hold,0.0986,0.1036,0.1012,0.1029,0.095,0.0887,0.1059,0.1023,0.1016,0.1003
2023-11-08,buy_and_hold,Hold,0.0988,0.1047,0.1006,0.1027,0.0918,0.0908,0.1065,0.1033,0.101,0.0998
2023-11-09,buy_and_hold,Hold,0.0985,0.1046,0.1024,0.1027,0.0918,0.0932,0.1019,0.1031,0.1013,0.1006
2023-11-10,buy_and_hold,Hold,0.0979,0.1052,0.102,0.1037,0.0922,0.0927,0.1019,0.1038,0.1014,0.0992
2023-11-13,buy_and_hold,Hold,0.1001,0.1042,0.1022,0.1033,0.0918,0.0928,0.1008,0.1037,0.1016,0.0995
2023-11-14,buy_and_hold,Hold,0.0989,0.1031,0.1007,0.103,0.0918,0.0916,0.1097,0.1022,0.1015,0.0975
2023-11-15,buy_and_hold,Hold,0.0993,0.1043,0.0985,0.1007,0.0907,0.093,0.1096,0.1025,0.103,0.0984
2023-11-16,buy_and_hold,Hold,0.1016,0.1049,0.0993,0.1004,0.0872,0.093,0.1076,0.1043,0.1034,0.0982
2023-11-17,buy_and_hold,Hold,0.1007,0.1048,0.1,0.1019,0.0895,0.0916,0.1074,0.1029,0.1028,0.0984
2023-11-20,buy_and_hold,Hold,0.1019,0.1053,0.0988,0.1021,0.0894,0.0919,0.1076,0.1031,0.1019,0.0979
2023-11-21,buy_and_hold,Hold,0.1028,0.1052,0.0998,0.1006,0.0886,0.0934,0.107,0.1038,0.101,0.0979
2023-11-22,buy_and_hold,Hold,0.1027,0.1053,0.0996,0.1018,0.0877,0.092,0.107,0.1041,0.1017,0.0981
2023-11-24,buy_and_hold,Hold,0.1026,0.1053,0.1,0.1015,0.0883,0.0918,0.1073,0.1025,0.102,0.0985
2023-11-27,buy_and_hold,Hold,0.1026,0.105,0.1002,0.1024,0.0871,0.091,0.1073,0.1024,0.1034,0.0986
2023-11-28,buy_and_hold,Hold,0.1017,0.1047,0.0989,0.1016,0.087,0.0897,0.1098,0.1027,0.1046,0.0992
2023-11-29,buy_and_hold,Hold,0.1033,0.1051,0.0983,0.1012,0.0869,0.0891,0.1112,0.1011,0.1046,0.0992
2023-11-30,buy_and_hold,Hold,0.1038,0.1048,0.0994,0.1008,0.0859,0.0902,0.1113,0.0991,0.105,0.0996
2023-12-01,buy_and_hold,Rebalance,0.1,0.1,0.1,0.1,0.1,0.1,0.1,0.1,0.1,0.1
2023-12-04,buy_and_hold,Hold,0.1004,0.0996,0.1002,0.0986,0.099,0.0991,0.1015,0.0981,0.1037,0.0998
2023-12-05,buy_and_hold,Hold,0.1002,0.1,0.1007,0.1006,0.0967,0.0967,0.102,0.1,0.1025,0.1006
2023-12-06,buy_and_hold,Hold,0.1013,0.1004,0.1001,0.0995,0.0951,0.097,0.1044,0.0998,0.1042,0.0983
2023-12-07,buy_and_hold,Hold,0.0998,0.0997,0.0998,0.1004,0.094,0.0966,0.1038,0.1044,0.104,0.0975
2023-12-08,buy_and_hold,Hold,0.1001,0.1002,0.1004,0.1007,0.0957,0.097,0.1016,0.1029,0.104,0.0974
2023-12-11,buy_and_hold,Hold,0.1015,0.1015,0.1008,0.0994,0.0961,0.0972,0.1013,0.1013,0.1035,0.0974
2023-12-12,buy_and_hold,Hold,0.102,0.1018,0.1024,0.1006,0.0947,0.0983,0.0992,0.1008,0.103,0.0973
2023-12-13,buy_and_hold,Hold,0.1011,0.1005,0.1005,0.1001,0.0952,0.0976,0.105,0.0994,0.1031,0.0975
2023-12-14,buy_and_hold,Hold,0.1014,0.0992,0.0963,0.0981,0.0966,0.0972,0.1114,0.0979,0.1049,0.0968
2023-12-15,buy_and_hold,Hold,0.1006,0.1001,0.0959,0.1003,0.0961,0.0977,0.1084,0.0989,0.1054,0.0964
2023-12-18,buy_and_hold,Hold,0.1008,0.0989,0.0962,0.1025,0.0963,0.0973,0.1069,0.1007,0.1037,0.0969
2023-12-19,buy_and_hold,Hold,0.1006,0.0984,0.0968,0.1018,0.0968,0.0973,0.1068,0.1009,0.1036,0.097
2023-12-20,buy_and_hold,Hold,0.1011,0.0991,0.0964,0.1021,0.0969,0.0971,0.1057,0.1036,0.1025,0.0956
2023-12-21,buy_and_hold,Hold,0.1007,0.1005,0.0958,0.1019,0.0967,0.0971,0.1063,0.1037,0.103,0.0943
2023-12-22,buy_and_hold,Hold,0.1009,0.1018,0.0957,0.1013,0.0964,0.0972,0.105,0.1042,0.1034,0.0942
2023-12-26,buy_and_hold,Hold,0.1004,0.1008,0.0953,0.1006,0.0993,0.0972,0.1053,0.1034,0.1043,0.0934
2023-12-27,buy_and_hold,Hold,0.1009,0.1008,0.0955,0.1005,0.0989,0.0974,0.1054,0.1026,0.1049,0.093
2023-12-28,buy_and_hold,Hold,0.1016,0.1004,0.0959,0.1007,0.0962,0.0971,0.1063,0.1026,0.106,0.0932
2023-12-29,buy_and_hold,Hold,0.1016,0.1005,0.0967,0.1001,0.096,0.0979,0.1049,0.1026,0.106,0.0938
2024-01-02,buy_and_hold,Rebalance,0.1,0.1,0.1,0.1,0.1,0.1,0.1,0.1,0.1,0.1
2024-01-03,buy_and_hold,Hold,0.1005,0.0982,0.1007,0.0998,0.1026,0.0999,0.0977,0.1014,0.0988,0.1004
2024-01-04,buy_and_hold,Hold,0.103,0.0991,0.1008,0.0983,0.0962,0.1008,0.0991,0.1007,0.1003,0.1018
2024-01-05,buy_and_hold,Hold,0.1027,0.0988,0.1011,0.0986,0.0968,0.1005,0.0996,0.1,0.1005,0.1016
2024-01-08,buy_and_hold,Hold,0.103,0.0988,0.1002,0.1001,0.0941,0.1005,0.101,0.1012,0.0996,0.1015
2024-01-09,buy_and_hold,Hold,0.1037,0.0998,0.0977,0.102,0.0923,0.0991,0.1003,0.1031,0.1002,0.1017
2024-01-10,buy_and_hold,Hold,0.1048,0.1002,0.0999,0.1032,0.0908,0.0983,0.1005,0.1037,0.0991,0.0994
2024-01-11,buy_and_hold,Hold,0.1046,0.101,0.1,0.1043,0.0905,0.0975,0.098,0.1036,0.0997,0.1008
2024-01-12,buy_and_hold,Hold,0.1048,0.1033,0.0999,0.1037,0.0906,0.0971,0.0982,0.1038,0.0988,0.1
2024-01-16,buy_and_hold,Hold,0.1055,0.1036,0.1004,0.1035,0.0878,0.0965,0.0992,0.1045,0.0992,0.0999
2024-01-17,buy_and_hold,Hold,0.1064,0.1044,0.1015,0.1033,0.0871,0.0971,0.0972,0.1045,0.0984,0.1
2024-01-18,buy_and_hold,Hold,0.1061,0.1058,0.1021,0.1041,0.0864,0.0967,0.0959,0.1056,0.0984,0.0989
2024-01-19,buy_and_hold,Hold,0.1058,0.1062,0.1022,0.1045,0.0855,0.0961,0.0962,0.1069,0.0988,0.0978
2024-01-22,buy_and_hold,Hold,0.1052,0.107,0.1022,0.1039,0.0863,0.0961,0.0961,0.1064,0.0989,0.098
2024-01-23,buy_and_hold,Hold,0.1059,0.1087,0.1032,0.1057,0.0875,0.0977,0.0958,0.1081,0.0887,0.0988
2024-01-24,buy_and_hold,Hold,0.1036,0.1091,0.1043,0.107,0.0895,0.0961,0.0955,0.11,0.0867,0.0982
2024-01-25,buy_and_hold,Hold,0.1036,0.1084,0.1027,0.106,0.0901,0.0971,0.0961,0.1107,0.0879,0.0974
2024-01-26,buy_and_hold,Hold,0.1031,0.108,0.1031,0.1068,0.0902,0.0963,0.0967,0.1108,0.0878,0.0973
2024-01-29,buy_and_hold,Hold,0.1038,0.1081,0.1016,0.1076,0.089,0.0955,0.0978,0.1112,0.0877,0.0975
2024-01-30,buy_and_hold,Hold,0.1045,0.1081,0.1036,0.1068,0.0911,0.0955,0.0944,0.1104,0.0876,0.098
2024-01-31,buy_and_hold,Hold,0.1065,0.1083,0.1042,0.1065,0.09,0.0962,0.0962,0.1044,0.0883,0.0993
2024-02-01,buy_and_hold,Rebalance,0.1,0.1,0.1,0.1,0.1,0.1,0.1,0.1,0.1,0.1
2024-02-02,buy_and_hold,Hold,0.0976,0.1003,0.1005,0.1076,0.0979,0.0992,0.0989,0.1006,0.0986,0.0989
2024-02-05,buy_and_hold,Hold,0.0998,0.1022,0.1025,0.1094,0.099,0.086,0.0986,0.1042,0.0989,0.0994
2024-02-06,buy_and_hold,Hold,0.1015,0.1002,0.1029,0.1082,0.101,0.0856,0.0979,0.104,0.0996,0.0992
2024-02-07,buy_and_hold,Hold,0.1006,0.1005,0.1052,0.1088,0.1008,0.0844,0.0973,0.1048,0.0995,0.0981
2024-02-08,buy_and_hold,Hold,0.0999,0.101,0.1043,0.1084,0.1006,0.0862,0.0979,0.1051,0.0988,0.0977
2024-02-09,buy_and_hold,Hold,0.0991,0.1017,0.1042,0.1112,0.0984,0.086,0.0963,0.1071,0.0983,0.0976
2024-02-12,buy_and_hold,Hold,0.0993,0.1001,0.1041,0.1093,0.1,0.0866,0.0973,0.1056,0.0997,0.0982
2024-02-13,buy_and_hold,Hold,0.1001,0.1007,0.1055,0.109,0.099,0.0863,0.0948,0.1059,0.0995,0.0993
2024-02-14,buy_and_hold,Hold,0.1,0.1022,0.1059,0.1097,0.0989,0.0855,0.0946,0.1057,0.0985,0.099
2024-02-15,buy_and_hold,Hold,0.1,0.1009,0.106,0.1074,0.1022,0.0881,0.0982,0.1019,0.0986,0.097
2024-02-16,buy_and_hold,Hold,0.1006,0.1007,0.1053,0.1075,0.1036,0.0883,0.0984,0.1006,0.0977,0.0973
2024-02-20,buy_and_hold,Hold,0.1031,0.099,0.1053,0.1062,0.1018,0.0889,0.0982,0.1012,0.0985,0.0977
2024-02-21,buy_and_hold,Hold,0.1035,0.0978,0.1052,0.1064,0.1026,0.0883,0.0996,0.1015,0.0977,0.0975
2024-02-22,buy_and_hold,Hold,0.1037,0.0998,0.1049,0.1093,0.0978,0.0889,0.0986,0.1018,0.0975,0.0978
2024-02-23,buy_and_hold,Hold,0.1036,0.101,0.1054,0.109,0.0968,0.089,0.0988,0.1012,0.0974,0.0978
2024-02-26,buy_and_hold,Hold,0.1042,0.1023,0.1058,0.1103,0.0967,0.0888,0.0978,0.098,0.0979,0.0981
2024-02-27,buy_and_hold,Hold,0.1041,0.1017,0.1057,0.1087,0.0979,0.0891,0.0992,0.0982,0.0976,0.0978
2024-02-28,buy_and_hold,Hold,0.1049,0.102,0.1064,0.1088,0.0973,0.0896,0.0992,0.0967,0.097,0.0983
2024-02-29,buy_and_hold,Hold,0.1031,0.1006,0.1061,0.1104,0.0963,0.0897,0.1014,0.0976,0.0972,0.0976
2024-03-01,buy_and_hold,Rebalance,0.1,0.1,0.1,0.1,0.1,0.1,0.1,0.1,0.1,0.1
2024-03-04,buy_and_hold,Hold,0.1016,0.1011,0.0996,0.1001,0.0992,0.1014,0.1018,0.0976,0.1,0.0976
2024-03-05,buy_and_hold,Hold,0.1005,0.0995,0.1011,0.0983,0.1008,0.1021,0.1005,0.0973,0.1015,0.0983
2024-03-06,buy_and_hold,Hold,0.1005,0.0998,0.102,0.0972,0.1006,0.1029,0.0993,0.0957,0.1006,0.1013
2024-03-07,buy_and_hold,Hold,0.101,0.1006,0.1013,0.0983,0.0995,0.1029,0.0989,0.097,0.0999,0.1007
2024-03-08,buy_and_hold,Hold,0.1008,0.0982,0.101,0.0973,0.1002,0.1012,0.1012,0.0976,0.1011,0.1013
2024-03-11,buy_and_hold,Hold,0.0997,0.0964,0.1018,0.095,0.101,0.1034,0.1005,0.0988,0.1008,0.1028
2024-03-12,buy_and_hold,Hold,0.0993,0.0974,0.1006,0.096,0.1008,0.1012,0.0988,0.0985,0.1048,0.1027
2024-03-13,buy_and_hold,Hold,0.0976,0.0958,0.1004,0.0955,0.1032,0.101,0.0971,0.0982,0.1092,0.1022
2024-03-14,buy_and_hold,Hold,0.0965,0.0956,0.1,0.0966,0.1028,0.1,0.0957,0.1005,0.1081,0.1043
2024-03-15,buy_and_hold,Hold,0.0944,0.0953,0.1017,0.0949,0.102,0.1005,0.0965,0.0998,0.1108,0.1041
2024-03-18,buy_and_hold,Hold,0.0915,0.0944,0.1014,0.0945,0.1027,0.1005,0.0959,0.1039,0.1101,0.1051
2024-03-19,buy_and_hold,Hold,0.0917,0.0954,0.1008,0.0949,0.1048,0.0985,0.0956,0.1031,0.1102,0.105
2024-03-20,buy_and_hold,Hold,0.0896,0.0952,0.1007,0.0953,0.1059,0.0965,0.0968,0.1034,0.1122,0.1045
2024-03-21,buy_and_hold,Hold,0.0904,0.0871,0.1016,0.0961,0.1072,0.0959,0.0995,0.1035,0.1129,0.1058
2024-03-22,buy_and_hold,Hold,0.0903,0.0858,0.1014,0.0973,0.1066,0.0972,0.0979,0.1065,0.1127,0.1042
2024-03-25,buy_and_hold,Hold,0.0896,0.0847,0.1019,0.0975,0.1099,0.0973,0.0984,0.1058,0.1103,0.1046
2024-03-26,buy_and_hold,Hold,0.0916,0.086,0.1029,0.0975,0.1054,0.0982,0.0974,0.1071,0.1089,0.1051
2024-03-27,buy_and_hold,Hold,0.0917,0.0858,0.102,0.0967,0.1063,0.0987,0.0995,0.1054,0.1091,0.1047
2024-03-28,buy_and_hold,Hold,0.0912,0.0866,0.1016,0.0963,0.1076,0.0984,0.0997,0.1047,0.1099,0.1039
2024-04-01,buy_and_hold,Rebalance,0.1,0.1,0.1,0.1,0.1,0.1,0.1,0.1,0.1,0.1
2024-04-02,buy_and_hold,Hold,0.1006,0.0999,0.1004,0.1005,0.1004,0.0992,0.0995,0.1001,0.0994,0.1
2024-04-03,buy_and_hold,Hold,0.1002,0.0989,0.101,0.1018,0.1003,0.0994,0.0994,0.1006,0.1001,0.0984
2024-04-04,buy_and_hold,Hold,0.1004,0.0996,0.1012,0.1017,0.1022,0.0996,0.0998,0.0989,0.0984,0.0982
2024-04-05,buy_and_hold,Hold,0.1003,0.0992,0.1013,0.1034,0.102,0.0991,0.1003,0.0991,0.0979,0.0974
2024-04-08,buy_and_hold,Hold,0.0995,0.0988,0.1009,0.1033,0.0998,0.0985,0.1019,0.1005,0.0987,0.098
2024-04-09,buy_and_hold,Hold,0.1007,0.099,0.098,0.103,0.0989,0.0989,0.1037,0.1011,0.0989,0.0978
2024-04-10,buy_and_hold,Hold,0.1008,0.0975,0.0989,0.1044,0.1005,0.0985,0.0994,0.102,0.1001,0.098
2024-04-11,buy_and_hold,Hold,0.101,0.0978,0.095,0.1062,0.0987,0.0986,0.1003,0.1042,0.1007,0.0974
2024-04-12,buy_and_hold,Hold,0.1009,0.0963,0.0972,0.1061,0.0982,0.0981,0.1002,0.1047,0.1002,0.098
2024-04-15,buy_and_hold,Hold,0.1016,0.0965,0.098,0.1056,0.0974,0.0988,0.0988,0.1036,0.101,0.0986
2024-04-16,buy_and_hold,Hold,0.1025,0.0972,0.0988,0.106,0.096,0.0979,0.0976,0.1039,0.1014,0.0987
2024-04-17,buy_and_hold,Hold,0.0997,0.0978,0.0989,0.1052,0.0956,0.0988,0.0974,0.105,0.1016,0.0999
2024-04-18,buy_and_hold,Hold,0.0988,0.0979,0.0995,0.1037,0.0958,0.1002,0.0972,0.105,0.1019,0.1
2024-04-19,buy_and_hold,Hold,0.1004,0.0979,0.102,0.1007,0.0961,0.0993,0.0962,0.1034,0.1024,0.1016
2024-04-22,buy_and_hold,Hold,0.0993,0.0972,0.1014,0.1013,0.0956,0.0996,0.0977,0.104,0.1019,0.1019
2024-04-23,buy_and_hold,Hold,0.0994,0.0967,0.1013,0.1023,0.094,0.099,0.0982,0.1049,0.102,0.1023
2024-04-24,buy_and_hold,Hold,0.099,0.0959,0.1022,0.1008,0.0942,0.0996,0.0985,0.1058,0.1012,0.1026
2024-04-25,buy_and_hold,Hold,0.0996,0.0951,0.1022,0.0998,0.0957,0.1004,0.0972,0.1043,0.1011,0.1047
2024-04-26,buy_and_hold,Hold,0.0988,0.0934,0.1006,0.1017,0.0947,0.0994,0.0949,0.1133,0.1001,0.1029
2024-04-29,buy_and_hold,Hold,0.0984,0.0918,0.1015,0.1023,0.0952,0.1001,0.0972,0.1093,0.1003,0.1038
2024-04-30,buy_and_hold,Hold,0.0983,0.0921,0.1016,0.1001,0.0925,0.1005,0.0955,0.1083,0.1062,0.1049
2024-05-01,buy_and_hold,Rebalance,0.1,0.1,0.1,0.1,0.1,0.1,0.1,0.1,0.1,0.1
2024-05-02,buy_and_hold,Hold,0.0994,0.1003,0.0991,0.1029,0.0954,0.1023,0.1009,0.1014,0.0981,0.1001
2024-05-03,buy_and_hold,Hold,0.099,0.101,0.0977,0.1033,0.0953,0.1028,0.1025,0.1014,0.098,0.0988
2024-05-06,buy_and_hold,Hold,0.0982,0.1012,0.099,0.1041,0.0969,0.103,0.1014,0.1013,0.0969,0.098
2024-05-07,buy_and_hold,Hold,0.0982,0.1022,0.0984,0.1036,0.0975,0.1029,0.1007,0.1027,0.0954,0.0983
2024-05-08,buy_and_hold,Hold,0.0972,0.1028,0.0988,0.1034,0.0985,0.1021,0.0996,0.1018,0.0964,0.0995
2024-05-09,buy_and_hold,Hold,0.0963,0.1004,0.0987,0.1035,0.099,0.1032,0.1009,0.1014,0.0967,0.0998
2024-05-10,buy_and_hold,Hold,0.0964,0.1003,0.0995,0.1024,0.0974,0.1032,0.1018,0.1006,0.0983,0.1002
2024-05-13,buy_and_hold,Hold,0.0964,0.1007,0.0993,0.102,0.0969,0.1031,0.1011,0.101,0.099,0.1005
2024-05-14,buy_and_hold,Hold,0.0953,0.1001,0.0994,0.1018,0.0964,0.102,0.1035,0.1013,0.0991,0.1012
2024-05-15,buy_and_hold,Hold,0.0951,0.0998,0.0999,0.1004,0.0967,0.1024,0.1035,0.1017,0.0994,0.1011
2024-05-16,buy_and_hold,Hold,0.0949,0.0992,0.0991,0.0987,0.0962,0.1041,0.1022,0.1023,0.1025,0.1009
2024-05-17,buy_and_hold,Hold,0.0937,0.0973,0.1,0.0987,0.0969,0.1059,0.1017,0.1028,0.1023,0.1006
2024-05-20,buy_and_hold,Hold,0.093,0.098,0.0993,0.0982,0.097,0.1073,0.1014,0.1034,0.1023,0.1003
2024-05-21,buy_and_hold,Hold,0.093,0.0976,0.1,0.0982,0.0967,0.107,0.1015,0.1042,0.1006,0.1015
2024-05-22,buy_and_hold,Hold,0.0948,0.0989,0.1003,0.0984,0.095,0.1072,0.1011,0.1035,0.0992,0.1017
2024-05-23,buy_and_hold,Hold,0.0956,0.0999,0.1006,0.0986,0.0944,0.108,0.099,0.1033,0.0992,0.1015
2024-05-24,buy_and_hold,Hold,0.0954,0.0983,0.1017,0.0985,0.0939,0.1087,0.0989,0.1041,0.0994,0.1012
2024-05-28,buy_and_hold,Hold,0.0938,0.0975,0.1014,0.0995,0.0956,0.1089,0.0979,0.1052,0.0987,0.1015
2024-05-29,buy_and_hold,Hold,0.0936,0.0971,0.1024,0.1004,0.0945,0.1082,0.0975,0.106,0.0986,0.1018
2024-05-30,buy_and_hold,Hold,0.0946,0.0942,0.1034,0.099,0.0963,0.1084,0.0984,0.1038,0.0993,0.1025
2024-05-31,buy_and_hold,Hold,0.0939,0.0923,0.1044,0.0963,0.0978,0.1097,0.0995,0.1028,0.1001,0.1031
2024-06-03,buy_and_hold,Rebalance,0.1,0.1,0.1,0.1,0.1,0.1,0.1,0.1,0.1,0.1
2024-06-04,buy_and_hold,Hold,0.1005,0.1022,0.099,0.1005,0.0984,0.0998,0.0998,0.1003,0.0988,0.1006
2024-06-05,buy_and_hold,Hold,0.1001,0.103,0.0991,0.1014,0.0982,0.0995,0.0986,0.101,0.099,0.1
2024-06-06,buy_and_hold,Hold,0.1007,0.1029,0.0987,0.1031,0.0986,0.0989,0.0983,0.1014,0.0978,0.0996
2024-06-07,buy_and_hold,Hold,0.1035,0.1013,0.0988,0.1022,0.097,0.1021,0.0963,0.0997,0.1,0.0993
2024-06-10,buy_and_hold,Hold,0.103,0.1016,0.098,0.1033,0.0986,0.1027,0.0954,0.0997,0.0994,0.0984
2024-06-11,buy_and_hold,Hold,0.1013,0.1029,0.097,0.1034,0.0993,0.1021,0.0951,0.1006,0.1001,0.0982
2024-06-12,buy_and_hold,Hold,0.1003,0.1002,0.098,0.1035,0.0984,0.1032,0.0972,0.1016,0.1002,0.0974
2024-06-13,buy_and_hold,Hold,0.1,0.0997,0.0977,0.1025,0.0965,0.1048,0.099,0.1007,0.1013,0.0978
2024-06-14,buy_and_hold,Hold,0.1009,0.1019,0.098,0.1031,0.0946,0.1017,0.099,0.1023,0.1012,0.0974
2024-06-17,buy_and_hold,Hold,0.1007,0.1014,0.099,0.1033,0.095,0.1009,0.098,0.1026,0.1009,0.0982
2024-06-18,buy_and_hold,Hold,0.1011,0.1012,0.1001,0.1025,0.0951,0.1014,0.0983,0.1012,0.101,0.0983
2024-06-20,buy_and_hold,Hold,0.102,0.107,0.0994,0.1027,0.0946,0.0989,0.0965,0.1003,0.1003,0.0982
2024-06-21,buy_and_hold,Hold,0.1006,0.1074,0.0987,0.1038,0.0934,0.0986,0.097,0.1017,0.1005,0.0983
2024-06-24,buy_and_hold,Hold,0.0998,0.1063,0.0991,0.1014,0.0971,0.0975,0.0978,0.101,0.1006,0.0994
2024-06-25,buy_and_hold,Hold,0.1002,0.1065,0.0989,0.1021,0.0962,0.0963,0.0965,0.1039,0.0999,0.0995
2024-06-26,buy_and_hold,Hold,0.0998,0.1058,0.0982,0.1063,0.0952,0.0953,0.0962,0.1041,0.0995,0.0996
2024-06-27,buy_and_hold,Hold,0.0992,0.1049,0.0978,0.1082,0.0963,0.0947,0.0964,0.1045,0.1008,0.0973
2024-06-28,buy_and_hold,Hold,0.0989,0.1055,0.0984,0.1061,0.0979,0.0933,0.0985,0.1031,0.1003,0.0979
2024-07-01,buy_and_hold,Rebalance,0.1,0.1,0.1,0.1,0.1,0.1,0.1,0.1,0.1,0.1
2024-07-02,buy_and_hold,Hold,0.0994,0.0998,0.0998,0.1008,0.0985,0.1009,0.1005,0.1006,0.1004,0.0994
2024-07-03,buy_and_hold,Hold,0.0986,0.1005,0.0995,0.0996,0.0988,0.1017,0.1005,0.101,0.1004,0.0993
2024-07-05,buy_and_hold,Hold,0.1002,0.0983,0.0994,0.1009,0.096,0.1016,0.1003,0.1036,0.1001,0.0996
2024-07-08,buy_and_hold,Hold,0.0986,0.0987,0.0991,0.1007,0.097,0.1027,0.1004,0.103,0.1002,0.0997
2024-07-09,buy_and_hold,Hold,0.0983,0.0983,0.0996,0.1009,0.097,0.1028,0.1,0.1031,0.0989,0.1012
2024-07-10,buy_and_hold,Hold,0.099,0.0968,0.1004,0.1004,0.0962,0.1024,0.1001,0.1035,0.1001,0.101
2024-07-11,buy_and_hold,Hold,0.0988,0.0968,0.1016,0.0968,0.0984,0.1021,0.1055,0.0993,0.1004,0.1001
2024-07-12,buy_and_hold,Hold,0.098,0.1001,0.1009,0.0957,0.0981,0.1025,0.1056,0.0981,0.1003,0.1006
2024-07-15,buy_and_hold,Hold,0.0967,0.1018,0.1011,0.0942,0.1024,0.1013,0.1058,0.0983,0.0985,0.1
2024-07-16,buy_and_hold,Hold,0.0959,0.1034,0.1006,0.0938,0.1024,0.1036,0.1056,0.0963,0.0984,0.1
2024-07-17,buy_and_hold,Hold,0.097,0.1029,0.1005,0.0907,0.1035,0.1041,0.1061,0.0941,0.099,0.1021
2024-07-18,buy_and_hold,Hold,0.0939,0.1049,0.1019,0.0897,0.1045,0.1038,0.105,0.0935,0.0996,0.1032
2024-07-19,buy_and_hold,Hold,0.0959,0.1055,0.1007,0.0896,0.1043,0.1026,0.1043,0.0937,0.0997,0.1037
2024-07-22,buy_and_hold,Hold,0.0975,0.1062,0.1024,0.0893,0.1026,0.097,0.1049,0.0958,0.1007,0.1036
2024-07-23,buy_and_hold,Hold,0.0979,0.106,0.1024,0.0914,0.1009,0.1001,0.1014,0.0961,0.1007,0.1032
2024-07-24,buy_and_hold,Hold,0.1021,0.1066,0.1033,0.0896,0.1007,0.1028,0.0975,0.0922,0.1003,0.1049
2024-07-25,buy_and_hold,Hold,0.1009,0.1071,0.1033,0.0891,0.104,0.1022,0.0979,0.0893,0.1004,0.1057
2024-07-26,buy_and_hold,Hold,0.0974,0.1036,0.1012,0.088,0.1009,0.1003,0.0976,0.0867,0.1201,0.1041
2024-07-29,buy_and_hold,Hold,0.0972,0.1032,0.1011,0.0885,0.0997,0.1023,0.0966,0.0883,0.1185,0.1046
2024-07-30,buy_and_hold,Hold,0.0972,0.1036,0.1015,0.0873,0.1,0.1012,0.0974,0.0882,0.1194,0.1041
2024-07-31,buy_and_hold,Hold,0.0977,0.1039,0.1014,0.0898,0.1005,0.101,0.0959,0.0888,0.1201,0.1008
2024-08-01,buy_and_hold,Rebalance,0.1,0.1,0.1,0.1,0.1,0.1,0.1,0.1,0.1,0.1
2024-08-02,buy_and_hold,Hold,0.1036,0.101,0.1001,0.0935,0.0943,0.1005,0.101,0.1,0.1015,0.1046
2024-08-05,buy_and_hold,Hold,0.1037,0.1006,0.1005,0.092,0.0934,0.1019,0.1025,0.0981,0.1036,0.1038
2024-08-06,buy_and_hold,Hold,0.104,0.1016,0.1014,0.092,0.0912,0.1013,0.1048,0.0969,0.1033,0.1035
2024-08-07,buy_and_hold,Hold,0.1046,0.1016,0.1024,0.0927,0.0911,0.1011,0.1023,0.0976,0.1018,0.1048
2024-08-08,buy_and_hold,Hold,0.103,0.0996,0.1026,0.0931,0.0947,0.1004,0.1018,0.0981,0.1023,0.1043
2024-08-09,buy_and_hold,Hold,0.1021,0.0996,0.103,0.0938,0.0943,0.1001,0.1022,0.0991,0.1016,0.1043
2024-08-12,buy_and_hold,Hold,0.1016,0.0994,0.1034,0.0941,0.0975,0.0989,0.1007,0.0987,0.1013,0.1044
2024-08-13,buy_and_hold,Hold,0.1009,0.1,0.1028,0.095,0.0956,0.0988,0.1015,0.0987,0.1018,0.1049
2024-08-14,buy_and_hold,Hold,0.1024,0.1001,0.1034,0.0949,0.0956,0.0987,0.1011,0.0964,0.1024,0.1051
2024-08-15,buy_and_hold,Hold,0.1024,0.1007,0.1025,0.0981,0.0964,0.0968,0.1017,0.096,0.1022,0.1031
2024-08-16,buy_and_hold,Hold,0.102,0.1009,0.1043,0.0974,0.0953,0.0972,0.1009,0.0966,0.1017,0.1038
2024-08-19,buy_and_hold,Hold,0.1023,0.1011,0.1042,0.0975,0.095,0.096,0.1012,0.0983,0.1012,0.1033
2024-08-20,buy_and_hold,Hold,0.1016,0.1018,0.1042,0.0982,0.0921,0.0961,0.1009,0.099,0.1021,0.1039
2024-08-21,buy_and_hold,Hold,0.1017,0.1022,0.1047,0.0984,0.0908,0.0964,0.1012,0.0977,0.1027,0.1042
2024-08-22,buy_and_hold,Hold,0.1025,0.1015,0.1061,0.0964,0.0905,0.0961,0.1036,0.0966,0.1024,0.1043
2024-08-23,buy_and_hold,Hold,0.1019,0.1012,0.1057,0.0958,0.0912,0.0956,0.1049,0.0966,0.1028,0.1044
2024-08-26,buy_and_hold,Hold,0.1013,0.1016,0.1052,0.0944,0.0923,0.096,0.1047,0.0963,0.1038,0.1043
2024-08-27,buy_and_hold,Hold,0.102,0.103,0.1058,0.0934,0.0909,0.096,0.1041,0.0958,0.1038,0.1053
2024-08-28,buy_and_hold,Hold,0.1021,0.1024,0.1072,0.0924,0.0916,0.0959,0.1032,0.095,0.1042,0.106
2024-08-29,buy_and_hold,Hold,0.1015,0.1028,0.1075,0.0927,0.0936,0.0956,0.1016,0.094,0.1048,0.1058
2024-08-30,buy_and_hold,Hold,0.1012,0.1026,0.1074,0.0954,0.0902,0.0955,0.1023,0.0942,0.1054,0.1058
2024-09-03,buy_and_hold,Rebalance,0.1,0.1,0.1,0.1,0.1,0.1,0.1,0.1,0.1,0.1
2024-09-04,buy_and_hold,Hold,0.1,0.1009,0.1015,0.0986,0.0971,0.1001,0.0995,0.0997,0.1012,0.1014
2024-09-05,buy_and_hold,Hold,0.099,0.1001,0.101,0.1013,0.0975,0.0998,0.0995,0.1003,0.1008,0.1008
2024-09-06,buy_and_hold,Hold,0.1014,0.1015,0.1019,0.0993,0.0964,0.0997,0.1002,0.0979,0.1003,0.1014
2024-09-09,buy_and_hold,Hold,0.1029,0.1013,0.1016,0.1008,0.0944,0.1008,0.1012,0.0959,0.0995,0.1015
2024-09-10,buy_and_hold,Hold,0.1032,0.1028,0.1005,0.103,0.0901,0.1011,0.1022,0.0956,0.1005,0.1011
2024-09-11,buy_and_hold,Hold,0.1025,0.1033,0.0992,0.1055,0.089,0.1017,0.1026,0.0969,0.1003,0.0991
2024-09-12,buy_and_hold,Hold,0.102,0.1024,0.0991,0.1062,0.0887,0.1018,0.103,0.0985,0.101,0.0974
2024-09-13,buy_and_hold,Hold,0.1008,0.1016,0.0989,0.1051,0.0889,0.1025,0.1043,0.0995,0.1011,0.0973
2024-09-16,buy_and_hold,Hold,0.1011,0.1021,0.0995,0.1034,0.0901,0.1035,0.1038,0.0991,0.1014,0.0961
2024-09-17,buy_and_hold,Hold,0.1018,0.0974,0.0993,0.1048,0.0933,0.1046,0.1035,0.1002,0.1009,0.0941
2024-09-18,buy_and_hold,Hold,0.0996,0.0977,0.0993,0.1051,0.0933,0.1038,0.1039,0.1011,0.1013,0.0949
2024-09-19,buy_and_hold,Hold,0.0989,0.0974,0.0982,0.107,0.0942,0.1038,0.1025,0.1025,0.1016,0.0941
2024-09-20,buy_and_hold,Hold,0.0984,0.0976,0.0982,0.1078,0.093,0.1038,0.1016,0.1033,0.1022,0.0943
2024-09-23,buy_and_hold,Hold,0.0984,0.0975,0.0991,0.1081,0.0935,0.1043,0.1014,0.1012,0.1019,0.0946
2024-09-24,buy_and_hold,Hold,0.0969,0.0974,0.0981,0.1079,0.0929,0.1053,0.103,0.1012,0.1028,0.0946
2024-09-25,buy_and_hold,Hold,0.0968,0.0972,0.0992,0.1077,0.0906,0.1059,0.1034,0.1013,0.1029,0.0949
2024-09-26,buy_and_hold,Hold,0.0967,0.1024,0.0993,0.1067,0.0852,0.1071,0.101,0.1019,0.1049,0.0948
2024-09-27,buy_and_hold,Hold,0.0964,0.1006,0.0997,0.1049,0.0902,0.1073,0.1005,0.1026,0.1032,0.0947
2024-09-30,buy_and_hold,Hold,0.0976,0.1015,0.1007,0.1038,0.0898,0.1062,0.0995,0.1036,0.1026,0.0945
2024-10-01,buy_and_hold,Rebalance,0.1,0.1,0.1,0.1,0.1,0.1,0.1,0.1,0.1,0.1
2024-10-02,buy_and_hold,Hold,0.1002,0.1013,0.1014,0.0999,0.1005,0.0996,0.0994,0.0994,0.0989,0.0994
2024-10-03,buy_and_hold,Hold,0.0992,0.103,0.101,0.0987,0.1038,0.0984,0.0989,0.0997,0.0987,0.0985
2024-10-04,buy_and_hold,Hold,0.0989,0.1026,0.1019,0.1004,0.1045,0.0977,0.0978,0.0997,0.0984,0.0981
2024-10-07,buy_and_hold,Hold,0.0997,0.1012,0.099,0.0975,0.105,0.1071,0.0968,0.0975,0.0983,0.0979
2024-10-08,buy_and_hold,Hold,0.1008,0.1022,0.0995,0.0985,0.1022,0.1063,0.097,0.0983,0.0981,0.0971
2024-10-09,buy_and_hold,Hold,0.1015,0.1031,0.0978,0.0994,0.102,0.1071,0.0971,0.0963,0.0979,0.098
2024-10-10,buy_and_hold,Hold,0.1011,0.1022,0.0982,0.1001,0.1039,0.1072,0.0976,0.0963,0.0967,0.0968
2024-10-11,buy_and_hold,Hold,0.1006,0.1013,0.0988,0.1004,0.1038,0.1069,0.0988,0.0962,0.0968,0.0963
2024-10-14,buy_and_hold,Hold,0.101,0.1018,0.0989,0.0991,0.1018,0.1076,0.1003,0.0967,0.0969,0.0958
2024-10-15,buy_and_hold,Hold,0.1009,0.1033,0.0993,0.0996,0.0952,0.109,0.1017,0.0974,0.0973,0.0963
2024-10-16,buy_and_hold,Hold,0.1019,0.1038,0.0991,0.0987,0.0945,0.1096,0.1024,0.0967,0.0972,0.0963
2024-10-17,buy_and_hold,Hold,0.102,0.1047,0.0997,0.0991,0.095,0.1104,0.1013,0.0954,0.0968,0.0955
2024-10-18,buy_and_hold,Hold,0.1029,0.1047,0.0989,0.0994,0.0955,0.111,0.1013,0.0953,0.096,0.0949
2024-10-21,buy_and_hold,Hold,0.1015,0.1052,0.098,0.1002,0.096,0.1116,0.1001,0.0964,0.0965,0.0945
2024-10-22,buy_and_hold,Hold,0.101,0.1043,0.0977,0.1007,0.0974,0.1114,0.099,0.0972,0.0945,0.0966
2024-10-23,buy_and_hold,Hold,0.1027,0.1049,0.0986,0.099,0.0956,0.1112,0.1016,0.0967,0.0926,0.097
2024-10-24,buy_and_hold,Hold,0.1029,0.1037,0.0991,0.1005,0.0969,0.1103,0.0992,0.0973,0.0921,0.0979
2024-10-25,buy_and_hold,Hold,0.1017,0.1036,0.0979,0.1021,0.0983,0.1098,0.0971,0.0996,0.0916,0.0982
2024-10-28,buy_and_hold,Hold,0.1014,0.1035,0.0978,0.1022,0.0937,0.1097,0.0967,0.1003,0.0955,0.0991
2024-10-29,buy_and_hold,Hold,0.101,0.1042,0.0981,0.1037,0.0923,0.1089,0.0959,0.1022,0.0949,0.0987
2024-10-30,buy_and_hold,Hold,0.1018,0.0994,0.0981,0.1046,0.0928,0.1079,0.0973,0.105,0.0935,0.0996
2024-10-31,buy_and_hold,Hold,0.1013,0.0994,0.0938,0.1017,0.0938,0.1076,0.0962,0.1035,0.0947,0.108
2024-11-01,buy_and_hold,Rebalance,0.1,0.1,0.1,0.1,0.1,0.1,0.1,0.1,0.1,0.1
2024-11-04,buy_and_hold,Hold,0.0994,0.0997,0.1,0.0991,0.1022,0.0992,0.1021,0.099,0.0991,0.1002
2024-11-05,buy_and_hold,Hold,0.0989,0.0996,0.1004,0.1004,0.1017,0.0987,0.1023,0.0987,0.0991,0.1002
2024-11-06,buy_and_hold,Hold,0.0959,0.1003,0.1009,0.1019,0.1043,0.0966,0.0993,0.1003,0.1025,0.0981
2024-11-07,buy_and_hold,Hold,0.0954,0.1025,0.1007,0.1042,0.0932,0.0993,0.1007,0.1036,0.1027,0.0976
2024-11-08,buy_and_hold,Hold,0.0966,0.101,0.1016,0.1033,0.0926,0.0994,0.101,0.1023,0.1037,0.0985
2024-11-11,buy_and_hold,Hold,0.0966,0.1014,0.1034,0.1025,0.0942,0.0996,0.0985,0.1033,0.1025,0.0982
2024-11-12,buy_and_hold,Hold,0.0966,0.1026,0.104,0.1039,0.0932,0.099,0.0961,0.1043,0.1008,0.0994
2024-11-13,buy_and_hold,Hold,0.0953,0.1046,0.103,0.1057,0.0932,0.0989,0.0961,0.102,0.1009,0.1002
2024-11-14,buy_and_hold,Hold,0.0951,0.1027,0.1027,0.1047,0.0959,0.1001,0.0957,0.1005,0.1019,0.1008
2024-11-15,buy_and_hold,Hold,0.0967,0.1012,0.1052,0.1013,0.0959,0.1015,0.0942,0.0997,0.1015,0.1027
2024-11-18,buy_and_hold,Hold,0.0972,0.1003,0.1051,0.1001,0.0956,0.1042,0.0932,0.1005,0.1011,0.1027
2024-11-19,buy_and_hold,Hold,0.0973,0.1009,0.1046,0.1019,0.0935,0.1045,0.0929,0.1025,0.0998,0.1022
2024-11-20,buy_and_hold,Hold,0.0965,0.102,0.1044,0.1012,0.0946,0.1047,0.0929,0.1014,0.0997,0.1026
2024-11-21,buy_and_hold,Hold,0.0977,0.1032,0.1059,0.099,0.096,0.1051,0.0944,0.0967,0.0994,0.1027
2024-11-22,buy_and_hold,Hold,0.0976,0.102,0.106,0.0979,0.097,0.1055,0.0961,0.0946,0.0998,0.1035
2024-11-25,buy_and_hold,Hold,0.0969,0.1017,0.1056,0.099,0.0955,0.1051,0.0983,0.0952,0.1002,0.1025
2024-11-26,buy_and_hold,Hold,0.096,0.1014,0.1056,0.1013,0.0941,0.1045,0.0973,0.0953,0.1014,0.1032
2024-11-27,buy_and_hold,Hold,0.097,0.1013,0.1059,0.1005,0.0943,0.1042,0.0964,0.0956,0.1012,0.1035
2024-11-29,buy_and_hold,Hold,0.0966,0.1012,0.1055,0.1013,0.0947,0.1043,0.0959,0.0952,0.1018,0.1034
2024-12-02,buy_and_hold,Rebalance,0.1,0.1,0.1,0.1,0.1,0.1,0.1,0.1,0.1,0.1
2024-12-03,buy_and_hold,Hold,0.1006,0.0986,0.0968,0.1024,0.1014,0.0995,0.0995,0.101,0.0997,0.1005
2024-12-04,buy_and_hold,Hold,0.1003,0.1007,0.097,0.1046,0.1004,0.0986,0.0967,0.1027,0.0992,0.0998
2024-12-05,buy_and_hold,Hold,0.1,0.1001,0.0977,0.1058,0.0988,0.0969,0.0971,0.1017,0.1014,0.1006
2024-12-06,buy_and_hold,Hold,0.0998,0.1012,0.0971,0.1087,0.0967,0.0962,0.0955,0.1027,0.101,0.1011
2024-12-09,buy_and_hold,Hold,0.0994,0.1005,0.0952,0.1084,0.1006,0.0953,0.0983,0.1034,0.1,0.0987
2024-12-10,buy_and_hold,Hold,0.0997,0.1013,0.0944,0.1077,0.1005,0.0947,0.0961,0.1091,0.0985,0.0979
2024-12-11,buy_and_hold,Hold,0.0981,0.1011,0.0939,0.1097,0.1006,0.0934,0.0946,0.1145,0.098,0.096
2024-12-12,buy_and_hold,Hold,0.098,0.1002,0.0942,0.1093,0.1033,0.0932,0.0941,0.1127,0.0982,0.0967
2024-12-13,buy_and_hold,Hold,0.0979,0.1001,0.0946,0.1089,0.1032,0.0938,0.0944,0.1117,0.0986,0.0969
2024-12-16,buy_and_hold,Hold,0.0975,0.0999,0.0942,0.1118,0.0993,0.0924,0.0934,0.1161,0.0985,0.0967
2024-12-17,buy_and_hold,Hold,0.0988,0.1008,0.094,0.1118,0.096,0.0925,0.0951,0.1163,0.0982,0.0965
2024-12-18,buy_and_hold,Hold,0.1003,0.1007,0.0944,0.1096,0.0977,0.0921,0.0935,0.1152,0.0989,0.0975
2024-12-19,buy_and_hold,Hold,0.1,0.107,0.0945,0.1101,0.0953,0.0908,0.0922,0.1144,0.0994,0.0963
2024-12-20,buy_and_hold,Hold,0.1004,0.1041,0.0947,0.1096,0.0967,0.0903,0.0928,0.1148,0.0999,0.0967
2024-12-23,buy_and_hold,Hold,0.1004,0.1018,0.0946,0.1096,0.0992,0.0897,0.0925,0.1166,0.0996,0.0961
2024-12-24,buy_and_hold,Hold,0.1,0.1018,0.0943,0.1106,0.0996,0.0898,0.0923,0.1165,0.0998,0.0952
2024-12-26,buy_and_hold,Hold,0.1004,0.1015,0.0947,0.1097,0.0995,0.0895,0.0925,0.1162,0.1005,0.0955
2024-12-27,buy_and_hold,Hold,0.1009,0.101,0.0951,0.1088,0.1013,0.0894,0.0919,0.1153,0.1004,0.0957
2024-12-30,buy_and_hold,Hold,0.0997,0.1007,0.0954,0.1084,0.1036,0.0888,0.092,0.1152,0.1003,0.0958
2024-12-31,buy_and_hold,Hold,0.0996,0.1002,0.0955,0.1071,0.1063,0.0889,0.0927,0.1137,0.0999,0.0959
2025-01-02,buy_and_hold,Rebalance,0.1,0.1,0.1,0.1,0.1,0.1,0.1,0.1,0.1,0.1
2025-01-03,buy_and_hold,Hold,0.0994,0.1005,0.0999,0.1009,0.0993,0.0993,0.1008,0.1003,0.0992,0.1003
2025-01-06,buy_and_hold,Hold,0.0988,0.0999,0.0986,0.1025,0.1004,0.0992,0.0994,0.1031,0.0996,0.0984
2025-01-07,buy_and_hold,Hold,0.0991,0.1012,0.0996,0.0999,0.1003,0.1002,0.099,0.1023,0.1014,0.0971
2025-01-08,buy_and_hold,Hold,0.0996,0.1014,0.1,0.0997,0.1001,0.0996,0.0988,0.1012,0.1026,0.097
2025-01-10,buy_and_hold,Hold,0.0991,0.1004,0.0988,0.0995,0.1014,0.1036,0.0975,0.1015,0.1013,0.097
2025-01-13,buy_and_hold,Hold,0.0986,0.0989,0.099,0.0981,0.1031,0.1053,0.099,0.0997,0.1026,0.0957
2025-01-14,buy_and_hold,Hold,0.0978,0.0982,0.0994,0.0971,0.1043,0.1067,0.0985,0.0983,0.1038,0.096
2025-01-15,buy_and_hold,Hold,0.0958,0.0976,0.0997,0.0987,0.106,0.1055,0.0983,0.1005,0.1034,0.0946
2025-01-16,buy_and_hold,Hold,0.0978,0.0977,0.1002,0.097,0.1042,0.1067,0.0994,0.0986,0.1039,0.0944
2025-01-17,buy_and_hold,Hold,0.0966,0.0975,0.1,0.0986,0.1003,0.1078,0.1003,0.0994,0.1045,0.0949
2025-01-21,buy_and_hold,Hold,0.0985,0.0977,0.099,0.0997,0.0965,0.1075,0.1004,0.0995,0.1078,0.0933
2025-01-22,buy_and_hold,Hold,0.0995,0.0986,0.0971,0.1017,0.0963,0.1067,0.0984,0.0998,0.1096,0.0923
2025-01-23,buy_and_hold,Hold,0.1031,0.0987,0.0964,0.1009,0.096,0.108,0.0973,0.0987,0.1089,0.0921
2025-01-24,buy_and_hold,Hold,0.104,0.0979,0.0962,0.1001,0.0946,0.1091,0.0978,0.0992,0.1081,0.093
2025-01-27,buy_and_hold,Hold,0.1066,0.0999,0.0982,0.0994,0.094,0.1072,0.0974,0.0941,0.1086,0.0946
2025-01-28,buy_and_hold,Hold,0.1054,0.1017,0.0979,0.101,0.0942,0.1078,0.0931,0.0963,0.109,0.0935
2025-01-29,buy_and_hold,Hold,0.1061,0.1009,0.0984,0.1008,0.0938,0.1082,0.092,0.0966,0.1094,0.0939
2025-01-30,buy_and_hold,Hold,0.1062,0.1019,0.0984,0.0991,0.0924,0.11,0.0914,0.0986,0.1107,0.0913
2025-01-31,buy_and_hold,Hold,0.1055,0.1031,0.0976,0.1004,0.0882,0.1101,0.0929,0.1002,0.1092,0.0926
2025-02-03,buy_and_hold,Rebalance,0.1,0.1,0.1,0.1,0.1,0.1,0.1,0.1,0.1,0.1
2025-02-04,buy_and_hold,Hold,0.0994,0.1006,0.099,0.1009,0.1032,0.0982,0.0988,0.1015,0.1,0.0985
2025-02-05,buy_and_hold,Hold,0.1021,0.1027,0.0999,0.0988,0.1026,0.0979,0.1019,0.0944,0.1009,0.0988
2025-02-06,buy_and_hold,Hold,0.1004,0.1012,0.0972,0.1012,0.1014,0.0977,0.1028,0.0958,0.1021,0.1002
2025-02-07,buy_and_hold,Hold,0.1025,0.1022,0.099,0.0985,0.103,0.0937,0.1035,0.094,0.1019,0.1017
2025-02-10,buy_and_hold,Hold,0.1031,0.1013,0.097,0.0991,0.108,0.0927,0.1019,0.0935,0.1006,0.1028
2025-02-11,buy_and_hold,Hold,0.1031,0.102,0.0972,0.0988,0.1094,0.0922,0.1011,0.0928,0.1008,0.1026
2025-02-12,buy_and_hold,Hold,0.1033,0.1026,0.0981,0.098,0.1059,0.0933,0.1024,0.0928,0.1009,0.1026
2025-02-13,buy_and_hold,Hold,0.1036,0.1021,0.0985,0.0979,0.1057,0.0941,0.1023,0.0934,0.1001,0.1024
2025-02-14,buy_and_hold,Hold,0.1028,0.1018,0.0979,0.0973,0.1089,0.0945,0.1013,0.093,0.1006,0.1019
2025-02-18,buy_and_hold,Hold,0.1023,0.1015,0.0986,0.0963,0.1108,0.0946,0.1022,0.0922,0.1007,0.1007
2025-02-19,buy_and_hold,Hold,0.1033,0.1017,0.0989,0.0958,0.1103,0.0941,0.1012,0.0924,0.101,0.1013
2025-02-20,buy_and_hold,Hold,0.1043,0.1005,0.0989,0.0944,0.1107,0.0935,0.1016,0.0923,0.1004,0.1034
2025-02-21,buy_and_hold,Hold,0.1076,0.0968,0.0986,0.0934,0.1087,0.0939,0.1035,0.0914,0.0994,0.1067
2025-02-24,buy_and_hold,Hold,0.1073,0.0965,0.1002,0.0915,0.1088,0.0935,0.1049,0.091,0.0995,0.1068
2025-02-25,buy_and_hold,Hold,0.1072,0.0955,0.102,0.0909,0.1057,0.0952,0.1082,0.0884,0.0995,0.1074
2025-02-26,buy_and_hold,Hold,0.1083,0.0952,0.102,0.0924,0.1049,0.095,0.1072,0.0878,0.101,0.1062
2025-02-27,buy_and_hold,Hold,0.109,0.0955,0.1043,0.0906,0.098,0.0952,0.11,0.0863,0.1039,0.1074
2025-02-28,buy_and_hold,Hold,0.1093,0.0921,0.105,0.091,0.0981,0.0952,0.11,0.0861,0.1057,0.1075
2025-03-03,buy_and_hold,Rebalance,0.1,0.1,0.1,0.1,0.1,0.1,0.1,0.1,0.1,0.1
2025-03-04,buy_and_hold,Hold,0.0994,0.1016,0.099,0.1007,0.0996,0.0996,0.1003,0.1037,0.0964,0.0996
2025-03-05,buy_and_hold,Hold,0.0986,0.1014,0.0986,0.1021,0.0986,0.1007,0.1011,0.1041,0.0966,0.0981
2025-03-06,buy_and_hold,Hold,0.0976,0.1003,0.0993,0.0991,0.1005,0.1014,0.0996,0.1045,0.097,0.1007
2025-03-07,buy_and_hold,Hold,0.0982,0.0996,0.0989,0.0976,0.1002,0.1023,0.1014,0.1046,0.0958,0.1013
2025-03-10,buy_and_hold,Hold,0.0995,0.0987,0.0984,0.0964,0.1023,0.0993,0.1022,0.101,0.0977,0.1045
2025-03-11,buy_and_hold,Hold,0.0972,0.0976,0.0991,0.0985,0.1044,0.0986,0.1005,0.101,0.0988,0.1042
2025-03-12,buy_and_hold,Hold,0.0954,0.0965,0.0976,0.0996,0.1068,0.0974,0.0997,0.1029,0.1006,0.1036
2025-03-13,buy_and_hold,Hold,0.0965,0.0958,0.0994,0.0985,0.105,0.0982,0.0992,0.1017,0.0992,0.1064
2025-03-14,buy_and_hold,Hold,0.0929,0.0951,0.1002,0.0993,0.1068,0.0967,0.1005,0.102,0.1008,0.1057
2025-03-17,buy_and_hold,Hold,0.0929,0.0964,0.1005,0.0975,0.1082,0.0971,0.1001,0.1005,0.1019,0.1049
2025-03-18,buy_and_hold,Hold,0.0929,0.0969,0.1005,0.097,0.1101,0.0969,0.1,0.0993,0.1014,0.105
2025-03-19,buy_and_hold,Hold,0.0928,0.0961,0.1006,0.0974,0.1125,0.0967,0.0983,0.1003,0.102,0.1033
2025-03-20,buy_and_hold,Hold,0.0934,0.0901,0.102,0.0983,0.1125,0.0974,0.0987,0.1008,0.1019,0.1047
2025-03-21,buy_and_hold,Hold,0.0932,0.0915,0.1016,0.0989,0.1128,0.0971,0.0981,0.1016,0.1013,0.1039
2025-03-24,buy_and_hold,Hold,0.0925,0.0908,0.1016,0.1011,0.1125,0.0964,0.098,0.1025,0.1018,0.1026
2025-03-25,buy_and_hold,Hold,0.0913,0.0912,0.1015,0.1022,0.1127,0.0961,0.0963,0.1042,0.1019,0.1026
2025-03-26,buy_and_hold,Hold,0.092,0.0919,0.1022,0.1,0.1138,0.0969,0.0965,0.1008,0.1014,0.1045
2025-03-27,buy_and_hold,Hold,0.0955,0.0912,0.1025,0.1001,0.1144,0.0968,0.0961,0.0991,0.0986,0.1056
2025-03-28,buy_and_hold,Hold,0.0967,0.0915,0.1034,0.0975,0.1148,0.0976,0.0977,0.0959,0.0979,0.1071
2025-03-31,buy_and_hold,Hold,0.0973,0.093,0.1038,0.0954,0.1144,0.0976,0.095,0.0953,0.0984,0.1096
2025-04-01,buy_and_hold,Rebalance,0.1,0.1,0.1,0.1,0.1,0.1,0.1,0.1,0.1,0.1
2025-04-02,buy_and_hold,Hold,0.0999,0.1006,0.0996,0.1018,0.1003,0.1003,0.101,0.0997,0.0998,0.0969
2025-04-03,buy_and_hold,Hold,0.1049,0.1009,0.1043,0.0975,0.0881,0.1013,0.0993,0.1007,0.0994,0.1034
2025-04-04,buy_and_hold,Hold,0.1062,0.1022,0.1019,0.1,0.0807,0.1009,0.1002,0.1042,0.0966,0.1072
2025-04-07,buy_and_hold,Hold,0.1071,0.1026,0.1004,0.103,0.08,0.0997,0.0964,0.1055,0.0983,0.1069
2025-04-08,buy_and_hold,Hold,0.1082,0.1032,0.102,0.1021,0.0764,0.0974,0.0971,0.1059,0.099,0.1087
2025-04-09,buy_and_hold,Hold,0.1031,0.1022,0.1001,0.1063,0.0845,0.0984,0.0948,0.108,0.1001,0.1025
2025-04-10,buy_and_hold,Hold,0.1054,0.1019,0.1038,0.1052,0.077,0.0996,0.0912,0.1085,0.1004,0.1069
2025-04-11,buy_and_hold,Hold,0.1054,0.0997,0.1039,0.1052,0.0778,0.1003,0.0923,0.1094,0.1007,0.1054
2025-04-14,buy_and_hold,Hold,0.1051,0.1005,0.1044,0.1026,0.0778,0.1005,0.0946,0.1096,0.0997,0.1052
2025-04-15,buy_and_hold,Hold,0.1052,0.1011,0.105,0.1021,0.077,0.0988,0.0949,0.1088,0.1001,0.1069
2025-04-16,buy_and_hold,Hold,0.1092,0.1009,0.1053,0.1001,0.0803,0.0983,0.0934,0.1077,0.0975,0.1075
2025-04-17,buy_and_hold,Hold,0.1098,0.0994,0.105,0.0987,0.0838,0.0984,0.0938,0.1057,0.0969,0.1087
2025-04-21,buy_and_hold,Hold,0.1113,0.1005,0.1048,0.0978,0.0824,0.0986,0.0933,0.1056,0.0959,0.1101
2025-04-22,buy_and_hold,Hold,0.1096,0.0992,0.105,0.0983,0.0832,0.0986,0.0912,0.1051,0.1007,0.1091
2025-04-23,buy_and_hold,Hold,0.1074,0.1001,0.1045,0.1019,0.0816,0.0978,0.0915,0.1072,0.0999,0.108
2025-04-24,buy_and_hold,Hold,0.1054,0.0998,0.1037,0.1037,0.0836,0.0979,0.0905,0.1083,0.1005,0.1067
2025-04-25,buy_and_hold,Hold,0.1052,0.1006,0.1027,0.1052,0.0841,0.0974,0.0891,0.1103,0.0995,0.106
2025-04-28,buy_and_hold,Hold,0.1054,0.1002,0.1029,0.1042,0.0849,0.0979,0.0901,0.1091,0.0996,0.1056
2025-04-29,buy_and_hold,Hold,0.1065,0.1023,0.1033,0.1043,0.0835,0.0987,0.0852,0.1091,0.1002,0.1069
2025-04-30,buy_and_hold,Hold,0.1072,0.103,0.1038,0.1031,0.0803,0.0992,0.0856,0.1086,0.1011,0.1081
2025-05-01,buy_and_hold,Rebalance,0.1,0.1,0.1,0.1,0.1,0.1,0.1,0.1,0.1,0.1
2025-05-02,buy_and_hold,Hold,0.1,0.1001,0.1004,0.0984,0.1,0.1005,0.0999,0.1002,0.1015,0.099
2025-05-05,buy_and_hold,Hold,0.1009,0.1019,0.1017,0.0975,0.0951,0.0996,0.0997,0.1014,0.1017,0.1005
2025-05-06,buy_and_hold,Hold,0.1018,0.1013,0.1025,0.0974,0.0971,0.0985,0.0976,0.1014,0.1003,0.1021
2025-05-07,buy_and_hold,Hold,0.1029,0.1024,0.1039,0.0998,0.096,0.0978,0.0985,0.0944,0.1011,0.1033
2025-05-08,buy_and_hold,Hold,0.1016,0.102,0.1019,0.1002,0.099,0.0983,0.0996,0.0949,0.1015,0.101
2025-05-09,buy_and_hold,Hold,0.1008,0.1014,0.1014,0.1005,0.1021,0.0986,0.0999,0.0938,0.1024,0.0992
2025-05-12,buy_and_hold,Hold,0.0975,0.1036,0.0986,0.106,0.1055,0.0981,0.0977,0.0949,0.1054,0.0928
2025-05-13,buy_and_hold,Hold,0.0953,0.1037,0.098,0.1074,0.11,0.0972,0.0953,0.0956,0.1056,0.092
2025-05-14,buy_and_hold,Hold,0.0955,0.1036,0.0975,0.1074,0.1089,0.0969,0.094,0.0996,0.1042,0.0923
2025-05-15,buy_and_hold,Hold,0.0985,0.1039,0.0988,0.1043,0.1058,0.0975,0.0942,0.0982,0.1042,0.0946
2025-05-16,buy_and_hold,Hold,0.0987,0.1013,0.0989,0.1036,0.1039,0.0982,0.0951,0.0987,0.1064,0.0952
2025-05-19,buy_and_hold,Hold,0.099,0.1016,0.0983,0.1036,0.1021,0.0974,0.0964,0.0987,0.1069,0.0959
2025-05-20,buy_and_hold,Hold,0.0994,0.1025,0.0981,0.1032,0.1023,0.0974,0.0946,0.0978,0.1075,0.0972
2025-05-21,buy_and_hold,Hold,0.0994,0.1034,0.0984,0.1034,0.1008,0.0969,0.0914,0.1022,0.106,0.0981
2025-05-22,buy_and_hold,Hold,0.0983,0.103,0.0974,0.1045,0.101,0.0968,0.0914,0.1036,0.1063,0.0978
2025-05-23,buy_and_hold,Hold,0.0987,0.1013,0.0979,0.1039,0.1022,0.0975,0.0909,0.1027,0.1058,0.0991
2025-05-27,buy_and_hold,Hold,0.0981,0.1014,0.097,0.1046,0.1031,0.0974,0.0926,0.1035,0.1052,0.0971
2025-05-28,buy_and_hold,Hold,0.098,0.1022,0.0963,0.1046,0.1029,0.0971,0.0922,0.1039,0.1053,0.0975
2025-05-29,buy_and_hold,Hold,0.098,0.1021,0.0964,0.1044,0.1032,0.0969,0.0937,0.1029,0.1053,0.0969
2025-05-30,buy_and_hold,Hold,0.0986,0.1018,0.0971,0.1041,0.1013,0.099,0.0923,0.1028,0.1044,0.0987
2025-06-02,buy_and_hold,Rebalance,0.1,0.1,0.1,0.1,0.1,0.1,0.1,0.1,0.1,0.1
2025-06-03,buy_and_hold,Hold,0.0995,0.0989,0.0996,0.0989,0.1047,0.101,0.1003,0.0977,0.1005,0.0989
2025-06-04,buy_and_hold,Hold,0.0993,0.1004,0.0988,0.1,0.1032,0.1003,0.1012,0.0992,0.1,0.0976
2025-06-05,buy_and_hold,Hold,0.1004,0.1004,0.0986,0.1007,0.1031,0.0992,0.1,0.0996,0.1,0.098
2025-06-06,buy_and_hold,Hold,0.0988,0.0998,0.0986,0.1021,0.1054,0.0991,0.1001,0.1015,0.0982,0.0965
2025-06-09,buy_and_hold,Hold,0.0983,0.0991,0.0972,0.1034,0.1059,0.0989,0.1015,0.1027,0.097,0.0959
2025-06-10,buy_and_hold,Hold,0.0979,0.0995,0.0961,0.1027,0.1085,0.0986,0.1027,0.1032,0.0966,0.0942
2025-06-11,buy_and_hold,Hold,0.0986,0.0988,0.095,0.1004,0.1101,0.0985,0.1023,0.1022,0.0978,0.0962
2025-06-12,buy_and_hold,Hold,0.0993,0.0983,0.0961,0.1003,0.1119,0.0988,0.102,0.1011,0.0961,0.0961
2025-06-13,buy_and_hold,Hold,0.0989,0.0966,0.0959,0.1,0.1181,0.098,0.1009,0.1008,0.0947,0.0961
2025-06-16,buy_and_hold,Hold,0.0974,0.0971,0.0961,0.1016,0.1149,0.0977,0.1014,0.1017,0.0962,0.0958
2025-06-17,buy_and_hold,Hold,0.0969,0.097,0.0962,0.1017,0.1173,0.0972,0.1001,0.1019,0.095,0.0968
2025-06-18,buy_and_hold,Hold,0.0976,0.0959,0.0973,0.1012,0.1154,0.0973,0.1002,0.1011,0.0958,0.0983
2025-06-20,buy_and_hold,Hold,0.0992,0.0904,0.0992,0.1011,0.1148,0.0967,0.1022,0.0984,0.098,0.0999
2025-06-23,buy_and_hold,Hold,0.0993,0.0934,0.1005,0.1004,0.1056,0.0976,0.1043,0.0974,0.1004,0.101
2025-06-24,buy_and_hold,Hold,0.1015,0.0939,0.0986,0.1011,0.103,0.099,0.1064,0.097,0.1006,0.0987
2025-06-25,buy_and_hold,Hold,0.102,0.0929,0.0979,0.1017,0.1018,0.1003,0.105,0.1002,0.1001,0.0981
2025-06-26,buy_and_hold,Hold,0.0983,0.0924,0.0983,0.1032,0.1045,0.0997,0.1047,0.1009,0.1011,0.0969
2025-06-27,buy_and_hold,Hold,0.0981,0.0916,0.0987,0.1053,0.1044,0.0988,0.1028,0.1031,0.1012,0.0961
2025-06-30,buy_and_hold,Hold,0.0994,0.0928,0.0992,0.1036,0.103,0.0988,0.1037,0.1019,0.1015,0.096
2025-07-01,buy_and_hold,Rebalance,0.1,0.1,0.1,0.1,0.1,0.1,0.1,0.1,0.1,0.1
2025-07-02,buy_and_hold,Hold,0.0978,0.0993,0.0972,0.0991,0.1023,0.101,0.1017,0.1009,0.0995,0.1011
2025-07-03,buy_and_hold,Hold,0.0975,0.0995,0.0977,0.1001,0.1019,0.101,0.102,0.1009,0.0982,0.1013
2025-07-07,buy_and_hold,Hold,0.0978,0.099,0.0969,0.101,0.1021,0.1009,0.1004,0.1002,0.0984,0.1033
2025-07-08,buy_and_hold,Hold,0.0968,0.0992,0.0966,0.0984,0.1071,0.1013,0.1023,0.0981,0.0989,0.1013
2025-07-09,buy_and_hold,Hold,0.0969,0.0974,0.0955,0.1,0.107,0.1022,0.1025,0.0995,0.1005,0.0984
2025-07-10,buy_and_hold,Hold,0.0968,0.0946,0.0955,0.0996,0.1064,0.1018,0.1051,0.0998,0.101,0.0995
2025-07-11,buy_and_hold,Hold,0.0962,0.0927,0.0954,0.1014,0.1055,0.1016,0.1061,0.1018,0.1006,0.0987
2025-07-14,buy_and_hold,Hold,0.0964,0.0925,0.0965,0.1018,0.1022,0.1013,0.105,0.1027,0.1021,0.0994
2025-07-15,buy_and_hold,Hold,0.0974,0.0921,0.0956,0.1032,0.099,0.1009,0.1043,0.104,0.1023,0.1011
2025-07-16,buy_and_hold,Hold,0.0974,0.0932,0.0962,0.1016,0.0961,0.1016,0.1053,0.1044,0.1028,0.1016
2025-07-17,buy_and_hold,Hold,0.0892,0.0943,0.0963,0.102,0.0999,0.1033,0.1063,0.1048,0.1038,0.1001
2025-07-18,buy_and_hold,Hold,0.0915,0.0942,0.0966,0.103,0.0997,0.1038,0.1053,0.1056,0.1,0.1002
2025-07-21,buy_and_hold,Hold,0.0917,0.0938,0.0956,0.104,0.0982,0.1029,0.1051,0.1081,0.0993,0.1013
2025-07-22,buy_and_hold,Hold,0.0917,0.0943,0.0961,0.1021,0.0992,0.1033,0.1072,0.1077,0.0973,0.1012
2025-07-23,buy_and_hold,Hold,0.0913,0.0935,0.0957,0.1019,0.1011,0.1027,0.1096,0.1065,0.0965,0.1012
2025-07-24,buy_and_hold,Hold,0.0913,0.0922,0.0954,0.1038,0.1018,0.1026,0.1085,0.1077,0.0957,0.101
2025-07-25,buy_and_hold,Hold,0.0916,0.0923,0.0959,0.1031,0.1004,0.1029,0.1083,0.1079,0.0966,0.1011
2025-07-28,buy_and_hold,Hold,0.0922,0.0911,0.0944,0.1046,0.1037,0.1025,0.1052,0.1084,0.0979,0.1
2025-07-29,buy_and_hold,Hold,0.093,0.0913,0.0939,0.1033,0.1038,0.1019,0.1052,0.1097,0.0973,0.1006
2025-07-30,buy_and_hold,Hold,0.0941,0.0904,0.0926,0.1037,0.1035,0.1009,0.104,0.111,0.0947,0.1051
2025-07-31,buy_and_hold,Hold,0.0929,0.0886,0.0938,0.1061,0.1031,0.1007,0.1025,0.109,0.0969,0.1064
2025-08-01,buy_and_hold,Rebalance,0.1,0.1,0.1,0.1,0.1,0.1,0.1,0.1,0.1,0.1
2025-08-04,buy_and_hold,Hold,0.101,0.1003,0.0994,0.0975,0.0979,0.101,0.1004,0.102,0.1013,0.0992
2025-08-05,buy_and_hold,Hold,0.1011,0.0953,0.0993,0.098,0.0992,0.1023,0.1013,0.1014,0.1024,0.0997
2025-08-06,buy_and_hold,Hold,0.1013,0.0955,0.1027,0.1019,0.0963,0.101,0.0957,0.1021,0.1028,0.1007
2025-08-07,buy_and_hold,Hold,0.1013,0.0924,0.1018,0.1014,0.1029,0.1,0.0958,0.1014,0.1026,0.1004
2025-08-08,buy_and_hold,Hold,0.1021,0.0906,0.1021,0.1003,0.1049,0.0992,0.0945,0.1031,0.1027,0.1005
2025-08-11,buy_and_hold,Hold,0.1003,0.0908,0.1032,0.1001,0.1048,0.0979,0.0919,0.1033,0.1045,0.1033
2025-08-12,buy_and_hold,Hold,0.0991,0.0897,0.1016,0.0993,0.1066,0.0988,0.0933,0.1035,0.1052,0.1029
2025-08-13,buy_and_hold,Hold,0.097,0.0918,0.1028,0.0997,0.1062,0.0996,0.0941,0.1019,0.1058,0.1011
2025-08-14,buy_and_hold,Hold,0.097,0.092,0.1025,0.1027,0.106,0.099,0.0936,0.1024,0.1036,0.1013
2025-08-15,buy_and_hold,Hold,0.0986,0.0922,0.1024,0.1025,0.1057,0.0983,0.0954,0.1027,0.1006,0.1015
2025-08-18,buy_and_hold,Hold,0.0975,0.0929,0.1027,0.1026,0.1053,0.0974,0.0967,0.1025,0.1008,0.1017
2025-08-19,buy_and_hold,Hold,0.0977,0.095,0.1033,0.1006,0.1039,0.0976,0.0976,0.101,0.1013,0.1021
2025-08-20,buy_and_hold,Hold,0.0985,0.0945,0.1047,0.0986,0.1043,0.0982,0.0965,0.0997,0.1014,0.1035
2025-08-21,buy_and_hold,Hold,0.0981,0.0941,0.1049,0.0978,0.1057,0.0985,0.0963,0.0999,0.1011,0.1036
2025-08-22,buy_and_hold,Hold,0.0963,0.0938,0.1028,0.0985,0.1084,0.0982,0.0984,0.1007,0.1016,0.1013
2025-08-25,buy_and_hold,Hold,0.096,0.093,0.102,0.0984,0.1123,0.0968,0.0981,0.1022,0.1005,0.1006
2025-08-26,buy_and_hold,Hold,0.096,0.0928,0.1029,0.0989,0.1112,0.0969,0.0987,0.1017,0.1011,0.0998
2025-08-27,buy_and_hold,Hold,0.0955,0.0931,0.1018,0.0987,0.1132,0.0967,0.0994,0.1015,0.1007,0.0994
2025-08-28,buy_and_hold,Hold,0.095,0.0924,0.1001,0.0993,0.1146,0.0964,0.0991,0.103,0.1009,0.099
2025-08-29,buy_and_hold,Hold,0.0956,0.0934,0.1005,0.0978,0.1154,0.0957,0.0995,0.1032,0.0992,0.0998
2025-09-02,buy_and_hold,Rebalance,0.1,0.1,0.1,0.1,0.1,0.1,0.1,0.1,0.1,0.1
2025-09-03,buy_and_hold,Hold,0.1002,0.0989,0.1007,0.0999,0.0948,0.0993,0.1004,0.1087,0.0982,0.0989
2025-09-04,buy_and_hold,Hold,0.0993,0.0971,0.1011,0.1028,0.0967,0.0976,0.1007,0.1081,0.0991,0.0975
2025-09-05,buy_and_hold,Hold,0.0996,0.098,0.0997,0.1015,0.094,0.0977,0.1031,0.1095,0.0992,0.0976
2025-09-08,buy_and_hold,Hold,0.0993,0.0986,0.0995,0.1034,0.0922,0.0977,0.1045,0.1095,0.0986,0.0968
2025-09-09,buy_and_hold,Hold,0.0995,0.0975,0.0997,0.1048,0.09,0.0974,0.1025,0.1125,0.0983,0.0977
2025-09-10,buy_and_hold,Hold,0.0976,0.0941,0.1007,0.1014,0.0969,0.0976,0.103,0.1123,0.0987,0.0978
2025-09-11,buy_and_hold,Hold,0.099,0.0935,0.101,0.1001,0.0946,0.0989,0.1028,0.1117,0.1014,0.097
2025-09-12,buy_and_hold,Hold,0.1001,0.0916,0.1017,0.0996,0.0943,0.0986,0.1033,0.1122,0.1007,0.0977
2025-09-15,buy_and_hold,Hold,0.0981,0.0912,0.1008,0.1009,0.0944,0.0973,0.1039,0.1171,0.0998,0.0965
2025-09-16,buy_and_hold,Hold,0.0986,0.0903,0.0995,0.1014,0.1004,0.0952,0.1035,0.1162,0.0991,0.0958
2025-09-17,buy_and_hold,Hold,0.0994,0.0918,0.1008,0.1001,0.0987,0.0969,0.1025,0.1151,0.098,0.0966
2025-09-18,buy_and_hold,Hold,0.0998,0.0911,0.0997,0.1,0.0977,0.0975,0.1053,0.1163,0.0982,0.0943
2025-09-19,buy_and_hold,Hold,0.1008,0.0911,0.0996,0.1,0.0959,0.0967,0.1038,0.1175,0.0989,0.0957
2025-09-22,buy_and_hold,Hold,0.1019,0.0919,0.0997,0.0991,0.0971,0.0965,0.1041,0.1173,0.0978,0.0947
2025-09-23,buy_and_hold,Hold,0.1016,0.0904,0.1007,0.0963,0.0989,0.0931,0.1057,0.1172,0.0996,0.0965
2025-09-24,buy_and_hold,Hold,0.1004,0.092,0.1021,0.0964,0.101,0.0919,0.1047,0.1154,0.0988,0.0972
2025-09-25,buy_and_hold,Hold,0.101,0.0904,0.1032,0.0964,0.1017,0.0906,0.1036,0.1159,0.0988,0.0983
2025-09-26,buy_and_hold,Hold,0.1004,0.0922,0.1042,0.0964,0.1024,0.0903,0.1024,0.1154,0.0979,0.0983
2025-09-29,buy_and_hold,Hold,0.0997,0.0949,0.1038,0.0971,0.1005,0.0912,0.1027,0.1138,0.0983,0.0979
2025-09-30,buy_and_hold,Hold,0.1002,0.0947,0.104,0.0958,0.1002,0.0918,0.1029,0.1132,0.0989,0.0983
2025-10-01,buy_and_hold,Rebalance,0.1,0.1,0.1,0.1,0.1,0.1,0.1,0.1,0.1,0.1
2025-10-02,buy_and_hold,Hold,0.0998,0.1004,0.1,0.101,0.0955,0.1009,0.1005,0.1005,0.102,0.0994
2025-10-03,buy_and_hold,Hold,0.1006,0.1004,0.1011,0.0992,0.0976,0.1007,0.1001,0.0999,0.1014,0.0989
2025-10-06,buy_and_hold,Hold,0.1,0.1016,0.1019,0.0999,0.1,0.1006,0.0957,0.1021,0.0998,0.0984
2025-10-07,buy_and_hold,Hold,0.0996,0.1031,0.102,0.1005,0.1001,0.1008,0.0936,0.1003,0.0996,0.1005
2025-10-08,buy_and_hold,Hold,0.1012,0.1044,0.1016,0.1027,0.0987,0.1005,0.0906,0.1005,0.1006,0.0992
2025-10-09,buy_and_hold,Hold,0.1015,0.1051,0.102,0.1049,0.0959,0.0994,0.0906,0.1002,0.0996,0.1007
2025-10-10,buy_and_hold,Hold,0.1034,0.1029,0.1043,0.1021,0.0911,0.0996,0.0922,0.1006,0.0993,0.1045
2025-10-13,buy_and_hold,Hold,0.1016,0.1032,0.1028,0.103,0.094,0.1002,0.0914,0.1029,0.1,0.1011
2025-10-14,buy_and_hold,Hold,0.1025,0.1028,0.1033,0.1007,0.0938,0.1001,0.0923,0.1029,0.1003,0.1013
2025-10-15,buy_and_hold,Hold,0.1003,0.1013,0.1021,0.1006,0.0955,0.0986,0.094,0.1055,0.1013,0.1008
2025-10-16,buy_and_hold,Hold,0.1002,0.1002,0.1005,0.1014,0.0958,0.0983,0.094,0.1071,0.1013,0.1011
2025-10-17,buy_and_hold,Hold,0.1006,0.1017,0.1011,0.1004,0.0934,0.098,0.0934,0.1075,0.1017,0.102
2025-10-20,buy_and_hold,Hold,0.1004,0.1024,0.1012,0.1011,0.0925,0.0975,0.0947,0.1079,0.1022,0.1001
2025-10-21,buy_and_hold,Hold,0.098,0.105,0.0997,0.1028,0.092,0.0968,0.094,0.1044,0.1091,0.0982
2025-10-22,buy_and_hold,Hold,0.0981,0.1041,0.0992,0.1006,0.0941,0.096,0.0949,0.1047,0.1092,0.099
2025-10-23,buy_and_hold,Hold,0.0958,0.1033,0.0979,0.101,0.1001,0.0956,0.0929,0.1042,0.1109,0.0982
2025-10-24,buy_and_hold,Hold,0.0963,0.1025,0.0977,0.1026,0.097,0.0957,0.0936,0.1071,0.109,0.0984
2025-10-27,buy_and_hold,Hold,0.0962,0.1034,0.0976,0.1034,0.0946,0.0956,0.0937,0.1105,0.1085,0.0966
2025-10-28,buy_and_hold,Hold,0.0979,0.1069,0.099,0.1068,0.0943,0.0973,0.0775,0.1123,0.1099,0.0981
2025-10-29,buy_and_hold,Hold,0.0975,0.1059,0.0994,0.1087,0.0947,0.0963,0.0733,0.1168,0.1099,0.0974
2025-10-30,buy_and_hold,Hold,0.0987,0.1076,0.1015,0.1063,0.0951,0.0958,0.0711,0.1209,0.1123,0.0907
2025-10-31,buy_and_hold,Hold,0.0968,0.1068,0.1007,0.1152,0.0951,0.0939,0.0726,0.1195,0.111,0.0885
2025-11-03,buy_and_hold,Rebalance,0.1,0.1,0.1,0.1,0.1,0.1,0.1,0.1,0.1,0.1
2025-11-04,buy_and_hold,Hold,0.1023,0.0985,0.1024,0.0989,0.0989,0.1013,0.0976,0.0985,0.0997,0.1018
2025-11-05,buy_and_hold,Hold,0.1007,0.0999,0.1041,0.0986,0.0964,0.0994,0.0979,0.1004,0.1015,0.101
2025-11-06,buy_and_hold,Hold,0.0998,0.0961,0.1051,0.0946,0.104,0.1069,0.0944,0.0993,0.0999,0.0999
2025-11-07,buy_and_hold,Hold,0.1,0.0969,0.1045,0.0943,0.1038,0.1063,0.0979,0.0963,0.0996,0.1003
2025-11-10,buy_and_hold,Hold,0.0992,0.096,0.1036,0.0954,0.1056,0.1053,0.0951,0.0998,0.1009,0.0991
2025-11-11,buy_and_hold,Hold,0.0994,0.0946,0.1031,0.0951,0.106,0.1062,0.0955,0.0995,0.1008,0.0999
2025-11-12,buy_and_hold,Hold,0.1012,0.0966,0.1043,0.0936,0.1034,0.1063,0.094,0.0983,0.1027,0.0997
2025-11-13,buy_and_hold,Hold,0.1019,0.0973,0.105,0.0913,0.1072,0.1073,0.0916,0.0959,0.1027,0.0996
2025-11-14,buy_and_hold,Hold,0.1034,0.0968,0.1048,0.0906,0.1081,0.1062,0.0921,0.0955,0.1018,0.1007
2025-11-17,buy_and_hold,Hold,0.104,0.0962,0.104,0.0908,0.1074,0.1047,0.0904,0.0995,0.1014,0.1016
2025-11-18,buy_and_hold,Hold,0.1042,0.0958,0.1037,0.0869,0.1099,0.1045,0.0905,0.0994,0.1019,0.1032
2025-11-19,buy_and_hold,Hold,0.1018,0.097,0.1027,0.0876,0.1069,0.1057,0.0888,0.1031,0.1031,0.1033
2025-11-20,buy_and_hold,Hold,0.1012,0.0979,0.105,0.0864,0.105,0.106,0.0887,0.1031,0.103,0.1037
2025-11-21,buy_and_hold,Hold,0.102,0.1,0.1029,0.0857,0.105,0.1061,0.0901,0.1042,0.1027,0.1013
2025-11-24,buy_and_hold,Hold,0.1007,0.0962,0.1017,0.0874,0.1064,0.1051,0.0902,0.1101,0.103,0.0992
2025-11-25,buy_and_hold,Hold,0.1002,0.0972,0.1016,0.0876,0.1038,0.1048,0.0916,0.1105,0.1029,0.0998
2025-11-26,buy_and_hold,Hold,0.1004,0.0965,0.1005,0.0873,0.1061,0.1046,0.093,0.1091,0.1023,0.1002
2025-11-28,buy_and_hold,Hold,0.1001,0.0967,0.0997,0.0883,0.1067,0.1048,0.0927,0.1085,0.1024,0.1001
2025-12-01,buy_and_hold,Rebalance,0.1,0.1,0.1,0.1,0.1,0.1,0.1,0.1,0.1,0.1
2025-12-02,buy_and_hold,Hold,0.0986,0.1013,0.0993,0.1002,0.1006,0.0984,0.1013,0.1002,0.1006,0.0994
2025-12-03,buy_and_hold,Hold,0.0977,0.1058,0.0993,0.0991,0.1064,0.0996,0.091,0.1013,0.1013,0.0986
2025-12-04,buy_and_hold,Hold,0.0987,0.1054,0.1004,0.0987,0.1064,0.101,0.0884,0.1016,0.1,0.0994
2025-12-05,buy_and_hold,Hold,0.0987,0.1046,0.1007,0.0991,0.1083,0.1009,0.0865,0.103,0.0992,0.099
2025-12-08,buy_and_hold,Hold,0.0986,0.107,0.102,0.1003,0.1069,0.0936,0.0876,0.1031,0.0994,0.1016
2025-12-09,buy_and_hold,Hold,0.0977,0.108,0.1017,0.1005,0.1077,0.0912,0.088,0.1039,0.0999,0.1015
2025-12-10,buy_and_hold,Hold,0.0978,0.108,0.0999,0.1012,0.1064,0.0927,0.0894,0.1039,0.0993,0.1014
2025-12-11,buy_and_hold,Hold,0.0984,0.1073,0.1015,0.1006,0.1049,0.0955,0.0877,0.1015,0.1011,0.1015
2025-12-12,buy_and_hold,Hold,0.0999,0.1075,0.1024,0.0986,0.1046,0.095,0.0895,0.1002,0.101,0.1013
2025-12-15,buy_and_hold,Hold,0.1022,0.1086,0.1036,0.0969,0.1018,0.0956,0.0909,0.0997,0.099,0.1017
2025-12-16,buy_and_hold,Hold,0.1022,0.109,0.1031,0.0982,0.0978,0.0958,0.0912,0.1005,0.0987,0.1035
2025-12-17,buy_and_hold,Hold,0.1019,0.1094,0.1038,0.0974,0.1003,0.0972,0.0922,0.097,0.0979,0.103
2025-12-18,buy_and_hold,Hold,0.1008,0.1081,0.104,0.1,0.0971,0.0963,0.095,0.0991,0.0978,0.1018
2025-12-19,buy_and_hold,Hold,0.101,0.109,0.1038,0.1002,0.0983,0.0948,0.0931,0.1006,0.0979,0.1012
2025-12-22,buy_and_hold,Hold,0.1004,0.1079,0.1031,0.1002,0.0991,0.0963,0.094,0.101,0.0963,0.1017
2025-12-23,buy_and_hold,Hold,0.0996,0.1077,0.1035,0.1016,0.0987,0.0961,0.0927,0.1023,0.0962,0.1017
2025-12-24,buy_and_hold,Hold,0.0996,0.1072,0.1032,0.1015,0.0985,0.0963,0.0938,0.102,0.0961,0.1019
2025-12-26,buy_and_hold,Hold,0.0997,0.1076,0.1025,0.1016,0.0978,0.0969,0.0935,0.1018,0.0972,0.1014
2025-12-29,buy_and_hold,Hold,0.0993,0.1075,0.1024,0.1012,0.0984,0.0969,0.0945,0.1017,0.0968,0.1012
2025-12-30,buy_and_hold,Hold,0.0999,0.1066,0.1028,0.1011,0.0993,0.097,0.0947,0.1014,0.0961,0.1011
2022-01-20,model_Portfolio,Rebalance,0.0,0.0,0.0,0.0,0.0,0.0,0.0,0.0,1.0,0.0
2022-01-21,model_Portfolio,Hold,0.0,0.0,0.0,0.0,0.0,0.0,0.0,0.0,1.0,0.0
2022-01-24,model_Portfolio,Hold,0.0,0.0,0.0,0.0,0.0,0.0,0.0,0.0,1.0,0.0
2022-01-25,model_Portfolio,Hold,0.0,0.0,0.0,0.0,0.0,0.0,0.0,0.0,1.0,0.0
2022-01-26,model_Portfolio,Hold,0.0,0.0,0.0,0.0,0.0,0.0,0.0,0.0,1.0,0.0
2022-01-27,model_Portfolio,Hold,0.0,0.0,0.0,0.0,0.0,0.0,0.0,0.0,1.0,0.0
2022-01-28,model_Portfolio,Hold,0.0,0.0,0.0,0.0,0.0,0.0,0.0,0.0,1.0,0.0
2022-01-31,model_Portfolio,Hold,0.0,0.0,0.0,0.0,0.0,0.0,0.0,0.0,1.0,0.0
2022-02-01,model_Portfolio,Rebalance,0.0283,0.3019,0.1642,0.0057,0.2578,0.0596,0.0069,0.0125,0.0069,0.1563
2022-02-02,model_Portfolio,Hold,0.0286,0.3044,0.1648,0.0056,0.256,0.059,0.0069,0.0133,0.0068,0.1545
2022-02-03,model_Portfolio,Hold,0.0291,0.2972,0.1676,0.0053,0.2583,0.0592,0.0068,0.013,0.0068,0.1567
2022-02-04,model_Portfolio,Hold,0.029,0.2989,0.1701,0.006,0.2579,0.0555,0.0068,0.0131,0.0067,0.156
2022-02-07,model_Portfolio,Hold,0.0288,0.2978,0.1728,0.0061,0.2566,0.054,0.0067,0.0128,0.0068,0.1577
2022-02-08,model_Portfolio,Hold,0.0292,0.3006,0.1759,0.0062,0.249,0.054,0.0067,0.0129,0.0069,0.1588
2022-02-09,model_Portfolio,Hold,0.0291,0.3048,0.1731,0.0061,0.2492,0.0545,0.0068,0.0129,0.0068,0.1568
2022-02-10,model_Portfolio,Hold,0.029,0.2984,0.1747,0.0061,0.2536,0.0539,0.0067,0.0128,0.0067,0.1581
2022-02-11,model_Portfolio,Hold,0.0287,0.2896,0.1756,0.006,0.2611,0.0527,0.0067,0.0125,0.0068,0.1602
2022-02-14,model_Portfolio,Hold,0.0287,0.2936,0.1767,0.0062,0.2515,0.0537,0.0068,0.0129,0.0069,0.163
2022-02-15,model_Portfolio,Hold,0.0288,0.2942,0.1774,0.0062,0.2503,0.0542,0.0068,0.0129,0.0068,0.1624
2022-02-16,model_Portfolio,Hold,0.0286,0.2964,0.1763,0.0062,0.2502,0.0534,0.0069,0.013,0.0067,0.1625
2022-02-17,model_Portfolio,Hold,0.0282,0.2907,0.175,0.0062,0.2535,0.0531,0.0069,0.0126,0.0065,0.1672
2022-02-18,model_Portfolio,Hold,0.0274,0.2901,0.1755,0.0061,0.2525,0.0536,0.0069,0.0125,0.0065,0.1689
2022-02-22,model_Portfolio,Hold,0.0279,0.2936,0.1765,0.0061,0.2468,0.0534,0.0071,0.0126,0.0066,0.1695
2022-02-23,model_Portfolio,Hold,0.0282,0.2897,0.1752,0.0059,0.2479,0.0532,0.0071,0.0125,0.0065,0.1737
2022-02-24,model_Portfolio,Hold,0.0285,0.2917,0.1692,0.0062,0.2592,0.0532,0.0072,0.013,0.0065,0.1653
2022-02-25,model_Portfolio,Hold,0.0285,0.2882,0.1703,0.0061,0.2616,0.0526,0.0071,0.0127,0.0066,0.1663
2022-02-28,model_Portfolio,Hold,0.0279,0.281,0.1671,0.006,0.2755,0.0515,0.0069,0.0127,0.0065,0.1648
2022-03-01,model_Portfolio,Rebalance,0.0001,0.0003,0.0002,0.0,0.0008,0.0001,0.9981,0.0,0.0,0.0004
2022-03-02,model_Portfolio,Hold,0.0001,0.0003,0.0002,0.0,0.0008,0.0001,0.9981,0.0,0.0,0.0004
2022-03-03,model_Portfolio,Hold,0.0001,0.0003,0.0002,0.0,0.0008,0.0001,0.9981,0.0,0.0,0.0004
2022-03-04,model_Portfolio,Hold,0.0001,0.0003,0.0002,0.0,0.0008,0.0001,0.9981,0.0,0.0,0.0004
2022-03-07,model_Portfolio,Hold,0.0001,0.0003,0.0002,0.0,0.0008,0.0001,0.9981,0.0,0.0,0.0004
2022-03-08,model_Portfolio,Hold,0.0001,0.0003,0.0002,0.0,0.0008,0.0001,0.9981,0.0,0.0,0.0004
2022-03-09,model_Portfolio,Hold,0.0001,0.0003,0.0002,0.0,0.0008,0.0001,0.9981,0.0,0.0,0.0004
2022-03-10,model_Portfolio,Hold,0.0001,0.0003,0.0002,0.0,0.0008,0.0001,0.9981,0.0,0.0,0.0004
2022-03-11,model_Portfolio,Hold,0.0001,0.0003,0.0002,0.0,0.0008,0.0001,0.9981,0.0,0.0,0.0004
2022-03-14,model_Portfolio,Hold,0.0001,0.0003,0.0002,0.0,0.0008,0.0001,0.9981,0.0,0.0,0.0004
2022-03-15,model_Portfolio,Hold,0.0001,0.0003,0.0002,0.0,0.0008,0.0001,0.9982,0.0,0.0,0.0004
2022-03-16,model_Portfolio,Hold,0.0001,0.0003,0.0002,0.0,0.0008,0.0001,0.9982,0.0,0.0,0.0004
2022-03-17,model_Portfolio,Hold,0.0001,0.0003,0.0002,0.0,0.0008,0.0001,0.9981,0.0,0.0,0.0004
2022-03-18,model_Portfolio,Hold,0.0001,0.0003,0.0002,0.0,0.0008,0.0001,0.9981,0.0,0.0,0.0004
2022-03-21,model_Portfolio,Hold,0.0001,0.0003,0.0002,0.0,0.0008,0.0001,0.9981,0.0,0.0,0.0004
2022-03-22,model_Portfolio,Hold,0.0001,0.0003,0.0002,0.0,0.0008,0.0001,0.9981,0.0,0.0,0.0004
2022-03-23,model_Portfolio,Hold,0.0001,0.0003,0.0002,0.0,0.0008,0.0001,0.998,0.0,0.0,0.0004
2022-03-24,model_Portfolio,Hold,0.0001,0.0003,0.0002,0.0,0.0008,0.0001,0.998,0.0,0.0,0.0004
2022-03-25,model_Portfolio,Hold,0.0001,0.0003,0.0002,0.0,0.0008,0.0001,0.998,0.0,0.0,0.0004
2022-03-28,model_Portfolio,Hold,0.0001,0.0003,0.0002,0.0,0.0008,0.0001,0.9981,0.0,0.0,0.0004
2022-03-29,model_Portfolio,Hold,0.0001,0.0003,0.0002,0.0,0.0008,0.0001,0.9981,0.0,0.0,0.0004
2022-03-30,model_Portfolio,Hold,0.0001,0.0003,0.0002,0.0,0.0008,0.0001,0.9981,0.0,0.0,0.0004
2022-03-31,model_Portfolio,Hold,0.0001,0.0003,0.0002,0.0,0.0008,0.0001,0.9981,0.0,0.0,0.0004
2022-04-01,model_Portfolio,Rebalance,0.0,0.0,0.0,0.0,0.0,1.0,0.0,0.0,0.0,0.0
2022-04-04,model_Portfolio,Hold,0.0,0.0,0.0,0.0,0.0,1.0,0.0,0.0,0.0,0.0
2022-04-05,model_Portfolio,Hold,0.0,0.0,0.0,0.0,0.0,1.0,0.0,0.0,0.0,0.0
2022-04-06,model_Portfolio,Hold,0.0,0.0,0.0,0.0,0.0,1.0,0.0,0.0,0.0,0.0
2022-04-07,model_Portfolio,Hold,0.0,0.0,0.0,0.0,0.0,1.0,0.0,0.0,0.0,0.0
2022-04-08,model_Portfolio,Hold,0.0,0.0,0.0,0.0,0.0,1.0,0.0,0.0,0.0,0.0
2022-04-11,model_Portfolio,Hold,0.0,0.0,0.0,0.0,0.0,1.0,0.0,0.0,0.0,0.0
2022-04-12,model_Portfolio,Hold,0.0,0.0,0.0,0.0,0.0,1.0,0.0,0.0,0.0,0.0
2022-04-13,model_Portfolio,Hold,0.0,0.0,0.0,0.0,0.0,1.0,0.0,0.0,0.0,0.0
2022-04-14,model_Portfolio,Hold,0.0,0.0,0.0,0.0,0.0,1.0,0.0,0.0,0.0,0.0
2022-04-18,model_Portfolio,Hold,0.0,0.0,0.0,0.0,0.0,1.0,0.0,0.0,0.0,0.0
2022-04-19,model_Portfolio,Hold,0.0,0.0,0.0,0.0,0.0,1.0,0.0,0.0,0.0,0.0
2022-04-20,model_Portfolio,Hold,0.0,0.0,0.0,0.0,0.0,1.0,0.0,0.0,0.0,0.0
2022-04-21,model_Portfolio,Hold,0.0,0.0,0.0,0.0,0.0,1.0,0.0,0.0,0.0,0.0
2022-04-22,model_Portfolio,Hold,0.0,0.0,0.0,0.0,0.0,1.0,0.0,0.0,0.0,0.0
2022-04-25,model_Portfolio,Hold,0.0,0.0,0.0,0.0,0.0,1.0,0.0,0.0,0.0,0.0
2022-04-26,model_Portfolio,Hold,0.0,0.0,0.0,0.0,0.0,1.0,0.0,0.0,0.0,0.0
2022-04-27,model_Portfolio,Hold,0.0,0.0,0.0,0.0,0.0,1.0,0.0,0.0,0.0,0.0
2022-04-28,model_Portfolio,Hold,0.0,0.0,0.0,0.0,0.0,1.0,0.0,0.0,0.0,0.0
2022-04-29,model_Portfolio,Hold,0.0,0.0,0.0,0.0,0.0,1.0,0.0,0.0,0.0,0.0
2022-05-02,model_Portfolio,Rebalance,0.021,0.1872,0.0688,0.0365,0.2071,0.0862,0.0165,0.0199,0.0218,0.335
2022-05-03,model_Portfolio,Hold,0.0207,0.1849,0.0686,0.036,0.2141,0.0864,0.0165,0.0198,0.0219,0.3311
2022-05-04,model_Portfolio,Hold,0.0206,0.1848,0.0684,0.0353,0.2202,0.0866,0.0163,0.0199,0.022,0.3259
2022-05-05,model_Portfolio,Hold,0.021,0.1831,0.0695,0.034,0.2101,0.0862,0.0166,0.0198,0.0223,0.3375
2022-05-06,model_Portfolio,Hold,0.0205,0.1785,0.0686,0.0331,0.2209,0.0848,0.0161,0.0194,0.022,0.3361
2022-05-09,model_Portfolio,Hold,0.0207,0.1828,0.0715,0.033,0.1981,0.0884,0.0161,0.0199,0.0236,0.3459
2022-05-10,model_Portfolio,Hold,0.0211,0.1877,0.0731,0.0339,0.2025,0.0897,0.0161,0.0207,0.0237,0.3314
2022-05-11,model_Portfolio,Hold,0.021,0.1835,0.0725,0.0328,0.2076,0.0906,0.016,0.0206,0.0233,0.3322
2022-05-12,model_Portfolio,Hold,0.0213,0.1834,0.0714,0.0333,0.2058,0.0899,0.016,0.0204,0.0237,0.3348
2022-05-13,model_Portfolio,Hold,0.0211,0.1814,0.0695,0.0341,0.2161,0.0881,0.0159,0.0204,0.023,0.3303
2022-05-16,model_Portfolio,Hold,0.0209,0.1794,0.0688,0.0331,0.2207,0.087,0.0156,0.0199,0.023,0.3316
2022-05-17,model_Portfolio,Hold,0.0214,0.1794,0.0694,0.0339,0.2207,0.088,0.0154,0.0199,0.0228,0.329
2022-05-18,model_Portfolio,Hold,0.0219,0.1757,0.071,0.0328,0.2151,0.0895,0.0153,0.0199,0.0232,0.3356
2022-05-19,model_Portfolio,Hold,0.0221,0.1777,0.071,0.0333,0.22,0.0906,0.0155,0.0199,0.0235,0.3265
2022-05-20,model_Portfolio,Hold,0.0221,0.1784,0.0699,0.0331,0.223,0.0913,0.0156,0.0195,0.0228,0.3243
2022-05-23,model_Portfolio,Hold,0.0219,0.1779,0.0698,0.0322,0.23,0.089,0.0152,0.0194,0.0223,0.3221
2022-05-24,model_Portfolio,Hold,0.0217,0.1757,0.0706,0.0313,0.2278,0.0888,0.0152,0.0185,0.0225,0.3278
2022-05-25,model_Portfolio,Hold,0.0212,0.1729,0.0703,0.0315,0.2337,0.0871,0.015,0.0182,0.0222,0.328
2022-05-26,model_Portfolio,Hold,0.0211,0.1769,0.0706,0.0322,0.2309,0.0877,0.015,0.0182,0.0219,0.3256
2022-05-27,model_Portfolio,Hold,0.021,0.1803,0.0704,0.0326,0.2343,0.0885,0.0151,0.0185,0.0218,0.3176
2022-05-31,model_Portfolio,Hold,0.0213,0.1784,0.0712,0.0343,0.2332,0.0877,0.015,0.0189,0.0219,0.3182
2022-06-01,model_Portfolio,Rebalance,0.9997,0.0,0.0,0.0,0.0,0.0,0.0,0.0,0.0003,0.0
2022-06-02,model_Portfolio,Hold,0.9997,0.0,0.0,0.0,0.0,0.0,0.0,0.0,0.0003,0.0
2022-06-03,model_Portfolio,Hold,0.9997,0.0,0.0,0.0,0.0,0.0,0.0,0.0,0.0003,0.0
2022-06-06,model_Portfolio,Hold,0.9997,0.0,0.0,0.0,0.0,0.0,0.0,0.0,0.0003,0.0
2022-06-07,model_Portfolio,Hold,0.9997,0.0,0.0,0.0,0.0,0.0,0.0,0.0,0.0003,0.0
2022-06-08,model_Portfolio,Hold,0.9997,0.0,0.0,0.0,0.0,0.0,0.0,0.0,0.0003,0.0
2022-06-09,model_Portfolio,Hold,0.9997,0.0,0.0,0.0,0.0,0.0,0.0,0.0,0.0003,0.0
2022-06-10,model_Portfolio,Hold,0.9997,0.0,0.0,0.0,0.0,0.0,0.0,0.0,0.0003,0.0
2022-06-13,model_Portfolio,Hold,0.9997,0.0,0.0,0.0,0.0,0.0,0.0,0.0,0.0003,0.0
2022-06-14,model_Portfolio,Hold,0.9997,0.0,0.0,0.0,0.0,0.0,0.0,0.0,0.0003,0.0
2022-06-15,model_Portfolio,Hold,0.9997,0.0,0.0,0.0,0.0,0.0,0.0,0.0,0.0003,0.0
2022-06-16,model_Portfolio,Hold,0.9997,0.0,0.0,0.0,0.0,0.0,0.0,0.0,0.0003,0.0
2022-06-17,model_Portfolio,Hold,0.9997,0.0,0.0,0.0,0.0,0.0,0.0,0.0,0.0003,0.0
2022-06-21,model_Portfolio,Hold,0.9997,0.0,0.0,0.0,0.0,0.0,0.0,0.0,0.0003,0.0
2022-06-22,model_Portfolio,Hold,0.9997,0.0,0.0,0.0,0.0,0.0,0.0,0.0,0.0003,0.0
2022-06-23,model_Portfolio,Hold,0.9997,0.0,0.0,0.0,0.0,0.0,0.0,0.0,0.0002,0.0
2022-06-24,model_Portfolio,Hold,0.9997,0.0,0.0,0.0,0.0,0.0,0.0,0.0,0.0002,0.0
2022-06-27,model_Portfolio,Hold,0.9998,0.0,0.0,0.0,0.0,0.0,0.0,0.0,0.0002,0.0
2022-06-28,model_Portfolio,Hold,0.9998,0.0,0.0,0.0,0.0,0.0,0.0,0.0,0.0002,0.0
2022-06-29,model_Portfolio,Hold,0.9998,0.0,0.0,0.0,0.0,0.0,0.0,0.0,0.0002,0.0
2022-06-30,model_Portfolio,Hold,0.9998,0.0,0.0,0.0,0.0,0.0,0.0,0.0,0.0002,0.0
2022-07-01,model_Portfolio,Rebalance,0.0,0.0,0.0,0.0,0.0,0.0,1.0,0.0,0.0,0.0
2022-07-05,model_Portfolio,Hold,0.0,0.0,0.0,0.0,0.0,0.0,1.0,0.0,0.0,0.0
2022-07-06,model_Portfolio,Hold,0.0,0.0,0.0,0.0,0.0,0.0,1.0,0.0,0.0,0.0
2022-07-07,model_Portfolio,Hold,0.0,0.0,0.0,0.0,0.0,0.0,1.0,0.0,0.0,0.0
2022-07-08,model_Portfolio,Hold,0.0,0.0,0.0,0.0,0.0,0.0,1.0,0.0,0.0,0.0
2022-07-11,model_Portfolio,Hold,0.0,0.0,0.0,0.0,0.0,0.0,1.0,0.0,0.0,0.0
2022-07-12,model_Portfolio,Hold,0.0,0.0,0.0,0.0,0.0,0.0,1.0,0.0,0.0,0.0
2022-07-13,model_Portfolio,Hold,0.0,0.0,0.0,0.0,0.0,0.0,1.0,0.0,0.0,0.0
2022-07-14,model_Portfolio,Hold,0.0,0.0,0.0,0.0,0.0,0.0,1.0,0.0,0.0,0.0
2022-07-15,model_Portfolio,Hold,0.0,0.0,0.0,0.0,0.0,0.0,1.0,0.0,0.0,0.0
2022-07-18,model_Portfolio,Hold,0.0,0.0,0.0,0.0,0.0,0.0,1.0,0.0,0.0,0.0
2022-07-19,model_Portfolio,Hold,0.0,0.0,0.0,0.0,0.0,0.0,1.0,0.0,0.0,0.0
2022-07-20,model_Portfolio,Hold,0.0,0.0,0.0,0.0,0.0,0.0,1.0,0.0,0.0,0.0
2022-07-21,model_Portfolio,Hold,0.0,0.0,0.0,0.0,0.0,0.0,1.0,0.0,0.0,0.0
2022-07-22,model_Portfolio,Hold,0.0,0.0,0.0,0.0,0.0,0.0,1.0,0.0,0.0,0.0
2022-07-25,model_Portfolio,Hold,0.0,0.0,0.0,0.0,0.0,0.0,1.0,0.0,0.0,0.0
2022-07-26,model_Portfolio,Hold,0.0,0.0,0.0,0.0,0.0,0.0,1.0,0.0,0.0,0.0
2022-07-27,model_Portfolio,Hold,0.0,0.0,0.0,0.0,0.0,0.0,1.0,0.0,0.0,0.0
2022-07-28,model_Portfolio,Hold,0.0,0.0,0.0,0.0,0.0,0.0,1.0,0.0,0.0,0.0
2022-07-29,model_Portfolio,Hold,0.0,0.0,0.0,0.0,0.0,0.0,1.0,0.0,0.0,0.0
2022-08-01,model_Portfolio,Rebalance,0.0,0.0,0.0,0.0,0.0,0.0,0.8477,0.0,0.1523,0.0
2022-08-02,model_Portfolio,Hold,0.0,0.0,0.0,0.0,0.0,0.0,0.8454,0.0,0.1546,0.0
2022-08-03,model_Portfolio,Hold,0.0,0.0,0.0,0.0,0.0,0.0,0.8436,0.0,0.1564,0.0
2022-08-04,model_Portfolio,Hold,0.0,0.0,0.0,0.0,0.0,0.0,0.8398,0.0,0.1602,0.0
2022-08-05,model_Portfolio,Hold,0.0,0.0,0.0,0.0,0.0,0.0,0.8403,0.0,0.1597,0.0
2022-08-08,model_Portfolio,Hold,0.0,0.0,0.0,0.0,0.0,0.0,0.8417,0.0,0.1583,0.0
2022-08-09,model_Portfolio,Hold,0.0,0.0,0.0,0.0,0.0,0.0,0.8418,0.0,0.1582,0.0
2022-08-10,model_Portfolio,Hold,0.0,0.0,0.0,0.0,0.0,0.0,0.8441,0.0,0.1559,0.0
2022-08-11,model_Portfolio,Hold,0.0,0.0,0.0,0.0,0.0,0.0,0.8442,0.0,0.1558,0.0
2022-08-12,model_Portfolio,Hold,0.0,0.0,0.0,0.0,0.0,0.0,0.8444,0.0,0.1556,0.0
2022-08-15,model_Portfolio,Hold,0.0,0.0,0.0,0.0,0.0,0.0,0.845,0.0,0.155,0.0
2022-08-16,model_Portfolio,Hold,0.0,0.0,0.0,0.0,0.0,0.0,0.8472,0.0,0.1528,0.0
2022-08-17,model_Portfolio,Hold,0.0,0.0,0.0,0.0,0.0,0.0,0.849,0.0,0.151,0.0
2022-08-18,model_Portfolio,Hold,0.0,0.0,0.0,0.0,0.0,0.0,0.8459,0.0,0.1541,0.0
2022-08-19,model_Portfolio,Hold,0.0,0.0,0.0,0.0,0.0,0.0,0.8438,0.0,0.1562,0.0
2022-08-22,model_Portfolio,Hold,0.0,0.0,0.0,0.0,0.0,0.0,0.8447,0.0,0.1553,0.0
2022-08-23,model_Portfolio,Hold,0.0,0.0,0.0,0.0,0.0,0.0,0.8424,0.0,0.1576,0.0
2022-08-24,model_Portfolio,Hold,0.0,0.0,0.0,0.0,0.0,0.0,0.8445,0.0,0.1555,0.0
2022-08-25,model_Portfolio,Hold,0.0,0.0,0.0,0.0,0.0,0.0,0.845,0.0,0.155,0.0
2022-08-26,model_Portfolio,Hold,0.0,0.0,0.0,0.0,0.0,0.0,0.8547,0.0,0.1453,0.0
2022-08-29,model_Portfolio,Hold,0.0,0.0,0.0,0.0,0.0,0.0,0.8555,0.0,0.1445,0.0
2022-08-30,model_Portfolio,Hold,0.0,0.0,0.0,0.0,0.0,0.0,0.8557,0.0,0.1443,0.0
2022-08-31,model_Portfolio,Hold,0.0,0.0,0.0,0.0,0.0,0.0,0.8557,0.0,0.1443,0.0
2022-09-01,model_Portfolio,Rebalance,0.0211,0.074,0.0828,0.0089,0.5302,0.0661,0.0082,0.0156,0.0099,0.1831
2022-09-02,model_Portfolio,Hold,0.0205,0.0723,0.0821,0.0088,0.5385,0.0647,0.0081,0.0153,0.0095,0.1803
2022-09-06,model_Portfolio,Hold,0.0208,0.0733,0.0836,0.0088,0.5334,0.0656,0.0084,0.0154,0.0093,0.1815
2022-09-07,model_Portfolio,Hold,0.0214,0.0748,0.0862,0.0091,0.5216,0.0682,0.0085,0.0159,0.0097,0.1846
2022-09-08,model_Portfolio,Hold,0.0218,0.0746,0.0868,0.0091,0.5219,0.0678,0.0086,0.0156,0.0095,0.1842
2022-09-09,model_Portfolio,Hold,0.0216,0.0737,0.0852,0.0091,0.5272,0.0672,0.0085,0.0156,0.0096,0.1821
2022-09-12,model_Portfolio,Hold,0.0212,0.0728,0.0837,0.0091,0.538,0.067,0.0084,0.0152,0.0094,0.1753
2022-09-13,model_Portfolio,Hold,0.0211,0.0716,0.084,0.0087,0.5427,0.0672,0.0083,0.0148,0.0094,0.1722
2022-09-14,model_Portfolio,Hold,0.0204,0.0686,0.0804,0.0086,0.5605,0.0648,0.0079,0.0144,0.0089,0.1655
2022-09-15,model_Portfolio,Hold,0.0204,0.0679,0.0801,0.0085,0.5609,0.0635,0.0079,0.0142,0.0089,0.1677
2022-09-16,model_Portfolio,Hold,0.0205,0.0686,0.0812,0.0084,0.5547,0.0641,0.008,0.0144,0.009,0.1711
2022-09-19,model_Portfolio,Hold,0.0204,0.0688,0.082,0.0084,0.5519,0.0643,0.0079,0.0143,0.009,0.1728
2022-09-20,model_Portfolio,Hold,0.0204,0.0686,0.0834,0.0084,0.5484,0.0641,0.0078,0.0143,0.0091,0.1755
2022-09-21,model_Portfolio,Hold,0.0205,0.0688,0.0841,0.0083,0.5432,0.0645,0.0078,0.0143,0.0092,0.1794
2022-09-22,model_Portfolio,Hold,0.021,0.0694,0.0843,0.0084,0.5355,0.0651,0.008,0.0147,0.0093,0.1843
2022-09-23,model_Portfolio,Hold,0.0225,0.0741,0.0893,0.0088,0.5105,0.0696,0.0086,0.0156,0.0099,0.1911
2022-09-26,model_Portfolio,Hold,0.0228,0.0749,0.0898,0.0091,0.5052,0.0694,0.0086,0.0159,0.0101,0.1942
2022-09-27,model_Portfolio,Hold,0.0223,0.074,0.0886,0.0089,0.5142,0.0686,0.0084,0.0156,0.01,0.1894
2022-09-28,model_Portfolio,Hold,0.0215,0.0727,0.0862,0.0089,0.5249,0.0672,0.0083,0.0154,0.0098,0.1851
2022-09-29,model_Portfolio,Hold,0.0214,0.0718,0.0853,0.0086,0.5295,0.0664,0.0082,0.015,0.0096,0.1841
2022-09-30,model_Portfolio,Hold,0.0214,0.0727,0.0861,0.0086,0.5264,0.0682,0.0085,0.015,0.0096,0.1835
2022-10-03,model_Portfolio,Rebalance,0.0327,0.2166,0.1201,0.0193,0.1452,0.127,0.0162,0.0601,0.0392,0.2236
2022-10-04,model_Portfolio,Hold,0.0327,0.2166,0.1203,0.0195,0.1472,0.1276,0.0158,0.0598,0.0387,0.2218
2022-10-05,model_Portfolio,Hold,0.0327,0.2159,0.1192,0.0194,0.1518,0.1246,0.0153,0.0595,0.0384,0.2232
2022-10-06,model_Portfolio,Hold,0.0325,0.2125,0.1184,0.0193,0.1585,0.1227,0.0151,0.0597,0.0371,0.2242
2022-10-07,model_Portfolio,Hold,0.0329,0.2087,0.1176,0.0188,0.1627,0.1214,0.0149,0.0591,0.0366,0.2274
2022-10-10,model_Portfolio,Hold,0.0327,0.2078,0.1187,0.0187,0.158,0.1221,0.0146,0.0588,0.037,0.2315
2022-10-11,model_Portfolio,Hold,0.033,0.2044,0.1191,0.0185,0.1557,0.1218,0.0149,0.0585,0.0372,0.2368
2022-10-12,model_Portfolio,Hold,0.0325,0.2031,0.1178,0.0186,0.1569,0.1209,0.0148,0.0588,0.0373,0.2392
2022-10-13,model_Portfolio,Hold,0.0325,0.2031,0.119,0.018,0.1566,0.1219,0.0145,0.058,0.038,0.2383
2022-10-14,model_Portfolio,Hold,0.0327,0.2038,0.1205,0.0175,0.1527,0.1217,0.0145,0.0578,0.0386,0.2401
2022-10-17,model_Portfolio,Hold,0.0331,0.2088,0.12,0.0184,0.1514,0.1227,0.0146,0.0591,0.0382,0.2337
2022-10-18,model_Portfolio,Hold,0.0334,0.2088,0.1203,0.0187,0.1493,0.1244,0.0145,0.0592,0.0387,0.233
2022-10-19,model_Portfolio,Hold,0.0311,0.2082,0.1198,0.0184,0.1567,0.1236,0.0141,0.0583,0.038,0.2318
2022-10-20,model_Portfolio,Hold,0.0306,0.2091,0.1194,0.0187,0.1581,0.1236,0.0141,0.0593,0.0381,0.229
2022-10-21,model_Portfolio,Hold,0.0298,0.21,0.12,0.0189,0.1604,0.122,0.0141,0.0585,0.0384,0.228
2022-10-24,model_Portfolio,Hold,0.0303,0.2109,0.1198,0.0186,0.1599,0.1213,0.0139,0.0583,0.0382,0.2289
2022-10-25,model_Portfolio,Hold,0.0297,0.2114,0.1179,0.0184,0.1624,0.123,0.0144,0.0584,0.0376,0.2268
2022-10-26,model_Portfolio,Hold,0.0298,0.2106,0.1178,0.0177,0.1654,0.1231,0.0144,0.053,0.0389,0.2294
2022-10-27,model_Portfolio,Hold,0.0296,0.2117,0.1203,0.0171,0.1656,0.1227,0.0148,0.052,0.0393,0.227
2022-10-28,model_Portfolio,Hold,0.0298,0.2141,0.1218,0.0156,0.1613,0.1229,0.0148,0.0532,0.0397,0.2268
2022-10-31,model_Portfolio,Hold,0.0298,0.2125,0.1232,0.0156,0.1623,0.1217,0.0149,0.0525,0.0397,0.228
2022-11-01,model_Portfolio,Rebalance,0.0,0.0,0.0,0.0,0.0,0.0,0.0259,0.0,0.9741,0.0
2022-11-02,model_Portfolio,Hold,0.0,0.0,0.0,0.0,0.0,0.0,0.026,0.0,0.974,0.0
2022-11-03,model_Portfolio,Hold,0.0,0.0,0.0,0.0,0.0,0.0,0.0261,0.0,0.9739,0.0
2022-11-04,model_Portfolio,Hold,0.0,0.0,0.0,0.0,0.0,0.0,0.0262,0.0,0.9738,0.0
2022-11-07,model_Portfolio,Hold,0.0,0.0,0.0,0.0,0.0,0.0,0.0264,0.0,0.9736,0.0
2022-11-08,model_Portfolio,Hold,0.0,0.0,0.0,0.0,0.0,0.0,0.026,0.0,0.974,0.0
2022-11-09,model_Portfolio,Hold,0.0,0.0,0.0,0.0,0.0,0.0,0.0258,0.0,0.9742,0.0
2022-11-10,model_Portfolio,Hold,0.0,0.0,0.0,0.0,0.0,0.0,0.0266,0.0,0.9734,0.0
2022-11-11,model_Portfolio,Hold,0.0,0.0,0.0,0.0,0.0,0.0,0.0255,0.0,0.9745,0.0
2022-11-14,model_Portfolio,Hold,0.0,0.0,0.0,0.0,0.0,0.0,0.0252,0.0,0.9748,0.0
2022-11-15,model_Portfolio,Hold,0.0,0.0,0.0,0.0,0.0,0.0,0.0256,0.0,0.9744,0.0
2022-11-16,model_Portfolio,Hold,0.0,0.0,0.0,0.0,0.0,0.0,0.0257,0.0,0.9743,0.0
2022-11-17,model_Portfolio,Hold,0.0,0.0,0.0,0.0,0.0,0.0,0.0257,0.0,0.9743,0.0
2022-11-18,model_Portfolio,Hold,0.0,0.0,0.0,0.0,0.0,0.0,0.0262,0.0,0.9738,0.0
2022-11-21,model_Portfolio,Hold,0.0,0.0,0.0,0.0,0.0,0.0,0.026,0.0,0.974,0.0
2022-11-22,model_Portfolio,Hold,0.0,0.0,0.0,0.0,0.0,0.0,0.0263,0.0,0.9737,0.0
2022-11-23,model_Portfolio,Hold,0.0,0.0,0.0,0.0,0.0,0.0,0.0263,0.0,0.9737,0.0
2022-11-25,model_Portfolio,Hold,0.0,0.0,0.0,0.0,0.0,0.0,0.0264,0.0,0.9736,0.0
2022-11-28,model_Portfolio,Hold,0.0,0.0,0.0,0.0,0.0,0.0,0.0265,0.0,0.9735,0.0
2022-11-29,model_Portfolio,Hold,0.0,0.0,0.0,0.0,0.0,0.0,0.0268,0.0,0.9732,0.0
2022-11-30,model_Portfolio,Hold,0.0,0.0,0.0,0.0,0.0,0.0,0.0273,0.0,0.9727,0.0
2022-12-01,model_Portfolio,Rebalance,0.0053,0.0,0.0,0.0,0.0,0.0,0.9947,0.0,0.0,0.0
2022-12-02,model_Portfolio,Hold,0.0054,0.0,0.0,0.0,0.0,0.0,0.9946,0.0,0.0,0.0
2022-12-05,model_Portfolio,Hold,0.0054,0.0,0.0,0.0,0.0,0.0,0.9946,0.0,0.0,0.0
2022-12-06,model_Portfolio,Hold,0.0054,0.0,0.0,0.0,0.0,0.0,0.9946,0.0,0.0,0.0
2022-12-07,model_Portfolio,Hold,0.0055,0.0,0.0,0.0,0.0,0.0,0.9945,0.0,0.0,0.0
2022-12-08,model_Portfolio,Hold,0.0055,0.0,0.0,0.0,0.0,0.0,0.9945,0.0,0.0,0.0
2022-12-09,model_Portfolio,Hold,0.0055,0.0,0.0,0.0,0.0,0.0,0.9945,0.0,0.0,0.0
2022-12-12,model_Portfolio,Hold,0.0056,0.0,0.0,0.0,0.0,0.0,0.9944,0.0,0.0,0.0
2022-12-13,model_Portfolio,Hold,0.0056,0.0,0.0,0.0,0.0,0.0,0.9944,0.0,0.0,0.0
2022-12-14,model_Portfolio,Hold,0.0056,0.0,0.0,0.0,0.0,0.0,0.9944,0.0,0.0,0.0
2022-12-15,model_Portfolio,Hold,0.0055,0.0,0.0,0.0,0.0,0.0,0.9945,0.0,0.0,0.0
2022-12-16,model_Portfolio,Hold,0.0057,0.0,0.0,0.0,0.0,0.0,0.9943,0.0,0.0,0.0
2022-12-19,model_Portfolio,Hold,0.0057,0.0,0.0,0.0,0.0,0.0,0.9943,0.0,0.0,0.0
2022-12-20,model_Portfolio,Hold,0.0056,0.0,0.0,0.0,0.0,0.0,0.9944,0.0,0.0,0.0
2022-12-21,model_Portfolio,Hold,0.0056,0.0,0.0,0.0,0.0,0.0,0.9944,0.0,0.0,0.0
2022-12-22,model_Portfolio,Hold,0.0057,0.0,0.0,0.0,0.0,0.0,0.9943,0.0,0.0,0.0
2022-12-23,model_Portfolio,Hold,0.0056,0.0,0.0,0.0,0.0,0.0,0.9944,0.0,0.0,0.0
2022-12-27,model_Portfolio,Hold,0.0057,0.0,0.0,0.0,0.0,0.0,0.9943,0.0,0.0,0.0
2022-12-28,model_Portfolio,Hold,0.0058,0.0,0.0,0.0,0.0,0.0,0.9942,0.0,0.0,0.0
2022-12-29,model_Portfolio,Hold,0.0058,0.0,0.0,0.0,0.0,0.0,0.9942,0.0,0.0,0.0
2022-12-30,model_Portfolio,Hold,0.0057,0.0,0.0,0.0,0.0,0.0,0.9943,0.0,0.0,0.0
2023-01-03,model_Portfolio,Rebalance,0.2207,0.1124,0.2608,0.0195,0.1394,0.1178,0.011,0.0346,0.0117,0.0718
2023-01-04,model_Portfolio,Hold,0.2242,0.1122,0.2623,0.0194,0.1348,0.1179,0.0113,0.0342,0.012,0.0717
2023-01-05,model_Portfolio,Hold,0.2256,0.1106,0.2634,0.0191,0.1349,0.1173,0.0111,0.0339,0.0119,0.0724
2023-01-06,model_Portfolio,Hold,0.2232,0.1105,0.2654,0.0193,0.1352,0.1176,0.0112,0.0335,0.012,0.0723
2023-01-09,model_Portfolio,Hold,0.224,0.1129,0.2582,0.0197,0.1374,0.1188,0.0111,0.0339,0.0121,0.072
2023-01-10,model_Portfolio,Hold,0.2258,0.1126,0.2584,0.0201,0.1361,0.1183,0.0111,0.0338,0.0121,0.0715
2023-01-11,model_Portfolio,Hold,0.2232,0.115,0.2566,0.0212,0.1371,0.1177,0.0115,0.0348,0.0121,0.0708
2023-01-12,model_Portfolio,Hold,0.2203,0.1159,0.2558,0.0212,0.1417,0.1166,0.0117,0.0346,0.0121,0.0701
2023-01-13,model_Portfolio,Hold,0.2225,0.1142,0.2572,0.0216,0.1404,0.116,0.0116,0.0347,0.012,0.0698
2023-01-17,model_Portfolio,Hold,0.2234,0.1159,0.257,0.0213,0.1404,0.1146,0.0117,0.0345,0.0118,0.0694
2023-01-18,model_Portfolio,Hold,0.2232,0.1148,0.2591,0.0215,0.1392,0.1151,0.0118,0.035,0.0116,0.0687
2023-01-19,model_Portfolio,Hold,0.2244,0.1131,0.2554,0.0211,0.1431,0.1143,0.0117,0.0359,0.0113,0.0697
2023-01-20,model_Portfolio,Hold,0.2236,0.1148,0.2536,0.0217,0.1419,0.1146,0.0118,0.0373,0.0113,0.0695
2023-01-23,model_Portfolio,Hold,0.2244,0.1135,0.2536,0.0216,0.1418,0.1154,0.0119,0.0377,0.0114,0.0688
2023-01-24,model_Portfolio,Hold,0.2225,0.1122,0.2592,0.0214,0.1383,0.1177,0.0119,0.0371,0.0108,0.069
2023-01-25,model_Portfolio,Hold,0.2203,0.1119,0.2612,0.0217,0.139,0.1176,0.0118,0.0363,0.0106,0.0696
2023-01-26,model_Portfolio,Hold,0.2191,0.1117,0.2592,0.022,0.1421,0.1186,0.0117,0.0369,0.0106,0.0681
2023-01-27,model_Portfolio,Hold,0.2167,0.1128,0.2588,0.0227,0.1431,0.1176,0.012,0.0376,0.0108,0.0679
2023-01-30,model_Portfolio,Hold,0.218,0.1124,0.2612,0.0225,0.1392,0.1184,0.0118,0.037,0.0106,0.0689
2023-01-31,model_Portfolio,Hold,0.2172,0.1132,0.26,0.0228,0.1383,0.1196,0.012,0.0373,0.0107,0.069
2023-02-01,model_Portfolio,Rebalance,0.0,0.0,0.0,0.0,0.0,0.0,1.0,0.0,0.0,0.0
2023-02-02,model_Portfolio,Hold,0.0,0.0,0.0,0.0,0.0,0.0,1.0,0.0,0.0,0.0
2023-02-03,model_Portfolio,Hold,0.0,0.0,0.0,0.0,0.0,0.0,1.0,0.0,0.0,0.0
2023-02-06,model_Portfolio,Hold,0.0,0.0,0.0,0.0,0.0,0.0,1.0,0.0,0.0,0.0
2023-02-07,model_Portfolio,Hold,0.0,0.0,0.0,0.0,0.0,0.0,1.0,0.0,0.0,0.0
2023-02-08,model_Portfolio,Hold,0.0,0.0,0.0,0.0,0.0,0.0,1.0,0.0,0.0,0.0
2023-02-09,model_Portfolio,Hold,0.0,0.0,0.0,0.0,0.0,0.0,1.0,0.0,0.0,0.0
2023-02-10,model_Portfolio,Hold,0.0,0.0,0.0,0.0,0.0,0.0,1.0,0.0,0.0,0.0
2023-02-13,model_Portfolio,Hold,0.0,0.0,0.0,0.0,0.0,0.0,1.0,0.0,0.0,0.0
2023-02-14,model_Portfolio,Hold,0.0,0.0,0.0,0.0,0.0,0.0,1.0,0.0,0.0,0.0
2023-02-15,model_Portfolio,Hold,0.0,0.0,0.0,0.0,0.0,0.0,1.0,0.0,0.0,0.0
2023-02-16,model_Portfolio,Hold,0.0,0.0,0.0,0.0,0.0,0.0,1.0,0.0,0.0,0.0
2023-02-17,model_Portfolio,Hold,0.0,0.0,0.0,0.0,0.0,0.0,1.0,0.0,0.0,0.0
2023-02-21,model_Portfolio,Hold,0.0,0.0,0.0,0.0,0.0,0.0,1.0,0.0,0.0,0.0
2023-02-22,model_Portfolio,Hold,0.0,0.0,0.0,0.0,0.0,0.0,1.0,0.0,0.0,0.0
2023-02-23,model_Portfolio,Hold,0.0,0.0,0.0,0.0,0.0,0.0,1.0,0.0,0.0,0.0
2023-02-24,model_Portfolio,Hold,0.0,0.0,0.0,0.0,0.0,0.0,1.0,0.0,0.0,0.0
2023-02-27,model_Portfolio,Hold,0.0,0.0,0.0,0.0,0.0,0.0,1.0,0.0,0.0,0.0
2023-02-28,model_Portfolio,Hold,0.0,0.0,0.0,0.0,0.0,0.0,1.0,0.0,0.0,0.0
2023-03-01,model_Portfolio,Rebalance,0.0176,0.1079,0.1088,0.0296,0.1414,0.2611,0.0096,0.087,0.0288,0.2081
2023-03-02,model_Portfolio,Hold,0.0178,0.1076,0.107,0.0294,0.1425,0.2622,0.0096,0.0878,0.0285,0.2077
2023-03-03,model_Portfolio,Hold,0.0179,0.1079,0.1071,0.0299,0.1438,0.2615,0.0095,0.0883,0.0285,0.2056
2023-03-06,model_Portfolio,Hold,0.0176,0.1083,0.1069,0.0296,0.1406,0.2605,0.0096,0.0898,0.0282,0.2088
2023-03-07,model_Portfolio,Hold,0.0174,0.1077,0.1067,0.03,0.1391,0.2628,0.0095,0.09,0.0279,0.2091
2023-03-08,model_Portfolio,Hold,0.0174,0.1079,0.1056,0.0302,0.1373,0.2625,0.0097,0.0906,0.028,0.2109
2023-03-09,model_Portfolio,Hold,0.0174,0.1082,0.1054,0.0302,0.1344,0.2618,0.0095,0.0904,0.028,0.2145
2023-03-10,model_Portfolio,Hold,0.0175,0.1069,0.1057,0.0301,0.1325,0.2631,0.0088,0.0901,0.0281,0.2171
2023-03-13,model_Portfolio,Hold,0.0179,0.1071,0.1034,0.031,0.1283,0.265,0.0089,0.0913,0.0281,0.2192
2023-03-14,model_Portfolio,Hold,0.0177,0.1063,0.1038,0.0314,0.1279,0.2665,0.0088,0.0931,0.0276,0.2169
2023-03-15,model_Portfolio,Hold,0.018,0.1059,0.1029,0.0325,0.1202,0.2638,0.009,0.0972,0.0282,0.2222
2023-03-16,model_Portfolio,Hold,0.018,0.1074,0.1036,0.0334,0.1215,0.2629,0.0087,0.1002,0.0282,0.2161
2023-03-17,model_Portfolio,Hold,0.0179,0.1079,0.1032,0.0336,0.1194,0.2624,0.0086,0.1031,0.0284,0.2155
2023-03-20,model_Portfolio,Hold,0.0178,0.1072,0.105,0.0326,0.1217,0.2623,0.0085,0.101,0.0283,0.2155
2023-03-21,model_Portfolio,Hold,0.0175,0.1075,0.1054,0.033,0.1275,0.2575,0.0085,0.1029,0.0278,0.2125
2023-03-22,model_Portfolio,Hold,0.0176,0.1077,0.1048,0.033,0.1273,0.259,0.0082,0.1033,0.0275,0.2115
2023-03-23,model_Portfolio,Hold,0.0177,0.116,0.1042,0.0331,0.1266,0.2521,0.0082,0.106,0.0275,0.2088
2023-03-24,model_Portfolio,Hold,0.0178,0.1154,0.1041,0.0327,0.1277,0.2513,0.0084,0.1052,0.0274,0.21
2023-03-27,model_Portfolio,Hold,0.0178,0.1156,0.104,0.0325,0.1302,0.2523,0.0083,0.1017,0.0273,0.2104
2023-03-28,model_Portfolio,Hold,0.0174,0.1155,0.1042,0.0321,0.1315,0.2543,0.0082,0.0998,0.0273,0.2097
2023-03-29,model_Portfolio,Hold,0.0175,0.1166,0.1045,0.0328,0.1304,0.2546,0.0084,0.0993,0.0274,0.2086
2023-03-30,model_Portfolio,Hold,0.0176,0.1174,0.1042,0.0333,0.1281,0.2571,0.0086,0.0985,0.0272,0.208
2023-03-31,model_Portfolio,Hold,0.0177,0.1167,0.1028,0.0331,0.1283,0.261,0.0085,0.0995,0.0274,0.205
2023-04-03,model_Portfolio,Rebalance,0.0,0.0,0.0,0.0,0.0,0.0,1.0,0.0,0.0,0.0
2023-04-04,model_Portfolio,Hold,0.0,0.0,0.0,0.0,0.0,0.0,1.0,0.0,0.0,0.0
2023-04-05,model_Portfolio,Hold,0.0,0.0,0.0,0.0,0.0,0.0,1.0,0.0,0.0,0.0
2023-04-06,model_Portfolio,Hold,0.0,0.0,0.0,0.0,0.0,0.0,1.0,0.0,0.0,0.0
2023-04-10,model_Portfolio,Hold,0.0,0.0,0.0,0.0,0.0,0.0,1.0,0.0,0.0,0.0
2023-04-11,model_Portfolio,Hold,0.0,0.0,0.0,0.0,0.0,0.0,1.0,0.0,0.0,0.0
2023-04-12,model_Portfolio,Hold,0.0,0.0,0.0,0.0,0.0,0.0,1.0,0.0,0.0,0.0
2023-04-13,model_Portfolio,Hold,0.0,0.0,0.0,0.0,0.0,0.0,1.0,0.0,0.0,0.0
2023-04-14,model_Portfolio,Hold,0.0,0.0,0.0,0.0,0.0,0.0,1.0,0.0,0.0,0.0
2023-04-17,model_Portfolio,Hold,0.0,0.0,0.0,0.0,0.0,0.0,1.0,0.0,0.0,0.0
2023-04-18,model_Portfolio,Hold,0.0,0.0,0.0,0.0,0.0,0.0,1.0,0.0,0.0,0.0
2023-04-19,model_Portfolio,Hold,0.0,0.0,0.0,0.0,0.0,0.0,1.0,0.0,0.0,0.0
2023-04-20,model_Portfolio,Hold,0.0,0.0,0.0,0.0,0.0,0.0,1.0,0.0,0.0,0.0
2023-04-21,model_Portfolio,Hold,0.0,0.0,0.0,0.0,0.0,0.0,1.0,0.0,0.0,0.0
2023-04-24,model_Portfolio,Hold,0.0,0.0,0.0,0.0,0.0,0.0,1.0,0.0,0.0,0.0
2023-04-25,model_Portfolio,Hold,0.0,0.0,0.0,0.0,0.0,0.0,1.0,0.0,0.0,0.0
2023-04-26,model_Portfolio,Hold,0.0,0.0,0.0,0.0,0.0,0.0,1.0,0.0,0.0,0.0
2023-04-27,model_Portfolio,Hold,0.0,0.0,0.0,0.0,0.0,0.0,1.0,0.0,0.0,0.0
2023-04-28,model_Portfolio,Hold,0.0,0.0,0.0,0.0,0.0,0.0,1.0,0.0,0.0,0.0
2023-05-01,model_Portfolio,Rebalance,0.9994,0.0,0.0,0.0,0.0,0.0,0.0006,0.0,0.0,0.0
2023-05-02,model_Portfolio,Hold,0.9994,0.0,0.0,0.0,0.0,0.0,0.0006,0.0,0.0,0.0
2023-05-03,model_Portfolio,Hold,0.9994,0.0,0.0,0.0,0.0,0.0,0.0006,0.0,0.0,0.0
2023-05-04,model_Portfolio,Hold,0.9994,0.0,0.0,0.0,0.0,0.0,0.0006,0.0,0.0,0.0
2023-05-05,model_Portfolio,Hold,0.9994,0.0,0.0,0.0,0.0,0.0,0.0006,0.0,0.0,0.0
2023-05-08,model_Portfolio,Hold,0.9994,0.0,0.0,0.0,0.0,0.0,0.0006,0.0,0.0,0.0
2023-05-09,model_Portfolio,Hold,0.9994,0.0,0.0,0.0,0.0,0.0,0.0006,0.0,0.0,0.0
2023-05-10,model_Portfolio,Hold,0.9994,0.0,0.0,0.0,0.0,0.0,0.0006,0.0,0.0,0.0
2023-05-11,model_Portfolio,Hold,0.9994,0.0,0.0,0.0,0.0,0.0,0.0006,0.0,0.0,0.0
2023-05-12,model_Portfolio,Hold,0.9994,0.0,0.0,0.0,0.0,0.0,0.0006,0.0,0.0,0.0
2023-05-15,model_Portfolio,Hold,0.9994,0.0,0.0,0.0,0.0,0.0,0.0006,0.0,0.0,0.0
2023-05-16,model_Portfolio,Hold,0.9994,0.0,0.0,0.0,0.0,0.0,0.0006,0.0,0.0,0.0
2023-05-17,model_Portfolio,Hold,0.9994,0.0,0.0,0.0,0.0,0.0,0.0006,0.0,0.0,0.0
2023-05-18,model_Portfolio,Hold,0.9994,0.0,0.0,0.0,0.0,0.0,0.0006,0.0,0.0,0.0
2023-05-19,model_Portfolio,Hold,0.9994,0.0,0.0,0.0,0.0,0.0,0.0006,0.0,0.0,0.0
2023-05-22,model_Portfolio,Hold,0.9994,0.0,0.0,0.0,0.0,0.0,0.0006,0.0,0.0,0.0
2023-05-23,model_Portfolio,Hold,0.9994,0.0,0.0,0.0,0.0,0.0,0.0006,0.0,0.0,0.0
2023-05-24,model_Portfolio,Hold,0.9994,0.0,0.0,0.0,0.0,0.0,0.0006,0.0,0.0,0.0
2023-05-25,model_Portfolio,Hold,0.9994,0.0,0.0,0.0,0.0,0.0,0.0006,0.0,0.0,0.0
2023-05-26,model_Portfolio,Hold,0.9994,0.0,0.0,0.0,0.0,0.0,0.0006,0.0,0.0,0.0
2023-05-30,model_Portfolio,Hold,0.9994,0.0,0.0,0.0,0.0,0.0,0.0006,0.0,0.0,0.0
2023-05-31,model_Portfolio,Hold,0.9994,0.0,0.0,0.0,0.0,0.0,0.0006,0.0,0.0,0.0
2023-06-01,model_Portfolio,Rebalance,0.0053,0.7161,0.032,0.0038,0.0798,0.0653,0.0097,0.0042,0.0142,0.0695
2023-06-02,model_Portfolio,Hold,0.0053,0.7133,0.0322,0.0038,0.0819,0.0656,0.0097,0.0041,0.015,0.069
2023-06-05,model_Portfolio,Hold,0.0054,0.711,0.033,0.0039,0.082,0.0666,0.0099,0.0043,0.0147,0.0693
2023-06-06,model_Portfolio,Hold,0.0053,0.7127,0.033,0.0039,0.0819,0.0657,0.01,0.0043,0.0146,0.0687
2023-06-07,model_Portfolio,Hold,0.0051,0.7112,0.033,0.0037,0.0835,0.0658,0.0102,0.0041,0.0148,0.0685
2023-06-08,model_Portfolio,Hold,0.0052,0.7092,0.0332,0.0038,0.0833,0.0666,0.0102,0.0041,0.0149,0.0695
2023-06-09,model_Portfolio,Hold,0.0052,0.7119,0.0335,0.0038,0.0818,0.0655,0.0102,0.0041,0.0148,0.0693
2023-06-12,model_Portfolio,Hold,0.0051,0.7137,0.0332,0.0039,0.0805,0.0651,0.0102,0.0041,0.0149,0.0693
2023-06-13,model_Portfolio,Hold,0.0051,0.7133,0.0331,0.0038,0.081,0.0657,0.0101,0.0041,0.0149,0.0688
2023-06-14,model_Portfolio,Hold,0.0052,0.7139,0.0328,0.0038,0.081,0.0667,0.0101,0.0041,0.0148,0.0676
2023-06-15,model_Portfolio,Hold,0.0051,0.7166,0.0325,0.0038,0.0815,0.0656,0.0099,0.004,0.0147,0.0663
2023-06-16,model_Portfolio,Hold,0.0053,0.7145,0.0327,0.0037,0.0817,0.0668,0.0095,0.004,0.015,0.0669
2023-06-20,model_Portfolio,Hold,0.0053,0.7168,0.0323,0.0038,0.0804,0.0666,0.0095,0.004,0.0148,0.0666
2023-06-21,model_Portfolio,Hold,0.0054,0.7127,0.0324,0.0038,0.0827,0.067,0.0095,0.004,0.0148,0.0678
2023-06-22,model_Portfolio,Hold,0.0055,0.7109,0.0329,0.004,0.0816,0.0679,0.0094,0.0041,0.0149,0.0687
2023-06-23,model_Portfolio,Hold,0.0057,0.7069,0.0335,0.0041,0.082,0.0691,0.0095,0.0042,0.0153,0.0698
2023-06-26,model_Portfolio,Hold,0.0057,0.7041,0.0337,0.004,0.0831,0.0691,0.01,0.0041,0.0152,0.0711
2023-06-27,model_Portfolio,Hold,0.0056,0.7058,0.0339,0.004,0.0816,0.0697,0.01,0.004,0.0148,0.0706
2023-06-28,model_Portfolio,Hold,0.0056,0.7057,0.0337,0.004,0.0825,0.0694,0.0097,0.0041,0.0148,0.0706
2023-06-29,model_Portfolio,Hold,0.0055,0.7074,0.0334,0.0039,0.0827,0.0689,0.0097,0.004,0.0146,0.07
2023-06-30,model_Portfolio,Hold,0.0055,0.7053,0.0336,0.004,0.0829,0.0702,0.0096,0.004,0.0147,0.0702
2023-07-03,model_Portfolio,Rebalance,1.0,0.0,0.0,0.0,0.0,0.0,0.0,0.0,0.0,0.0
2023-07-05,model_Portfolio,Hold,1.0,0.0,0.0,0.0,0.0,0.0,0.0,0.0,0.0,0.0
2023-07-06,model_Portfolio,Hold,1.0,0.0,0.0,0.0,0.0,0.0,0.0,0.0,0.0,0.0
2023-07-07,model_Portfolio,Hold,1.0,0.0,0.0,0.0,0.0,0.0,0.0,0.0,0.0,0.0
2023-07-10,model_Portfolio,Hold,1.0,0.0,0.0,0.0,0.0,0.0,0.0,0.0,0.0,0.0
2023-07-11,model_Portfolio,Hold,1.0,0.0,0.0,0.0,0.0,0.0,0.0,0.0,0.0,0.0
2023-07-12,model_Portfolio,Hold,1.0,0.0,0.0,0.0,0.0,0.0,0.0,0.0,0.0,0.0
2023-07-13,model_Portfolio,Hold,1.0,0.0,0.0,0.0,0.0,0.0,0.0,0.0,0.0,0.0
2023-07-14,model_Portfolio,Hold,1.0,0.0,0.0,0.0,0.0,0.0,0.0,0.0,0.0,0.0
2023-07-17,model_Portfolio,Hold,1.0,0.0,0.0,0.0,0.0,0.0,0.0,0.0,0.0,0.0
2023-07-18,model_Portfolio,Hold,1.0,0.0,0.0,0.0,0.0,0.0,0.0,0.0,0.0,0.0
2023-07-19,model_Portfolio,Hold,1.0,0.0,0.0,0.0,0.0,0.0,0.0,0.0,0.0,0.0
2023-07-20,model_Portfolio,Hold,1.0,0.0,0.0,0.0,0.0,0.0,0.0,0.0,0.0,0.0
2023-07-21,model_Portfolio,Hold,1.0,0.0,0.0,0.0,0.0,0.0,0.0,0.0,0.0,0.0
2023-07-24,model_Portfolio,Hold,1.0,0.0,0.0,0.0,0.0,0.0,0.0,0.0,0.0,0.0
2023-07-25,model_Portfolio,Hold,1.0,0.0,0.0,0.0,0.0,0.0,0.0,0.0,0.0,0.0
2023-07-26,model_Portfolio,Hold,1.0,0.0,0.0,0.0,0.0,0.0,0.0,0.0,0.0,0.0
2023-07-27,model_Portfolio,Hold,1.0,0.0,0.0,0.0,0.0,0.0,0.0,0.0,0.0,0.0
2023-07-28,model_Portfolio,Hold,1.0,0.0,0.0,0.0,0.0,0.0,0.0,0.0,0.0,0.0
2023-07-31,model_Portfolio,Hold,1.0,0.0,0.0,0.0,0.0,0.0,0.0,0.0,0.0,0.0
2023-08-01,model_Portfolio,Rebalance,0.0003,0.0,0.0,0.0,0.0,0.0,0.999,0.0,0.0007,0.0
2023-08-02,model_Portfolio,Hold,0.0003,0.0,0.0,0.0,0.0,0.0,0.999,0.0,0.0007,0.0
2023-08-03,model_Portfolio,Hold,0.0003,0.0,0.0,0.0,0.0,0.0,0.999,0.0,0.0007,0.0
2023-08-04,model_Portfolio,Hold,0.0003,0.0,0.0,0.0,0.0,0.0,0.999,0.0,0.0007,0.0
2023-08-07,model_Portfolio,Hold,0.0002,0.0,0.0,0.0,0.0,0.0,0.9991,0.0,0.0007,0.0
2023-08-08,model_Portfolio,Hold,0.0002,0.0,0.0,0.0,0.0,0.0,0.9991,0.0,0.0007,0.0
2023-08-09,model_Portfolio,Hold,0.0002,0.0,0.0,0.0,0.0,0.0,0.9991,0.0,0.0007,0.0
2023-08-10,model_Portfolio,Hold,0.0002,0.0,0.0,0.0,0.0,0.0,0.9991,0.0,0.0007,0.0
2023-08-11,model_Portfolio,Hold,0.0002,0.0,0.0,0.0,0.0,0.0,0.9991,0.0,0.0007,0.0
2023-08-14,model_Portfolio,Hold,0.0003,0.0,0.0,0.0,0.0,0.0,0.999,0.0,0.0007,0.0
2023-08-15,model_Portfolio,Hold,0.0003,0.0,0.0,0.0,0.0,0.0,0.999,0.0,0.0007,0.0
2023-08-16,model_Portfolio,Hold,0.0003,0.0,0.0,0.0,0.0,0.0,0.999,0.0,0.0007,0.0
2023-08-17,model_Portfolio,Hold,0.0003,0.0,0.0,0.0,0.0,0.0,0.999,0.0,0.0007,0.0
2023-08-18,model_Portfolio,Hold,0.0003,0.0,0.0,0.0,0.0,0.0,0.999,0.0,0.0007,0.0
2023-08-21,model_Portfolio,Hold,0.0003,0.0,0.0,0.0,0.0,0.0,0.999,0.0,0.0007,0.0
2023-08-22,model_Portfolio,Hold,0.0003,0.0,0.0,0.0,0.0,0.0,0.999,0.0,0.0007,0.0
2023-08-23,model_Portfolio,Hold,0.0003,0.0,0.0,0.0,0.0,0.0,0.999,0.0,0.0007,0.0
2023-08-24,model_Portfolio,Hold,0.0003,0.0,0.0,0.0,0.0,0.0,0.999,0.0,0.0007,0.0
2023-08-25,model_Portfolio,Hold,0.0003,0.0,0.0,0.0,0.0,0.0,0.999,0.0,0.0007,0.0
2023-08-28,model_Portfolio,Hold,0.0003,0.0,0.0,0.0,0.0,0.0,0.999,0.0,0.0007,0.0
2023-08-29,model_Portfolio,Hold,0.0003,0.0,0.0,0.0,0.0,0.0,0.999,0.0,0.0007,0.0
2023-08-30,model_Portfolio,Hold,0.0003,0.0,0.0,0.0,0.0,0.0,0.999,0.0,0.0007,0.0
2023-08-31,model_Portfolio,Hold,0.0003,0.0,0.0,0.0,0.0,0.0,0.999,0.0,0.0008,0.0
2023-09-01,model_Portfolio,Rebalance,0.0,0.0,0.0,0.0,0.0,0.0,0.0,0.0,1.0,0.0
2023-09-05,model_Portfolio,Hold,0.0,0.0,0.0,0.0,0.0,0.0,0.0,0.0,1.0,0.0
2023-09-06,model_Portfolio,Hold,0.0,0.0,0.0,0.0,0.0,0.0,0.0,0.0,1.0,0.0
2023-09-07,model_Portfolio,Hold,0.0,0.0,0.0,0.0,0.0,0.0,0.0,0.0,1.0,0.0
2023-09-08,model_Portfolio,Hold,0.0,0.0,0.0,0.0,0.0,0.0,0.0,0.0,1.0,0.0
2023-09-11,model_Portfolio,Hold,0.0,0.0,0.0,0.0,0.0,0.0,0.0,0.0,1.0,0.0
2023-09-12,model_Portfolio,Hold,0.0,0.0,0.0,0.0,0.0,0.0,0.0,0.0,1.0,0.0
2023-09-13,model_Portfolio,Hold,0.0,0.0,0.0,0.0,0.0,0.0,0.0,0.0,1.0,0.0
2023-09-14,model_Portfolio,Hold,0.0,0.0,0.0,0.0,0.0,0.0,0.0,0.0,1.0,0.0
2023-09-15,model_Portfolio,Hold,0.0,0.0,0.0,0.0,0.0,0.0,0.0,0.0,1.0,0.0
2023-09-18,model_Portfolio,Hold,0.0,0.0,0.0,0.0,0.0,0.0,0.0,0.0,1.0,0.0
2023-09-19,model_Portfolio,Hold,0.0,0.0,0.0,0.0,0.0,0.0,0.0,0.0,1.0,0.0
2023-09-20,model_Portfolio,Hold,0.0,0.0,0.0,0.0,0.0,0.0,0.0,0.0,1.0,0.0
2023-09-21,model_Portfolio,Hold,0.0,0.0,0.0,0.0,0.0,0.0,0.0,0.0,1.0,0.0
2023-09-22,model_Portfolio,Hold,0.0,0.0,0.0,0.0,0.0,0.0,0.0,0.0,1.0,0.0
2023-09-25,model_Portfolio,Hold,0.0,0.0,0.0,0.0,0.0,0.0,0.0,0.0,1.0,0.0
2023-09-26,model_Portfolio,Hold,0.0,0.0,0.0,0.0,0.0,0.0,0.0,0.0,1.0,0.0
2023-09-27,model_Portfolio,Hold,0.0,0.0,0.0,0.0,0.0,0.0,0.0,0.0,1.0,0.0
2023-09-28,model_Portfolio,Hold,0.0,0.0,0.0,0.0,0.0,0.0,0.0,0.0,1.0,0.0
2023-09-29,model_Portfolio,Hold,0.0,0.0,0.0,0.0,0.0,0.0,0.0,0.0,1.0,0.0
2023-10-02,model_Portfolio,Rebalance,0.0294,0.1771,0.143,0.0098,0.2689,0.116,0.0234,0.0132,0.0414,0.1777
2023-10-03,model_Portfolio,Hold,0.0296,0.1767,0.1417,0.0094,0.271,0.1176,0.0233,0.0131,0.041,0.1766
2023-10-04,model_Portfolio,Hold,0.0297,0.1793,0.1436,0.0097,0.2609,0.1195,0.0235,0.0135,0.0408,0.1796
2023-10-05,model_Portfolio,Hold,0.0299,0.1798,0.1445,0.0096,0.2594,0.1176,0.0236,0.0135,0.0408,0.1814
2023-10-06,model_Portfolio,Hold,0.03,0.1804,0.146,0.0097,0.2574,0.1176,0.0235,0.0137,0.0409,0.1809
2023-10-09,model_Portfolio,Hold,0.0294,0.1773,0.1447,0.0096,0.2637,0.1169,0.0237,0.0135,0.0405,0.1806
2023-10-10,model_Portfolio,Hold,0.0296,0.1773,0.1457,0.0097,0.2615,0.1183,0.0237,0.0135,0.0411,0.1795
2023-10-11,model_Portfolio,Hold,0.028,0.1776,0.147,0.0098,0.2609,0.1191,0.0238,0.0137,0.0409,0.1792
2023-10-12,model_Portfolio,Hold,0.0277,0.1743,0.1483,0.0099,0.265,0.118,0.0233,0.0136,0.0406,0.1793
2023-10-13,model_Portfolio,Hold,0.0275,0.1704,0.1469,0.0096,0.2747,0.1161,0.0231,0.0133,0.0399,0.1785
2023-10-16,model_Portfolio,Hold,0.0275,0.1702,0.1465,0.0097,0.2773,0.1153,0.0233,0.0133,0.0399,0.177
2023-10-17,model_Portfolio,Hold,0.0273,0.1706,0.1461,0.0095,0.277,0.116,0.0231,0.0132,0.0399,0.1772
2023-10-18,model_Portfolio,Hold,0.0285,0.169,0.145,0.0093,0.2821,0.1136,0.0225,0.0131,0.0392,0.1778
2023-10-19,model_Portfolio,Hold,0.0286,0.1693,0.1441,0.0094,0.2854,0.113,0.0219,0.0132,0.0387,0.1764
2023-10-20,model_Portfolio,Hold,0.0294,0.1682,0.1425,0.0093,0.2833,0.1137,0.0223,0.0131,0.039,0.1793
2023-10-23,model_Portfolio,Hold,0.0294,0.1693,0.1436,0.0095,0.2805,0.1136,0.0224,0.0134,0.0391,0.1792
2023-10-24,model_Portfolio,Hold,0.029,0.169,0.1439,0.0096,0.2776,0.114,0.0226,0.0136,0.0409,0.1799
2023-10-25,model_Portfolio,Hold,0.0287,0.1677,0.1454,0.0091,0.2789,0.1134,0.0218,0.0123,0.0408,0.1819
2023-10-26,model_Portfolio,Hold,0.0294,0.1707,0.147,0.0091,0.2804,0.117,0.0227,0.0122,0.0413,0.1701
2023-10-27,model_Portfolio,Hold,0.0293,0.1707,0.146,0.0098,0.2802,0.1171,0.0223,0.0123,0.041,0.1714
2023-10-30,model_Portfolio,Hold,0.0291,0.1708,0.1465,0.0101,0.2748,0.1181,0.0225,0.0124,0.0416,0.1741
2023-10-31,model_Portfolio,Hold,0.0294,0.1724,0.147,0.0101,0.2735,0.1181,0.0224,0.0123,0.042,0.1728
2023-11-01,model_Portfolio,Rebalance,0.0289,0.1247,0.0391,0.0062,0.0639,0.1292,0.0183,0.0068,0.4988,0.0841
2023-11-02,model_Portfolio,Hold,0.0286,0.1253,0.0397,0.0061,0.0628,0.1294,0.0189,0.0067,0.4984,0.084
2023-11-03,model_Portfolio,Hold,0.0282,0.1258,0.0394,0.0061,0.0623,0.1292,0.0195,0.0067,0.4999,0.0829
2023-11-06,model_Portfolio,Hold,0.0281,0.1262,0.0392,0.0061,0.0616,0.129,0.0194,0.0068,0.5005,0.083
2023-11-07,model_Portfolio,Hold,0.0286,0.1296,0.0398,0.0064,0.0609,0.115,0.0194,0.007,0.5086,0.0846
2023-11-08,model_Portfolio,Hold,0.0287,0.1312,0.0396,0.0064,0.059,0.1179,0.0196,0.0071,0.5062,0.0843
2023-11-09,model_Portfolio,Hold,0.0285,0.1304,0.0401,0.0064,0.0587,0.1204,0.0186,0.007,0.5053,0.0846
2023-11-10,model_Portfolio,Hold,0.0283,0.1313,0.0399,0.0064,0.059,0.1198,0.0186,0.0071,0.506,0.0835
2023-11-13,model_Portfolio,Hold,0.0289,0.13,0.04,0.0064,0.0587,0.1199,0.0184,0.0071,0.5068,0.0837
2023-11-14,model_Portfolio,Hold,0.0287,0.1293,0.0396,0.0064,0.0589,0.119,0.0202,0.007,0.5085,0.0824
2023-11-15,model_Portfolio,Hold,0.0286,0.1294,0.0384,0.0062,0.0577,0.1195,0.0199,0.007,0.511,0.0823
2023-11-16,model_Portfolio,Hold,0.0292,0.13,0.0386,0.0062,0.0554,0.1194,0.0196,0.0071,0.5125,0.0821
2023-11-17,model_Portfolio,Hold,0.029,0.1304,0.039,0.0063,0.057,0.118,0.0196,0.007,0.5113,0.0825
2023-11-20,model_Portfolio,Hold,0.0295,0.1315,0.0387,0.0063,0.0572,0.1188,0.0197,0.007,0.5089,0.0824
2023-11-21,model_Portfolio,Hold,0.0298,0.1318,0.0392,0.0063,0.0568,0.1211,0.0197,0.0071,0.5057,0.0826
2023-11-22,model_Portfolio,Hold,0.0298,0.1317,0.0391,0.0063,0.0562,0.1191,0.0196,0.0071,0.5084,0.0827
2023-11-24,model_Portfolio,Hold,0.0297,0.1314,0.0391,0.0063,0.0564,0.1186,0.0196,0.007,0.5089,0.0829
2023-11-27,model_Portfolio,Hold,0.0295,0.1303,0.039,0.0063,0.0554,0.117,0.0195,0.007,0.5133,0.0825
2023-11-28,model_Portfolio,Hold,0.0292,0.1295,0.0384,0.0062,0.0551,0.1148,0.0199,0.0069,0.5172,0.0827
2023-11-29,model_Portfolio,Hold,0.0296,0.1299,0.0382,0.0062,0.055,0.1141,0.0202,0.0068,0.5174,0.0826
2023-11-30,model_Portfolio,Hold,0.0296,0.1291,0.0384,0.0062,0.0542,0.1152,0.0201,0.0067,0.5177,0.0827
2023-12-01,model_Portfolio,Rebalance,0.0013,0.0,0.0,0.0,0.0,0.0,0.9987,0.0,0.0,0.0
2023-12-04,model_Portfolio,Hold,0.0012,0.0,0.0,0.0,0.0,0.0,0.9988,0.0,0.0,0.0
2023-12-05,model_Portfolio,Hold,0.0012,0.0,0.0,0.0,0.0,0.0,0.9988,0.0,0.0,0.0
2023-12-06,model_Portfolio,Hold,0.0012,0.0,0.0,0.0,0.0,0.0,0.9988,0.0,0.0,0.0
2023-12-07,model_Portfolio,Hold,0.0012,0.0,0.0,0.0,0.0,0.0,0.9988,0.0,0.0,0.0
2023-12-08,model_Portfolio,Hold,0.0012,0.0,0.0,0.0,0.0,0.0,0.9988,0.0,0.0,0.0
2023-12-11,model_Portfolio,Hold,0.0013,0.0,0.0,0.0,0.0,0.0,0.9987,0.0,0.0,0.0
2023-12-12,model_Portfolio,Hold,0.0013,0.0,0.0,0.0,0.0,0.0,0.9987,0.0,0.0,0.0
2023-12-13,model_Portfolio,Hold,0.0012,0.0,0.0,0.0,0.0,0.0,0.9988,0.0,0.0,0.0
2023-12-14,model_Portfolio,Hold,0.0011,0.0,0.0,0.0,0.0,0.0,0.9989,0.0,0.0,0.0
2023-12-15,model_Portfolio,Hold,0.0012,0.0,0.0,0.0,0.0,0.0,0.9988,0.0,0.0,0.0
2023-12-18,model_Portfolio,Hold,0.0012,0.0,0.0,0.0,0.0,0.0,0.9988,0.0,0.0,0.0
2023-12-19,model_Portfolio,Hold,0.0012,0.0,0.0,0.0,0.0,0.0,0.9988,0.0,0.0,0.0
2023-12-20,model_Portfolio,Hold,0.0012,0.0,0.0,0.0,0.0,0.0,0.9988,0.0,0.0,0.0
2023-12-21,model_Portfolio,Hold,0.0012,0.0,0.0,0.0,0.0,0.0,0.9988,0.0,0.0,0.0
2023-12-22,model_Portfolio,Hold,0.0012,0.0,0.0,0.0,0.0,0.0,0.9988,0.0,0.0,0.0
2023-12-26,model_Portfolio,Hold,0.0012,0.0,0.0,0.0,0.0,0.0,0.9988,0.0,0.0,0.0
2023-12-27,model_Portfolio,Hold,0.0012,0.0,0.0,0.0,0.0,0.0,0.9988,0.0,0.0,0.0
2023-12-28,model_Portfolio,Hold,0.0012,0.0,0.0,0.0,0.0,0.0,0.9988,0.0,0.0,0.0
2023-12-29,model_Portfolio,Hold,0.0012,0.0,0.0,0.0,0.0,0.0,0.9988,0.0,0.0,0.0
2024-01-02,model_Portfolio,Rebalance,0.5022,0.0003,0.0001,0.0,0.0001,0.0001,0.4965,0.0,0.0006,0.0001
2024-01-03,model_Portfolio,Hold,0.5092,0.0003,0.0001,0.0,0.0001,0.0001,0.4895,0.0,0.0006,0.0001
2024-01-04,model_Portfolio,Hold,0.5119,0.0003,0.0001,0.0,0.0001,0.0001,0.4868,0.0,0.0006,0.0001
2024-01-05,model_Portfolio,Hold,0.5098,0.0003,0.0001,0.0,0.0001,0.0001,0.4889,0.0,0.0006,0.0001
2024-01-08,model_Portfolio,Hold,0.5071,0.0003,0.0001,0.0,0.0001,0.0001,0.4916,0.0,0.0006,0.0001
2024-01-09,model_Portfolio,Hold,0.5106,0.0003,0.0001,0.0,0.0001,0.0001,0.4882,0.0,0.0006,0.0001
2024-01-10,model_Portfolio,Hold,0.5127,0.0003,0.0001,0.0,0.0001,0.0001,0.486,0.0,0.0006,0.0001
2024-01-11,model_Portfolio,Hold,0.5183,0.0003,0.0001,0.0,0.0001,0.0001,0.4804,0.0,0.0006,0.0001
2024-01-12,model_Portfolio,Hold,0.5185,0.0003,0.0001,0.0,0.0001,0.0001,0.4802,0.0,0.0006,0.0001
2024-01-16,model_Portfolio,Hold,0.5175,0.0003,0.0001,0.0,0.0001,0.0001,0.4812,0.0,0.0006,0.0001
2024-01-17,model_Portfolio,Hold,0.5246,0.0003,0.0001,0.0,0.0001,0.0001,0.4741,0.0,0.0006,0.0001
2024-01-18,model_Portfolio,Hold,0.5273,0.0003,0.0001,0.0,0.0001,0.0001,0.4714,0.0,0.0006,0.0001
2024-01-19,model_Portfolio,Hold,0.526,0.0003,0.0001,0.0,0.0001,0.0001,0.4728,0.0,0.0006,0.0001
2024-01-22,model_Portfolio,Hold,0.5248,0.0003,0.0001,0.0,0.0001,0.0001,0.474,0.0,0.0006,0.0001
2024-01-23,model_Portfolio,Hold,0.5272,0.0003,0.0001,0.0,0.0001,0.0001,0.4715,0.0,0.0005,0.0001
2024-01-24,model_Portfolio,Hold,0.5226,0.0003,0.0001,0.0,0.0001,0.0001,0.4762,0.0,0.0005,0.0001
2024-01-25,model_Portfolio,Hold,0.5209,0.0003,0.0001,0.0,0.0001,0.0001,0.4778,0.0,0.0005,0.0001
2024-01-26,model_Portfolio,Hold,0.5181,0.0003,0.0001,0.0,0.0001,0.0001,0.4807,0.0,0.0005,0.0001
2024-01-29,model_Portfolio,Hold,0.5171,0.0003,0.0001,0.0,0.0001,0.0001,0.4817,0.0,0.0005,0.0001
2024-01-30,model_Portfolio,Hold,0.5277,0.0003,0.0001,0.0,0.0001,0.0001,0.471,0.0,0.0005,0.0001
2024-01-31,model_Portfolio,Hold,0.5276,0.0003,0.0001,0.0,0.0001,0.0001,0.4712,0.0,0.0005,0.0001
2024-02-01,model_Portfolio,Rebalance,0.0054,0.0372,0.0787,0.0011,0.0277,0.0118,0.8162,0.0021,0.0033,0.0165
2024-02-02,model_Portfolio,Hold,0.0053,0.0377,0.0799,0.0011,0.0274,0.0119,0.8149,0.0021,0.0033,0.0165
2024-02-05,model_Portfolio,Hold,0.0055,0.0384,0.0815,0.0012,0.0277,0.0103,0.8133,0.0022,0.0033,0.0166
2024-02-06,model_Portfolio,Hold,0.0056,0.0379,0.0823,0.0012,0.0285,0.0103,0.8121,0.0022,0.0033,0.0166
2024-02-07,model_Portfolio,Hold,0.0056,0.0381,0.0844,0.0012,0.0285,0.0102,0.8099,0.0023,0.0033,0.0165
2024-02-08,model_Portfolio,Hold,0.0055,0.0382,0.0833,0.0012,0.0283,0.0104,0.8113,0.0023,0.0033,0.0164
2024-02-09,model_Portfolio,Hold,0.0055,0.0389,0.0844,0.0012,0.0281,0.0105,0.8091,0.0023,0.0033,0.0166
2024-02-12,model_Portfolio,Hold,0.0055,0.038,0.0836,0.0012,0.0283,0.0105,0.8108,0.0023,0.0033,0.0165
2024-02-13,model_Portfolio,Hold,0.0056,0.039,0.0864,0.0012,0.0286,0.0106,0.8057,0.0023,0.0034,0.0171
2024-02-14,model_Portfolio,Hold,0.0056,0.0396,0.0869,0.0012,0.0286,0.0105,0.8048,0.0023,0.0034,0.017
2024-02-15,model_Portfolio,Hold,0.0055,0.0379,0.0843,0.0011,0.0286,0.0105,0.8103,0.0022,0.0033,0.0162
2024-02-16,model_Portfolio,Hold,0.0055,0.0378,0.0836,0.0011,0.029,0.0106,0.8108,0.0021,0.0032,0.0162
2024-02-20,model_Portfolio,Hold,0.0056,0.0373,0.0839,0.0011,0.0286,0.0107,0.8111,0.0022,0.0033,0.0163
2024-02-21,model_Portfolio,Hold,0.0056,0.0364,0.0828,0.0011,0.0284,0.0105,0.8137,0.0021,0.0032,0.0161
2024-02-22,model_Portfolio,Hold,0.0057,0.0375,0.0834,0.0012,0.0274,0.0106,0.8126,0.0022,0.0032,0.0163
2024-02-23,model_Portfolio,Hold,0.0056,0.0378,0.0836,0.0012,0.027,0.0106,0.8125,0.0022,0.0032,0.0163
2024-02-26,model_Portfolio,Hold,0.0057,0.0386,0.0846,0.0012,0.0272,0.0107,0.8102,0.0021,0.0032,0.0164
2024-02-27,model_Portfolio,Hold,0.0057,0.038,0.0835,0.0012,0.0272,0.0106,0.8124,0.0021,0.0032,0.0162
2024-02-28,model_Portfolio,Hold,0.0057,0.038,0.084,0.0012,0.027,0.0106,0.8119,0.0021,0.0032,0.0163
2024-02-29,model_Portfolio,Hold,0.0055,0.0369,0.0824,0.0012,0.0263,0.0105,0.8162,0.002,0.0031,0.0159
2024-03-01,model_Portfolio,Rebalance,0.0051,0.0,0.0,0.0,0.0,0.0,0.9949,0.0,0.0,0.0
2024-03-04,model_Portfolio,Hold,0.0051,0.0,0.0,0.0,0.0,0.0,0.9949,0.0,0.0,0.0
2024-03-05,model_Portfolio,Hold,0.0051,0.0,0.0,0.0,0.0,0.0,0.9949,0.0,0.0,0.0
2024-03-06,model_Portfolio,Hold,0.0052,0.0,0.0,0.0,0.0,0.0,0.9948,0.0,0.0,0.0
2024-03-07,model_Portfolio,Hold,0.0052,0.0,0.0,0.0,0.0,0.0,0.9948,0.0,0.0,0.0
2024-03-08,model_Portfolio,Hold,0.0051,0.0,0.0,0.0,0.0,0.0,0.9949,0.0,0.0,0.0
2024-03-11,model_Portfolio,Hold,0.0051,0.0,0.0,0.0,0.0,0.0,0.9949,0.0,0.0,0.0
2024-03-12,model_Portfolio,Hold,0.0051,0.0,0.0,0.0,0.0,0.0,0.9949,0.0,0.0,0.0
2024-03-13,model_Portfolio,Hold,0.0051,0.0,0.0,0.0,0.0,0.0,0.9949,0.0,0.0,0.0
2024-03-14,model_Portfolio,Hold,0.0052,0.0,0.0,0.0,0.0,0.0,0.9948,0.0,0.0,0.0
2024-03-15,model_Portfolio,Hold,0.005,0.0,0.0,0.0,0.0,0.0,0.995,0.0,0.0,0.0
2024-03-18,model_Portfolio,Hold,0.0049,0.0,0.0,0.0,0.0,0.0,0.9951,0.0,0.0,0.0
2024-03-19,model_Portfolio,Hold,0.0049,0.0,0.0,0.0,0.0,0.0,0.9951,0.0,0.0,0.0
2024-03-20,model_Portfolio,Hold,0.0047,0.0,0.0,0.0,0.0,0.0,0.9953,0.0,0.0,0.0
2024-03-21,model_Portfolio,Hold,0.0047,0.0,0.0,0.0,0.0,0.0,0.9953,0.0,0.0,0.0
2024-03-22,model_Portfolio,Hold,0.0047,0.0,0.0,0.0,0.0,0.0,0.9953,0.0,0.0,0.0
2024-03-25,model_Portfolio,Hold,0.0047,0.0,0.0,0.0,0.0,0.0,0.9953,0.0,0.0,0.0
2024-03-26,model_Portfolio,Hold,0.0048,0.0,0.0,0.0,0.0,0.0,0.9952,0.0,0.0,0.0
2024-03-27,model_Portfolio,Hold,0.0047,0.0,0.0,0.0,0.0,0.0,0.9953,0.0,0.0,0.0
2024-03-28,model_Portfolio,Hold,0.0047,0.0,0.0,0.0,0.0,0.0,0.9953,0.0,0.0,0.0
2024-04-01,model_Portfolio,Rebalance,0.0,0.0,0.0,0.0,0.0,0.0,1.0,0.0,0.0,0.0
2024-04-02,model_Portfolio,Hold,0.0,0.0,0.0,0.0,0.0,0.0,1.0,0.0,0.0,0.0
2024-04-03,model_Portfolio,Hold,0.0,0.0,0.0,0.0,0.0,0.0,1.0,0.0,0.0,0.0
2024-04-04,model_Portfolio,Hold,0.0,0.0,0.0,0.0,0.0,0.0,1.0,0.0,0.0,0.0
2024-04-05,model_Portfolio,Hold,0.0,0.0,0.0,0.0,0.0,0.0,1.0,0.0,0.0,0.0
2024-04-08,model_Portfolio,Hold,0.0,0.0,0.0,0.0,0.0,0.0,1.0,0.0,0.0,0.0
2024-04-09,model_Portfolio,Hold,0.0,0.0,0.0,0.0,0.0,0.0,1.0,0.0,0.0,0.0
2024-04-10,model_Portfolio,Hold,0.0,0.0,0.0,0.0,0.0,0.0,1.0,0.0,0.0,0.0
2024-04-11,model_Portfolio,Hold,0.0,0.0,0.0,0.0,0.0,0.0,1.0,0.0,0.0,0.0
2024-04-12,model_Portfolio,Hold,0.0,0.0,0.0,0.0,0.0,0.0,1.0,0.0,0.0,0.0
2024-04-15,model_Portfolio,Hold,0.0,0.0,0.0,0.0,0.0,0.0,1.0,0.0,0.0,0.0
2024-04-16,model_Portfolio,Hold,0.0,0.0,0.0,0.0,0.0,0.0,1.0,0.0,0.0,0.0
2024-04-17,model_Portfolio,Hold,0.0,0.0,0.0,0.0,0.0,0.0,1.0,0.0,0.0,0.0
2024-04-18,model_Portfolio,Hold,0.0,0.0,0.0,0.0,0.0,0.0,1.0,0.0,0.0,0.0
2024-04-19,model_Portfolio,Hold,0.0,0.0,0.0,0.0,0.0,0.0,1.0,0.0,0.0,0.0
2024-04-22,model_Portfolio,Hold,0.0,0.0,0.0,0.0,0.0,0.0,1.0,0.0,0.0,0.0
2024-04-23,model_Portfolio,Hold,0.0,0.0,0.0,0.0,0.0,0.0,1.0,0.0,0.0,0.0
2024-04-24,model_Portfolio,Hold,0.0,0.0,0.0,0.0,0.0,0.0,1.0,0.0,0.0,0.0
2024-04-25,model_Portfolio,Hold,0.0,0.0,0.0,0.0,0.0,0.0,1.0,0.0,0.0,0.0
2024-04-26,model_Portfolio,Hold,0.0,0.0,0.0,0.0,0.0,0.0,1.0,0.0,0.0,0.0
2024-04-29,model_Portfolio,Hold,0.0,0.0,0.0,0.0,0.0,0.0,1.0,0.0,0.0,0.0
2024-04-30,model_Portfolio,Hold,0.0,0.0,0.0,0.0,0.0,0.0,1.0,0.0,0.0,0.0
2024-05-01,model_Portfolio,Rebalance,0.0,0.0,0.0,0.0,0.0,0.0,0.0,0.0,1.0,0.0
2024-05-02,model_Portfolio,Hold,0.0,0.0,0.0,0.0,0.0,0.0,0.0,0.0,1.0,0.0
2024-05-03,model_Portfolio,Hold,0.0,0.0,0.0,0.0,0.0,0.0,0.0,0.0,1.0,0.0
2024-05-06,model_Portfolio,Hold,0.0,0.0,0.0,0.0,0.0,0.0,0.0,0.0,1.0,0.0
2024-05-07,model_Portfolio,Hold,0.0,0.0,0.0,0.0,0.0,0.0,0.0,0.0,1.0,0.0
2024-05-08,model_Portfolio,Hold,0.0,0.0,0.0,0.0,0.0,0.0,0.0,0.0,1.0,0.0
2024-05-09,model_Portfolio,Hold,0.0,0.0,0.0,0.0,0.0,0.0,0.0,0.0,1.0,0.0
2024-05-10,model_Portfolio,Hold,0.0,0.0,0.0,0.0,0.0,0.0,0.0,0.0,1.0,0.0
2024-05-13,model_Portfolio,Hold,0.0,0.0,0.0,0.0,0.0,0.0,0.0,0.0,1.0,0.0
2024-05-14,model_Portfolio,Hold,0.0,0.0,0.0,0.0,0.0,0.0,0.0,0.0,1.0,0.0
2024-05-15,model_Portfolio,Hold,0.0,0.0,0.0,0.0,0.0,0.0,0.0,0.0,1.0,0.0
2024-05-16,model_Portfolio,Hold,0.0,0.0,0.0,0.0,0.0,0.0,0.0,0.0,1.0,0.0
2024-05-17,model_Portfolio,Hold,0.0,0.0,0.0,0.0,0.0,0.0,0.0,0.0,1.0,0.0
2024-05-20,model_Portfolio,Hold,0.0,0.0,0.0,0.0,0.0,0.0,0.0,0.0,1.0,0.0
2024-05-21,model_Portfolio,Hold,0.0,0.0,0.0,0.0,0.0,0.0,0.0,0.0,1.0,0.0
2024-05-22,model_Portfolio,Hold,0.0,0.0,0.0,0.0,0.0,0.0,0.0,0.0,1.0,0.0
2024-05-23,model_Portfolio,Hold,0.0,0.0,0.0,0.0,0.0,0.0,0.0,0.0,1.0,0.0
2024-05-24,model_Portfolio,Hold,0.0,0.0,0.0,0.0,0.0,0.0,0.0,0.0,1.0,0.0
2024-05-28,model_Portfolio,Hold,0.0,0.0,0.0,0.0,0.0,0.0,0.0,0.0,1.0,0.0
2024-05-29,model_Portfolio,Hold,0.0,0.0,0.0,0.0,0.0,0.0,0.0,0.0,1.0,0.0
2024-05-30,model_Portfolio,Hold,0.0,0.0,0.0,0.0,0.0,0.0,0.0,0.0,1.0,0.0
2024-05-31,model_Portfolio,Hold,0.0,0.0,0.0,0.0,0.0,0.0,0.0,0.0,1.0,0.0
2024-06-03,model_Portfolio,Rebalance,0.0067,0.0126,0.379,0.0032,0.0427,0.0389,0.0045,0.0043,0.4849,0.0232
2024-06-04,model_Portfolio,Hold,0.0068,0.013,0.379,0.0033,0.0424,0.0392,0.0046,0.0043,0.484,0.0235
2024-06-05,model_Portfolio,Hold,0.0067,0.0131,0.379,0.0033,0.0423,0.039,0.0045,0.0044,0.4843,0.0234
2024-06-06,model_Portfolio,Hold,0.0068,0.0132,0.3803,0.0034,0.0428,0.0391,0.0045,0.0044,0.4821,0.0235
2024-06-07,model_Portfolio,Hold,0.0069,0.0128,0.3763,0.0033,0.0416,0.0399,0.0044,0.0043,0.4874,0.0231
2024-06-10,model_Portfolio,Hold,0.0069,0.0129,0.3751,0.0034,0.0426,0.0403,0.0044,0.0043,0.4871,0.023
2024-06-11,model_Portfolio,Hold,0.0068,0.0131,0.3717,0.0034,0.0429,0.0401,0.0043,0.0044,0.4903,0.023
2024-06-12,model_Portfolio,Hold,0.0067,0.0127,0.3738,0.0034,0.0423,0.0404,0.0044,0.0044,0.4892,0.0227
2024-06-13,model_Portfolio,Hold,0.0067,0.0126,0.3713,0.0033,0.0413,0.0408,0.0045,0.0043,0.4924,0.0227
2024-06-14,model_Portfolio,Hold,0.0067,0.0129,0.3727,0.0033,0.0405,0.0396,0.0045,0.0044,0.4926,0.0226
2024-06-17,model_Portfolio,Hold,0.0067,0.0128,0.3758,0.0033,0.0406,0.0393,0.0044,0.0044,0.4898,0.0228
2024-06-18,model_Portfolio,Hold,0.0067,0.0127,0.378,0.0033,0.0405,0.0393,0.0044,0.0043,0.4881,0.0227
2024-06-20,model_Portfolio,Hold,0.0068,0.0135,0.3778,0.0033,0.0405,0.0385,0.0044,0.0043,0.4879,0.0228
2024-06-21,model_Portfolio,Hold,0.0067,0.0136,0.3762,0.0034,0.0401,0.0385,0.0044,0.0044,0.4898,0.0229
2024-06-24,model_Portfolio,Hold,0.0067,0.0134,0.3764,0.0033,0.0416,0.038,0.0044,0.0043,0.4889,0.0231
2024-06-25,model_Portfolio,Hold,0.0067,0.0135,0.3774,0.0033,0.0414,0.0377,0.0044,0.0045,0.4879,0.0232
2024-06-26,model_Portfolio,Hold,0.0067,0.0135,0.3768,0.0035,0.0412,0.0375,0.0044,0.0045,0.4886,0.0234
2024-06-27,model_Portfolio,Hold,0.0067,0.0133,0.3735,0.0035,0.0414,0.0371,0.0044,0.0045,0.4928,0.0227
2024-06-28,model_Portfolio,Hold,0.0066,0.0134,0.3758,0.0035,0.0422,0.0365,0.0045,0.0045,0.4903,0.0229
2024-07-01,model_Portfolio,Rebalance,0.0482,0.2095,0.1312,0.0019,0.0404,0.0068,0.2413,0.0104,0.2947,0.0156
2024-07-02,model_Portfolio,Hold,0.0478,0.2089,0.1309,0.0019,0.0398,0.0068,0.2423,0.0105,0.2956,0.0155
2024-07-03,model_Portfolio,Hold,0.0474,0.2101,0.1303,0.0018,0.0399,0.0069,0.2422,0.0105,0.2954,0.0154
2024-07-05,model_Portfolio,Hold,0.0485,0.2068,0.131,0.0019,0.039,0.0069,0.2431,0.0109,0.2964,0.0156
2024-07-08,model_Portfolio,Hold,0.0477,0.2075,0.1305,0.0019,0.0394,0.007,0.2433,0.0108,0.2964,0.0156
2024-07-09,model_Portfolio,Hold,0.0477,0.2077,0.1319,0.0019,0.0396,0.007,0.2434,0.0109,0.2939,0.0159
2024-07-10,model_Portfolio,Hold,0.048,0.2041,0.1327,0.0019,0.0392,0.007,0.2432,0.0109,0.2972,0.0159
2024-07-11,model_Portfolio,Hold,0.0472,0.201,0.1321,0.0018,0.0395,0.0069,0.2524,0.0103,0.2934,0.0155
2024-07-12,model_Portfolio,Hold,0.0465,0.2067,0.1306,0.0018,0.0391,0.0069,0.2513,0.0101,0.2916,0.0155
2024-07-15,model_Portfolio,Hold,0.0459,0.2102,0.1309,0.0017,0.0408,0.0068,0.2519,0.0101,0.2862,0.0154
2024-07-16,model_Portfolio,Hold,0.0455,0.2133,0.1301,0.0017,0.0408,0.0069,0.2509,0.0099,0.2856,0.0153
2024-07-17,model_Portfolio,Hold,0.0459,0.2116,0.1296,0.0017,0.0411,0.0069,0.2514,0.0097,0.2865,0.0156
2024-07-18,model_Portfolio,Hold,0.0442,0.2149,0.1309,0.0016,0.0413,0.0069,0.2479,0.0096,0.287,0.0157
2024-07-19,model_Portfolio,Hold,0.0452,0.2162,0.1293,0.0016,0.0413,0.0068,0.2465,0.0096,0.2876,0.0158
2024-07-22,model_Portfolio,Hold,0.0456,0.2161,0.1305,0.0016,0.0403,0.0064,0.2458,0.0097,0.2882,0.0157
2024-07-23,model_Portfolio,Hold,0.0462,0.2177,0.1317,0.0017,0.04,0.0067,0.2398,0.0098,0.2907,0.0158
2024-07-24,model_Portfolio,Hold,0.0485,0.2202,0.1337,0.0016,0.0401,0.0069,0.232,0.0095,0.2914,0.0161
2024-07-25,model_Portfolio,Hold,0.0478,0.2206,0.1333,0.0016,0.0413,0.0068,0.2323,0.0092,0.291,0.0162
2024-07-26,model_Portfolio,Hold,0.0442,0.2046,0.1252,0.0015,0.0385,0.0064,0.222,0.0085,0.3337,0.0153
2024-07-29,model_Portfolio,Hold,0.0445,0.2053,0.1261,0.0016,0.0383,0.0066,0.2215,0.0088,0.3319,0.0155
2024-07-30,model_Portfolio,Hold,0.0442,0.205,0.1259,0.0015,0.0382,0.0065,0.2221,0.0087,0.3325,0.0153
2024-07-31,model_Portfolio,Hold,0.0445,0.2059,0.1259,0.0016,0.0384,0.0065,0.2189,0.0088,0.3346,0.0149
2024-08-01,model_Portfolio,Rebalance,0.0,0.0,0.0,0.0,0.0,0.0,0.0,0.0,1.0,0.0
2024-08-02,model_Portfolio,Hold,0.0,0.0,0.0,0.0,0.0,0.0,0.0,0.0,1.0,0.0
2024-08-05,model_Portfolio,Hold,0.0,0.0,0.0,0.0,0.0,0.0,0.0,0.0,1.0,0.0
2024-08-06,model_Portfolio,Hold,0.0,0.0,0.0,0.0,0.0,0.0,0.0,0.0,1.0,0.0
2024-08-07,model_Portfolio,Hold,0.0,0.0,0.0,0.0,0.0,0.0,0.0,0.0,1.0,0.0
2024-08-08,model_Portfolio,Hold,0.0,0.0,0.0,0.0,0.0,0.0,0.0,0.0,1.0,0.0
2024-08-09,model_Portfolio,Hold,0.0,0.0,0.0,0.0,0.0,0.0,0.0,0.0,1.0,0.0
2024-08-12,model_Portfolio,Hold,0.0,0.0,0.0,0.0,0.0,0.0,0.0,0.0,1.0,0.0
2024-08-13,model_Portfolio,Hold,0.0,0.0,0.0,0.0,0.0,0.0,0.0,0.0,1.0,0.0
2024-08-14,model_Portfolio,Hold,0.0,0.0,0.0,0.0,0.0,0.0,0.0,0.0,1.0,0.0
2024-08-15,model_Portfolio,Hold,0.0,0.0,0.0,0.0,0.0,0.0,0.0,0.0,1.0,0.0
2024-08-16,model_Portfolio,Hold,0.0,0.0,0.0,0.0,0.0,0.0,0.0,0.0,1.0,0.0
2024-08-19,model_Portfolio,Hold,0.0,0.0,0.0,0.0,0.0,0.0,0.0,0.0,1.0,0.0
2024-08-20,model_Portfolio,Hold,0.0,0.0,0.0,0.0,0.0,0.0,0.0,0.0,1.0,0.0
2024-08-21,model_Portfolio,Hold,0.0,0.0,0.0,0.0,0.0,0.0,0.0,0.0,1.0,0.0
2024-08-22,model_Portfolio,Hold,0.0,0.0,0.0,0.0,0.0,0.0,0.0,0.0,1.0,0.0
2024-08-23,model_Portfolio,Hold,0.0,0.0,0.0,0.0,0.0,0.0,0.0,0.0,1.0,0.0
2024-08-26,model_Portfolio,Hold,0.0,0.0,0.0,0.0,0.0,0.0,0.0,0.0,1.0,0.0
2024-08-27,model_Portfolio,Hold,0.0,0.0,0.0,0.0,0.0,0.0,0.0,0.0,1.0,0.0
2024-08-28,model_Portfolio,Hold,0.0,0.0,0.0,0.0,0.0,0.0,0.0,0.0,1.0,0.0
2024-08-29,model_Portfolio,Hold,0.0,0.0,0.0,0.0,0.0,0.0,0.0,0.0,1.0,0.0
2024-08-30,model_Portfolio,Hold,0.0,0.0,0.0,0.0,0.0,0.0,0.0,0.0,1.0,0.0
2024-09-03,model_Portfolio,Rebalance,0.0,0.0,0.0333,0.0,0.0,0.0,0.0028,0.0,0.9639,0.0
2024-09-04,model_Portfolio,Hold,0.0,0.0,0.0334,0.0,0.0,0.0,0.0028,0.0,0.9638,0.0
2024-09-05,model_Portfolio,Hold,0.0,0.0,0.0333,0.0,0.0,0.0,0.0028,0.0,0.9639,0.0
2024-09-06,model_Portfolio,Hold,0.0,0.0,0.0338,0.0,0.0,0.0,0.0028,0.0,0.9634,0.0
2024-09-09,model_Portfolio,Hold,0.0,0.0,0.034,0.0,0.0,0.0,0.0029,0.0,0.9632,0.0
2024-09-10,model_Portfolio,Hold,0.0,0.0,0.0333,0.0,0.0,0.0,0.0029,0.0,0.9638,0.0
2024-09-11,model_Portfolio,Hold,0.0,0.0,0.0329,0.0,0.0,0.0,0.0029,0.0,0.9642,0.0
2024-09-12,model_Portfolio,Hold,0.0,0.0,0.0327,0.0,0.0,0.0,0.0029,0.0,0.9644,0.0
2024-09-13,model_Portfolio,Hold,0.0,0.0,0.0326,0.0,0.0,0.0,0.0029,0.0,0.9645,0.0
2024-09-16,model_Portfolio,Hold,0.0,0.0,0.0327,0.0,0.0,0.0,0.0029,0.0,0.9644,0.0
2024-09-17,model_Portfolio,Hold,0.0,0.0,0.0328,0.0,0.0,0.0,0.0029,0.0,0.9643,0.0
2024-09-18,model_Portfolio,Hold,0.0,0.0,0.0326,0.0,0.0,0.0,0.0029,0.0,0.9645,0.0
2024-09-19,model_Portfolio,Hold,0.0,0.0,0.0322,0.0,0.0,0.0,0.0029,0.0,0.9649,0.0
2024-09-20,model_Portfolio,Hold,0.0,0.0,0.032,0.0,0.0,0.0,0.0028,0.0,0.9652,0.0
2024-09-23,model_Portfolio,Hold,0.0,0.0,0.0324,0.0,0.0,0.0,0.0028,0.0,0.9648,0.0
2024-09-24,model_Portfolio,Hold,0.0,0.0,0.0318,0.0,0.0,0.0,0.0028,0.0,0.9654,0.0
2024-09-25,model_Portfolio,Hold,0.0,0.0,0.0321,0.0,0.0,0.0,0.0028,0.0,0.9651,0.0
2024-09-26,model_Portfolio,Hold,0.0,0.0,0.0316,0.0,0.0,0.0,0.0027,0.0,0.9657,0.0
2024-09-27,model_Portfolio,Hold,0.0,0.0,0.0322,0.0,0.0,0.0,0.0028,0.0,0.965,0.0
2024-09-30,model_Portfolio,Hold,0.0,0.0,0.0327,0.0,0.0,0.0,0.0027,0.0,0.9646,0.0
2024-10-01,model_Portfolio,Rebalance,0.0001,0.0004,0.4348,0.0,0.0003,0.0004,0.0,0.0,0.5638,0.0001
2024-10-02,model_Portfolio,Hold,0.0001,0.0004,0.4408,0.0,0.0003,0.0004,0.0,0.0,0.5578,0.0001
2024-10-03,model_Portfolio,Hold,0.0001,0.0004,0.4405,0.0,0.0003,0.0004,0.0,0.0,0.5581,0.0001
2024-10-04,model_Portfolio,Hold,0.0001,0.0004,0.4433,0.0,0.0003,0.0004,0.0,0.0,0.5553,0.0001
2024-10-07,model_Portfolio,Hold,0.0001,0.0004,0.4367,0.0,0.0003,0.0004,0.0,0.0,0.5619,0.0001
2024-10-08,model_Portfolio,Hold,0.0001,0.0004,0.4383,0.0,0.0003,0.0004,0.0,0.0,0.5603,0.0001
2024-10-09,model_Portfolio,Hold,0.0001,0.0004,0.4346,0.0,0.0003,0.0004,0.0,0.0,0.5639,0.0001
2024-10-10,model_Portfolio,Hold,0.0001,0.0004,0.4387,0.0,0.0003,0.0004,0.0,0.0,0.5599,0.0001
2024-10-11,model_Portfolio,Hold,0.0001,0.0004,0.4399,0.0,0.0003,0.0004,0.0,0.0,0.5586,0.0001
2024-10-14,model_Portfolio,Hold,0.0001,0.0004,0.4399,0.0,0.0003,0.0004,0.0,0.0,0.5587,0.0001
2024-10-15,model_Portfolio,Hold,0.0001,0.0004,0.4397,0.0,0.0003,0.0004,0.0,0.0,0.5589,0.0001
2024-10-16,model_Portfolio,Hold,0.0001,0.0004,0.4395,0.0,0.0003,0.0004,0.0,0.0,0.5591,0.0001
2024-10-17,model_Portfolio,Hold,0.0001,0.0004,0.442,0.0,0.0003,0.0004,0.0,0.0,0.5566,0.0001
2024-10-18,model_Portfolio,Hold,0.0001,0.0004,0.4419,0.0,0.0003,0.0004,0.0,0.0,0.5567,0.0001
2024-10-21,model_Portfolio,Hold,0.0001,0.0004,0.4387,0.0,0.0003,0.0004,0.0,0.0,0.5599,0.0001
2024-10-22,model_Portfolio,Hold,0.0001,0.0004,0.4431,0.0,0.0003,0.0004,0.0,0.0,0.5554,0.0001
2024-10-23,model_Portfolio,Hold,0.0001,0.0004,0.4503,0.0,0.0003,0.0005,0.0,0.0,0.5482,0.0001
2024-10-24,model_Portfolio,Hold,0.0001,0.0004,0.4528,0.0,0.0003,0.0004,0.0,0.0,0.5457,0.0001
2024-10-25,model_Portfolio,Hold,0.0001,0.0004,0.4512,0.0,0.0003,0.0004,0.0,0.0,0.5474,0.0001
2024-10-28,model_Portfolio,Hold,0.0001,0.0004,0.4406,0.0,0.0003,0.0004,0.0,0.0,0.558,0.0001
2024-10-29,model_Portfolio,Hold,0.0001,0.0004,0.443,0.0,0.0003,0.0004,0.0,0.0,0.5556,0.0001
2024-10-30,model_Portfolio,Hold,0.0001,0.0004,0.4465,0.0,0.0003,0.0004,0.0,0.0,0.5521,0.0001
2024-10-31,model_Portfolio,Hold,0.0001,0.0004,0.4326,0.0,0.0003,0.0004,0.0,0.0,0.566,0.0002
2024-11-01,model_Portfolio,Rebalance,0.0065,0.0204,0.0062,0.005,0.0442,0.0158,0.0048,0.0023,0.0033,0.8916
2024-11-04,model_Portfolio,Hold,0.0064,0.0202,0.0062,0.0049,0.0451,0.0156,0.0049,0.0022,0.0033,0.8911
2024-11-05,model_Portfolio,Hold,0.0064,0.0202,0.0062,0.005,0.0449,0.0156,0.0049,0.0022,0.0033,0.8914
2024-11-06,model_Portfolio,Hold,0.0063,0.0207,0.0063,0.0051,0.0469,0.0155,0.0049,0.0023,0.0034,0.8885
2024-11-07,model_Portfolio,Hold,0.0063,0.0214,0.0064,0.0053,0.0423,0.0161,0.005,0.0024,0.0035,0.8914
2024-11-08,model_Portfolio,Hold,0.0064,0.0209,0.0064,0.0052,0.0416,0.016,0.005,0.0023,0.0035,0.8928
2024-11-11,model_Portfolio,Hold,0.0064,0.021,0.0065,0.0052,0.0424,0.016,0.0048,0.0024,0.0034,0.8918
2024-11-12,model_Portfolio,Hold,0.0063,0.0211,0.0065,0.0052,0.0415,0.0158,0.0047,0.0024,0.0033,0.8933
2024-11-13,model_Portfolio,Hold,0.0062,0.0213,0.0064,0.0053,0.0412,0.0156,0.0046,0.0023,0.0033,0.8937
2024-11-14,model_Portfolio,Hold,0.0061,0.0208,0.0063,0.0052,0.0422,0.0157,0.0046,0.0022,0.0033,0.8935
2024-11-15,model_Portfolio,Hold,0.0061,0.0201,0.0064,0.0049,0.0415,0.0157,0.0044,0.0022,0.0033,0.8954
2024-11-18,model_Portfolio,Hold,0.0062,0.0199,0.0063,0.0049,0.0413,0.0161,0.0044,0.0022,0.0032,0.8954
2024-11-19,model_Portfolio,Hold,0.0062,0.0202,0.0064,0.005,0.0407,0.0162,0.0044,0.0023,0.0032,0.8954
2024-11-20,model_Portfolio,Hold,0.0061,0.0203,0.0063,0.0049,0.041,0.0162,0.0044,0.0022,0.0032,0.8953
2024-11-21,model_Portfolio,Hold,0.0062,0.0205,0.0064,0.0048,0.0415,0.0162,0.0044,0.0021,0.0032,0.8946
2024-11-22,model_Portfolio,Hold,0.0061,0.0201,0.0064,0.0047,0.0416,0.0162,0.0045,0.0021,0.0032,0.8951
2024-11-25,model_Portfolio,Hold,0.0062,0.0203,0.0064,0.0048,0.0414,0.0163,0.0046,0.0021,0.0032,0.8947
2024-11-26,model_Portfolio,Hold,0.0061,0.0201,0.0064,0.0049,0.0406,0.0161,0.0046,0.0021,0.0032,0.896
2024-11-27,model_Portfolio,Hold,0.0061,0.02,0.0064,0.0049,0.0405,0.016,0.0045,0.0021,0.0032,0.8963
2024-11-29,model_Portfolio,Hold,0.0061,0.02,0.0063,0.0049,0.0407,0.016,0.0045,0.0021,0.0033,0.8961
2024-12-02,model_Portfolio,Rebalance,0.0,0.0,0.008,0.0,0.0,0.0,0.0005,0.0,0.9916,0.0
2024-12-03,model_Portfolio,Hold,0.0,0.0,0.0077,0.0,0.0,0.0,0.0005,0.0,0.9918,0.0
2024-12-04,model_Portfolio,Hold,0.0,0.0,0.0078,0.0,0.0,0.0,0.0004,0.0,0.9918,0.0
2024-12-05,model_Portfolio,Hold,0.0,0.0,0.0077,0.0,0.0,0.0,0.0004,0.0,0.9919,0.0
2024-12-06,model_Portfolio,Hold,0.0,0.0,0.0076,0.0,0.0,0.0,0.0004,0.0,0.9919,0.0
2024-12-09,model_Portfolio,Hold,0.0,0.0,0.0076,0.0,0.0,0.0,0.0005,0.0,0.992,0.0
2024-12-10,model_Portfolio,Hold,0.0,0.0,0.0076,0.0,0.0,0.0,0.0004,0.0,0.9919,0.0
2024-12-11,model_Portfolio,Hold,0.0,0.0,0.0076,0.0,0.0,0.0,0.0004,0.0,0.9919,0.0
2024-12-12,model_Portfolio,Hold,0.0,0.0,0.0076,0.0,0.0,0.0,0.0004,0.0,0.9919,0.0
2024-12-13,model_Portfolio,Hold,0.0,0.0,0.0076,0.0,0.0,0.0,0.0004,0.0,0.9919,0.0
2024-12-16,model_Portfolio,Hold,0.0,0.0,0.0076,0.0,0.0,0.0,0.0004,0.0,0.992,0.0
2024-12-17,model_Portfolio,Hold,0.0,0.0,0.0076,0.0,0.0,0.0,0.0004,0.0,0.9919,0.0
2024-12-18,model_Portfolio,Hold,0.0,0.0,0.0076,0.0,0.0,0.0,0.0004,0.0,0.992,0.0
2024-12-19,model_Portfolio,Hold,0.0,0.0,0.0076,0.0,0.0,0.0,0.0004,0.0,0.992,0.0
2024-12-20,model_Portfolio,Hold,0.0,0.0,0.0075,0.0,0.0,0.0,0.0004,0.0,0.992,0.0
2024-12-23,model_Portfolio,Hold,0.0,0.0,0.0076,0.0,0.0,0.0,0.0004,0.0,0.992,0.0
2024-12-24,model_Portfolio,Hold,0.0,0.0,0.0075,0.0,0.0,0.0,0.0004,0.0,0.9921,0.0
2024-12-26,model_Portfolio,Hold,0.0,0.0,0.0075,0.0,0.0,0.0,0.0004,0.0,0.9921,0.0
2024-12-27,model_Portfolio,Hold,0.0,0.0,0.0075,0.0,0.0,0.0,0.0004,0.0,0.992,0.0
2024-12-30,model_Portfolio,Hold,0.0,0.0,0.0076,0.0,0.0,0.0,0.0004,0.0,0.992,0.0
2024-12-31,model_Portfolio,Hold,0.0,0.0,0.0076,0.0,0.0,0.0,0.0004,0.0,0.992,0.0
2025-01-02,model_Portfolio,Rebalance,0.0114,0.0172,0.0153,0.0017,0.0156,0.0052,0.0067,0.0012,0.9193,0.0063
2025-01-03,model_Portfolio,Hold,0.0114,0.0175,0.0154,0.0018,0.0156,0.0052,0.0068,0.0012,0.9188,0.0064
2025-01-06,model_Portfolio,Hold,0.0113,0.0173,0.0151,0.0018,0.0158,0.0051,0.0066,0.0013,0.9194,0.0063
2025-01-07,model_Portfolio,Hold,0.0111,0.0172,0.015,0.0017,0.0155,0.0051,0.0065,0.0012,0.9205,0.0061
2025-01-08,model_Portfolio,Hold,0.0111,0.0171,0.0149,0.0017,0.0153,0.005,0.0064,0.0012,0.9212,0.006
2025-01-10,model_Portfolio,Hold,0.0112,0.0171,0.0149,0.0017,0.0157,0.0053,0.0064,0.0012,0.9204,0.0061
2025-01-13,model_Portfolio,Hold,0.011,0.0167,0.0148,0.0017,0.0158,0.0053,0.0064,0.0012,0.9213,0.0059
2025-01-14,model_Portfolio,Hold,0.0108,0.0164,0.0147,0.0016,0.0158,0.0053,0.0063,0.0012,0.9221,0.0059
2025-01-15,model_Portfolio,Hold,0.0106,0.0163,0.0148,0.0017,0.0161,0.0053,0.0063,0.0012,0.9219,0.0058
2025-01-16,model_Portfolio,Hold,0.0108,0.0163,0.0148,0.0016,0.0157,0.0053,0.0064,0.0012,0.9222,0.0058
2025-01-17,model_Portfolio,Hold,0.0106,0.0162,0.0147,0.0017,0.0151,0.0053,0.0064,0.0012,0.9231,0.0058
2025-01-21,model_Portfolio,Hold,0.0105,0.0157,0.0141,0.0016,0.0141,0.0052,0.0062,0.0011,0.9258,0.0055
2025-01-22,model_Portfolio,Hold,0.0104,0.0156,0.0137,0.0016,0.0139,0.0051,0.006,0.0011,0.9272,0.0054
2025-01-23,model_Portfolio,Hold,0.0109,0.0157,0.0136,0.0016,0.0139,0.0052,0.006,0.0011,0.9265,0.0054
2025-01-24,model_Portfolio,Hold,0.011,0.0157,0.0137,0.0016,0.0138,0.0052,0.0061,0.0011,0.9262,0.0055
2025-01-27,model_Portfolio,Hold,0.0113,0.016,0.0139,0.0016,0.0136,0.0051,0.006,0.0011,0.9258,0.0056
2025-01-28,model_Portfolio,Hold,0.0111,0.0162,0.0138,0.0016,0.0136,0.0051,0.0057,0.0011,0.9262,0.0055
2025-01-29,model_Portfolio,Hold,0.0111,0.016,0.0139,0.0016,0.0135,0.0051,0.0056,0.0011,0.9265,0.0055
2025-01-30,model_Portfolio,Hold,0.011,0.016,0.0137,0.0016,0.0132,0.0052,0.0055,0.0011,0.9274,0.0053
2025-01-31,model_Portfolio,Hold,0.0111,0.0164,0.0138,0.0016,0.0127,0.0052,0.0057,0.0011,0.9268,0.0054
2025-02-03,model_Portfolio,Rebalance,0.002,0.0,0.0,0.0,0.0,0.0,0.0,0.0,0.998,0.0
2025-02-04,model_Portfolio,Hold,0.002,0.0,0.0,0.0,0.0,0.0,0.0,0.0,0.998,0.0
2025-02-05,model_Portfolio,Hold,0.002,0.0,0.0,0.0,0.0,0.0,0.0,0.0,0.998,0.0
2025-02-06,model_Portfolio,Hold,0.0019,0.0,0.0,0.0,0.0,0.0,0.0,0.0,0.9981,0.0
2025-02-07,model_Portfolio,Hold,0.002,0.0,0.0,0.0,0.0,0.0,0.0,0.0,0.998,0.0
2025-02-10,model_Portfolio,Hold,0.002,0.0,0.0,0.0,0.0,0.0,0.0,0.0,0.998,0.0
2025-02-11,model_Portfolio,Hold,0.002,0.0,0.0,0.0,0.0,0.0,0.0,0.0,0.998,0.0
2025-02-12,model_Portfolio,Hold,0.002,0.0,0.0,0.0,0.0,0.0,0.0,0.0,0.998,0.0
2025-02-13,model_Portfolio,Hold,0.002,0.0,0.0,0.0,0.0,0.0,0.0,0.0,0.998,0.0
2025-02-14,model_Portfolio,Hold,0.002,0.0,0.0,0.0,0.0,0.0,0.0,0.0,0.998,0.0
2025-02-18,model_Portfolio,Hold,0.002,0.0,0.0,0.0,0.0,0.0,0.0,0.0,0.998,0.0
2025-02-19,model_Portfolio,Hold,0.002,0.0,0.0,0.0,0.0,0.0,0.0,0.0,0.998,0.0
2025-02-20,model_Portfolio,Hold,0.0021,0.0,0.0,0.0,0.0,0.0,0.0,0.0,0.9979,0.0
2025-02-21,model_Portfolio,Hold,0.0021,0.0,0.0,0.0,0.0,0.0,0.0,0.0,0.9979,0.0
2025-02-24,model_Portfolio,Hold,0.0021,0.0,0.0,0.0,0.0,0.0,0.0,0.0,0.9979,0.0
2025-02-25,model_Portfolio,Hold,0.0021,0.0,0.0,0.0,0.0,0.0,0.0,0.0,0.9979,0.0
2025-02-26,model_Portfolio,Hold,0.0021,0.0,0.0,0.0,0.0,0.0,0.0,0.0,0.9979,0.0
2025-02-27,model_Portfolio,Hold,0.0021,0.0,0.0,0.0,0.0,0.0,0.0,0.0,0.9979,0.0
2025-02-28,model_Portfolio,Hold,0.002,0.0,0.0,0.0,0.0,0.0,0.0,0.0,0.998,0.0
2025-03-03,model_Portfolio,Rebalance,0.0001,0.0,0.0,0.0,0.0,0.0,0.0,0.0,0.9999,0.0
2025-03-04,model_Portfolio,Hold,0.0001,0.0,0.0,0.0,0.0,0.0,0.0,0.0,0.9999,0.0
2025-03-05,model_Portfolio,Hold,0.0001,0.0,0.0,0.0,0.0,0.0,0.0,0.0,0.9999,0.0
2025-03-06,model_Portfolio,Hold,0.0001,0.0,0.0,0.0,0.0,0.0,0.0,0.0,0.9999,0.0
2025-03-07,model_Portfolio,Hold,0.0001,0.0,0.0,0.0,0.0,0.0,0.0,0.0,0.9999,0.0
2025-03-10,model_Portfolio,Hold,0.0001,0.0,0.0,0.0,0.0,0.0,0.0,0.0,0.9999,0.0
2025-03-11,model_Portfolio,Hold,0.0001,0.0,0.0,0.0,0.0,0.0,0.0,0.0,0.9999,0.0
2025-03-12,model_Portfolio,Hold,0.0001,0.0,0.0,0.0,0.0,0.0,0.0,0.0,0.9999,0.0
2025-03-13,model_Portfolio,Hold,0.0001,0.0,0.0,0.0,0.0,0.0,0.0,0.0,0.9999,0.0
2025-03-14,model_Portfolio,Hold,0.0001,0.0,0.0,0.0,0.0,0.0,0.0,0.0,0.9999,0.0
2025-03-17,model_Portfolio,Hold,0.0001,0.0,0.0,0.0,0.0,0.0,0.0,0.0,0.9999,0.0
2025-03-18,model_Portfolio,Hold,0.0001,0.0,0.0,0.0,0.0,0.0,0.0,0.0,0.9999,0.0
2025-03-19,model_Portfolio,Hold,0.0001,0.0,0.0,0.0,0.0,0.0,0.0,0.0,0.9999,0.0
2025-03-20,model_Portfolio,Hold,0.0001,0.0,0.0,0.0,0.0,0.0,0.0,0.0,0.9999,0.0
2025-03-21,model_Portfolio,Hold,0.0001,0.0,0.0,0.0,0.0,0.0,0.0,0.0,0.9999,0.0
2025-03-24,model_Portfolio,Hold,0.0001,0.0,0.0,0.0,0.0,0.0,0.0,0.0,0.9999,0.0
2025-03-25,model_Portfolio,Hold,0.0,0.0,0.0,0.0,0.0,0.0,0.0,0.0,1.0,0.0
2025-03-26,model_Portfolio,Hold,0.0001,0.0,0.0,0.0,0.0,0.0,0.0,0.0,0.9999,0.0
2025-03-27,model_Portfolio,Hold,0.0001,0.0,0.0,0.0,0.0,0.0,0.0,0.0,0.9999,0.0
2025-03-28,model_Portfolio,Hold,0.0001,0.0,0.0,0.0,0.0,0.0,0.0,0.0,0.9999,0.0
2025-03-31,model_Portfolio,Hold,0.0001,0.0,0.0,0.0,0.0,0.0,0.0,0.0,0.9999,0.0
2025-04-01,model_Portfolio,Rebalance,1.0,0.0,0.0,0.0,0.0,0.0,0.0,0.0,0.0,0.0
2025-04-02,model_Portfolio,Hold,1.0,0.0,0.0,0.0,0.0,0.0,0.0,0.0,0.0,0.0
2025-04-03,model_Portfolio,Hold,1.0,0.0,0.0,0.0,0.0,0.0,0.0,0.0,0.0,0.0
2025-04-04,model_Portfolio,Hold,1.0,0.0,0.0,0.0,0.0,0.0,0.0,0.0,0.0,0.0
2025-04-07,model_Portfolio,Hold,1.0,0.0,0.0,0.0,0.0,0.0,0.0,0.0,0.0,0.0
2025-04-08,model_Portfolio,Hold,1.0,0.0,0.0,0.0,0.0,0.0,0.0,0.0,0.0,0.0
2025-04-09,model_Portfolio,Hold,1.0,0.0,0.0,0.0,0.0,0.0,0.0,0.0,0.0,0.0
2025-04-10,model_Portfolio,Hold,1.0,0.0,0.0,0.0,0.0,0.0,0.0,0.0,0.0,0.0
2025-04-11,model_Portfolio,Hold,1.0,0.0,0.0,0.0,0.0,0.0,0.0,0.0,0.0,0.0
2025-04-14,model_Portfolio,Hold,1.0,0.0,0.0,0.0,0.0,0.0,0.0,0.0,0.0,0.0
2025-04-15,model_Portfolio,Hold,1.0,0.0,0.0,0.0,0.0,0.0,0.0,0.0,0.0,0.0
2025-04-16,model_Portfolio,Hold,1.0,0.0,0.0,0.0,0.0,0.0,0.0,0.0,0.0,0.0
2025-04-17,model_Portfolio,Hold,1.0,0.0,0.0,0.0,0.0,0.0,0.0,0.0,0.0,0.0
2025-04-21,model_Portfolio,Hold,1.0,0.0,0.0,0.0,0.0,0.0,0.0,0.0,0.0,0.0
2025-04-22,model_Portfolio,Hold,1.0,0.0,0.0,0.0,0.0,0.0,0.0,0.0,0.0,0.0
2025-04-23,model_Portfolio,Hold,1.0,0.0,0.0,0.0,0.0,0.0,0.0,0.0,0.0,0.0
2025-04-24,model_Portfolio,Hold,1.0,0.0,0.0,0.0,0.0,0.0,0.0,0.0,0.0,0.0
2025-04-25,model_Portfolio,Hold,1.0,0.0,0.0,0.0,0.0,0.0,0.0,0.0,0.0,0.0
2025-04-28,model_Portfolio,Hold,1.0,0.0,0.0,0.0,0.0,0.0,0.0,0.0,0.0,0.0
2025-04-29,model_Portfolio,Hold,1.0,0.0,0.0,0.0,0.0,0.0,0.0,0.0,0.0,0.0
2025-04-30,model_Portfolio,Hold,1.0,0.0,0.0,0.0,0.0,0.0,0.0,0.0,0.0,0.0
2025-05-01,model_Portfolio,Rebalance,0.0,0.0,0.0,0.0,0.0,0.0,0.0,0.0,1.0,0.0
2025-05-02,model_Portfolio,Hold,0.0,0.0,0.0,0.0,0.0,0.0,0.0,0.0,1.0,0.0
2025-05-05,model_Portfolio,Hold,0.0,0.0,0.0,0.0,0.0,0.0,0.0,0.0,1.0,0.0
2025-05-06,model_Portfolio,Hold,0.0,0.0,0.0,0.0,0.0,0.0,0.0,0.0,1.0,0.0
2025-05-07,model_Portfolio,Hold,0.0,0.0,0.0,0.0,0.0,0.0,0.0,0.0,1.0,0.0
2025-05-08,model_Portfolio,Hold,0.0,0.0,0.0,0.0,0.0,0.0,0.0,0.0,1.0,0.0
2025-05-09,model_Portfolio,Hold,0.0,0.0,0.0,0.0,0.0,0.0,0.0,0.0,1.0,0.0
2025-05-12,model_Portfolio,Hold,0.0,0.0,0.0,0.0,0.0,0.0,0.0,0.0,1.0,0.0
2025-05-13,model_Portfolio,Hold,0.0,0.0,0.0,0.0,0.0,0.0,0.0,0.0,1.0,0.0
2025-05-14,model_Portfolio,Hold,0.0,0.0,0.0,0.0,0.0,0.0,0.0,0.0,1.0,0.0
2025-05-15,model_Portfolio,Hold,0.0,0.0,0.0,0.0,0.0,0.0,0.0,0.0,1.0,0.0
2025-05-16,model_Portfolio,Hold,0.0,0.0,0.0,0.0,0.0,0.0,0.0,0.0,1.0,0.0
2025-05-19,model_Portfolio,Hold,0.0,0.0,0.0,0.0,0.0,0.0,0.0,0.0,1.0,0.0
2025-05-20,model_Portfolio,Hold,0.0,0.0,0.0,0.0,0.0,0.0,0.0,0.0,1.0,0.0
2025-05-21,model_Portfolio,Hold,0.0,0.0,0.0,0.0,0.0,0.0,0.0,0.0,1.0,0.0
2025-05-22,model_Portfolio,Hold,0.0,0.0,0.0,0.0,0.0,0.0,0.0,0.0,1.0,0.0
2025-05-23,model_Portfolio,Hold,0.0,0.0,0.0,0.0,0.0,0.0,0.0,0.0,1.0,0.0
2025-05-27,model_Portfolio,Hold,0.0,0.0,0.0,0.0,0.0,0.0,0.0,0.0,1.0,0.0
2025-05-28,model_Portfolio,Hold,0.0,0.0,0.0,0.0,0.0,0.0,0.0,0.0,1.0,0.0
2025-05-29,model_Portfolio,Hold,0.0,0.0,0.0,0.0,0.0,0.0,0.0,0.0,1.0,0.0
2025-05-30,model_Portfolio,Hold,0.0,0.0,0.0,0.0,0.0,0.0,0.0,0.0,1.0,0.0
2025-06-02,model_Portfolio,Rebalance,0.9997,0.0,0.0,0.0,0.0001,0.0,0.0,0.0,0.0,0.0
2025-06-03,model_Portfolio,Hold,0.9997,0.0,0.0,0.0,0.0001,0.0,0.0,0.0,0.0,0.0
2025-06-04,model_Portfolio,Hold,0.9997,0.0,0.0,0.0,0.0001,0.0,0.0,0.0,0.0,0.0
2025-06-05,model_Portfolio,Hold,0.9997,0.0,0.0,0.0,0.0001,0.0,0.0,0.0,0.0,0.0
2025-06-06,model_Portfolio,Hold,0.9997,0.0,0.0,0.0,0.0001,0.0,0.0,0.0,0.0,0.0
2025-06-09,model_Portfolio,Hold,0.9997,0.0,0.0,0.0,0.0001,0.0,0.0,0.0,0.0,0.0
2025-06-10,model_Portfolio,Hold,0.9997,0.0,0.0,0.0,0.0001,0.0,0.0,0.0,0.0,0.0
2025-06-11,model_Portfolio,Hold,0.9997,0.0,0.0,0.0,0.0001,0.0,0.0,0.0,0.0,0.0
2025-06-12,model_Portfolio,Hold,0.9997,0.0,0.0,0.0,0.0001,0.0,0.0,0.0,0.0,0.0
2025-06-13,model_Portfolio,Hold,0.9997,0.0,0.0,0.0,0.0001,0.0,0.0,0.0,0.0,0.0
2025-06-16,model_Portfolio,Hold,0.9997,0.0,0.0,0.0,0.0001,0.0,0.0,0.0,0.0,0.0
2025-06-17,model_Portfolio,Hold,0.9997,0.0,0.0,0.0,0.0001,0.0,0.0,0.0,0.0,0.0
2025-06-18,model_Portfolio,Hold,0.9997,0.0,0.0,0.0,0.0001,0.0,0.0,0.0,0.0,0.0
2025-06-20,model_Portfolio,Hold,0.9997,0.0,0.0,0.0,0.0001,0.0,0.0,0.0,0.0,0.0
2025-06-23,model_Portfolio,Hold,0.9997,0.0,0.0,0.0,0.0001,0.0,0.0,0.0,0.0,0.0
2025-06-24,model_Portfolio,Hold,0.9997,0.0,0.0,0.0,0.0001,0.0,0.0,0.0,0.0,0.0
2025-06-25,model_Portfolio,Hold,0.9998,0.0,0.0,0.0,0.0001,0.0,0.0,0.0,0.0,0.0
2025-06-26,model_Portfolio,Hold,0.9997,0.0,0.0,0.0,0.0001,0.0,0.0,0.0,0.0,0.0
2025-06-27,model_Portfolio,Hold,0.9997,0.0,0.0,0.0,0.0001,0.0,0.0,0.0,0.0,0.0
2025-06-30,model_Portfolio,Hold,0.9997,0.0,0.0,0.0,0.0001,0.0,0.0,0.0,0.0,0.0
2025-07-01,model_Portfolio,Rebalance,0.0,0.0,0.0,0.0,0.0,0.0,0.0,0.0,1.0,0.0
2025-07-02,model_Portfolio,Hold,0.0,0.0,0.0,0.0,0.0,0.0,0.0,0.0,1.0,0.0
2025-07-03,model_Portfolio,Hold,0.0,0.0,0.0,0.0,0.0,0.0,0.0,0.0,1.0,0.0
2025-07-07,model_Portfolio,Hold,0.0,0.0,0.0,0.0,0.0,0.0,0.0,0.0,1.0,0.0
2025-07-08,model_Portfolio,Hold,0.0,0.0,0.0,0.0,0.0,0.0,0.0,0.0,1.0,0.0
2025-07-09,model_Portfolio,Hold,0.0,0.0,0.0,0.0,0.0,0.0,0.0,0.0,1.0,0.0
2025-07-10,model_Portfolio,Hold,0.0,0.0,0.0,0.0,0.0,0.0,0.0,0.0,1.0,0.0
2025-07-11,model_Portfolio,Hold,0.0,0.0,0.0,0.0,0.0,0.0,0.0,0.0,1.0,0.0
2025-07-14,model_Portfolio,Hold,0.0,0.0,0.0,0.0,0.0,0.0,0.0,0.0,1.0,0.0
2025-07-15,model_Portfolio,Hold,0.0,0.0,0.0,0.0,0.0,0.0,0.0,0.0,1.0,0.0
2025-07-16,model_Portfolio,Hold,0.0,0.0,0.0,0.0,0.0,0.0,0.0,0.0,1.0,0.0
2025-07-17,model_Portfolio,Hold,0.0,0.0,0.0,0.0,0.0,0.0,0.0,0.0,1.0,0.0
2025-07-18,model_Portfolio,Hold,0.0,0.0,0.0,0.0,0.0,0.0,0.0,0.0,1.0,0.0
2025-07-21,model_Portfolio,Hold,0.0,0.0,0.0,0.0,0.0,0.0,0.0,0.0,1.0,0.0
2025-07-22,model_Portfolio,Hold,0.0,0.0,0.0,0.0,0.0,0.0,0.0,0.0,1.0,0.0
2025-07-23,model_Portfolio,Hold,0.0,0.0,0.0,0.0,0.0,0.0,0.0,0.0,1.0,0.0
2025-07-24,model_Portfolio,Hold,0.0,0.0,0.0,0.0,0.0,0.0,0.0,0.0,1.0,0.0
2025-07-25,model_Portfolio,Hold,0.0,0.0,0.0,0.0,0.0,0.0,0.0,0.0,1.0,0.0
2025-07-28,model_Portfolio,Hold,0.0,0.0,0.0,0.0,0.0,0.0,0.0,0.0,1.0,0.0
2025-07-29,model_Portfolio,Hold,0.0,0.0,0.0,0.0,0.0,0.0,0.0,0.0,1.0,0.0
2025-07-30,model_Portfolio,Hold,0.0,0.0,0.0,0.0,0.0,0.0,0.0,0.0,1.0,0.0
2025-07-31,model_Portfolio,Hold,0.0,0.0,0.0,0.0,0.0,0.0,0.0,0.0,1.0,0.0
2025-08-01,model_Portfolio,Rebalance,0.2584,0.0414,0.0176,0.1041,0.163,0.0555,0.0533,0.0055,0.0041,0.2972
2025-08-04,model_Portfolio,Hold,0.2622,0.0417,0.0175,0.102,0.1604,0.0563,0.0537,0.0057,0.0042,0.2962
2025-08-05,model_Portfolio,Hold,0.2616,0.0395,0.0175,0.1022,0.1619,0.0568,0.054,0.0056,0.0042,0.2966
2025-08-06,model_Portfolio,Hold,0.2621,0.0396,0.0181,0.1063,0.1573,0.0561,0.051,0.0057,0.0042,0.2996
2025-08-07,model_Portfolio,Hold,0.2601,0.0381,0.0178,0.105,0.1668,0.0551,0.0507,0.0056,0.0042,0.2967
2025-08-08,model_Portfolio,Hold,0.2615,0.0372,0.0178,0.1036,0.1695,0.0545,0.0499,0.0057,0.0042,0.2962
2025-08-11,model_Portfolio,Hold,0.2565,0.0372,0.0179,0.1032,0.1692,0.0538,0.0484,0.0057,0.0042,0.3038
2025-08-12,model_Portfolio,Hold,0.2539,0.0368,0.0177,0.1025,0.1723,0.0544,0.0493,0.0057,0.0043,0.3031
2025-08-13,model_Portfolio,Hold,0.2506,0.038,0.018,0.1039,0.1733,0.0553,0.0501,0.0056,0.0043,0.3007
2025-08-14,model_Portfolio,Hold,0.25,0.038,0.018,0.1067,0.1724,0.0548,0.0497,0.0057,0.0042,0.3004
2025-08-15,model_Portfolio,Hold,0.2531,0.0379,0.0178,0.106,0.1712,0.0541,0.0505,0.0057,0.0041,0.2996
2025-08-18,model_Portfolio,Hold,0.2507,0.0383,0.0179,0.1064,0.1709,0.0538,0.0513,0.0056,0.0041,0.3009
2025-08-19,model_Portfolio,Hold,0.2516,0.0392,0.0181,0.1044,0.1688,0.054,0.0518,0.0056,0.0041,0.3024
2025-08-20,model_Portfolio,Hold,0.2524,0.0388,0.0182,0.1019,0.1687,0.0541,0.051,0.0055,0.0041,0.3053
2025-08-21,model_Portfolio,Hold,0.2513,0.0386,0.0183,0.1009,0.1709,0.0542,0.0509,0.0055,0.0041,0.3053
2025-08-22,model_Portfolio,Hold,0.2482,0.0388,0.018,0.1023,0.1762,0.0543,0.0523,0.0056,0.0042,0.3002
2025-08-25,model_Portfolio,Hold,0.247,0.0383,0.0178,0.102,0.1822,0.0534,0.052,0.0056,0.0041,0.2976
2025-08-26,model_Portfolio,Hold,0.2476,0.0384,0.018,0.1028,0.1811,0.0537,0.0525,0.0056,0.0041,0.2962
2025-08-27,model_Portfolio,Hold,0.2462,0.0385,0.0178,0.1025,0.1841,0.0535,0.0528,0.0056,0.0041,0.2948
2025-08-28,model_Portfolio,Hold,0.245,0.0382,0.0175,0.1032,0.1865,0.0534,0.0527,0.0057,0.0041,0.2936
2025-08-29,model_Portfolio,Hold,0.2456,0.0385,0.0175,0.1013,0.187,0.0528,0.0527,0.0057,0.004,0.2949
2025-09-02,model_Portfolio,Rebalance,0.0,0.0004,0.0001,0.0,0.0008,0.0002,0.0873,0.0,0.9107,0.0002
2025-09-03,model_Portfolio,Hold,0.0,0.0004,0.0002,0.0,0.0008,0.0002,0.0892,0.0,0.9089,0.0002
2025-09-04,model_Portfolio,Hold,0.0,0.0004,0.0002,0.0,0.0008,0.0002,0.0886,0.0,0.9094,0.0002
2025-09-05,model_Portfolio,Hold,0.0,0.0004,0.0001,0.0,0.0008,0.0002,0.0905,0.0,0.9076,0.0002
2025-09-08,model_Portfolio,Hold,0.0,0.0004,0.0001,0.0,0.0008,0.0002,0.092,0.0,0.9061,0.0002
2025-09-09,model_Portfolio,Hold,0.0,0.0004,0.0001,0.0,0.0008,0.0002,0.0907,0.0,0.9074,0.0002
2025-09-10,model_Portfolio,Hold,0.0,0.0004,0.0002,0.0,0.0008,0.0002,0.0907,0.0,0.9073,0.0002
2025-09-11,model_Portfolio,Hold,0.0,0.0004,0.0001,0.0,0.0008,0.0002,0.0884,0.0,0.9097,0.0002
2025-09-12,model_Portfolio,Hold,0.0,0.0004,0.0001,0.0,0.0008,0.0002,0.0894,0.0,0.9088,0.0002
2025-09-15,model_Portfolio,Hold,0.0,0.0004,0.0001,0.0,0.0008,0.0002,0.0906,0.0,0.9075,0.0002
2025-09-16,model_Portfolio,Hold,0.0,0.0004,0.0001,0.0,0.0008,0.0002,0.0909,0.0,0.9072,0.0002
2025-09-17,model_Portfolio,Hold,0.0,0.0004,0.0002,0.0,0.0008,0.0002,0.091,0.0,0.9071,0.0002
2025-09-18,model_Portfolio,Hold,0.0,0.0004,0.0001,0.0,0.0008,0.0002,0.0931,0.0,0.905,0.0002
2025-09-19,model_Portfolio,Hold,0.0,0.0004,0.0001,0.0,0.0008,0.0002,0.0913,0.0,0.9068,0.0002
2025-09-22,model_Portfolio,Hold,0.0,0.0004,0.0001,0.0,0.0008,0.0002,0.0924,0.0,0.9056,0.0002
2025-09-23,model_Portfolio,Hold,0.0,0.0004,0.0001,0.0,0.0008,0.0002,0.0922,0.0,0.9059,0.0002
2025-09-24,model_Portfolio,Hold,0.0,0.0004,0.0002,0.0,0.0008,0.0002,0.092,0.0,0.906,0.0002
2025-09-25,model_Portfolio,Hold,0.0,0.0004,0.0002,0.0,0.0009,0.0002,0.0912,0.0,0.9069,0.0002
2025-09-26,model_Portfolio,Hold,0.0,0.0004,0.0002,0.0,0.0009,0.0002,0.091,0.0,0.907,0.0002
2025-09-29,model_Portfolio,Hold,0.0,0.0004,0.0002,0.0,0.0009,0.0002,0.0909,0.0,0.9072,0.0002
2025-09-30,model_Portfolio,Hold,0.0,0.0004,0.0002,0.0,0.0008,0.0002,0.0905,0.0,0.9075,0.0002
2025-10-01,model_Portfolio,Rebalance,0.0,0.0008,0.9981,0.0,0.0004,0.0001,0.0001,0.0003,0.0,0.0002
2025-10-02,model_Portfolio,Hold,0.0,0.0008,0.9981,0.0,0.0004,0.0001,0.0001,0.0003,0.0,0.0002
2025-10-03,model_Portfolio,Hold,0.0,0.0007,0.9981,0.0,0.0004,0.0001,0.0001,0.0003,0.0,0.0002
2025-10-06,model_Portfolio,Hold,0.0,0.0008,0.9981,0.0,0.0004,0.0001,0.0001,0.0003,0.0,0.0002
2025-10-07,model_Portfolio,Hold,0.0,0.0008,0.9981,0.0,0.0004,0.0001,0.0001,0.0003,0.0,0.0002
2025-10-08,model_Portfolio,Hold,0.0,0.0008,0.9981,0.0,0.0004,0.0001,0.0001,0.0003,0.0,0.0002
2025-10-09,model_Portfolio,Hold,0.0,0.0008,0.9981,0.0,0.0004,0.0001,0.0001,0.0003,0.0,0.0002
2025-10-10,model_Portfolio,Hold,0.0,0.0007,0.9981,0.0,0.0004,0.0001,0.0001,0.0003,0.0,0.0002
2025-10-13,model_Portfolio,Hold,0.0,0.0008,0.9981,0.0,0.0004,0.0001,0.0001,0.0003,0.0,0.0002
2025-10-14,model_Portfolio,Hold,0.0,0.0007,0.9981,0.0,0.0004,0.0001,0.0001,0.0003,0.0,0.0002
2025-10-15,model_Portfolio,Hold,0.0,0.0007,0.9981,0.0,0.0004,0.0001,0.0001,0.0003,0.0,0.0002
2025-10-16,model_Portfolio,Hold,0.0,0.0008,0.9981,0.0,0.0004,0.0001,0.0001,0.0003,0.0,0.0002
2025-10-17,model_Portfolio,Hold,0.0,0.0008,0.9981,0.0,0.0004,0.0001,0.0001,0.0003,0.0,0.0002
2025-10-20,model_Portfolio,Hold,0.0,0.0008,0.9981,0.0,0.0004,0.0001,0.0001,0.0003,0.0,0.0002
2025-10-21,model_Portfolio,Hold,0.0,0.0008,0.998,0.0,0.0004,0.0001,0.0001,0.0003,0.0,0.0002
2025-10-22,model_Portfolio,Hold,0.0,0.0008,0.998,0.0,0.0004,0.0001,0.0001,0.0003,0.0,0.0002
2025-10-23,model_Portfolio,Hold,0.0,0.0008,0.998,0.0,0.0004,0.0001,0.0001,0.0003,0.0,0.0002
2025-10-24,model_Portfolio,Hold,0.0,0.0008,0.998,0.0,0.0004,0.0001,0.0001,0.0003,0.0,0.0002
2025-10-27,model_Portfolio,Hold,0.0,0.0008,0.998,0.0,0.0004,0.0001,0.0001,0.0003,0.0,0.0002
2025-10-28,model_Portfolio,Hold,0.0,0.0008,0.998,0.0,0.0004,0.0001,0.0001,0.0003,0.0,0.0002
2025-10-29,model_Portfolio,Hold,0.0,0.0008,0.998,0.0,0.0004,0.0001,0.0001,0.0003,0.0,0.0002
2025-10-30,model_Portfolio,Hold,0.0,0.0008,0.998,0.0,0.0004,0.0,0.0001,0.0003,0.0,0.0002
2025-10-31,model_Portfolio,Hold,0.0,0.0008,0.998,0.0,0.0004,0.0,0.0001,0.0003,0.0,0.0002
2025-11-03,model_Portfolio,Rebalance,0.0,0.0,0.0,0.0,0.0,0.0,0.0,0.0,1.0,0.0
2025-11-04,model_Portfolio,Hold,0.0,0.0,0.0,0.0,0.0,0.0,0.0,0.0,1.0,0.0
2025-11-05,model_Portfolio,Hold,0.0,0.0,0.0,0.0,0.0,0.0,0.0,0.0,1.0,0.0
2025-11-06,model_Portfolio,Hold,0.0,0.0,0.0,0.0,0.0,0.0,0.0,0.0,1.0,0.0
2025-11-07,model_Portfolio,Hold,0.0,0.0,0.0,0.0,0.0,0.0,0.0,0.0,1.0,0.0
2025-11-10,model_Portfolio,Hold,0.0,0.0,0.0,0.0,0.0,0.0,0.0,0.0,1.0,0.0
2025-11-11,model_Portfolio,Hold,0.0,0.0,0.0,0.0,0.0,0.0,0.0,0.0,1.0,0.0
2025-11-12,model_Portfolio,Hold,0.0,0.0,0.0,0.0,0.0,0.0,0.0,0.0,1.0,0.0
2025-11-13,model_Portfolio,Hold,0.0,0.0,0.0,0.0,0.0,0.0,0.0,0.0,1.0,0.0
2025-11-14,model_Portfolio,Hold,0.0,0.0,0.0,0.0,0.0,0.0,0.0,0.0,1.0,0.0
2025-11-17,model_Portfolio,Hold,0.0,0.0,0.0,0.0,0.0,0.0,0.0,0.0,1.0,0.0
2025-11-18,model_Portfolio,Hold,0.0,0.0,0.0,0.0,0.0,0.0,0.0,0.0,1.0,0.0
2025-11-19,model_Portfolio,Hold,0.0,0.0,0.0,0.0,0.0,0.0,0.0,0.0,1.0,0.0
2025-11-20,model_Portfolio,Hold,0.0,0.0,0.0,0.0,0.0,0.0,0.0,0.0,1.0,0.0
2025-11-21,model_Portfolio,Hold,0.0,0.0,0.0,0.0,0.0,0.0,0.0,0.0,1.0,0.0
2025-11-24,model_Portfolio,Hold,0.0,0.0,0.0,0.0,0.0,0.0,0.0,0.0,1.0,0.0
2025-11-25,model_Portfolio,Hold,0.0,0.0,0.0,0.0,0.0,0.0,0.0,0.0,1.0,0.0
2025-11-26,model_Portfolio,Hold,0.0,0.0,0.0,0.0,0.0,0.0,0.0,0.0,1.0,0.0
2025-11-28,model_Portfolio,Hold,0.0,0.0,0.0,0.0,0.0,0.0,0.0,0.0,1.0,0.0
2025-12-01,model_Portfolio,Rebalance,0.0,0.0,0.0,0.0,0.0,0.0,0.0,0.0,1.0,0.0
2025-12-02,model_Portfolio,Hold,0.0,0.0,0.0,0.0,0.0,0.0,0.0,0.0,1.0,0.0
2025-12-03,model_Portfolio,Hold,0.0,0.0,0.0,0.0,0.0,0.0,0.0,0.0,1.0,0.0
2025-12-04,model_Portfolio,Hold,0.0,0.0,0.0,0.0,0.0,0.0,0.0,0.0,1.0,0.0
2025-12-05,model_Portfolio,Hold,0.0,0.0,0.0,0.0,0.0,0.0,0.0,0.0,1.0,0.0
2025-12-08,model_Portfolio,Hold,0.0,0.0,0.0,0.0,0.0,0.0,0.0,0.0,1.0,0.0
2025-12-09,model_Portfolio,Hold,0.0,0.0,0.0,0.0,0.0,0.0,0.0,0.0,1.0,0.0
2025-12-10,model_Portfolio,Hold,0.0,0.0,0.0,0.0,0.0,0.0,0.0,0.0,1.0,0.0
2025-12-11,model_Portfolio,Hold,0.0,0.0,0.0,0.0,0.0,0.0,0.0,0.0,1.0,0.0
2025-12-12,model_Portfolio,Hold,0.0,0.0,0.0,0.0,0.0,0.0,0.0,0.0,1.0,0.0
2025-12-15,model_Portfolio,Hold,0.0,0.0,0.0,0.0,0.0,0.0,0.0,0.0,1.0,0.0
2025-12-16,model_Portfolio,Hold,0.0,0.0,0.0,0.0,0.0,0.0,0.0,0.0,1.0,0.0
2025-12-17,model_Portfolio,Hold,0.0,0.0,0.0,0.0,0.0,0.0,0.0,0.0,1.0,0.0
2025-12-18,model_Portfolio,Hold,0.0,0.0,0.0,0.0,0.0,0.0,0.0,0.0,1.0,0.0
2025-12-19,model_Portfolio,Hold,0.0,0.0,0.0,0.0,0.0,0.0,0.0,0.0,1.0,0.0
2025-12-22,model_Portfolio,Hold,0.0,0.0,0.0,0.0,0.0,0.0,0.0,0.0,1.0,0.0
2025-12-23,model_Portfolio,Hold,0.0,0.0,0.0,0.0,0.0,0.0,0.0,0.0,1.0,0.0
2025-12-24,model_Portfolio,Hold,0.0,0.0,0.0,0.0,0.0,0.0,0.0,0.0,1.0,0.0
2025-12-26,model_Portfolio,Hold,0.0,0.0,0.0,0.0,0.0,0.0,0.0,0.0,1.0,0.0
2025-12-29,model_Portfolio,Hold,0.0,0.0,0.0,0.0,0.0,0.0,0.0,0.0,1.0,0.0
2025-12-30,model_Portfolio,Hold,0.0,0.0,0.0,0.0,0.0,0.0,0.0,0.0,1.0,0.0
2022-01-20,model_Portfolio,Rebalance,0.0,0.0,0.0,0.0,0.0,0.0,0.0,0.0,1.0,0.0
2022-01-21,model_Portfolio,Hold,0.0,0.0,0.0,0.0,0.0,0.0,0.0,0.0,1.0,0.0
2022-01-24,model_Portfolio,Hold,0.0,0.0,0.0,0.0,0.0,0.0,0.0,0.0,1.0,0.0
2022-01-25,model_Portfolio,Hold,0.0,0.0,0.0,0.0,0.0,0.0,0.0,0.0,1.0,0.0
2022-01-26,model_Portfolio,Hold,0.0,0.0,0.0,0.0,0.0,0.0,0.0,0.0,1.0,0.0
2022-01-27,model_Portfolio,Hold,0.0,0.0,0.0,0.0,0.0,0.0,0.0,0.0,1.0,0.0
2022-01-28,model_Portfolio,Hold,0.0,0.0,0.0,0.0,0.0,0.0,0.0,0.0,1.0,0.0
2022-01-31,model_Portfolio,Hold,0.0,0.0,0.0,0.0,0.0,0.0,0.0,0.0,1.0,0.0
2022-02-01,model_Portfolio,Hold,0.0,0.0,0.0,0.0,0.0,0.0,0.0,0.0,1.0,0.0
2022-02-02,model_Portfolio,Hold,0.0,0.0,0.0,0.0,0.0,0.0,0.0,0.0,1.0,0.0
2022-02-03,model_Portfolio,Hold,0.0,0.0,0.0,0.0,0.0,0.0,0.0,0.0,1.0,0.0
2022-02-04,model_Portfolio,Hold,0.0,0.0,0.0,0.0,0.0,0.0,0.0,0.0,1.0,0.0
2022-02-07,model_Portfolio,Hold,0.0,0.0,0.0,0.0,0.0,0.0,0.0,0.0,1.0,0.0
2022-02-08,model_Portfolio,Hold,0.0,0.0,0.0,0.0,0.0,0.0,0.0,0.0,1.0,0.0
2022-02-09,model_Portfolio,Hold,0.0,0.0,0.0,0.0,0.0,0.0,0.0,0.0,1.0,0.0
2022-02-10,model_Portfolio,Hold,0.0,0.0,0.0,0.0,0.0,0.0,0.0,0.0,1.0,0.0
2022-02-11,model_Portfolio,Hold,0.0,0.0,0.0,0.0,0.0,0.0,0.0,0.0,1.0,0.0
2022-02-14,model_Portfolio,Hold,0.0,0.0,0.0,0.0,0.0,0.0,0.0,0.0,1.0,0.0
2022-02-15,model_Portfolio,Hold,0.0,0.0,0.0,0.0,0.0,0.0,0.0,0.0,1.0,0.0
2022-02-16,model_Portfolio,Hold,0.0,0.0,0.0,0.0,0.0,0.0,0.0,0.0,1.0,0.0
2022-02-17,model_Portfolio,Hold,0.0,0.0,0.0,0.0,0.0,0.0,0.0,0.0,1.0,0.0
2022-02-18,model_Portfolio,Hold,0.0,0.0,0.0,0.0,0.0,0.0,0.0,0.0,1.0,0.0
2022-02-22,model_Portfolio,Hold,0.0,0.0,0.0,0.0,0.0,0.0,0.0,0.0,1.0,0.0
2022-02-23,model_Portfolio,Hold,0.0,0.0,0.0,0.0,0.0,0.0,0.0,0.0,1.0,0.0
2022-02-24,model_Portfolio,Hold,0.0,0.0,0.0,0.0,0.0,0.0,0.0,0.0,1.0,0.0
2022-02-25,model_Portfolio,Hold,0.0,0.0,0.0,0.0,0.0,0.0,0.0,0.0,1.0,0.0
2022-02-28,model_Portfolio,Hold,0.0,0.0,0.0,0.0,0.0,0.0,0.0,0.0,1.0,0.0
2022-03-01,model_Portfolio,Hold,0.0,0.0,0.0,0.0,0.0,0.0,0.0,0.0,1.0,0.0
2022-03-02,model_Portfolio,Hold,0.0,0.0,0.0,0.0,0.0,0.0,0.0,0.0,1.0,0.0
2022-03-03,model_Portfolio,Hold,0.0,0.0,0.0,0.0,0.0,0.0,0.0,0.0,1.0,0.0
2022-03-04,model_Portfolio,Hold,0.0,0.0,0.0,0.0,0.0,0.0,0.0,0.0,1.0,0.0
2022-03-07,model_Portfolio,Hold,0.0,0.0,0.0,0.0,0.0,0.0,0.0,0.0,1.0,0.0
2022-03-08,model_Portfolio,Hold,0.0,0.0,0.0,0.0,0.0,0.0,0.0,0.0,1.0,0.0
2022-03-09,model_Portfolio,Hold,0.0,0.0,0.0,0.0,0.0,0.0,0.0,0.0,1.0,0.0
2022-03-10,model_Portfolio,Hold,0.0,0.0,0.0,0.0,0.0,0.0,0.0,0.0,1.0,0.0
2022-03-11,model_Portfolio,Hold,0.0,0.0,0.0,0.0,0.0,0.0,0.0,0.0,1.0,0.0
2022-03-14,model_Portfolio,Hold,0.0,0.0,0.0,0.0,0.0,0.0,0.0,0.0,1.0,0.0
2022-03-15,model_Portfolio,Hold,0.0,0.0,0.0,0.0,0.0,0.0,0.0,0.0,1.0,0.0
2022-03-16,model_Portfolio,Hold,0.0,0.0,0.0,0.0,0.0,0.0,0.0,0.0,1.0,0.0
2022-03-17,model_Portfolio,Hold,0.0,0.0,0.0,0.0,0.0,0.0,0.0,0.0,1.0,0.0
2022-03-18,model_Portfolio,Hold,0.0,0.0,0.0,0.0,0.0,0.0,0.0,0.0,1.0,0.0
2022-03-21,model_Portfolio,Hold,0.0,0.0,0.0,0.0,0.0,0.0,0.0,0.0,1.0,0.0
2022-03-22,model_Portfolio,Hold,0.0,0.0,0.0,0.0,0.0,0.0,0.0,0.0,1.0,0.0
2022-03-23,model_Portfolio,Hold,0.0,0.0,0.0,0.0,0.0,0.0,0.0,0.0,1.0,0.0
2022-03-24,model_Portfolio,Hold,0.0,0.0,0.0,0.0,0.0,0.0,0.0,0.0,1.0,0.0
2022-03-25,model_Portfolio,Hold,0.0,0.0,0.0,0.0,0.0,0.0,0.0,0.0,1.0,0.0
2022-03-28,model_Portfolio,Hold,0.0,0.0,0.0,0.0,0.0,0.0,0.0,0.0,1.0,0.0
2022-03-29,model_Portfolio,Hold,0.0,0.0,0.0,0.0,0.0,0.0,0.0,0.0,1.0,0.0
2022-03-30,model_Portfolio,Hold,0.0,0.0,0.0,0.0,0.0,0.0,0.0,0.0,1.0,0.0
2022-03-31,model_Portfolio,Hold,0.0,0.0,0.0,0.0,0.0,0.0,0.0,0.0,1.0,0.0
2022-04-01,model_Portfolio,Rebalance,0.0,0.0,0.0,0.0,0.0,1.0,0.0,0.0,0.0,0.0
2022-04-04,model_Portfolio,Hold,0.0,0.0,0.0,0.0,0.0,1.0,0.0,0.0,0.0,0.0
2022-04-05,model_Portfolio,Hold,0.0,0.0,0.0,0.0,0.0,1.0,0.0,0.0,0.0,0.0
2022-04-06,model_Portfolio,Hold,0.0,0.0,0.0,0.0,0.0,1.0,0.0,0.0,0.0,0.0
2022-04-07,model_Portfolio,Hold,0.0,0.0,0.0,0.0,0.0,1.0,0.0,0.0,0.0,0.0
2022-04-08,model_Portfolio,Hold,0.0,0.0,0.0,0.0,0.0,1.0,0.0,0.0,0.0,0.0
2022-04-11,model_Portfolio,Hold,0.0,0.0,0.0,0.0,0.0,1.0,0.0,0.0,0.0,0.0
2022-04-12,model_Portfolio,Hold,0.0,0.0,0.0,0.0,0.0,1.0,0.0,0.0,0.0,0.0
2022-04-13,model_Portfolio,Hold,0.0,0.0,0.0,0.0,0.0,1.0,0.0,0.0,0.0,0.0
2022-04-14,model_Portfolio,Hold,0.0,0.0,0.0,0.0,0.0,1.0,0.0,0.0,0.0,0.0
2022-04-18,model_Portfolio,Hold,0.0,0.0,0.0,0.0,0.0,1.0,0.0,0.0,0.0,0.0
2022-04-19,model_Portfolio,Hold,0.0,0.0,0.0,0.0,0.0,1.0,0.0,0.0,0.0,0.0
2022-04-20,model_Portfolio,Hold,0.0,0.0,0.0,0.0,0.0,1.0,0.0,0.0,0.0,0.0
2022-04-21,model_Portfolio,Hold,0.0,0.0,0.0,0.0,0.0,1.0,0.0,0.0,0.0,0.0
2022-04-22,model_Portfolio,Hold,0.0,0.0,0.0,0.0,0.0,1.0,0.0,0.0,0.0,0.0
2022-04-25,model_Portfolio,Hold,0.0,0.0,0.0,0.0,0.0,1.0,0.0,0.0,0.0,0.0
2022-04-26,model_Portfolio,Hold,0.0,0.0,0.0,0.0,0.0,1.0,0.0,0.0,0.0,0.0
2022-04-27,model_Portfolio,Hold,0.0,0.0,0.0,0.0,0.0,1.0,0.0,0.0,0.0,0.0
2022-04-28,model_Portfolio,Hold,0.0,0.0,0.0,0.0,0.0,1.0,0.0,0.0,0.0,0.0
2022-04-29,model_Portfolio,Hold,0.0,0.0,0.0,0.0,0.0,1.0,0.0,0.0,0.0,0.0
2022-05-02,model_Portfolio,Hold,0.0,0.0,0.0,0.0,0.0,1.0,0.0,0.0,0.0,0.0
2022-05-03,model_Portfolio,Hold,0.0,0.0,0.0,0.0,0.0,1.0,0.0,0.0,0.0,0.0
2022-05-04,model_Portfolio,Hold,0.0,0.0,0.0,0.0,0.0,1.0,0.0,0.0,0.0,0.0
2022-05-05,model_Portfolio,Hold,0.0,0.0,0.0,0.0,0.0,1.0,0.0,0.0,0.0,0.0
2022-05-06,model_Portfolio,Hold,0.0,0.0,0.0,0.0,0.0,1.0,0.0,0.0,0.0,0.0
2022-05-09,model_Portfolio,Hold,0.0,0.0,0.0,0.0,0.0,1.0,0.0,0.0,0.0,0.0
2022-05-10,model_Portfolio,Hold,0.0,0.0,0.0,0.0,0.0,1.0,0.0,0.0,0.0,0.0
2022-05-11,model_Portfolio,Hold,0.0,0.0,0.0,0.0,0.0,1.0,0.0,0.0,0.0,0.0
2022-05-12,model_Portfolio,Hold,0.0,0.0,0.0,0.0,0.0,1.0,0.0,0.0,0.0,0.0
2022-05-13,model_Portfolio,Hold,0.0,0.0,0.0,0.0,0.0,1.0,0.0,0.0,0.0,0.0
2022-05-16,model_Portfolio,Hold,0.0,0.0,0.0,0.0,0.0,1.0,0.0,0.0,0.0,0.0
2022-05-17,model_Portfolio,Hold,0.0,0.0,0.0,0.0,0.0,1.0,0.0,0.0,0.0,0.0
2022-05-18,model_Portfolio,Hold,0.0,0.0,0.0,0.0,0.0,1.0,0.0,0.0,0.0,0.0
2022-05-19,model_Portfolio,Hold,0.0,0.0,0.0,0.0,0.0,1.0,0.0,0.0,0.0,0.0
2022-05-20,model_Portfolio,Hold,0.0,0.0,0.0,0.0,0.0,1.0,0.0,0.0,0.0,0.0
2022-05-23,model_Portfolio,Hold,0.0,0.0,0.0,0.0,0.0,1.0,0.0,0.0,0.0,0.0
2022-05-24,model_Portfolio,Hold,0.0,0.0,0.0,0.0,0.0,1.0,0.0,0.0,0.0,0.0
2022-05-25,model_Portfolio,Hold,0.0,0.0,0.0,0.0,0.0,1.0,0.0,0.0,0.0,0.0
2022-05-26,model_Portfolio,Hold,0.0,0.0,0.0,0.0,0.0,1.0,0.0,0.0,0.0,0.0
2022-05-27,model_Portfolio,Hold,0.0,0.0,0.0,0.0,0.0,1.0,0.0,0.0,0.0,0.0
2022-05-31,model_Portfolio,Hold,0.0,0.0,0.0,0.0,0.0,1.0,0.0,0.0,0.0,0.0
2022-06-01,model_Portfolio,Hold,0.0,0.0,0.0,0.0,0.0,1.0,0.0,0.0,0.0,0.0
2022-06-02,model_Portfolio,Hold,0.0,0.0,0.0,0.0,0.0,1.0,0.0,0.0,0.0,0.0
2022-06-03,model_Portfolio,Hold,0.0,0.0,0.0,0.0,0.0,1.0,0.0,0.0,0.0,0.0
2022-06-06,model_Portfolio,Hold,0.0,0.0,0.0,0.0,0.0,1.0,0.0,0.0,0.0,0.0
2022-06-07,model_Portfolio,Hold,0.0,0.0,0.0,0.0,0.0,1.0,0.0,0.0,0.0,0.0
2022-06-08,model_Portfolio,Hold,0.0,0.0,0.0,0.0,0.0,1.0,0.0,0.0,0.0,0.0
2022-06-09,model_Portfolio,Hold,0.0,0.0,0.0,0.0,0.0,1.0,0.0,0.0,0.0,0.0
2022-06-10,model_Portfolio,Hold,0.0,0.0,0.0,0.0,0.0,1.0,0.0,0.0,0.0,0.0
2022-06-13,model_Portfolio,Hold,0.0,0.0,0.0,0.0,0.0,1.0,0.0,0.0,0.0,0.0
2022-06-14,model_Portfolio,Hold,0.0,0.0,0.0,0.0,0.0,1.0,0.0,0.0,0.0,0.0
2022-06-15,model_Portfolio,Hold,0.0,0.0,0.0,0.0,0.0,1.0,0.0,0.0,0.0,0.0
2022-06-16,model_Portfolio,Hold,0.0,0.0,0.0,0.0,0.0,1.0,0.0,0.0,0.0,0.0
2022-06-17,model_Portfolio,Hold,0.0,0.0,0.0,0.0,0.0,1.0,0.0,0.0,0.0,0.0
2022-06-21,model_Portfolio,Hold,0.0,0.0,0.0,0.0,0.0,1.0,0.0,0.0,0.0,0.0
2022-06-22,model_Portfolio,Hold,0.0,0.0,0.0,0.0,0.0,1.0,0.0,0.0,0.0,0.0
2022-06-23,model_Portfolio,Hold,0.0,0.0,0.0,0.0,0.0,1.0,0.0,0.0,0.0,0.0
2022-06-24,model_Portfolio,Hold,0.0,0.0,0.0,0.0,0.0,1.0,0.0,0.0,0.0,0.0
2022-06-27,model_Portfolio,Hold,0.0,0.0,0.0,0.0,0.0,1.0,0.0,0.0,0.0,0.0
2022-06-28,model_Portfolio,Hold,0.0,0.0,0.0,0.0,0.0,1.0,0.0,0.0,0.0,0.0
2022-06-29,model_Portfolio,Hold,0.0,0.0,0.0,0.0,0.0,1.0,0.0,0.0,0.0,0.0
2022-06-30,model_Portfolio,Hold,0.0,0.0,0.0,0.0,0.0,1.0,0.0,0.0,0.0,0.0
2022-07-01,model_Portfolio,Rebalance,0.0,0.0,0.0,0.0,0.0,0.0,1.0,0.0,0.0,0.0
2022-07-05,model_Portfolio,Hold,0.0,0.0,0.0,0.0,0.0,0.0,1.0,0.0,0.0,0.0
2022-07-06,model_Portfolio,Hold,0.0,0.0,0.0,0.0,0.0,0.0,1.0,0.0,0.0,0.0
2022-07-07,model_Portfolio,Hold,0.0,0.0,0.0,0.0,0.0,0.0,1.0,0.0,0.0,0.0
2022-07-08,model_Portfolio,Hold,0.0,0.0,0.0,0.0,0.0,0.0,1.0,0.0,0.0,0.0
2022-07-11,model_Portfolio,Hold,0.0,0.0,0.0,0.0,0.0,0.0,1.0,0.0,0.0,0.0
2022-07-12,model_Portfolio,Hold,0.0,0.0,0.0,0.0,0.0,0.0,1.0,0.0,0.0,0.0
2022-07-13,model_Portfolio,Hold,0.0,0.0,0.0,0.0,0.0,0.0,1.0,0.0,0.0,0.0
2022-07-14,model_Portfolio,Hold,0.0,0.0,0.0,0.0,0.0,0.0,1.0,0.0,0.0,0.0
2022-07-15,model_Portfolio,Hold,0.0,0.0,0.0,0.0,0.0,0.0,1.0,0.0,0.0,0.0
2022-07-18,model_Portfolio,Hold,0.0,0.0,0.0,0.0,0.0,0.0,1.0,0.0,0.0,0.0
2022-07-19,model_Portfolio,Hold,0.0,0.0,0.0,0.0,0.0,0.0,1.0,0.0,0.0,0.0
2022-07-20,model_Portfolio,Hold,0.0,0.0,0.0,0.0,0.0,0.0,1.0,0.0,0.0,0.0
2022-07-21,model_Portfolio,Hold,0.0,0.0,0.0,0.0,0.0,0.0,1.0,0.0,0.0,0.0
2022-07-22,model_Portfolio,Hold,0.0,0.0,0.0,0.0,0.0,0.0,1.0,0.0,0.0,0.0
2022-07-25,model_Portfolio,Hold,0.0,0.0,0.0,0.0,0.0,0.0,1.0,0.0,0.0,0.0
2022-07-26,model_Portfolio,Hold,0.0,0.0,0.0,0.0,0.0,0.0,1.0,0.0,0.0,0.0
2022-07-27,model_Portfolio,Hold,0.0,0.0,0.0,0.0,0.0,0.0,1.0,0.0,0.0,0.0
2022-07-28,model_Portfolio,Hold,0.0,0.0,0.0,0.0,0.0,0.0,1.0,0.0,0.0,0.0
2022-07-29,model_Portfolio,Hold,0.0,0.0,0.0,0.0,0.0,0.0,1.0,0.0,0.0,0.0
2022-08-01,model_Portfolio,Hold,0.0,0.0,0.0,0.0,0.0,0.0,1.0,0.0,0.0,0.0
2022-08-02,model_Portfolio,Hold,0.0,0.0,0.0,0.0,0.0,0.0,1.0,0.0,0.0,0.0
2022-08-03,model_Portfolio,Hold,0.0,0.0,0.0,0.0,0.0,0.0,1.0,0.0,0.0,0.0
2022-08-04,model_Portfolio,Hold,0.0,0.0,0.0,0.0,0.0,0.0,1.0,0.0,0.0,0.0
2022-08-05,model_Portfolio,Hold,0.0,0.0,0.0,0.0,0.0,0.0,1.0,0.0,0.0,0.0
2022-08-08,model_Portfolio,Hold,0.0,0.0,0.0,0.0,0.0,0.0,1.0,0.0,0.0,0.0
2022-08-09,model_Portfolio,Hold,0.0,0.0,0.0,0.0,0.0,0.0,1.0,0.0,0.0,0.0
2022-08-10,model_Portfolio,Hold,0.0,0.0,0.0,0.0,0.0,0.0,1.0,0.0,0.0,0.0
2022-08-11,model_Portfolio,Hold,0.0,0.0,0.0,0.0,0.0,0.0,1.0,0.0,0.0,0.0
2022-08-12,model_Portfolio,Hold,0.0,0.0,0.0,0.0,0.0,0.0,1.0,0.0,0.0,0.0
2022-08-15,model_Portfolio,Hold,0.0,0.0,0.0,0.0,0.0,0.0,1.0,0.0,0.0,0.0
2022-08-16,model_Portfolio,Hold,0.0,0.0,0.0,0.0,0.0,0.0,1.0,0.0,0.0,0.0
2022-08-17,model_Portfolio,Hold,0.0,0.0,0.0,0.0,0.0,0.0,1.0,0.0,0.0,0.0
2022-08-18,model_Portfolio,Hold,0.0,0.0,0.0,0.0,0.0,0.0,1.0,0.0,0.0,0.0
2022-08-19,model_Portfolio,Hold,0.0,0.0,0.0,0.0,0.0,0.0,1.0,0.0,0.0,0.0
2022-08-22,model_Portfolio,Hold,0.0,0.0,0.0,0.0,0.0,0.0,1.0,0.0,0.0,0.0
2022-08-23,model_Portfolio,Hold,0.0,0.0,0.0,0.0,0.0,0.0,1.0,0.0,0.0,0.0
2022-08-24,model_Portfolio,Hold,0.0,0.0,0.0,0.0,0.0,0.0,1.0,0.0,0.0,0.0
2022-08-25,model_Portfolio,Hold,0.0,0.0,0.0,0.0,0.0,0.0,1.0,0.0,0.0,0.0
2022-08-26,model_Portfolio,Hold,0.0,0.0,0.0,0.0,0.0,0.0,1.0,0.0,0.0,0.0
2022-08-29,model_Portfolio,Hold,0.0,0.0,0.0,0.0,0.0,0.0,1.0,0.0,0.0,0.0
2022-08-30,model_Portfolio,Hold,0.0,0.0,0.0,0.0,0.0,0.0,1.0,0.0,0.0,0.0
2022-08-31,model_Portfolio,Hold,0.0,0.0,0.0,0.0,0.0,0.0,1.0,0.0,0.0,0.0
2022-09-01,model_Portfolio,Hold,0.0,0.0,0.0,0.0,0.0,0.0,1.0,0.0,0.0,0.0
2022-09-02,model_Portfolio,Hold,0.0,0.0,0.0,0.0,0.0,0.0,1.0,0.0,0.0,0.0
2022-09-06,model_Portfolio,Hold,0.0,0.0,0.0,0.0,0.0,0.0,1.0,0.0,0.0,0.0
2022-09-07,model_Portfolio,Hold,0.0,0.0,0.0,0.0,0.0,0.0,1.0,0.0,0.0,0.0
2022-09-08,model_Portfolio,Hold,0.0,0.0,0.0,0.0,0.0,0.0,1.0,0.0,0.0,0.0
2022-09-09,model_Portfolio,Hold,0.0,0.0,0.0,0.0,0.0,0.0,1.0,0.0,0.0,0.0
2022-09-12,model_Portfolio,Hold,0.0,0.0,0.0,0.0,0.0,0.0,1.0,0.0,0.0,0.0
2022-09-13,model_Portfolio,Hold,0.0,0.0,0.0,0.0,0.0,0.0,1.0,0.0,0.0,0.0
2022-09-14,model_Portfolio,Hold,0.0,0.0,0.0,0.0,0.0,0.0,1.0,0.0,0.0,0.0
2022-09-15,model_Portfolio,Hold,0.0,0.0,0.0,0.0,0.0,0.0,1.0,0.0,0.0,0.0
2022-09-16,model_Portfolio,Hold,0.0,0.0,0.0,0.0,0.0,0.0,1.0,0.0,0.0,0.0
2022-09-19,model_Portfolio,Hold,0.0,0.0,0.0,0.0,0.0,0.0,1.0,0.0,0.0,0.0
2022-09-20,model_Portfolio,Hold,0.0,0.0,0.0,0.0,0.0,0.0,1.0,0.0,0.0,0.0
2022-09-21,model_Portfolio,Hold,0.0,0.0,0.0,0.0,0.0,0.0,1.0,0.0,0.0,0.0
2022-09-22,model_Portfolio,Hold,0.0,0.0,0.0,0.0,0.0,0.0,1.0,0.0,0.0,0.0
2022-09-23,model_Portfolio,Hold,0.0,0.0,0.0,0.0,0.0,0.0,1.0,0.0,0.0,0.0
2022-09-26,model_Portfolio,Hold,0.0,0.0,0.0,0.0,0.0,0.0,1.0,0.0,0.0,0.0
2022-09-27,model_Portfolio,Hold,0.0,0.0,0.0,0.0,0.0,0.0,1.0,0.0,0.0,0.0
2022-09-28,model_Portfolio,Hold,0.0,0.0,0.0,0.0,0.0,0.0,1.0,0.0,0.0,0.0
2022-09-29,model_Portfolio,Hold,0.0,0.0,0.0,0.0,0.0,0.0,1.0,0.0,0.0,0.0
2022-09-30,model_Portfolio,Hold,0.0,0.0,0.0,0.0,0.0,0.0,1.0,0.0,0.0,0.0
2022-10-03,model_Portfolio,Rebalance,0.0327,0.2166,0.1201,0.0193,0.1452,0.127,0.0162,0.0601,0.0392,0.2236
2022-10-04,model_Portfolio,Hold,0.0327,0.2166,0.1203,0.0195,0.1472,0.1276,0.0158,0.0598,0.0387,0.2218
2022-10-05,model_Portfolio,Hold,0.0327,0.2159,0.1192,0.0194,0.1518,0.1246,0.0153,0.0595,0.0384,0.2232
2022-10-06,model_Portfolio,Hold,0.0325,0.2125,0.1184,0.0193,0.1585,0.1227,0.0151,0.0597,0.0371,0.2242
2022-10-07,model_Portfolio,Hold,0.0329,0.2087,0.1176,0.0188,0.1627,0.1214,0.0149,0.0591,0.0366,0.2274
2022-10-10,model_Portfolio,Hold,0.0327,0.2078,0.1187,0.0187,0.158,0.1221,0.0146,0.0588,0.037,0.2315
2022-10-11,model_Portfolio,Hold,0.033,0.2044,0.1191,0.0185,0.1557,0.1218,0.0149,0.0585,0.0372,0.2368
2022-10-12,model_Portfolio,Hold,0.0325,0.2031,0.1178,0.0186,0.1569,0.1209,0.0148,0.0588,0.0373,0.2392
2022-10-13,model_Portfolio,Hold,0.0325,0.2031,0.119,0.018,0.1566,0.1219,0.0145,0.058,0.038,0.2383
2022-10-14,model_Portfolio,Hold,0.0327,0.2038,0.1205,0.0175,0.1527,0.1217,0.0145,0.0578,0.0386,0.2401
2022-10-17,model_Portfolio,Hold,0.0331,0.2088,0.12,0.0184,0.1514,0.1227,0.0146,0.0591,0.0382,0.2337
2022-10-18,model_Portfolio,Hold,0.0334,0.2088,0.1203,0.0187,0.1493,0.1244,0.0145,0.0592,0.0387,0.233
2022-10-19,model_Portfolio,Hold,0.0311,0.2082,0.1198,0.0184,0.1567,0.1236,0.0141,0.0583,0.038,0.2318
2022-10-20,model_Portfolio,Hold,0.0306,0.2091,0.1194,0.0187,0.1581,0.1236,0.0141,0.0593,0.0381,0.229
2022-10-21,model_Portfolio,Hold,0.0298,0.21,0.12,0.0189,0.1604,0.122,0.0141,0.0585,0.0384,0.228
2022-10-24,model_Portfolio,Hold,0.0303,0.2109,0.1198,0.0186,0.1599,0.1213,0.0139,0.0583,0.0382,0.2289
2022-10-25,model_Portfolio,Hold,0.0297,0.2114,0.1179,0.0184,0.1624,0.123,0.0144,0.0584,0.0376,0.2268
2022-10-26,model_Portfolio,Hold,0.0298,0.2106,0.1178,0.0177,0.1654,0.1231,0.0144,0.053,0.0389,0.2294
2022-10-27,model_Portfolio,Hold,0.0296,0.2117,0.1203,0.0171,0.1656,0.1227,0.0148,0.052,0.0393,0.227
2022-10-28,model_Portfolio,Hold,0.0298,0.2141,0.1218,0.0156,0.1613,0.1229,0.0148,0.0532,0.0397,0.2268
2022-10-31,model_Portfolio,Hold,0.0298,0.2125,0.1232,0.0156,0.1623,0.1217,0.0149,0.0525,0.0397,0.228
2022-11-01,model_Portfolio,Hold,0.0299,0.2108,0.1264,0.0147,0.1635,0.1225,0.0148,0.0503,0.0396,0.2274
2022-11-02,model_Portfolio,Hold,0.0303,0.2095,0.1296,0.0144,0.1623,0.1224,0.015,0.0497,0.0398,0.227
2022-11-03,model_Portfolio,Hold,0.0297,0.1966,0.1276,0.0139,0.1727,0.1312,0.015,0.0474,0.0397,0.2263
2022-11-04,model_Portfolio,Hold,0.0295,0.1952,0.1269,0.0138,0.1746,0.1339,0.0149,0.048,0.0393,0.2238
2022-11-07,model_Portfolio,Hold,0.0295,0.1985,0.1264,0.0135,0.1742,0.1329,0.0148,0.0485,0.0388,0.2228
2022-11-08,model_Portfolio,Hold,0.0295,0.1982,0.1265,0.0134,0.1723,0.1353,0.0147,0.0486,0.0389,0.2225
2022-11-09,model_Portfolio,Hold,0.0301,0.2007,0.1285,0.0132,0.1636,0.1369,0.0147,0.0488,0.0393,0.2241
2022-11-10,model_Portfolio,Hold,0.0305,0.2089,0.1287,0.0143,0.1632,0.1368,0.0153,0.0508,0.0396,0.2119
2022-11-11,model_Portfolio,Hold,0.0301,0.2087,0.1278,0.0147,0.1673,0.1347,0.0149,0.0515,0.0403,0.2101
2022-11-14,model_Portfolio,Hold,0.0298,0.21,0.1262,0.0145,0.1636,0.1391,0.0147,0.0516,0.0402,0.2103
2022-11-15,model_Portfolio,Hold,0.0297,0.2099,0.1281,0.0144,0.1678,0.1371,0.0147,0.0524,0.0397,0.2061
2022-11-16,model_Portfolio,Hold,0.0301,0.2104,0.1299,0.0142,0.1633,0.1383,0.0146,0.053,0.0392,0.2071
2022-11-17,model_Portfolio,Hold,0.03,0.2087,0.1304,0.014,0.1627,0.1383,0.0146,0.0531,0.0394,0.2089
2022-11-18,model_Portfolio,Hold,0.0303,0.2078,0.1308,0.0138,0.1603,0.1395,0.0149,0.0525,0.0392,0.211
2022-11-21,model_Portfolio,Hold,0.0303,0.2083,0.1316,0.0136,0.1567,0.1396,0.0149,0.0515,0.0395,0.214
2022-11-22,model_Portfolio,Hold,0.0299,0.2076,0.1297,0.0134,0.1616,0.1423,0.0148,0.0511,0.0389,0.2107
2022-11-23,model_Portfolio,Hold,0.0303,0.2093,0.1301,0.0136,0.1586,0.1421,0.0148,0.052,0.0388,0.2106
2022-11-25,model_Portfolio,Hold,0.0305,0.2105,0.1309,0.0135,0.1573,0.1428,0.015,0.0514,0.0391,0.2091
2022-11-28,model_Portfolio,Hold,0.0305,0.2096,0.1301,0.0137,0.1546,0.1425,0.0147,0.0514,0.0383,0.2143
2022-11-29,model_Portfolio,Hold,0.0303,0.2065,0.1292,0.0134,0.1594,0.1407,0.015,0.0507,0.0386,0.2163
2022-11-30,model_Portfolio,Hold,0.0303,0.2107,0.128,0.0137,0.1565,0.141,0.0149,0.0525,0.0376,0.2147
2022-12-01,model_Portfolio,Hold,0.0303,0.2113,0.1276,0.0135,0.1555,0.1413,0.0148,0.0523,0.0375,0.2159
2022-12-02,model_Portfolio,Hold,0.0301,0.2083,0.1276,0.0132,0.1559,0.1434,0.0146,0.0517,0.0376,0.2175
2022-12-05,model_Portfolio,Hold,0.0299,0.2069,0.1276,0.013,0.1541,0.1445,0.0146,0.0522,0.0376,0.2195
2022-12-06,model_Portfolio,Hold,0.0301,0.2058,0.1303,0.0129,0.1509,0.1461,0.0144,0.0519,0.0383,0.2193
2022-12-07,model_Portfolio,Hold,0.0303,0.2062,0.1302,0.0129,0.1498,0.1473,0.0143,0.0507,0.0388,0.2195
2022-12-08,model_Portfolio,Hold,0.0308,0.2093,0.1281,0.0131,0.1461,0.1487,0.0146,0.0498,0.0385,0.221
2022-12-09,model_Portfolio,Hold,0.0313,0.2087,0.1287,0.0131,0.1445,0.1477,0.0148,0.0499,0.0388,0.2225
2022-12-12,model_Portfolio,Hold,0.0313,0.2081,0.1282,0.0131,0.1491,0.1476,0.0146,0.0493,0.0385,0.2201
2022-12-13,model_Portfolio,Hold,0.0315,0.2076,0.1263,0.0132,0.1537,0.1484,0.0147,0.0499,0.0382,0.2166
2022-12-14,model_Portfolio,Hold,0.0316,0.206,0.1264,0.0131,0.1518,0.1491,0.0148,0.0499,0.038,0.2192
2022-12-15,model_Portfolio,Hold,0.0314,0.2025,0.1269,0.0129,0.1548,0.1478,0.0148,0.0486,0.0376,0.2226
2022-12-16,model_Portfolio,Hold,0.0316,0.1945,0.129,0.0131,0.1535,0.151,0.0146,0.0493,0.0382,0.2253
2022-12-19,model_Portfolio,Hold,0.0318,0.1897,0.1301,0.0128,0.1553,0.1513,0.0146,0.0488,0.0387,0.2268
2022-12-20,model_Portfolio,Hold,0.0315,0.1929,0.1323,0.0127,0.155,0.1494,0.0146,0.0487,0.038,0.2251
2022-12-21,model_Portfolio,Hold,0.0314,0.1943,0.1313,0.0127,0.1608,0.1475,0.0145,0.0481,0.0381,0.2213
2022-12-22,model_Portfolio,Hold,0.0318,0.1938,0.132,0.0124,0.156,0.1485,0.0146,0.0477,0.038,0.2251
2022-12-23,model_Portfolio,Hold,0.0314,0.1921,0.1316,0.0125,0.1627,0.1462,0.0145,0.0478,0.037,0.2242
2022-12-27,model_Portfolio,Hold,0.0314,0.1912,0.1323,0.0121,0.1637,0.146,0.0144,0.0468,0.037,0.225
2022-12-28,model_Portfolio,Hold,0.0318,0.193,0.1333,0.0122,0.1581,0.1474,0.0144,0.0469,0.037,0.226
2022-12-29,model_Portfolio,Hold,0.0321,0.1946,0.1328,0.0124,0.1587,0.1465,0.0145,0.0476,0.0373,0.2234
2022-12-30,model_Portfolio,Hold,0.032,0.1936,0.1327,0.0124,0.1615,0.1459,0.0146,0.0475,0.0371,0.2228
2023-01-03,model_Portfolio,Rebalance,0.2207,0.1124,0.2608,0.0195,0.1394,0.1178,0.011,0.0346,0.0117,0.0718
2023-01-04,model_Portfolio,Hold,0.2242,0.1122,0.2623,0.0194,0.1348,0.1179,0.0113,0.0342,0.012,0.0717
2023-01-05,model_Portfolio,Hold,0.2256,0.1106,0.2634,0.0191,0.1349,0.1173,0.0111,0.0339,0.0119,0.0724
2023-01-06,model_Portfolio,Hold,0.2232,0.1105,0.2654,0.0193,0.1352,0.1176,0.0112,0.0335,0.012,0.0723
2023-01-09,model_Portfolio,Hold,0.224,0.1129,0.2582,0.0197,0.1374,0.1188,0.0111,0.0339,0.0121,0.072
2023-01-10,model_Portfolio,Hold,0.2258,0.1126,0.2584,0.0201,0.1361,0.1183,0.0111,0.0338,0.0121,0.0715
2023-01-11,model_Portfolio,Hold,0.2232,0.115,0.2566,0.0212,0.1371,0.1177,0.0115,0.0348,0.0121,0.0708
2023-01-12,model_Portfolio,Hold,0.2203,0.1159,0.2558,0.0212,0.1417,0.1166,0.0117,0.0346,0.0121,0.0701
2023-01-13,model_Portfolio,Hold,0.2225,0.1142,0.2572,0.0216,0.1404,0.116,0.0116,0.0347,0.012,0.0698
2023-01-17,model_Portfolio,Hold,0.2234,0.1159,0.257,0.0213,0.1404,0.1146,0.0117,0.0345,0.0118,0.0694
2023-01-18,model_Portfolio,Hold,0.2232,0.1148,0.2591,0.0215,0.1392,0.1151,0.0118,0.035,0.0116,0.0687
2023-01-19,model_Portfolio,Hold,0.2244,0.1131,0.2554,0.0211,0.1431,0.1143,0.0117,0.0359,0.0113,0.0697
2023-01-20,model_Portfolio,Hold,0.2236,0.1148,0.2536,0.0217,0.1419,0.1146,0.0118,0.0373,0.0113,0.0695
2023-01-23,model_Portfolio,Hold,0.2244,0.1135,0.2536,0.0216,0.1418,0.1154,0.0119,0.0377,0.0114,0.0688
2023-01-24,model_Portfolio,Hold,0.2225,0.1122,0.2592,0.0214,0.1383,0.1177,0.0119,0.0371,0.0108,0.069
2023-01-25,model_Portfolio,Hold,0.2203,0.1119,0.2612,0.0217,0.139,0.1176,0.0118,0.0363,0.0106,0.0696
2023-01-26,model_Portfolio,Hold,0.2191,0.1117,0.2592,0.022,0.1421,0.1186,0.0117,0.0369,0.0106,0.0681
2023-01-27,model_Portfolio,Hold,0.2167,0.1128,0.2588,0.0227,0.1431,0.1176,0.012,0.0376,0.0108,0.0679
2023-01-30,model_Portfolio,Hold,0.218,0.1124,0.2612,0.0225,0.1392,0.1184,0.0118,0.037,0.0106,0.0689
2023-01-31,model_Portfolio,Hold,0.2172,0.1132,0.26,0.0228,0.1383,0.1196,0.012,0.0373,0.0107,0.069
2023-02-01,model_Portfolio,Hold,0.2186,0.1145,0.258,0.0231,0.1347,0.1181,0.0121,0.0377,0.0107,0.0725
2023-02-02,model_Portfolio,Hold,0.2233,0.1208,0.2469,0.0253,0.1338,0.1117,0.0129,0.0412,0.0113,0.0729
2023-02-03,model_Portfolio,Hold,0.2246,0.12,0.2511,0.0234,0.1342,0.1088,0.0128,0.0404,0.0112,0.0735
2023-02-06,model_Portfolio,Hold,0.2237,0.1187,0.2531,0.0232,0.1348,0.1086,0.0128,0.0399,0.0112,0.074
2023-02-07,model_Portfolio,Hold,0.2234,0.1186,0.2513,0.0229,0.1384,0.108,0.0126,0.0412,0.0111,0.0725
2023-02-08,model_Portfolio,Hold,0.2223,0.1186,0.256,0.0227,0.1349,0.1101,0.0127,0.0385,0.011,0.0732
2023-02-09,model_Portfolio,Hold,0.221,0.1204,0.2564,0.0226,0.1333,0.1114,0.0128,0.0373,0.0109,0.0739
2023-02-10,model_Portfolio,Hold,0.2189,0.1186,0.2547,0.0222,0.14,0.1106,0.0127,0.0367,0.0109,0.0746
2023-02-13,model_Portfolio,Hold,0.2186,0.1199,0.2576,0.0226,0.136,0.1097,0.0127,0.0366,0.011,0.0752
2023-02-14,model_Portfolio,Hold,0.2187,0.1199,0.2557,0.0229,0.1375,0.109,0.0128,0.0371,0.011,0.0754
2023-02-15,model_Portfolio,Hold,0.2186,0.121,0.2558,0.0232,0.1337,0.1101,0.0128,0.0379,0.0111,0.0757
2023-02-16,model_Portfolio,Hold,0.219,0.1199,0.2586,0.0228,0.1316,0.1101,0.0127,0.0379,0.0111,0.0763
2023-02-17,model_Portfolio,Hold,0.2218,0.1188,0.2611,0.0227,0.1257,0.1104,0.0127,0.0376,0.0113,0.0779
2023-02-21,model_Portfolio,Hold,0.2195,0.1177,0.2614,0.0225,0.128,0.1116,0.0126,0.0373,0.0111,0.0784
2023-02-22,model_Portfolio,Hold,0.2178,0.1181,0.2627,0.0228,0.1275,0.1121,0.0125,0.0373,0.0111,0.078
2023-02-23,model_Portfolio,Hold,0.2166,0.1183,0.2602,0.0228,0.1312,0.1122,0.0125,0.0369,0.011,0.0783
2023-02-24,model_Portfolio,Hold,0.2134,0.1169,0.2639,0.0223,0.1323,0.1134,0.0122,0.0364,0.011,0.0782
2023-02-27,model_Portfolio,Hold,0.2123,0.117,0.2631,0.0224,0.1326,0.1154,0.0122,0.0367,0.0111,0.0773
2023-02-28,model_Portfolio,Hold,0.2163,0.1166,0.2626,0.0225,0.1296,0.1155,0.0121,0.0368,0.011,0.077
2023-03-01,model_Portfolio,Hold,0.2142,0.1156,0.2622,0.022,0.1337,0.1163,0.0115,0.0369,0.0112,0.0765
2023-03-02,model_Portfolio,Hold,0.2164,0.1155,0.2581,0.0218,0.1349,0.117,0.0114,0.0373,0.0111,0.0764
2023-03-03,model_Portfolio,Hold,0.2171,0.1155,0.2577,0.0222,0.1358,0.1164,0.0113,0.0374,0.0111,0.0754
2023-03-06,model_Portfolio,Hold,0.215,0.1165,0.2586,0.0221,0.1334,0.1165,0.0115,0.0382,0.011,0.077
2023-03-07,model_Portfolio,Hold,0.2132,0.1163,0.2591,0.0224,0.1325,0.1181,0.0114,0.0384,0.011,0.0774
2023-03-08,model_Portfolio,Hold,0.2135,0.1169,0.2573,0.0227,0.1313,0.1183,0.0117,0.0389,0.011,0.0784
2023-03-09,model_Portfolio,Hold,0.2143,0.1175,0.2573,0.0227,0.1287,0.1182,0.0115,0.0388,0.0111,0.0799
2023-03-10,model_Portfolio,Hold,0.2157,0.1162,0.2581,0.0227,0.127,0.1189,0.0107,0.0387,0.0111,0.0809
2023-03-13,model_Portfolio,Hold,0.2207,0.1166,0.2531,0.0234,0.1232,0.12,0.0107,0.0393,0.0112,0.0818
2023-03-14,model_Portfolio,Hold,0.2192,0.116,0.2544,0.0237,0.123,0.1208,0.0107,0.0401,0.011,0.0811
2023-03-15,model_Portfolio,Hold,0.223,0.1159,0.2529,0.0247,0.116,0.12,0.011,0.0421,0.0112,0.0833
2023-03-16,model_Portfolio,Hold,0.2221,0.1171,0.2539,0.0252,0.1168,0.1191,0.0105,0.0432,0.0112,0.0808
2023-03-17,model_Portfolio,Hold,0.2216,0.1179,0.2536,0.0254,0.1151,0.1192,0.0105,0.0446,0.0113,0.0808
2023-03-20,model_Portfolio,Hold,0.2194,0.1169,0.2574,0.0246,0.117,0.1189,0.0104,0.0436,0.0112,0.0806
2023-03-21,model_Portfolio,Hold,0.2163,0.117,0.2579,0.0249,0.1224,0.1165,0.0102,0.0443,0.011,0.0793
2023-03-22,model_Portfolio,Hold,0.2173,0.1173,0.2565,0.0249,0.1223,0.1173,0.0099,0.0445,0.0109,0.079
2023-03-23,model_Portfolio,Hold,0.2174,0.1257,0.2538,0.0249,0.121,0.1136,0.0098,0.0454,0.0109,0.0776
2023-03-24,model_Portfolio,Hold,0.2181,0.1249,0.2535,0.0246,0.1219,0.1131,0.0101,0.045,0.0108,0.0779
2023-03-27,model_Portfolio,Hold,0.2177,0.1251,0.2528,0.0244,0.1242,0.1135,0.0099,0.0435,0.0108,0.078
2023-03-28,model_Portfolio,Hold,0.2143,0.1253,0.2542,0.0241,0.1258,0.1147,0.0099,0.0428,0.0108,0.078
2023-03-29,model_Portfolio,Hold,0.2152,0.1261,0.2542,0.0246,0.1244,0.1145,0.0102,0.0425,0.0108,0.0774
2023-03-30,model_Portfolio,Hold,0.2158,0.1271,0.2536,0.025,0.1223,0.1157,0.0103,0.0422,0.0107,0.0772
2023-03-31,model_Portfolio,Hold,0.2172,0.1266,0.2507,0.0249,0.1228,0.1177,0.0103,0.0427,0.0108,0.0762
2023-04-03,model_Portfolio,Rebalance,0.0,0.0,0.0,0.0,0.0,0.0,1.0,0.0,0.0,0.0
2023-04-04,model_Portfolio,Hold,0.0,0.0,0.0,0.0,0.0,0.0,1.0,0.0,0.0,0.0
2023-04-05,model_Portfolio,Hold,0.0,0.0,0.0,0.0,0.0,0.0,1.0,0.0,0.0,0.0
2023-04-06,model_Portfolio,Hold,0.0,0.0,0.0,0.0,0.0,0.0,1.0,0.0,0.0,0.0
2023-04-10,model_Portfolio,Hold,0.0,0.0,0.0,0.0,0.0,0.0,1.0,0.0,0.0,0.0
2023-04-11,model_Portfolio,Hold,0.0,0.0,0.0,0.0,0.0,0.0,1.0,0.0,0.0,0.0
2023-04-12,model_Portfolio,Hold,0.0,0.0,0.0,0.0,0.0,0.0,1.0,0.0,0.0,0.0
2023-04-13,model_Portfolio,Hold,0.0,0.0,0.0,0.0,0.0,0.0,1.0,0.0,0.0,0.0
2023-04-14,model_Portfolio,Hold,0.0,0.0,0.0,0.0,0.0,0.0,1.0,0.0,0.0,0.0
2023-04-17,model_Portfolio,Hold,0.0,0.0,0.0,0.0,0.0,0.0,1.0,0.0,0.0,0.0
2023-04-18,model_Portfolio,Hold,0.0,0.0,0.0,0.0,0.0,0.0,1.0,0.0,0.0,0.0
2023-04-19,model_Portfolio,Hold,0.0,0.0,0.0,0.0,0.0,0.0,1.0,0.0,0.0,0.0
2023-04-20,model_Portfolio,Hold,0.0,0.0,0.0,0.0,0.0,0.0,1.0,0.0,0.0,0.0
2023-04-21,model_Portfolio,Hold,0.0,0.0,0.0,0.0,0.0,0.0,1.0,0.0,0.0,0.0
2023-04-24,model_Portfolio,Hold,0.0,0.0,0.0,0.0,0.0,0.0,1.0,0.0,0.0,0.0
2023-04-25,model_Portfolio,Hold,0.0,0.0,0.0,0.0,0.0,0.0,1.0,0.0,0.0,0.0
2023-04-26,model_Portfolio,Hold,0.0,0.0,0.0,0.0,0.0,0.0,1.0,0.0,0.0,0.0
2023-04-27,model_Portfolio,Hold,0.0,0.0,0.0,0.0,0.0,0.0,1.0,0.0,0.0,0.0
2023-04-28,model_Portfolio,Hold,0.0,0.0,0.0,0.0,0.0,0.0,1.0,0.0,0.0,0.0
2023-05-01,model_Portfolio,Hold,0.0,0.0,0.0,0.0,0.0,0.0,1.0,0.0,0.0,0.0
2023-05-02,model_Portfolio,Hold,0.0,0.0,0.0,0.0,0.0,0.0,1.0,0.0,0.0,0.0
2023-05-03,model_Portfolio,Hold,0.0,0.0,0.0,0.0,0.0,0.0,1.0,0.0,0.0,0.0
2023-05-04,model_Portfolio,Hold,0.0,0.0,0.0,0.0,0.0,0.0,1.0,0.0,0.0,0.0
2023-05-05,model_Portfolio,Hold,0.0,0.0,0.0,0.0,0.0,0.0,1.0,0.0,0.0,0.0
2023-05-08,model_Portfolio,Hold,0.0,0.0,0.0,0.0,0.0,0.0,1.0,0.0,0.0,0.0
2023-05-09,model_Portfolio,Hold,0.0,0.0,0.0,0.0,0.0,0.0,1.0,0.0,0.0,0.0
2023-05-10,model_Portfolio,Hold,0.0,0.0,0.0,0.0,0.0,0.0,1.0,0.0,0.0,0.0
2023-05-11,model_Portfolio,Hold,0.0,0.0,0.0,0.0,0.0,0.0,1.0,0.0,0.0,0.0
2023-05-12,model_Portfolio,Hold,0.0,0.0,0.0,0.0,0.0,0.0,1.0,0.0,0.0,0.0
2023-05-15,model_Portfolio,Hold,0.0,0.0,0.0,0.0,0.0,0.0,1.0,0.0,0.0,0.0
2023-05-16,model_Portfolio,Hold,0.0,0.0,0.0,0.0,0.0,0.0,1.0,0.0,0.0,0.0
2023-05-17,model_Portfolio,Hold,0.0,0.0,0.0,0.0,0.0,0.0,1.0,0.0,0.0,0.0
2023-05-18,model_Portfolio,Hold,0.0,0.0,0.0,0.0,0.0,0.0,1.0,0.0,0.0,0.0
2023-05-19,model_Portfolio,Hold,0.0,0.0,0.0,0.0,0.0,0.0,1.0,0.0,0.0,0.0
2023-05-22,model_Portfolio,Hold,0.0,0.0,0.0,0.0,0.0,0.0,1.0,0.0,0.0,0.0
2023-05-23,model_Portfolio,Hold,0.0,0.0,0.0,0.0,0.0,0.0,1.0,0.0,0.0,0.0
2023-05-24,model_Portfolio,Hold,0.0,0.0,0.0,0.0,0.0,0.0,1.0,0.0,0.0,0.0
2023-05-25,model_Portfolio,Hold,0.0,0.0,0.0,0.0,0.0,0.0,1.0,0.0,0.0,0.0
2023-05-26,model_Portfolio,Hold,0.0,0.0,0.0,0.0,0.0,0.0,1.0,0.0,0.0,0.0
2023-05-30,model_Portfolio,Hold,0.0,0.0,0.0,0.0,0.0,0.0,1.0,0.0,0.0,0.0
2023-05-31,model_Portfolio,Hold,0.0,0.0,0.0,0.0,0.0,0.0,1.0,0.0,0.0,0.0
2023-06-01,model_Portfolio,Hold,0.0,0.0,0.0,0.0,0.0,0.0,1.0,0.0,0.0,0.0
2023-06-02,model_Portfolio,Hold,0.0,0.0,0.0,0.0,0.0,0.0,1.0,0.0,0.0,0.0
2023-06-05,model_Portfolio,Hold,0.0,0.0,0.0,0.0,0.0,0.0,1.0,0.0,0.0,0.0
2023-06-06,model_Portfolio,Hold,0.0,0.0,0.0,0.0,0.0,0.0,1.0,0.0,0.0,0.0
2023-06-07,model_Portfolio,Hold,0.0,0.0,0.0,0.0,0.0,0.0,1.0,0.0,0.0,0.0
2023-06-08,model_Portfolio,Hold,0.0,0.0,0.0,0.0,0.0,0.0,1.0,0.0,0.0,0.0
2023-06-09,model_Portfolio,Hold,0.0,0.0,0.0,0.0,0.0,0.0,1.0,0.0,0.0,0.0
2023-06-12,model_Portfolio,Hold,0.0,0.0,0.0,0.0,0.0,0.0,1.0,0.0,0.0,0.0
2023-06-13,model_Portfolio,Hold,0.0,0.0,0.0,0.0,0.0,0.0,1.0,0.0,0.0,0.0
2023-06-14,model_Portfolio,Hold,0.0,0.0,0.0,0.0,0.0,0.0,1.0,0.0,0.0,0.0
2023-06-15,model_Portfolio,Hold,0.0,0.0,0.0,0.0,0.0,0.0,1.0,0.0,0.0,0.0
2023-06-16,model_Portfolio,Hold,0.0,0.0,0.0,0.0,0.0,0.0,1.0,0.0,0.0,0.0
2023-06-20,model_Portfolio,Hold,0.0,0.0,0.0,0.0,0.0,0.0,1.0,0.0,0.0,0.0
2023-06-21,model_Portfolio,Hold,0.0,0.0,0.0,0.0,0.0,0.0,1.0,0.0,0.0,0.0
2023-06-22,model_Portfolio,Hold,0.0,0.0,0.0,0.0,0.0,0.0,1.0,0.0,0.0,0.0
2023-06-23,model_Portfolio,Hold,0.0,0.0,0.0,0.0,0.0,0.0,1.0,0.0,0.0,0.0
2023-06-26,model_Portfolio,Hold,0.0,0.0,0.0,0.0,0.0,0.0,1.0,0.0,0.0,0.0
2023-06-27,model_Portfolio,Hold,0.0,0.0,0.0,0.0,0.0,0.0,1.0,0.0,0.0,0.0
2023-06-28,model_Portfolio,Hold,0.0,0.0,0.0,0.0,0.0,0.0,1.0,0.0,0.0,0.0
2023-06-29,model_Portfolio,Hold,0.0,0.0,0.0,0.0,0.0,0.0,1.0,0.0,0.0,0.0
2023-06-30,model_Portfolio,Hold,0.0,0.0,0.0,0.0,0.0,0.0,1.0,0.0,0.0,0.0
2023-07-03,model_Portfolio,Rebalance,1.0,0.0,0.0,0.0,0.0,0.0,0.0,0.0,0.0,0.0
2023-07-05,model_Portfolio,Hold,1.0,0.0,0.0,0.0,0.0,0.0,0.0,0.0,0.0,0.0
2023-07-06,model_Portfolio,Hold,1.0,0.0,0.0,0.0,0.0,0.0,0.0,0.0,0.0,0.0
2023-07-07,model_Portfolio,Hold,1.0,0.0,0.0,0.0,0.0,0.0,0.0,0.0,0.0,0.0
2023-07-10,model_Portfolio,Hold,1.0,0.0,0.0,0.0,0.0,0.0,0.0,0.0,0.0,0.0
2023-07-11,model_Portfolio,Hold,1.0,0.0,0.0,0.0,0.0,0.0,0.0,0.0,0.0,0.0
2023-07-12,model_Portfolio,Hold,1.0,0.0,0.0,0.0,0.0,0.0,0.0,0.0,0.0,0.0
2023-07-13,model_Portfolio,Hold,1.0,0.0,0.0,0.0,0.0,0.0,0.0,0.0,0.0,0.0
2023-07-14,model_Portfolio,Hold,1.0,0.0,0.0,0.0,0.0,0.0,0.0,0.0,0.0,0.0
2023-07-17,model_Portfolio,Hold,1.0,0.0,0.0,0.0,0.0,0.0,0.0,0.0,0.0,0.0
2023-07-18,model_Portfolio,Hold,1.0,0.0,0.0,0.0,0.0,0.0,0.0,0.0,0.0,0.0
2023-07-19,model_Portfolio,Hold,1.0,0.0,0.0,0.0,0.0,0.0,0.0,0.0,0.0,0.0
2023-07-20,model_Portfolio,Hold,1.0,0.0,0.0,0.0,0.0,0.0,0.0,0.0,0.0,0.0
2023-07-21,model_Portfolio,Hold,1.0,0.0,0.0,0.0,0.0,0.0,0.0,0.0,0.0,0.0
2023-07-24,model_Portfolio,Hold,1.0,0.0,0.0,0.0,0.0,0.0,0.0,0.0,0.0,0.0
2023-07-25,model_Portfolio,Hold,1.0,0.0,0.0,0.0,0.0,0.0,0.0,0.0,0.0,0.0
2023-07-26,model_Portfolio,Hold,1.0,0.0,0.0,0.0,0.0,0.0,0.0,0.0,0.0,0.0
2023-07-27,model_Portfolio,Hold,1.0,0.0,0.0,0.0,0.0,0.0,0.0,0.0,0.0,0.0
2023-07-28,model_Portfolio,Hold,1.0,0.0,0.0,0.0,0.0,0.0,0.0,0.0,0.0,0.0
2023-07-31,model_Portfolio,Hold,1.0,0.0,0.0,0.0,0.0,0.0,0.0,0.0,0.0,0.0
2023-08-01,model_Portfolio,Hold,1.0,0.0,0.0,0.0,0.0,0.0,0.0,0.0,0.0,0.0
2023-08-02,model_Portfolio,Hold,1.0,0.0,0.0,0.0,0.0,0.0,0.0,0.0,0.0,0.0
2023-08-03,model_Portfolio,Hold,1.0,0.0,0.0,0.0,0.0,0.0,0.0,0.0,0.0,0.0
2023-08-04,model_Portfolio,Hold,1.0,0.0,0.0,0.0,0.0,0.0,0.0,0.0,0.0,0.0
2023-08-07,model_Portfolio,Hold,1.0,0.0,0.0,0.0,0.0,0.0,0.0,0.0,0.0,0.0
2023-08-08,model_Portfolio,Hold,1.0,0.0,0.0,0.0,0.0,0.0,0.0,0.0,0.0,0.0
2023-08-09,model_Portfolio,Hold,1.0,0.0,0.0,0.0,0.0,0.0,0.0,0.0,0.0,0.0
2023-08-10,model_Portfolio,Hold,1.0,0.0,0.0,0.0,0.0,0.0,0.0,0.0,0.0,0.0
2023-08-11,model_Portfolio,Hold,1.0,0.0,0.0,0.0,0.0,0.0,0.0,0.0,0.0,0.0
2023-08-14,model_Portfolio,Hold,1.0,0.0,0.0,0.0,0.0,0.0,0.0,0.0,0.0,0.0
2023-08-15,model_Portfolio,Hold,1.0,0.0,0.0,0.0,0.0,0.0,0.0,0.0,0.0,0.0
2023-08-16,model_Portfolio,Hold,1.0,0.0,0.0,0.0,0.0,0.0,0.0,0.0,0.0,0.0
2023-08-17,model_Portfolio,Hold,1.0,0.0,0.0,0.0,0.0,0.0,0.0,0.0,0.0,0.0
2023-08-18,model_Portfolio,Hold,1.0,0.0,0.0,0.0,0.0,0.0,0.0,0.0,0.0,0.0
2023-08-21,model_Portfolio,Hold,1.0,0.0,0.0,0.0,0.0,0.0,0.0,0.0,0.0,0.0
2023-08-22,model_Portfolio,Hold,1.0,0.0,0.0,0.0,0.0,0.0,0.0,0.0,0.0,0.0
2023-08-23,model_Portfolio,Hold,1.0,0.0,0.0,0.0,0.0,0.0,0.0,0.0,0.0,0.0
2023-08-24,model_Portfolio,Hold,1.0,0.0,0.0,0.0,0.0,0.0,0.0,0.0,0.0,0.0
2023-08-25,model_Portfolio,Hold,1.0,0.0,0.0,0.0,0.0,0.0,0.0,0.0,0.0,0.0
2023-08-28,model_Portfolio,Hold,1.0,0.0,0.0,0.0,0.0,0.0,0.0,0.0,0.0,0.0
2023-08-29,model_Portfolio,Hold,1.0,0.0,0.0,0.0,0.0,0.0,0.0,0.0,0.0,0.0
2023-08-30,model_Portfolio,Hold,1.0,0.0,0.0,0.0,0.0,0.0,0.0,0.0,0.0,0.0
2023-08-31,model_Portfolio,Hold,1.0,0.0,0.0,0.0,0.0,0.0,0.0,0.0,0.0,0.0
2023-09-01,model_Portfolio,Hold,1.0,0.0,0.0,0.0,0.0,0.0,0.0,0.0,0.0,0.0
2023-09-05,model_Portfolio,Hold,1.0,0.0,0.0,0.0,0.0,0.0,0.0,0.0,0.0,0.0
2023-09-06,model_Portfolio,Hold,1.0,0.0,0.0,0.0,0.0,0.0,0.0,0.0,0.0,0.0
2023-09-07,model_Portfolio,Hold,1.0,0.0,0.0,0.0,0.0,0.0,0.0,0.0,0.0,0.0
2023-09-08,model_Portfolio,Hold,1.0,0.0,0.0,0.0,0.0,0.0,0.0,0.0,0.0,0.0
2023-09-11,model_Portfolio,Hold,1.0,0.0,0.0,0.0,0.0,0.0,0.0,0.0,0.0,0.0
2023-09-12,model_Portfolio,Hold,1.0,0.0,0.0,0.0,0.0,0.0,0.0,0.0,0.0,0.0
2023-09-13,model_Portfolio,Hold,1.0,0.0,0.0,0.0,0.0,0.0,0.0,0.0,0.0,0.0
2023-09-14,model_Portfolio,Hold,1.0,0.0,0.0,0.0,0.0,0.0,0.0,0.0,0.0,0.0
2023-09-15,model_Portfolio,Hold,1.0,0.0,0.0,0.0,0.0,0.0,0.0,0.0,0.0,0.0
2023-09-18,model_Portfolio,Hold,1.0,0.0,0.0,0.0,0.0,0.0,0.0,0.0,0.0,0.0
2023-09-19,model_Portfolio,Hold,1.0,0.0,0.0,0.0,0.0,0.0,0.0,0.0,0.0,0.0
2023-09-20,model_Portfolio,Hold,1.0,0.0,0.0,0.0,0.0,0.0,0.0,0.0,0.0,0.0
2023-09-21,model_Portfolio,Hold,1.0,0.0,0.0,0.0,0.0,0.0,0.0,0.0,0.0,0.0
2023-09-22,model_Portfolio,Hold,1.0,0.0,0.0,0.0,0.0,0.0,0.0,0.0,0.0,0.0
2023-09-25,model_Portfolio,Hold,1.0,0.0,0.0,0.0,0.0,0.0,0.0,0.0,0.0,0.0
2023-09-26,model_Portfolio,Hold,1.0,0.0,0.0,0.0,0.0,0.0,0.0,0.0,0.0,0.0
2023-09-27,model_Portfolio,Hold,1.0,0.0,0.0,0.0,0.0,0.0,0.0,0.0,0.0,0.0
2023-09-28,model_Portfolio,Hold,1.0,0.0,0.0,0.0,0.0,0.0,0.0,0.0,0.0,0.0
2023-09-29,model_Portfolio,Hold,1.0,0.0,0.0,0.0,0.0,0.0,0.0,0.0,0.0,0.0
2023-10-02,model_Portfolio,Rebalance,0.0294,0.1771,0.143,0.0098,0.2689,0.116,0.0234,0.0132,0.0414,0.1777
2023-10-03,model_Portfolio,Hold,0.0296,0.1767,0.1417,0.0094,0.271,0.1176,0.0233,0.0131,0.041,0.1766
2023-10-04,model_Portfolio,Hold,0.0297,0.1793,0.1436,0.0097,0.2609,0.1195,0.0235,0.0135,0.0408,0.1796
2023-10-05,model_Portfolio,Hold,0.0299,0.1798,0.1445,0.0096,0.2594,0.1176,0.0236,0.0135,0.0408,0.1814
2023-10-06,model_Portfolio,Hold,0.03,0.1804,0.146,0.0097,0.2574,0.1176,0.0235,0.0137,0.0409,0.1809
2023-10-09,model_Portfolio,Hold,0.0294,0.1773,0.1447,0.0096,0.2637,0.1169,0.0237,0.0135,0.0405,0.1806
2023-10-10,model_Portfolio,Hold,0.0296,0.1773,0.1457,0.0097,0.2615,0.1183,0.0237,0.0135,0.0411,0.1795
2023-10-11,model_Portfolio,Hold,0.028,0.1776,0.147,0.0098,0.2609,0.1191,0.0238,0.0137,0.0409,0.1792
2023-10-12,model_Portfolio,Hold,0.0277,0.1743,0.1483,0.0099,0.265,0.118,0.0233,0.0136,0.0406,0.1793
2023-10-13,model_Portfolio,Hold,0.0275,0.1704,0.1469,0.0096,0.2747,0.1161,0.0231,0.0133,0.0399,0.1785
2023-10-16,model_Portfolio,Hold,0.0275,0.1702,0.1465,0.0097,0.2773,0.1153,0.0233,0.0133,0.0399,0.177
2023-10-17,model_Portfolio,Hold,0.0273,0.1706,0.1461,0.0095,0.277,0.116,0.0231,0.0132,0.0399,0.1772
2023-10-18,model_Portfolio,Hold,0.0285,0.169,0.145,0.0093,0.2821,0.1136,0.0225,0.0131,0.0392,0.1778
2023-10-19,model_Portfolio,Hold,0.0286,0.1693,0.1441,0.0094,0.2854,0.113,0.0219,0.0132,0.0387,0.1764
2023-10-20,model_Portfolio,Hold,0.0294,0.1682,0.1425,0.0093,0.2833,0.1137,0.0223,0.0131,0.039,0.1793
2023-10-23,model_Portfolio,Hold,0.0294,0.1693,0.1436,0.0095,0.2805,0.1136,0.0224,0.0134,0.0391,0.1792
2023-10-24,model_Portfolio,Hold,0.029,0.169,0.1439,0.0096,0.2776,0.114,0.0226,0.0136,0.0409,0.1799
2023-10-25,model_Portfolio,Hold,0.0287,0.1677,0.1454,0.0091,0.2789,0.1134,0.0218,0.0123,0.0408,0.1819
2023-10-26,model_Portfolio,Hold,0.0294,0.1707,0.147,0.0091,0.2804,0.117,0.0227,0.0122,0.0413,0.1701
2023-10-27,model_Portfolio,Hold,0.0293,0.1707,0.146,0.0098,0.2802,0.1171,0.0223,0.0123,0.041,0.1714
2023-10-30,model_Portfolio,Hold,0.0291,0.1708,0.1465,0.0101,0.2748,0.1181,0.0225,0.0124,0.0416,0.1741
2023-10-31,model_Portfolio,Hold,0.0294,0.1724,0.147,0.0101,0.2735,0.1181,0.0224,0.0123,0.042,0.1728
2023-11-01,model_Portfolio,Hold,0.0295,0.174,0.1484,0.0104,0.272,0.1182,0.0222,0.0125,0.0417,0.1711
2023-11-02,model_Portfolio,Hold,0.0292,0.1751,0.1506,0.0103,0.2677,0.1186,0.023,0.0124,0.0418,0.1713
2023-11-03,model_Portfolio,Hold,0.0289,0.1766,0.1502,0.0102,0.267,0.119,0.0238,0.0124,0.0421,0.1697
2023-11-06,model_Portfolio,Hold,0.0289,0.1777,0.1499,0.0104,0.2647,0.1192,0.0238,0.0127,0.0423,0.1706
2023-11-07,model_Portfolio,Hold,0.0295,0.1832,0.1526,0.0108,0.2626,0.1066,0.0239,0.013,0.0431,0.1745
2023-11-08,model_Portfolio,Hold,0.0297,0.1863,0.1527,0.0109,0.2553,0.1098,0.0242,0.0132,0.0431,0.1746
2023-11-09,model_Portfolio,Hold,0.0295,0.185,0.1545,0.0108,0.254,0.112,0.023,0.0131,0.043,0.175
2023-11-10,model_Portfolio,Hold,0.0293,0.1864,0.1541,0.0109,0.2554,0.1115,0.0231,0.0132,0.0431,0.1729
2023-11-13,model_Portfolio,Hold,0.0301,0.1849,0.1547,0.0109,0.2547,0.1119,0.0228,0.0132,0.0432,0.1736
2023-11-14,model_Portfolio,Hold,0.0299,0.1845,0.1535,0.011,0.2565,0.1113,0.0251,0.0132,0.0435,0.1715
2023-11-15,model_Portfolio,Hold,0.0301,0.1866,0.1503,0.0107,0.2537,0.113,0.0251,0.0132,0.0442,0.1731
2023-11-16,model_Portfolio,Hold,0.031,0.189,0.1526,0.0108,0.2456,0.1138,0.0248,0.0135,0.0447,0.1741
2023-11-17,model_Portfolio,Hold,0.0306,0.1879,0.1528,0.0109,0.2508,0.1115,0.0246,0.0133,0.0442,0.1734
2023-11-20,model_Portfolio,Hold,0.031,0.1891,0.1512,0.0109,0.2509,0.1121,0.0247,0.0133,0.0439,0.173
2023-11-21,model_Portfolio,Hold,0.0312,0.1889,0.1527,0.0108,0.2485,0.1139,0.0245,0.0134,0.0435,0.1727
2023-11-22,model_Portfolio,Hold,0.0313,0.1896,0.1529,0.0109,0.2469,0.1125,0.0246,0.0135,0.0439,0.1738
2023-11-24,model_Portfolio,Hold,0.0312,0.1892,0.1531,0.0109,0.2478,0.112,0.0246,0.0132,0.0439,0.174
2023-11-27,model_Portfolio,Hold,0.0313,0.1893,0.154,0.011,0.2455,0.1115,0.0247,0.0133,0.0447,0.1748
2023-11-28,model_Portfolio,Hold,0.0311,0.1893,0.1525,0.0109,0.2457,0.1101,0.0254,0.0134,0.0453,0.1764
2023-11-29,model_Portfolio,Hold,0.0316,0.19,0.1517,0.0109,0.2456,0.1095,0.0257,0.0132,0.0454,0.1764
2023-11-30,model_Portfolio,Hold,0.0318,0.1893,0.1532,0.0109,0.2428,0.1108,0.0257,0.0129,0.0455,0.1771
2023-12-01,model_Portfolio,Hold,0.0316,0.1903,0.1516,0.0108,0.2418,0.1106,0.0275,0.0127,0.0455,0.1777
2023-12-04,model_Portfolio,Hold,0.0318,0.1899,0.1522,0.0107,0.2399,0.1099,0.028,0.0125,0.0472,0.1778
2023-12-05,model_Portfolio,Hold,0.0319,0.1917,0.1537,0.011,0.2357,0.1078,0.0283,0.0128,0.047,0.1801
2023-12-06,model_Portfolio,Hold,0.0325,0.1937,0.1539,0.0109,0.2332,0.1088,0.0291,0.0128,0.048,0.177
2023-12-07,model_Portfolio,Hold,0.0322,0.1936,0.1544,0.0111,0.2319,0.1091,0.0291,0.0135,0.0483,0.1769
2023-12-08,model_Portfolio,Hold,0.0321,0.1935,0.1544,0.0111,0.2347,0.1089,0.0284,0.0133,0.048,0.1757
2023-12-11,model_Portfolio,Hold,0.0324,0.1952,0.1545,0.0109,0.2347,0.1087,0.0282,0.013,0.0476,0.1749
2023-12-12,model_Portfolio,Hold,0.0326,0.1958,0.1568,0.011,0.2313,0.1099,0.0276,0.0129,0.0473,0.1748
2023-12-13,model_Portfolio,Hold,0.0324,0.1939,0.1545,0.011,0.2333,0.1095,0.0293,0.0128,0.0475,0.1757
2023-12-14,model_Portfolio,Hold,0.0327,0.1924,0.1487,0.0108,0.2381,0.1096,0.0312,0.0127,0.0486,0.1752
2023-12-15,model_Portfolio,Hold,0.0325,0.1943,0.1483,0.0111,0.2368,0.1102,0.0304,0.0128,0.0489,0.1747
2023-12-18,model_Portfolio,Hold,0.0326,0.1923,0.149,0.0113,0.2378,0.1099,0.03,0.0131,0.0482,0.1759
2023-12-19,model_Portfolio,Hold,0.0325,0.191,0.1496,0.0112,0.2389,0.1098,0.03,0.0131,0.0481,0.1759
2023-12-20,model_Portfolio,Hold,0.0327,0.1929,0.1495,0.0113,0.2394,0.1098,0.0297,0.0134,0.0476,0.1737
2023-12-21,model_Portfolio,Hold,0.0326,0.1957,0.1485,0.0113,0.2392,0.1099,0.0299,0.0135,0.0479,0.1716
2023-12-22,model_Portfolio,Hold,0.0326,0.1979,0.1482,0.0112,0.2382,0.1098,0.0295,0.0135,0.048,0.171
2023-12-26,model_Portfolio,Hold,0.0323,0.1953,0.1472,0.0111,0.2444,0.1094,0.0295,0.0134,0.0483,0.1691
2023-12-27,model_Portfolio,Hold,0.0325,0.1955,0.1475,0.0111,0.2437,0.1098,0.0295,0.0133,0.0486,0.1684
2023-12-28,model_Portfolio,Hold,0.0329,0.1958,0.149,0.0112,0.2385,0.11,0.03,0.0134,0.0494,0.1697
2023-12-29,model_Portfolio,Hold,0.0329,0.1956,0.1499,0.0111,0.2373,0.1107,0.0295,0.0133,0.0493,0.1706
2024-01-02,model_Portfolio,Rebalance,0.5022,0.0003,0.0001,0.0,0.0001,0.0001,0.4965,0.0,0.0006,0.0001
2024-01-03,model_Portfolio,Hold,0.5092,0.0003,0.0001,0.0,0.0001,0.0001,0.4895,0.0,0.0006,0.0001
2024-01-04,model_Portfolio,Hold,0.5119,0.0003,0.0001,0.0,0.0001,0.0001,0.4868,0.0,0.0006,0.0001
2024-01-05,model_Portfolio,Hold,0.5098,0.0003,0.0001,0.0,0.0001,0.0001,0.4889,0.0,0.0006,0.0001
2024-01-08,model_Portfolio,Hold,0.5071,0.0003,0.0001,0.0,0.0001,0.0001,0.4916,0.0,0.0006,0.0001
2024-01-09,model_Portfolio,Hold,0.5106,0.0003,0.0001,0.0,0.0001,0.0001,0.4882,0.0,0.0006,0.0001
2024-01-10,model_Portfolio,Hold,0.5127,0.0003,0.0001,0.0,0.0001,0.0001,0.486,0.0,0.0006,0.0001
2024-01-11,model_Portfolio,Hold,0.5183,0.0003,0.0001,0.0,0.0001,0.0001,0.4804,0.0,0.0006,0.0001
2024-01-12,model_Portfolio,Hold,0.5185,0.0003,0.0001,0.0,0.0001,0.0001,0.4802,0.0,0.0006,0.0001
2024-01-16,model_Portfolio,Hold,0.5175,0.0003,0.0001,0.0,0.0001,0.0001,0.4812,0.0,0.0006,0.0001
2024-01-17,model_Portfolio,Hold,0.5246,0.0003,0.0001,0.0,0.0001,0.0001,0.4741,0.0,0.0006,0.0001
2024-01-18,model_Portfolio,Hold,0.5273,0.0003,0.0001,0.0,0.0001,0.0001,0.4714,0.0,0.0006,0.0001
2024-01-19,model_Portfolio,Hold,0.526,0.0003,0.0001,0.0,0.0001,0.0001,0.4728,0.0,0.0006,0.0001
2024-01-22,model_Portfolio,Hold,0.5248,0.0003,0.0001,0.0,0.0001,0.0001,0.474,0.0,0.0006,0.0001
2024-01-23,model_Portfolio,Hold,0.5272,0.0003,0.0001,0.0,0.0001,0.0001,0.4715,0.0,0.0005,0.0001
2024-01-24,model_Portfolio,Hold,0.5226,0.0003,0.0001,0.0,0.0001,0.0001,0.4762,0.0,0.0005,0.0001
2024-01-25,model_Portfolio,Hold,0.5209,0.0003,0.0001,0.0,0.0001,0.0001,0.4778,0.0,0.0005,0.0001
2024-01-26,model_Portfolio,Hold,0.5181,0.0003,0.0001,0.0,0.0001,0.0001,0.4807,0.0,0.0005,0.0001
2024-01-29,model_Portfolio,Hold,0.5171,0.0003,0.0001,0.0,0.0001,0.0001,0.4817,0.0,0.0005,0.0001
2024-01-30,model_Portfolio,Hold,0.5277,0.0003,0.0001,0.0,0.0001,0.0001,0.471,0.0,0.0005,0.0001
2024-01-31,model_Portfolio,Hold,0.5276,0.0003,0.0001,0.0,0.0001,0.0001,0.4712,0.0,0.0005,0.0001
2024-02-01,model_Portfolio,Hold,0.5273,0.0003,0.0001,0.0,0.0001,0.0001,0.4714,0.0,0.0005,0.0001
2024-02-02,model_Portfolio,Hold,0.5242,0.0003,0.0001,0.0,0.0001,0.0001,0.4746,0.0,0.0005,0.0001
2024-02-05,model_Portfolio,Hold,0.5303,0.0003,0.0001,0.0,0.0001,0.0001,0.4685,0.0,0.0005,0.0001
2024-02-06,model_Portfolio,Hold,0.5363,0.0003,0.0001,0.0,0.0001,0.0001,0.4625,0.0,0.0005,0.0001
2024-02-07,model_Portfolio,Hold,0.5357,0.0003,0.0001,0.0,0.0001,0.0001,0.4631,0.0,0.0005,0.0001
2024-02-08,model_Portfolio,Hold,0.5323,0.0003,0.0001,0.0,0.0001,0.0001,0.4665,0.0,0.0005,0.0001
2024-02-09,model_Portfolio,Hold,0.5345,0.0003,0.0001,0.0,0.0001,0.0001,0.4643,0.0,0.0005,0.0001
2024-02-12,model_Portfolio,Hold,0.5324,0.0003,0.0001,0.0,0.0001,0.0001,0.4664,0.0,0.0005,0.0001
2024-02-13,model_Portfolio,Hold,0.5409,0.0003,0.0001,0.0,0.0001,0.0001,0.4579,0.0,0.0005,0.0001
2024-02-14,model_Portfolio,Hold,0.5413,0.0003,0.0001,0.0,0.0001,0.0001,0.4575,0.0,0.0005,0.0001
2024-02-15,model_Portfolio,Hold,0.5318,0.0003,0.0001,0.0,0.0001,0.0001,0.4669,0.0,0.0005,0.0001
2024-02-16,model_Portfolio,Hold,0.5329,0.0003,0.0001,0.0,0.0001,0.0001,0.4659,0.0,0.0005,0.0001
2024-02-20,model_Portfolio,Hold,0.5395,0.0003,0.0001,0.0,0.0001,0.0001,0.4593,0.0,0.0005,0.0001
2024-02-21,model_Portfolio,Hold,0.5367,0.0003,0.0001,0.0,0.0001,0.0001,0.4621,0.0,0.0005,0.0001
2024-02-22,model_Portfolio,Hold,0.5399,0.0003,0.0001,0.0,0.0001,0.0001,0.459,0.0,0.0005,0.0001
2024-02-23,model_Portfolio,Hold,0.539,0.0003,0.0001,0.0,0.0001,0.0001,0.4598,0.0,0.0005,0.0001
2024-02-26,model_Portfolio,Hold,0.5432,0.0003,0.0001,0.0,0.0001,0.0001,0.4556,0.0,0.0005,0.0001
2024-02-27,model_Portfolio,Hold,0.5394,0.0003,0.0001,0.0,0.0001,0.0001,0.4595,0.0,0.0005,0.0001
2024-02-28,model_Portfolio,Hold,0.5413,0.0003,0.0001,0.0,0.0001,0.0001,0.4575,0.0,0.0005,0.0001
2024-02-29,model_Portfolio,Hold,0.5317,0.0003,0.0001,0.0,0.0001,0.0001,0.4672,0.0,0.0005,0.0001
2024-03-01,model_Portfolio,Hold,0.5326,0.0003,0.0001,0.0,0.0001,0.0001,0.4663,0.0,0.0005,0.0001
2024-03-04,model_Portfolio,Hold,0.5321,0.0003,0.0001,0.0,0.0001,0.0001,0.4668,0.0,0.0005,0.0001
2024-03-05,model_Portfolio,Hold,0.5326,0.0003,0.0001,0.0,0.0001,0.0001,0.4663,0.0,0.0005,0.0001
2024-03-06,model_Portfolio,Hold,0.5354,0.0003,0.0001,0.0,0.0001,0.0001,0.4634,0.0,0.0005,0.0001
2024-03-07,model_Portfolio,Hold,0.5376,0.0003,0.0001,0.0,0.0001,0.0001,0.4613,0.0,0.0005,0.0001
2024-03-08,model_Portfolio,Hold,0.5317,0.0003,0.0001,0.0,0.0001,0.0001,0.4672,0.0,0.0005,0.0001
2024-03-11,model_Portfolio,Hold,0.5307,0.0003,0.0001,0.0,0.0001,0.0001,0.4682,0.0,0.0005,0.0001
2024-03-12,model_Portfolio,Hold,0.5336,0.0003,0.0001,0.0,0.0001,0.0001,0.4652,0.0,0.0005,0.0001
2024-03-13,model_Portfolio,Hold,0.5339,0.0003,0.0001,0.0,0.0001,0.0001,0.4649,0.0,0.0005,0.0001
2024-03-14,model_Portfolio,Hold,0.5346,0.0003,0.0001,0.0,0.0001,0.0001,0.4642,0.0,0.0005,0.0001
2024-03-15,model_Portfolio,Hold,0.5269,0.0003,0.0001,0.0,0.0001,0.0001,0.4718,0.0,0.0006,0.0001
2024-03-18,model_Portfolio,Hold,0.5208,0.0003,0.0001,0.0,0.0001,0.0001,0.4779,0.0,0.0006,0.0001
2024-03-19,model_Portfolio,Hold,0.5223,0.0003,0.0001,0.0,0.0001,0.0001,0.4764,0.0,0.0006,0.0001
2024-03-20,model_Portfolio,Hold,0.5133,0.0003,0.0001,0.0,0.0001,0.0001,0.4854,0.0,0.0006,0.0001
2024-03-21,model_Portfolio,Hold,0.5086,0.0003,0.0001,0.0,0.0001,0.0001,0.4902,0.0,0.0006,0.0001
2024-03-22,model_Portfolio,Hold,0.5125,0.0003,0.0001,0.0,0.0001,0.0001,0.4863,0.0,0.0006,0.0001
2024-03-25,model_Portfolio,Hold,0.5094,0.0003,0.0001,0.0,0.0001,0.0001,0.4894,0.0,0.0006,0.0001
2024-03-26,model_Portfolio,Hold,0.5173,0.0003,0.0001,0.0,0.0001,0.0001,0.4815,0.0,0.0005,0.0001
2024-03-27,model_Portfolio,Hold,0.5122,0.0003,0.0001,0.0,0.0001,0.0001,0.4866,0.0,0.0005,0.0001
2024-03-28,model_Portfolio,Hold,0.5102,0.0003,0.0001,0.0,0.0001,0.0001,0.4886,0.0,0.0005,0.0001
2024-04-01,model_Portfolio,Rebalance,0.0,0.0,0.0,0.0,0.0,0.0,1.0,0.0,0.0,0.0
2024-04-02,model_Portfolio,Hold,0.0,0.0,0.0,0.0,0.0,0.0,1.0,0.0,0.0,0.0
2024-04-03,model_Portfolio,Hold,0.0,0.0,0.0,0.0,0.0,0.0,1.0,0.0,0.0,0.0
2024-04-04,model_Portfolio,Hold,0.0,0.0,0.0,0.0,0.0,0.0,1.0,0.0,0.0,0.0
2024-04-05,model_Portfolio,Hold,0.0,0.0,0.0,0.0,0.0,0.0,1.0,0.0,0.0,0.0
2024-04-08,model_Portfolio,Hold,0.0,0.0,0.0,0.0,0.0,0.0,1.0,0.0,0.0,0.0
2024-04-09,model_Portfolio,Hold,0.0,0.0,0.0,0.0,0.0,0.0,1.0,0.0,0.0,0.0
2024-04-10,model_Portfolio,Hold,0.0,0.0,0.0,0.0,0.0,0.0,1.0,0.0,0.0,0.0
2024-04-11,model_Portfolio,Hold,0.0,0.0,0.0,0.0,0.0,0.0,1.0,0.0,0.0,0.0
2024-04-12,model_Portfolio,Hold,0.0,0.0,0.0,0.0,0.0,0.0,1.0,0.0,0.0,0.0
2024-04-15,model_Portfolio,Hold,0.0,0.0,0.0,0.0,0.0,0.0,1.0,0.0,0.0,0.0
2024-04-16,model_Portfolio,Hold,0.0,0.0,0.0,0.0,0.0,0.0,1.0,0.0,0.0,0.0
2024-04-17,model_Portfolio,Hold,0.0,0.0,0.0,0.0,0.0,0.0,1.0,0.0,0.0,0.0
2024-04-18,model_Portfolio,Hold,0.0,0.0,0.0,0.0,0.0,0.0,1.0,0.0,0.0,0.0
2024-04-19,model_Portfolio,Hold,0.0,0.0,0.0,0.0,0.0,0.0,1.0,0.0,0.0,0.0
2024-04-22,model_Portfolio,Hold,0.0,0.0,0.0,0.0,0.0,0.0,1.0,0.0,0.0,0.0
2024-04-23,model_Portfolio,Hold,0.0,0.0,0.0,0.0,0.0,0.0,1.0,0.0,0.0,0.0
2024-04-24,model_Portfolio,Hold,0.0,0.0,0.0,0.0,0.0,0.0,1.0,0.0,0.0,0.0
2024-04-25,model_Portfolio,Hold,0.0,0.0,0.0,0.0,0.0,0.0,1.0,0.0,0.0,0.0
2024-04-26,model_Portfolio,Hold,0.0,0.0,0.0,0.0,0.0,0.0,1.0,0.0,0.0,0.0
2024-04-29,model_Portfolio,Hold,0.0,0.0,0.0,0.0,0.0,0.0,1.0,0.0,0.0,0.0
2024-04-30,model_Portfolio,Hold,0.0,0.0,0.0,0.0,0.0,0.0,1.0,0.0,0.0,0.0
2024-05-01,model_Portfolio,Hold,0.0,0.0,0.0,0.0,0.0,0.0,1.0,0.0,0.0,0.0
2024-05-02,model_Portfolio,Hold,0.0,0.0,0.0,0.0,0.0,0.0,1.0,0.0,0.0,0.0
2024-05-03,model_Portfolio,Hold,0.0,0.0,0.0,0.0,0.0,0.0,1.0,0.0,0.0,0.0
2024-05-06,model_Portfolio,Hold,0.0,0.0,0.0,0.0,0.0,0.0,1.0,0.0,0.0,0.0
2024-05-07,model_Portfolio,Hold,0.0,0.0,0.0,0.0,0.0,0.0,1.0,0.0,0.0,0.0
2024-05-08,model_Portfolio,Hold,0.0,0.0,0.0,0.0,0.0,0.0,1.0,0.0,0.0,0.0
2024-05-09,model_Portfolio,Hold,0.0,0.0,0.0,0.0,0.0,0.0,1.0,0.0,0.0,0.0
2024-05-10,model_Portfolio,Hold,0.0,0.0,0.0,0.0,0.0,0.0,1.0,0.0,0.0,0.0
2024-05-13,model_Portfolio,Hold,0.0,0.0,0.0,0.0,0.0,0.0,1.0,0.0,0.0,0.0
2024-05-14,model_Portfolio,Hold,0.0,0.0,0.0,0.0,0.0,0.0,1.0,0.0,0.0,0.0
2024-05-15,model_Portfolio,Hold,0.0,0.0,0.0,0.0,0.0,0.0,1.0,0.0,0.0,0.0
2024-05-16,model_Portfolio,Hold,0.0,0.0,0.0,0.0,0.0,0.0,1.0,0.0,0.0,0.0
2024-05-17,model_Portfolio,Hold,0.0,0.0,0.0,0.0,0.0,0.0,1.0,0.0,0.0,0.0
2024-05-20,model_Portfolio,Hold,0.0,0.0,0.0,0.0,0.0,0.0,1.0,0.0,0.0,0.0
2024-05-21,model_Portfolio,Hold,0.0,0.0,0.0,0.0,0.0,0.0,1.0,0.0,0.0,0.0
2024-05-22,model_Portfolio,Hold,0.0,0.0,0.0,0.0,0.0,0.0,1.0,0.0,0.0,0.0
2024-05-23,model_Portfolio,Hold,0.0,0.0,0.0,0.0,0.0,0.0,1.0,0.0,0.0,0.0
2024-05-24,model_Portfolio,Hold,0.0,0.0,0.0,0.0,0.0,0.0,1.0,0.0,0.0,0.0
2024-05-28,model_Portfolio,Hold,0.0,0.0,0.0,0.0,0.0,0.0,1.0,0.0,0.0,0.0
2024-05-29,model_Portfolio,Hold,0.0,0.0,0.0,0.0,0.0,0.0,1.0,0.0,0.0,0.0
2024-05-30,model_Portfolio,Hold,0.0,0.0,0.0,0.0,0.0,0.0,1.0,0.0,0.0,0.0
2024-05-31,model_Portfolio,Hold,0.0,0.0,0.0,0.0,0.0,0.0,1.0,0.0,0.0,0.0
2024-06-03,model_Portfolio,Hold,0.0,0.0,0.0,0.0,0.0,0.0,1.0,0.0,0.0,0.0
2024-06-04,model_Portfolio,Hold,0.0,0.0,0.0,0.0,0.0,0.0,1.0,0.0,0.0,0.0
2024-06-05,model_Portfolio,Hold,0.0,0.0,0.0,0.0,0.0,0.0,1.0,0.0,0.0,0.0
2024-06-06,model_Portfolio,Hold,0.0,0.0,0.0,0.0,0.0,0.0,1.0,0.0,0.0,0.0
2024-06-07,model_Portfolio,Hold,0.0,0.0,0.0,0.0,0.0,0.0,1.0,0.0,0.0,0.0
2024-06-10,model_Portfolio,Hold,0.0,0.0,0.0,0.0,0.0,0.0,1.0,0.0,0.0,0.0
2024-06-11,model_Portfolio,Hold,0.0,0.0,0.0,0.0,0.0,0.0,1.0,0.0,0.0,0.0
2024-06-12,model_Portfolio,Hold,0.0,0.0,0.0,0.0,0.0,0.0,1.0,0.0,0.0,0.0
2024-06-13,model_Portfolio,Hold,0.0,0.0,0.0,0.0,0.0,0.0,1.0,0.0,0.0,0.0
2024-06-14,model_Portfolio,Hold,0.0,0.0,0.0,0.0,0.0,0.0,1.0,0.0,0.0,0.0
2024-06-17,model_Portfolio,Hold,0.0,0.0,0.0,0.0,0.0,0.0,1.0,0.0,0.0,0.0
2024-06-18,model_Portfolio,Hold,0.0,0.0,0.0,0.0,0.0,0.0,1.0,0.0,0.0,0.0
2024-06-20,model_Portfolio,Hold,0.0,0.0,0.0,0.0,0.0,0.0,1.0,0.0,0.0,0.0
2024-06-21,model_Portfolio,Hold,0.0,0.0,0.0,0.0,0.0,0.0,1.0,0.0,0.0,0.0
2024-06-24,model_Portfolio,Hold,0.0,0.0,0.0,0.0,0.0,0.0,1.0,0.0,0.0,0.0
2024-06-25,model_Portfolio,Hold,0.0,0.0,0.0,0.0,0.0,0.0,1.0,0.0,0.0,0.0
2024-06-26,model_Portfolio,Hold,0.0,0.0,0.0,0.0,0.0,0.0,1.0,0.0,0.0,0.0
2024-06-27,model_Portfolio,Hold,0.0,0.0,0.0,0.0,0.0,0.0,1.0,0.0,0.0,0.0
2024-06-28,model_Portfolio,Hold,0.0,0.0,0.0,0.0,0.0,0.0,1.0,0.0,0.0,0.0
2024-07-01,model_Portfolio,Rebalance,0.0482,0.2095,0.1312,0.0019,0.0404,0.0068,0.2413,0.0104,0.2947,0.0156
2024-07-02,model_Portfolio,Hold,0.0478,0.2089,0.1309,0.0019,0.0398,0.0068,0.2423,0.0105,0.2956,0.0155
2024-07-03,model_Portfolio,Hold,0.0474,0.2101,0.1303,0.0018,0.0399,0.0069,0.2422,0.0105,0.2954,0.0154
2024-07-05,model_Portfolio,Hold,0.0485,0.2068,0.131,0.0019,0.039,0.0069,0.2431,0.0109,0.2964,0.0156
2024-07-08,model_Portfolio,Hold,0.0477,0.2075,0.1305,0.0019,0.0394,0.007,0.2433,0.0108,0.2964,0.0156
2024-07-09,model_Portfolio,Hold,0.0477,0.2077,0.1319,0.0019,0.0396,0.007,0.2434,0.0109,0.2939,0.0159
2024-07-10,model_Portfolio,Hold,0.048,0.2041,0.1327,0.0019,0.0392,0.007,0.2432,0.0109,0.2972,0.0159
2024-07-11,model_Portfolio,Hold,0.0472,0.201,0.1321,0.0018,0.0395,0.0069,0.2524,0.0103,0.2934,0.0155
2024-07-12,model_Portfolio,Hold,0.0465,0.2067,0.1306,0.0018,0.0391,0.0069,0.2513,0.0101,0.2916,0.0155
2024-07-15,model_Portfolio,Hold,0.0459,0.2102,0.1309,0.0017,0.0408,0.0068,0.2519,0.0101,0.2862,0.0154
2024-07-16,model_Portfolio,Hold,0.0455,0.2133,0.1301,0.0017,0.0408,0.0069,0.2509,0.0099,0.2856,0.0153
2024-07-17,model_Portfolio,Hold,0.0459,0.2116,0.1296,0.0017,0.0411,0.0069,0.2514,0.0097,0.2865,0.0156
2024-07-18,model_Portfolio,Hold,0.0442,0.2149,0.1309,0.0016,0.0413,0.0069,0.2479,0.0096,0.287,0.0157
2024-07-19,model_Portfolio,Hold,0.0452,0.2162,0.1293,0.0016,0.0413,0.0068,0.2465,0.0096,0.2876,0.0158
2024-07-22,model_Portfolio,Hold,0.0456,0.2161,0.1305,0.0016,0.0403,0.0064,0.2458,0.0097,0.2882,0.0157
2024-07-23,model_Portfolio,Hold,0.0462,0.2177,0.1317,0.0017,0.04,0.0067,0.2398,0.0098,0.2907,0.0158
2024-07-24,model_Portfolio,Hold,0.0485,0.2202,0.1337,0.0016,0.0401,0.0069,0.232,0.0095,0.2914,0.0161
2024-07-25,model_Portfolio,Hold,0.0478,0.2206,0.1333,0.0016,0.0413,0.0068,0.2323,0.0092,0.291,0.0162
2024-07-26,model_Portfolio,Hold,0.0442,0.2046,0.1252,0.0015,0.0385,0.0064,0.222,0.0085,0.3337,0.0153
2024-07-29,model_Portfolio,Hold,0.0445,0.2053,0.1261,0.0016,0.0383,0.0066,0.2215,0.0088,0.3319,0.0155
2024-07-30,model_Portfolio,Hold,0.0442,0.205,0.1259,0.0015,0.0382,0.0065,0.2221,0.0087,0.3325,0.0153
2024-07-31,model_Portfolio,Hold,0.0445,0.2059,0.1259,0.0016,0.0384,0.0065,0.2189,0.0088,0.3346,0.0149
2024-08-01,model_Portfolio,Hold,0.0462,0.2039,0.1339,0.0015,0.0382,0.0071,0.2142,0.0087,0.3311,0.0151
2024-08-02,model_Portfolio,Hold,0.0474,0.204,0.1327,0.0014,0.0357,0.007,0.2144,0.0086,0.333,0.0157
2024-08-05,model_Portfolio,Hold,0.047,0.2013,0.1321,0.0014,0.035,0.0071,0.2156,0.0084,0.3367,0.0154
2024-08-06,model_Portfolio,Hold,0.0468,0.2021,0.1325,0.0014,0.034,0.007,0.219,0.0082,0.3336,0.0153
2024-08-07,model_Portfolio,Hold,0.0475,0.2038,0.1348,0.0014,0.0343,0.007,0.2156,0.0084,0.3316,0.0156
2024-08-08,model_Portfolio,Hold,0.0469,0.2002,0.1355,0.0014,0.0357,0.007,0.2152,0.0084,0.3341,0.0156
2024-08-09,model_Portfolio,Hold,0.0466,0.2006,0.1362,0.0014,0.0356,0.007,0.2163,0.0085,0.3322,0.0156
2024-08-12,model_Portfolio,Hold,0.0465,0.2008,0.1371,0.0014,0.0369,0.0069,0.2139,0.0085,0.3323,0.0157
2024-08-13,model_Portfolio,Hold,0.0461,0.2014,0.136,0.0015,0.0361,0.0069,0.2149,0.0085,0.3331,0.0157
2024-08-14,model_Portfolio,Hold,0.0466,0.2011,0.1364,0.0014,0.036,0.0069,0.2134,0.0083,0.3342,0.0157
2024-08-15,model_Portfolio,Hold,0.0466,0.2023,0.1352,0.0015,0.0363,0.0067,0.2145,0.0082,0.3333,0.0154
2024-08-16,model_Portfolio,Hold,0.0464,0.2028,0.1377,0.0015,0.0359,0.0068,0.2132,0.0083,0.332,0.0155
2024-08-19,model_Portfolio,Hold,0.0466,0.2034,0.1377,0.0015,0.0358,0.0067,0.2139,0.0084,0.3305,0.0154
2024-08-20,model_Portfolio,Hold,0.0462,0.2043,0.1373,0.0015,0.0347,0.0067,0.2128,0.0085,0.3326,0.0155
2024-08-21,model_Portfolio,Hold,0.046,0.2044,0.1374,0.0015,0.034,0.0067,0.2126,0.0083,0.3335,0.0155
2024-08-22,model_Portfolio,Hold,0.0462,0.202,0.1387,0.0015,0.0337,0.0066,0.2167,0.0082,0.331,0.0154
2024-08-23,model_Portfolio,Hold,0.0458,0.2008,0.1377,0.0014,0.0339,0.0066,0.2188,0.0082,0.3313,0.0154
2024-08-26,model_Portfolio,Hold,0.0454,0.2011,0.1367,0.0014,0.0342,0.0066,0.2177,0.0081,0.3334,0.0153
2024-08-27,model_Portfolio,Hold,0.0456,0.2035,0.1371,0.0014,0.0336,0.0066,0.216,0.0081,0.3327,0.0154
2024-08-28,model_Portfolio,Hold,0.0456,0.2022,0.1389,0.0014,0.0339,0.0066,0.2139,0.008,0.334,0.0155
2024-08-29,model_Portfolio,Hold,0.0454,0.203,0.1393,0.0014,0.0346,0.0065,0.2106,0.0079,0.3358,0.0155
2024-08-30,model_Portfolio,Hold,0.0452,0.2022,0.1389,0.0014,0.0333,0.0065,0.2118,0.0079,0.3372,0.0155
2024-09-03,model_Portfolio,Hold,0.0464,0.2052,0.1394,0.0014,0.0318,0.0065,0.213,0.0078,0.3326,0.0158
2024-09-04,model_Portfolio,Hold,0.0461,0.2057,0.1407,0.0014,0.0306,0.0065,0.2107,0.0077,0.3346,0.0159
2024-09-05,model_Portfolio,Hold,0.0459,0.205,0.1405,0.0014,0.0309,0.0065,0.2115,0.0078,0.3346,0.0159
2024-09-06,model_Portfolio,Hold,0.0467,0.2068,0.1411,0.0014,0.0304,0.0065,0.2121,0.0075,0.3315,0.0159
2024-09-09,model_Portfolio,Hold,0.0475,0.2068,0.1409,0.0014,0.0298,0.0065,0.2144,0.0074,0.3292,0.0159
2024-09-10,model_Portfolio,Hold,0.0474,0.2086,0.1386,0.0015,0.0283,0.0065,0.2154,0.0073,0.3306,0.0158
2024-09-11,model_Portfolio,Hold,0.0471,0.2099,0.137,0.0015,0.028,0.0066,0.2165,0.0074,0.3305,0.0155
2024-09-12,model_Portfolio,Hold,0.0469,0.208,0.1367,0.0015,0.0279,0.0066,0.2172,0.0076,0.3324,0.0152
2024-09-13,model_Portfolio,Hold,0.0463,0.2061,0.1363,0.0015,0.0279,0.0066,0.2198,0.0076,0.3326,0.0152
2024-09-16,model_Portfolio,Hold,0.0463,0.2067,0.137,0.0015,0.0282,0.0067,0.2182,0.0076,0.3328,0.015
2024-09-17,model_Portfolio,Hold,0.0472,0.1995,0.1381,0.0015,0.0296,0.0068,0.22,0.0077,0.3348,0.0148
2024-09-18,model_Portfolio,Hold,0.046,0.1997,0.1378,0.0015,0.0295,0.0067,0.2205,0.0078,0.3355,0.0149
2024-09-19,model_Portfolio,Hold,0.0459,0.1999,0.1369,0.0015,0.0299,0.0068,0.2184,0.0079,0.3379,0.0149
2024-09-20,model_Portfolio,Hold,0.0457,0.2003,0.1369,0.0015,0.0295,0.0068,0.2164,0.008,0.34,0.0149
2024-09-23,model_Portfolio,Hold,0.0457,0.2002,0.1382,0.0015,0.0297,0.0068,0.2161,0.0078,0.339,0.0149
2024-09-24,model_Portfolio,Hold,0.0448,0.1991,0.1362,0.0015,0.0294,0.0068,0.2186,0.0078,0.3407,0.0149
2024-09-25,model_Portfolio,Hold,0.0447,0.1984,0.1375,0.0015,0.0286,0.0069,0.2192,0.0078,0.3405,0.0149
2024-09-26,model_Portfolio,Hold,0.0442,0.2068,0.1363,0.0015,0.0266,0.0069,0.2118,0.0078,0.3433,0.0147
2024-09-27,model_Portfolio,Hold,0.0444,0.2049,0.138,0.0015,0.0284,0.007,0.2125,0.0079,0.3407,0.0148
2024-09-30,model_Portfolio,Hold,0.045,0.2069,0.1393,0.0015,0.0283,0.0069,0.2105,0.008,0.3388,0.0148
2024-10-01,model_Portfolio,Rebalance,0.0001,0.0004,0.4348,0.0,0.0003,0.0004,0.0,0.0,0.5638,0.0001
2024-10-02,model_Portfolio,Hold,0.0001,0.0004,0.4408,0.0,0.0003,0.0004,0.0,0.0,0.5578,0.0001
2024-10-03,model_Portfolio,Hold,0.0001,0.0004,0.4405,0.0,0.0003,0.0004,0.0,0.0,0.5581,0.0001
2024-10-04,model_Portfolio,Hold,0.0001,0.0004,0.4433,0.0,0.0003,0.0004,0.0,0.0,0.5553,0.0001
2024-10-07,model_Portfolio,Hold,0.0001,0.0004,0.4367,0.0,0.0003,0.0004,0.0,0.0,0.5619,0.0001
2024-10-08,model_Portfolio,Hold,0.0001,0.0004,0.4383,0.0,0.0003,0.0004,0.0,0.0,0.5603,0.0001
2024-10-09,model_Portfolio,Hold,0.0001,0.0004,0.4346,0.0,0.0003,0.0004,0.0,0.0,0.5639,0.0001
2024-10-10,model_Portfolio,Hold,0.0001,0.0004,0.4387,0.0,0.0003,0.0004,0.0,0.0,0.5599,0.0001
2024-10-11,model_Portfolio,Hold,0.0001,0.0004,0.4399,0.0,0.0003,0.0004,0.0,0.0,0.5586,0.0001
2024-10-14,model_Portfolio,Hold,0.0001,0.0004,0.4399,0.0,0.0003,0.0004,0.0,0.0,0.5587,0.0001
2024-10-15,model_Portfolio,Hold,0.0001,0.0004,0.4397,0.0,0.0003,0.0004,0.0,0.0,0.5589,0.0001
2024-10-16,model_Portfolio,Hold,0.0001,0.0004,0.4395,0.0,0.0003,0.0004,0.0,0.0,0.5591,0.0001
2024-10-17,model_Portfolio,Hold,0.0001,0.0004,0.442,0.0,0.0003,0.0004,0.0,0.0,0.5566,0.0001
2024-10-18,model_Portfolio,Hold,0.0001,0.0004,0.4419,0.0,0.0003,0.0004,0.0,0.0,0.5567,0.0001
2024-10-21,model_Portfolio,Hold,0.0001,0.0004,0.4387,0.0,0.0003,0.0004,0.0,0.0,0.5599,0.0001
2024-10-22,model_Portfolio,Hold,0.0001,0.0004,0.4431,0.0,0.0003,0.0004,0.0,0.0,0.5554,0.0001
2024-10-23,model_Portfolio,Hold,0.0001,0.0004,0.4503,0.0,0.0003,0.0005,0.0,0.0,0.5482,0.0001
2024-10-24,model_Portfolio,Hold,0.0001,0.0004,0.4528,0.0,0.0003,0.0004,0.0,0.0,0.5457,0.0001
2024-10-25,model_Portfolio,Hold,0.0001,0.0004,0.4512,0.0,0.0003,0.0004,0.0,0.0,0.5474,0.0001
2024-10-28,model_Portfolio,Hold,0.0001,0.0004,0.4406,0.0,0.0003,0.0004,0.0,0.0,0.558,0.0001
2024-10-29,model_Portfolio,Hold,0.0001,0.0004,0.443,0.0,0.0003,0.0004,0.0,0.0,0.5556,0.0001
2024-10-30,model_Portfolio,Hold,0.0001,0.0004,0.4465,0.0,0.0003,0.0004,0.0,0.0,0.5521,0.0001
2024-10-31,model_Portfolio,Hold,0.0001,0.0004,0.4326,0.0,0.0003,0.0004,0.0,0.0,0.566,0.0002
2024-11-01,model_Portfolio,Hold,0.0001,0.0004,0.4348,0.0,0.0003,0.0004,0.0,0.0,0.5638,0.0002
2024-11-04,model_Portfolio,Hold,0.0001,0.0004,0.437,0.0,0.0003,0.0004,0.0,0.0,0.5616,0.0002
2024-11-05,model_Portfolio,Hold,0.0001,0.0004,0.4381,0.0,0.0003,0.0004,0.0,0.0,0.5604,0.0002
2024-11-06,model_Portfolio,Hold,0.0001,0.0004,0.431,0.0,0.0003,0.0004,0.0,0.0,0.5675,0.0002
2024-11-07,model_Portfolio,Hold,0.0001,0.0004,0.4301,0.0,0.0003,0.0004,0.0,0.0,0.5685,0.0002
2024-11-08,model_Portfolio,Hold,0.0001,0.0004,0.4296,0.0,0.0003,0.0004,0.0,0.0,0.569,0.0002
2024-11-11,model_Portfolio,Hold,0.0001,0.0004,0.4369,0.0,0.0003,0.0004,0.0,0.0,0.5617,0.0002
2024-11-12,model_Portfolio,Hold,0.0001,0.0004,0.4424,0.0,0.0003,0.0004,0.0,0.0,0.5562,0.0002
2024-11-13,model_Portfolio,Hold,0.0001,0.0004,0.4398,0.0,0.0003,0.0004,0.0,0.0,0.5588,0.0002
2024-11-14,model_Portfolio,Hold,0.0001,0.0004,0.4365,0.0,0.0003,0.0004,0.0,0.0,0.5621,0.0002
2024-11-15,model_Portfolio,Hold,0.0001,0.0004,0.4436,0.0,0.0003,0.0004,0.0,0.0,0.555,0.0002
2024-11-18,model_Portfolio,Hold,0.0001,0.0004,0.4445,0.0,0.0003,0.0004,0.0,0.0,0.5541,0.0002
2024-11-19,model_Portfolio,Hold,0.0001,0.0004,0.4463,0.0,0.0003,0.0005,0.0,0.0,0.5523,0.0002
2024-11-20,model_Portfolio,Hold,0.0001,0.0004,0.446,0.0,0.0003,0.0005,0.0,0.0,0.5525,0.0002
2024-11-21,model_Portfolio,Hold,0.0001,0.0004,0.4504,0.0,0.0003,0.0005,0.0,0.0,0.5482,0.0002
2024-11-22,model_Portfolio,Hold,0.0001,0.0004,0.4497,0.0,0.0003,0.0005,0.0,0.0,0.5489,0.0002
2024-11-25,model_Portfolio,Hold,0.0001,0.0004,0.4479,0.0,0.0003,0.0005,0.0,0.0,0.5507,0.0002
2024-11-26,model_Portfolio,Hold,0.0001,0.0004,0.4447,0.0,0.0003,0.0004,0.0,0.0,0.5539,0.0002
2024-11-27,model_Portfolio,Hold,0.0001,0.0004,0.4458,0.0,0.0003,0.0004,0.0,0.0,0.5528,0.0002
2024-11-29,model_Portfolio,Hold,0.0001,0.0004,0.4436,0.0,0.0003,0.0004,0.0,0.0,0.555,0.0002
2024-12-02,model_Portfolio,Hold,0.0001,0.0004,0.4391,0.0,0.0003,0.0005,0.0,0.0,0.5595,0.0002
2024-12-03,model_Portfolio,Hold,0.0001,0.0004,0.4319,0.0,0.0003,0.0005,0.0,0.0,0.5667,0.0002
2024-12-04,model_Portfolio,Hold,0.0001,0.0004,0.4337,0.0,0.0003,0.0005,0.0,0.0,0.5649,0.0002
2024-12-05,model_Portfolio,Hold,0.0001,0.0004,0.4301,0.0,0.0003,0.0004,0.0,0.0,0.5685,0.0002
2024-12-06,model_Portfolio,Hold,0.0001,0.0004,0.4295,0.0,0.0003,0.0004,0.0,0.0,0.5691,0.0002
2024-12-09,model_Portfolio,Hold,0.0001,0.0004,0.4272,0.0,0.0003,0.0004,0.0,0.0,0.5714,0.0002
2024-12-10,model_Portfolio,Hold,0.0001,0.0004,0.4286,0.0,0.0003,0.0004,0.0,0.0,0.57,0.0002
2024-12-11,model_Portfolio,Hold,0.0001,0.0004,0.4285,0.0,0.0003,0.0004,0.0,0.0,0.57,0.0002
2024-12-12,model_Portfolio,Hold,0.0001,0.0004,0.429,0.0,0.0003,0.0004,0.0,0.0,0.5696,0.0002
2024-12-13,model_Portfolio,Hold,0.0001,0.0004,0.429,0.0,0.0003,0.0004,0.0,0.0,0.5696,0.0002
2024-12-16,model_Portfolio,Hold,0.0001,0.0004,0.4282,0.0,0.0003,0.0004,0.0,0.0,0.5704,0.0002
2024-12-17,model_Portfolio,Hold,0.0001,0.0004,0.4284,0.0,0.0003,0.0004,0.0,0.0,0.5702,0.0002
2024-12-18,model_Portfolio,Hold,0.0001,0.0004,0.4275,0.0,0.0003,0.0004,0.0,0.0,0.5711,0.0002
2024-12-19,model_Portfolio,Hold,0.0001,0.0004,0.4265,0.0,0.0003,0.0004,0.0,0.0,0.572,0.0002
2024-12-20,model_Portfolio,Hold,0.0001,0.0004,0.4259,0.0,0.0003,0.0004,0.0,0.0,0.5727,0.0002
2024-12-23,model_Portfolio,Hold,0.0001,0.0004,0.4266,0.0,0.0003,0.0004,0.0,0.0,0.572,0.0002
2024-12-24,model_Portfolio,Hold,0.0001,0.0004,0.4252,0.0,0.0003,0.0004,0.0,0.0,0.5734,0.0002
2024-12-26,model_Portfolio,Hold,0.0001,0.0004,0.4246,0.0,0.0003,0.0004,0.0,0.0,0.574,0.0002
2024-12-27,model_Portfolio,Hold,0.0001,0.0004,0.4258,0.0,0.0003,0.0004,0.0,0.0,0.5728,0.0002
2024-12-30,model_Portfolio,Hold,0.0001,0.0004,0.4268,0.0,0.0003,0.0004,0.0,0.0,0.5718,0.0002
2024-12-31,model_Portfolio,Hold,0.0001,0.0004,0.428,0.0,0.0003,0.0004,0.0,0.0,0.5706,0.0002
2025-01-02,model_Portfolio,Rebalance,0.0114,0.0172,0.0153,0.0017,0.0156,0.0052,0.0067,0.0012,0.9193,0.0063
2025-01-03,model_Portfolio,Hold,0.0114,0.0175,0.0154,0.0018,0.0156,0.0052,0.0068,0.0012,0.9188,0.0064
2025-01-06,model_Portfolio,Hold,0.0113,0.0173,0.0151,0.0018,0.0158,0.0051,0.0066,0.0013,0.9194,0.0063
2025-01-07,model_Portfolio,Hold,0.0111,0.0172,0.015,0.0017,0.0155,0.0051,0.0065,0.0012,0.9205,0.0061
2025-01-08,model_Portfolio,Hold,0.0111,0.0171,0.0149,0.0017,0.0153,0.005,0.0064,0.0012,0.9212,0.006
2025-01-10,model_Portfolio,Hold,0.0112,0.0171,0.0149,0.0017,0.0157,0.0053,0.0064,0.0012,0.9204,0.0061
2025-01-13,model_Portfolio,Hold,0.011,0.0167,0.0148,0.0017,0.0158,0.0053,0.0064,0.0012,0.9213,0.0059
2025-01-14,model_Portfolio,Hold,0.0108,0.0164,0.0147,0.0016,0.0158,0.0053,0.0063,0.0012,0.9221,0.0059
2025-01-15,model_Portfolio,Hold,0.0106,0.0163,0.0148,0.0017,0.0161,0.0053,0.0063,0.0012,0.9219,0.0058
2025-01-16,model_Portfolio,Hold,0.0108,0.0163,0.0148,0.0016,0.0157,0.0053,0.0064,0.0012,0.9222,0.0058
2025-01-17,model_Portfolio,Hold,0.0106,0.0162,0.0147,0.0017,0.0151,0.0053,0.0064,0.0012,0.9231,0.0058
2025-01-21,model_Portfolio,Hold,0.0105,0.0157,0.0141,0.0016,0.0141,0.0052,0.0062,0.0011,0.9258,0.0055
2025-01-22,model_Portfolio,Hold,0.0104,0.0156,0.0137,0.0016,0.0139,0.0051,0.006,0.0011,0.9272,0.0054
2025-01-23,model_Portfolio,Hold,0.0109,0.0157,0.0136,0.0016,0.0139,0.0052,0.006,0.0011,0.9265,0.0054
2025-01-24,model_Portfolio,Hold,0.011,0.0157,0.0137,0.0016,0.0138,0.0052,0.0061,0.0011,0.9262,0.0055
2025-01-27,model_Portfolio,Hold,0.0113,0.016,0.0139,0.0016,0.0136,0.0051,0.006,0.0011,0.9258,0.0056
2025-01-28,model_Portfolio,Hold,0.0111,0.0162,0.0138,0.0016,0.0136,0.0051,0.0057,0.0011,0.9262,0.0055
2025-01-29,model_Portfolio,Hold,0.0111,0.016,0.0139,0.0016,0.0135,0.0051,0.0056,0.0011,0.9265,0.0055
2025-01-30,model_Portfolio,Hold,0.011,0.016,0.0137,0.0016,0.0132,0.0052,0.0055,0.0011,0.9274,0.0053
2025-01-31,model_Portfolio,Hold,0.0111,0.0164,0.0138,0.0016,0.0127,0.0052,0.0057,0.0011,0.9268,0.0054
2025-02-03,model_Portfolio,Hold,0.0113,0.0166,0.0139,0.0016,0.0126,0.0054,0.0056,0.0011,0.9262,0.0056
2025-02-04,model_Portfolio,Hold,0.0112,0.0167,0.0137,0.0017,0.013,0.0053,0.0056,0.0012,0.9261,0.0055
2025-02-05,model_Portfolio,Hold,0.0114,0.0169,0.0137,0.0016,0.0129,0.0052,0.0057,0.0011,0.926,0.0054
2025-02-06,model_Portfolio,Hold,0.0111,0.0165,0.0132,0.0016,0.0126,0.0051,0.0057,0.0011,0.9276,0.0055
2025-02-07,model_Portfolio,Hold,0.0114,0.0167,0.0135,0.0016,0.0128,0.0049,0.0057,0.001,0.9268,0.0055
2025-02-10,model_Portfolio,Hold,0.0116,0.0168,0.0134,0.0016,0.0136,0.0049,0.0057,0.0011,0.9258,0.0057
2025-02-11,model_Portfolio,Hold,0.0115,0.0168,0.0134,0.0016,0.0137,0.0049,0.0056,0.001,0.9256,0.0057
2025-02-12,model_Portfolio,Hold,0.0116,0.0169,0.0135,0.0016,0.0133,0.005,0.0057,0.001,0.9258,0.0056
2025-02-13,model_Portfolio,Hold,0.0117,0.017,0.0136,0.0016,0.0133,0.005,0.0057,0.0011,0.9252,0.0057
2025-02-14,model_Portfolio,Hold,0.0115,0.0168,0.0135,0.0016,0.0137,0.005,0.0057,0.0011,0.9255,0.0056
2025-02-18,model_Portfolio,Hold,0.0115,0.0168,0.0136,0.0016,0.0139,0.005,0.0057,0.001,0.9254,0.0056
2025-02-19,model_Portfolio,Hold,0.0115,0.0168,0.0136,0.0016,0.0138,0.005,0.0056,0.001,0.9255,0.0056
2025-02-20,model_Portfolio,Hold,0.0117,0.0166,0.0136,0.0015,0.0139,0.005,0.0057,0.001,0.9251,0.0057
2025-02-21,model_Portfolio,Hold,0.0122,0.0162,0.0137,0.0015,0.0138,0.0051,0.0058,0.001,0.9246,0.006
2025-02-24,model_Portfolio,Hold,0.0122,0.0161,0.014,0.0015,0.0138,0.005,0.0059,0.001,0.9245,0.006
2025-02-25,model_Portfolio,Hold,0.0121,0.016,0.0142,0.0015,0.0134,0.0051,0.0061,0.001,0.9246,0.006
2025-02-26,model_Portfolio,Hold,0.0121,0.0157,0.014,0.0015,0.0131,0.005,0.006,0.001,0.9258,0.0058
2025-02-27,model_Portfolio,Hold,0.0119,0.0153,0.014,0.0014,0.012,0.0049,0.006,0.0009,0.9279,0.0058
2025-02-28,model_Portfolio,Hold,0.0117,0.0145,0.0138,0.0014,0.0118,0.0048,0.0059,0.0009,0.9294,0.0057
2025-03-03,model_Portfolio,Hold,0.012,0.0146,0.0141,0.0014,0.0109,0.0048,0.0059,0.0009,0.9295,0.0059
2025-03-04,model_Portfolio,Hold,0.0124,0.0153,0.0144,0.0014,0.0112,0.005,0.0061,0.001,0.9271,0.0061
2025-03-05,model_Portfolio,Hold,0.0123,0.0152,0.0143,0.0015,0.0111,0.005,0.0062,0.001,0.9275,0.006
2025-03-06,model_Portfolio,Hold,0.0121,0.015,0.0144,0.0014,0.0112,0.005,0.006,0.001,0.9277,0.0061
2025-03-07,model_Portfolio,Hold,0.0123,0.0151,0.0145,0.0014,0.0113,0.0051,0.0062,0.001,0.9268,0.0062
2025-03-10,model_Portfolio,Hold,0.0122,0.0147,0.0142,0.0014,0.0114,0.0049,0.0062,0.001,0.9279,0.0063
2025-03-11,model_Portfolio,Hold,0.0118,0.0144,0.0141,0.0014,0.0115,0.0048,0.006,0.0009,0.9289,0.0062
2025-03-12,model_Portfolio,Hold,0.0114,0.014,0.0137,0.0014,0.0116,0.0047,0.0059,0.0009,0.9304,0.0061
2025-03-13,model_Portfolio,Hold,0.0117,0.0141,0.0141,0.0014,0.0115,0.0048,0.0059,0.0009,0.9293,0.0063
2025-03-14,model_Portfolio,Hold,0.0111,0.0137,0.014,0.0014,0.0115,0.0046,0.0059,0.0009,0.9306,0.0062
2025-03-17,model_Portfolio,Hold,0.011,0.0138,0.0139,0.0013,0.0116,0.0046,0.0058,0.0009,0.9311,0.0061
2025-03-18,model_Portfolio,Hold,0.011,0.0139,0.014,0.0013,0.0118,0.0046,0.0058,0.0009,0.9305,0.0061
2025-03-19,model_Portfolio,Hold,0.011,0.0137,0.0139,0.0013,0.012,0.0046,0.0057,0.0009,0.9309,0.006
2025-03-20,model_Portfolio,Hold,0.0111,0.0129,0.0141,0.0013,0.012,0.0046,0.0057,0.0009,0.9312,0.0061
2025-03-21,model_Portfolio,Hold,0.0111,0.0132,0.0141,0.0014,0.0121,0.0046,0.0057,0.0009,0.9308,0.006
2025-03-24,model_Portfolio,Hold,0.011,0.013,0.0141,0.0014,0.012,0.0046,0.0057,0.0009,0.9314,0.0059
2025-03-25,model_Portfolio,Hold,0.0108,0.0131,0.014,0.0014,0.012,0.0046,0.0056,0.0009,0.9316,0.0059
2025-03-26,model_Portfolio,Hold,0.0109,0.0132,0.0142,0.0014,0.0122,0.0046,0.0056,0.0009,0.9308,0.0061
2025-03-27,model_Portfolio,Hold,0.0116,0.0134,0.0146,0.0014,0.0126,0.0047,0.0057,0.0009,0.9286,0.0063
2025-03-28,model_Portfolio,Hold,0.0119,0.0136,0.0148,0.0014,0.0127,0.0048,0.0059,0.0009,0.9276,0.0064
2025-03-31,model_Portfolio,Hold,0.0119,0.0137,0.0148,0.0013,0.0126,0.0048,0.0057,0.0009,0.9277,0.0065
2025-04-01,model_Portfolio,Rebalance,1.0,0.0,0.0,0.0,0.0,0.0,0.0,0.0,0.0,0.0
2025-04-02,model_Portfolio,Hold,1.0,0.0,0.0,0.0,0.0,0.0,0.0,0.0,0.0,0.0
2025-04-03,model_Portfolio,Hold,1.0,0.0,0.0,0.0,0.0,0.0,0.0,0.0,0.0,0.0
2025-04-04,model_Portfolio,Hold,1.0,0.0,0.0,0.0,0.0,0.0,0.0,0.0,0.0,0.0
2025-04-07,model_Portfolio,Hold,1.0,0.0,0.0,0.0,0.0,0.0,0.0,0.0,0.0,0.0
2025-04-08,model_Portfolio,Hold,1.0,0.0,0.0,0.0,0.0,0.0,0.0,0.0,0.0,0.0
2025-04-09,model_Portfolio,Hold,1.0,0.0,0.0,0.0,0.0,0.0,0.0,0.0,0.0,0.0
2025-04-10,model_Portfolio,Hold,1.0,0.0,0.0,0.0,0.0,0.0,0.0,0.0,0.0,0.0
2025-04-11,model_Portfolio,Hold,1.0,0.0,0.0,0.0,0.0,0.0,0.0,0.0,0.0,0.0
2025-04-14,model_Portfolio,Hold,1.0,0.0,0.0,0.0,0.0,0.0,0.0,0.0,0.0,0.0
2025-04-15,model_Portfolio,Hold,1.0,0.0,0.0,0.0,0.0,0.0,0.0,0.0,0.0,0.0
2025-04-16,model_Portfolio,Hold,1.0,0.0,0.0,0.0,0.0,0.0,0.0,0.0,0.0,0.0
2025-04-17,model_Portfolio,Hold,1.0,0.0,0.0,0.0,0.0,0.0,0.0,0.0,0.0,0.0
2025-04-21,model_Portfolio,Hold,1.0,0.0,0.0,0.0,0.0,0.0,0.0,0.0,0.0,0.0
2025-04-22,model_Portfolio,Hold,1.0,0.0,0.0,0.0,0.0,0.0,0.0,0.0,0.0,0.0
2025-04-23,model_Portfolio,Hold,1.0,0.0,0.0,0.0,0.0,0.0,0.0,0.0,0.0,0.0
2025-04-24,model_Portfolio,Hold,1.0,0.0,0.0,0.0,0.0,0.0,0.0,0.0,0.0,0.0
2025-04-25,model_Portfolio,Hold,1.0,0.0,0.0,0.0,0.0,0.0,0.0,0.0,0.0,0.0
2025-04-28,model_Portfolio,Hold,1.0,0.0,0.0,0.0,0.0,0.0,0.0,0.0,0.0,0.0
2025-04-29,model_Portfolio,Hold,1.0,0.0,0.0,0.0,0.0,0.0,0.0,0.0,0.0,0.0
2025-04-30,model_Portfolio,Hold,1.0,0.0,0.0,0.0,0.0,0.0,0.0,0.0,0.0,0.0
2025-05-01,model_Portfolio,Hold,1.0,0.0,0.0,0.0,0.0,0.0,0.0,0.0,0.0,0.0
2025-05-02,model_Portfolio,Hold,1.0,0.0,0.0,0.0,0.0,0.0,0.0,0.0,0.0,0.0
2025-05-05,model_Portfolio,Hold,1.0,0.0,0.0,0.0,0.0,0.0,0.0,0.0,0.0,0.0
2025-05-06,model_Portfolio,Hold,1.0,0.0,0.0,0.0,0.0,0.0,0.0,0.0,0.0,0.0
2025-05-07,model_Portfolio,Hold,1.0,0.0,0.0,0.0,0.0,0.0,0.0,0.0,0.0,0.0
2025-05-08,model_Portfolio,Hold,1.0,0.0,0.0,0.0,0.0,0.0,0.0,0.0,0.0,0.0
2025-05-09,model_Portfolio,Hold,1.0,0.0,0.0,0.0,0.0,0.0,0.0,0.0,0.0,0.0
2025-05-12,model_Portfolio,Hold,1.0,0.0,0.0,0.0,0.0,0.0,0.0,0.0,0.0,0.0
2025-05-13,model_Portfolio,Hold,1.0,0.0,0.0,0.0,0.0,0.0,0.0,0.0,0.0,0.0
2025-05-14,model_Portfolio,Hold,1.0,0.0,0.0,0.0,0.0,0.0,0.0,0.0,0.0,0.0
2025-05-15,model_Portfolio,Hold,1.0,0.0,0.0,0.0,0.0,0.0,0.0,0.0,0.0,0.0
2025-05-16,model_Portfolio,Hold,1.0,0.0,0.0,0.0,0.0,0.0,0.0,0.0,0.0,0.0
2025-05-19,model_Portfolio,Hold,1.0,0.0,0.0,0.0,0.0,0.0,0.0,0.0,0.0,0.0
2025-05-20,model_Portfolio,Hold,1.0,0.0,0.0,0.0,0.0,0.0,0.0,0.0,0.0,0.0
2025-05-21,model_Portfolio,Hold,1.0,0.0,0.0,0.0,0.0,0.0,0.0,0.0,0.0,0.0
2025-05-22,model_Portfolio,Hold,1.0,0.0,0.0,0.0,0.0,0.0,0.0,0.0,0.0,0.0
2025-05-23,model_Portfolio,Hold,1.0,0.0,0.0,0.0,0.0,0.0,0.0,0.0,0.0,0.0
2025-05-27,model_Portfolio,Hold,1.0,0.0,0.0,0.0,0.0,0.0,0.0,0.0,0.0,0.0
2025-05-28,model_Portfolio,Hold,1.0,0.0,0.0,0.0,0.0,0.0,0.0,0.0,0.0,0.0
2025-05-29,model_Portfolio,Hold,1.0,0.0,0.0,0.0,0.0,0.0,0.0,0.0,0.0,0.0
2025-05-30,model_Portfolio,Hold,1.0,0.0,0.0,0.0,0.0,0.0,0.0,0.0,0.0,0.0
2025-06-02,model_Portfolio,Hold,1.0,0.0,0.0,0.0,0.0,0.0,0.0,0.0,0.0,0.0
2025-06-03,model_Portfolio,Hold,1.0,0.0,0.0,0.0,0.0,0.0,0.0,0.0,0.0,0.0
2025-06-04,model_Portfolio,Hold,1.0,0.0,0.0,0.0,0.0,0.0,0.0,0.0,0.0,0.0
2025-06-05,model_Portfolio,Hold,1.0,0.0,0.0,0.0,0.0,0.0,0.0,0.0,0.0,0.0
2025-06-06,model_Portfolio,Hold,1.0,0.0,0.0,0.0,0.0,0.0,0.0,0.0,0.0,0.0
2025-06-09,model_Portfolio,Hold,1.0,0.0,0.0,0.0,0.0,0.0,0.0,0.0,0.0,0.0
2025-06-10,model_Portfolio,Hold,1.0,0.0,0.0,0.0,0.0,0.0,0.0,0.0,0.0,0.0
2025-06-11,model_Portfolio,Hold,1.0,0.0,0.0,0.0,0.0,0.0,0.0,0.0,0.0,0.0
2025-06-12,model_Portfolio,Hold,1.0,0.0,0.0,0.0,0.0,0.0,0.0,0.0,0.0,0.0
2025-06-13,model_Portfolio,Hold,1.0,0.0,0.0,0.0,0.0,0.0,0.0,0.0,0.0,0.0
2025-06-16,model_Portfolio,Hold,1.0,0.0,0.0,0.0,0.0,0.0,0.0,0.0,0.0,0.0
2025-06-17,model_Portfolio,Hold,1.0,0.0,0.0,0.0,0.0,0.0,0.0,0.0,0.0,0.0
2025-06-18,model_Portfolio,Hold,1.0,0.0,0.0,0.0,0.0,0.0,0.0,0.0,0.0,0.0
2025-06-20,model_Portfolio,Hold,1.0,0.0,0.0,0.0,0.0,0.0,0.0,0.0,0.0,0.0
2025-06-23,model_Portfolio,Hold,1.0,0.0,0.0,0.0,0.0,0.0,0.0,0.0,0.0,0.0
2025-06-24,model_Portfolio,Hold,1.0,0.0,0.0,0.0,0.0,0.0,0.0,0.0,0.0,0.0
2025-06-25,model_Portfolio,Hold,1.0,0.0,0.0,0.0,0.0,0.0,0.0,0.0,0.0,0.0
2025-06-26,model_Portfolio,Hold,1.0,0.0,0.0,0.0,0.0,0.0,0.0,0.0,0.0,0.0
2025-06-27,model_Portfolio,Hold,1.0,0.0,0.0,0.0,0.0,0.0,0.0,0.0,0.0,0.0
2025-06-30,model_Portfolio,Hold,1.0,0.0,0.0,0.0,0.0,0.0,0.0,0.0,0.0,0.0
2025-07-01,model_Portfolio,Rebalance,0.0,0.0,0.0,0.0,0.0,0.0,0.0,0.0,1.0,0.0
2025-07-02,model_Portfolio,Hold,0.0,0.0,0.0,0.0,0.0,0.0,0.0,0.0,1.0,0.0
2025-07-03,model_Portfolio,Hold,0.0,0.0,0.0,0.0,0.0,0.0,0.0,0.0,1.0,0.0
2025-07-07,model_Portfolio,Hold,0.0,0.0,0.0,0.0,0.0,0.0,0.0,0.0,1.0,0.0
2025-07-08,model_Portfolio,Hold,0.0,0.0,0.0,0.0,0.0,0.0,0.0,0.0,1.0,0.0
2025-07-09,model_Portfolio,Hold,0.0,0.0,0.0,0.0,0.0,0.0,0.0,0.0,1.0,0.0
2025-07-10,model_Portfolio,Hold,0.0,0.0,0.0,0.0,0.0,0.0,0.0,0.0,1.0,0.0
2025-07-11,model_Portfolio,Hold,0.0,0.0,0.0,0.0,0.0,0.0,0.0,0.0,1.0,0.0
2025-07-14,model_Portfolio,Hold,0.0,0.0,0.0,0.0,0.0,0.0,0.0,0.0,1.0,0.0
2025-07-15,model_Portfolio,Hold,0.0,0.0,0.0,0.0,0.0,0.0,0.0,0.0,1.0,0.0
2025-07-16,model_Portfolio,Hold,0.0,0.0,0.0,0.0,0.0,0.0,0.0,0.0,1.0,0.0
2025-07-17,model_Portfolio,Hold,0.0,0.0,0.0,0.0,0.0,0.0,0.0,0.0,1.0,0.0
2025-07-18,model_Portfolio,Hold,0.0,0.0,0.0,0.0,0.0,0.0,0.0,0.0,1.0,0.0
2025-07-21,model_Portfolio,Hold,0.0,0.0,0.0,0.0,0.0,0.0,0.0,0.0,1.0,0.0
2025-07-22,model_Portfolio,Hold,0.0,0.0,0.0,0.0,0.0,0.0,0.0,0.0,1.0,0.0
2025-07-23,model_Portfolio,Hold,0.0,0.0,0.0,0.0,0.0,0.0,0.0,0.0,1.0,0.0
2025-07-24,model_Portfolio,Hold,0.0,0.0,0.0,0.0,0.0,0.0,0.0,0.0,1.0,0.0
2025-07-25,model_Portfolio,Hold,0.0,0.0,0.0,0.0,0.0,0.0,0.0,0.0,1.0,0.0
2025-07-28,model_Portfolio,Hold,0.0,0.0,0.0,0.0,0.0,0.0,0.0,0.0,1.0,0.0
2025-07-29,model_Portfolio,Hold,0.0,0.0,0.0,0.0,0.0,0.0,0.0,0.0,1.0,0.0
2025-07-30,model_Portfolio,Hold,0.0,0.0,0.0,0.0,0.0,0.0,0.0,0.0,1.0,0.0
2025-07-31,model_Portfolio,Hold,0.0,0.0,0.0,0.0,0.0,0.0,0.0,0.0,1.0,0.0
2025-08-01,model_Portfolio,Hold,0.0,0.0,0.0,0.0,0.0,0.0,0.0,0.0,1.0,0.0
2025-08-04,model_Portfolio,Hold,0.0,0.0,0.0,0.0,0.0,0.0,0.0,0.0,1.0,0.0
2025-08-05,model_Portfolio,Hold,0.0,0.0,0.0,0.0,0.0,0.0,0.0,0.0,1.0,0.0
2025-08-06,model_Portfolio,Hold,0.0,0.0,0.0,0.0,0.0,0.0,0.0,0.0,1.0,0.0
2025-08-07,model_Portfolio,Hold,0.0,0.0,0.0,0.0,0.0,0.0,0.0,0.0,1.0,0.0
2025-08-08,model_Portfolio,Hold,0.0,0.0,0.0,0.0,0.0,0.0,0.0,0.0,1.0,0.0
2025-08-11,model_Portfolio,Hold,0.0,0.0,0.0,0.0,0.0,0.0,0.0,0.0,1.0,0.0
2025-08-12,model_Portfolio,Hold,0.0,0.0,0.0,0.0,0.0,0.0,0.0,0.0,1.0,0.0
2025-08-13,model_Portfolio,Hold,0.0,0.0,0.0,0.0,0.0,0.0,0.0,0.0,1.0,0.0
2025-08-14,model_Portfolio,Hold,0.0,0.0,0.0,0.0,0.0,0.0,0.0,0.0,1.0,0.0
2025-08-15,model_Portfolio,Hold,0.0,0.0,0.0,0.0,0.0,0.0,0.0,0.0,1.0,0.0
2025-08-18,model_Portfolio,Hold,0.0,0.0,0.0,0.0,0.0,0.0,0.0,0.0,1.0,0.0
2025-08-19,model_Portfolio,Hold,0.0,0.0,0.0,0.0,0.0,0.0,0.0,0.0,1.0,0.0
2025-08-20,model_Portfolio,Hold,0.0,0.0,0.0,0.0,0.0,0.0,0.0,0.0,1.0,0.0
2025-08-21,model_Portfolio,Hold,0.0,0.0,0.0,0.0,0.0,0.0,0.0,0.0,1.0,0.0
2025-08-22,model_Portfolio,Hold,0.0,0.0,0.0,0.0,0.0,0.0,0.0,0.0,1.0,0.0
2025-08-25,model_Portfolio,Hold,0.0,0.0,0.0,0.0,0.0,0.0,0.0,0.0,1.0,0.0
2025-08-26,model_Portfolio,Hold,0.0,0.0,0.0,0.0,0.0,0.0,0.0,0.0,1.0,0.0
2025-08-27,model_Portfolio,Hold,0.0,0.0,0.0,0.0,0.0,0.0,0.0,0.0,1.0,0.0
2025-08-28,model_Portfolio,Hold,0.0,0.0,0.0,0.0,0.0,0.0,0.0,0.0,1.0,0.0
2025-08-29,model_Portfolio,Hold,0.0,0.0,0.0,0.0,0.0,0.0,0.0,0.0,1.0,0.0
2025-09-02,model_Portfolio,Hold,0.0,0.0,0.0,0.0,0.0,0.0,0.0,0.0,1.0,0.0
2025-09-03,model_Portfolio,Hold,0.0,0.0,0.0,0.0,0.0,0.0,0.0,0.0,1.0,0.0
2025-09-04,model_Portfolio,Hold,0.0,0.0,0.0,0.0,0.0,0.0,0.0,0.0,1.0,0.0
2025-09-05,model_Portfolio,Hold,0.0,0.0,0.0,0.0,0.0,0.0,0.0,0.0,1.0,0.0
2025-09-08,model_Portfolio,Hold,0.0,0.0,0.0,0.0,0.0,0.0,0.0,0.0,1.0,0.0
2025-09-09,model_Portfolio,Hold,0.0,0.0,0.0,0.0,0.0,0.0,0.0,0.0,1.0,0.0
2025-09-10,model_Portfolio,Hold,0.0,0.0,0.0,0.0,0.0,0.0,0.0,0.0,1.0,0.0
2025-09-11,model_Portfolio,Hold,0.0,0.0,0.0,0.0,0.0,0.0,0.0,0.0,1.0,0.0
2025-09-12,model_Portfolio,Hold,0.0,0.0,0.0,0.0,0.0,0.0,0.0,0.0,1.0,0.0
2025-09-15,model_Portfolio,Hold,0.0,0.0,0.0,0.0,0.0,0.0,0.0,0.0,1.0,0.0
2025-09-16,model_Portfolio,Hold,0.0,0.0,0.0,0.0,0.0,0.0,0.0,0.0,1.0,0.0
2025-09-17,model_Portfolio,Hold,0.0,0.0,0.0,0.0,0.0,0.0,0.0,0.0,1.0,0.0
2025-09-18,model_Portfolio,Hold,0.0,0.0,0.0,0.0,0.0,0.0,0.0,0.0,1.0,0.0
2025-09-19,model_Portfolio,Hold,0.0,0.0,0.0,0.0,0.0,0.0,0.0,0.0,1.0,0.0
2025-09-22,model_Portfolio,Hold,0.0,0.0,0.0,0.0,0.0,0.0,0.0,0.0,1.0,0.0
2025-09-23,model_Portfolio,Hold,0.0,0.0,0.0,0.0,0.0,0.0,0.0,0.0,1.0,0.0
2025-09-24,model_Portfolio,Hold,0.0,0.0,0.0,0.0,0.0,0.0,0.0,0.0,1.0,0.0
2025-09-25,model_Portfolio,Hold,0.0,0.0,0.0,0.0,0.0,0.0,0.0,0.0,1.0,0.0
2025-09-26,model_Portfolio,Hold,0.0,0.0,0.0,0.0,0.0,0.0,0.0,0.0,1.0,0.0
2025-09-29,model_Portfolio,Hold,0.0,0.0,0.0,0.0,0.0,0.0,0.0,0.0,1.0,0.0
2025-09-30,model_Portfolio,Hold,0.0,0.0,0.0,0.0,0.0,0.0,0.0,0.0,1.0,0.0
2025-10-01,model_Portfolio,Rebalance,0.0,0.0008,0.9981,0.0,0.0004,0.0001,0.0001,0.0003,0.0,0.0002
2025-10-02,model_Portfolio,Hold,0.0,0.0008,0.9981,0.0,0.0004,0.0001,0.0001,0.0003,0.0,0.0002
2025-10-03,model_Portfolio,Hold,0.0,0.0007,0.9981,0.0,0.0004,0.0001,0.0001,0.0003,0.0,0.0002
2025-10-06,model_Portfolio,Hold,0.0,0.0008,0.9981,0.0,0.0004,0.0001,0.0001,0.0003,0.0,0.0002
2025-10-07,model_Portfolio,Hold,0.0,0.0008,0.9981,0.0,0.0004,0.0001,0.0001,0.0003,0.0,0.0002
2025-10-08,model_Portfolio,Hold,0.0,0.0008,0.9981,0.0,0.0004,0.0001,0.0001,0.0003,0.0,0.0002
2025-10-09,model_Portfolio,Hold,0.0,0.0008,0.9981,0.0,0.0004,0.0001,0.0001,0.0003,0.0,0.0002
2025-10-10,model_Portfolio,Hold,0.0,0.0007,0.9981,0.0,0.0004,0.0001,0.0001,0.0003,0.0,0.0002
2025-10-13,model_Portfolio,Hold,0.0,0.0008,0.9981,0.0,0.0004,0.0001,0.0001,0.0003,0.0,0.0002
2025-10-14,model_Portfolio,Hold,0.0,0.0007,0.9981,0.0,0.0004,0.0001,0.0001,0.0003,0.0,0.0002
2025-10-15,model_Portfolio,Hold,0.0,0.0007,0.9981,0.0,0.0004,0.0001,0.0001,0.0003,0.0,0.0002
2025-10-16,model_Portfolio,Hold,0.0,0.0008,0.9981,0.0,0.0004,0.0001,0.0001,0.0003,0.0,0.0002
2025-10-17,model_Portfolio,Hold,0.0,0.0008,0.9981,0.0,0.0004,0.0001,0.0001,0.0003,0.0,0.0002
2025-10-20,model_Portfolio,Hold,0.0,0.0008,0.9981,0.0,0.0004,0.0001,0.0001,0.0003,0.0,0.0002
2025-10-21,model_Portfolio,Hold,0.0,0.0008,0.998,0.0,0.0004,0.0001,0.0001,0.0003,0.0,0.0002
2025-10-22,model_Portfolio,Hold,0.0,0.0008,0.998,0.0,0.0004,0.0001,0.0001,0.0003,0.0,0.0002
2025-10-23,model_Portfolio,Hold,0.0,0.0008,0.998,0.0,0.0004,0.0001,0.0001,0.0003,0.0,0.0002
2025-10-24,model_Portfolio,Hold,0.0,0.0008,0.998,0.0,0.0004,0.0001,0.0001,0.0003,0.0,0.0002
2025-10-27,model_Portfolio,Hold,0.0,0.0008,0.998,0.0,0.0004,0.0001,0.0001,0.0003,0.0,0.0002
2025-10-28,model_Portfolio,Hold,0.0,0.0008,0.998,0.0,0.0004,0.0001,0.0001,0.0003,0.0,0.0002
2025-10-29,model_Portfolio,Hold,0.0,0.0008,0.998,0.0,0.0004,0.0001,0.0001,0.0003,0.0,0.0002
2025-10-30,model_Portfolio,Hold,0.0,0.0008,0.998,0.0,0.0004,0.0,0.0001,0.0003,0.0,0.0002
2025-10-31,model_Portfolio,Hold,0.0,0.0008,0.998,0.0,0.0004,0.0,0.0001,0.0003,0.0,0.0002
2025-11-03,model_Portfolio,Hold,0.0,0.0008,0.9981,0.0,0.0004,0.0,0.0001,0.0003,0.0,0.0002
2025-11-04,model_Portfolio,Hold,0.0,0.0008,0.9981,0.0,0.0004,0.0,0.0001,0.0003,0.0,0.0002
2025-11-05,model_Portfolio,Hold,0.0,0.0008,0.9981,0.0,0.0004,0.0,0.0001,0.0003,0.0,0.0002
2025-11-06,model_Portfolio,Hold,0.0,0.0007,0.9982,0.0,0.0004,0.0,0.0001,0.0003,0.0,0.0002
2025-11-07,model_Portfolio,Hold,0.0,0.0007,0.9982,0.0,0.0004,0.0,0.0001,0.0003,0.0,0.0002
2025-11-10,model_Portfolio,Hold,0.0,0.0007,0.9981,0.0,0.0004,0.0,0.0001,0.0003,0.0,0.0002
2025-11-11,model_Portfolio,Hold,0.0,0.0007,0.9981,0.0,0.0004,0.0,0.0001,0.0003,0.0,0.0002
2025-11-12,model_Portfolio,Hold,0.0,0.0007,0.9982,0.0,0.0004,0.0,0.0001,0.0003,0.0,0.0002
2025-11-13,model_Portfolio,Hold,0.0,0.0007,0.9982,0.0,0.0004,0.0,0.0001,0.0003,0.0,0.0002
2025-11-14,model_Portfolio,Hold,0.0,0.0007,0.9982,0.0,0.0004,0.0,0.0001,0.0003,0.0,0.0002
2025-11-17,model_Portfolio,Hold,0.0,0.0007,0.9981,0.0,0.0004,0.0,0.0001,0.0003,0.0,0.0002
2025-11-18,model_Portfolio,Hold,0.0,0.0007,0.9981,0.0,0.0004,0.0,0.0001,0.0003,0.0,0.0002
2025-11-19,model_Portfolio,Hold,0.0,0.0007,0.9981,0.0,0.0004,0.0,0.0001,0.0003,0.0,0.0002
2025-11-20,model_Portfolio,Hold,0.0,0.0007,0.9981,0.0,0.0004,0.0,0.0001,0.0003,0.0,0.0002
2025-11-21,model_Portfolio,Hold,0.0,0.0008,0.9981,0.0,0.0004,0.0,0.0001,0.0003,0.0,0.0002
2025-11-24,model_Portfolio,Hold,0.0,0.0008,0.9981,0.0,0.0004,0.0001,0.0001,0.0004,0.0,0.0002
2025-11-25,model_Portfolio,Hold,0.0,0.0008,0.9981,0.0,0.0004,0.0,0.0001,0.0004,0.0,0.0002
2025-11-26,model_Portfolio,Hold,0.0,0.0008,0.998,0.0,0.0004,0.0001,0.0001,0.0004,0.0,0.0002
2025-11-28,model_Portfolio,Hold,0.0,0.0008,0.998,0.0,0.0004,0.0001,0.0001,0.0004,0.0,0.0002
2025-12-01,model_Portfolio,Hold,0.0,0.0008,0.998,0.0,0.0004,0.0001,0.0001,0.0004,0.0,0.0002
2025-12-02,model_Portfolio,Hold,0.0,0.0008,0.998,0.0,0.0004,0.0001,0.0001,0.0004,0.0,0.0002
2025-12-03,model_Portfolio,Hold,0.0,0.0009,0.9979,0.0,0.0005,0.0001,0.0001,0.0004,0.0,0.0002
2025-12-04,model_Portfolio,Hold,0.0,0.0008,0.9979,0.0,0.0005,0.0001,0.0001,0.0004,0.0,0.0002
2025-12-05,model_Portfolio,Hold,0.0,0.0008,0.9979,0.0,0.0005,0.0001,0.0001,0.0004,0.0,0.0002
2025-12-08,model_Portfolio,Hold,0.0,0.0008,0.9979,0.0,0.0005,0.0,0.0001,0.0004,0.0,0.0002
2025-12-09,model_Portfolio,Hold,0.0,0.0008,0.9979,0.0,0.0005,0.0,0.0001,0.0004,0.0,0.0002
2025-12-10,model_Portfolio,Hold,0.0,0.0009,0.9979,0.0,0.0005,0.0,0.0001,0.0004,0.0,0.0002
2025-12-11,model_Portfolio,Hold,0.0,0.0008,0.9979,0.0,0.0005,0.0,0.0001,0.0004,0.0,0.0002
2025-12-12,model_Portfolio,Hold,0.0,0.0008,0.998,0.0,0.0005,0.0,0.0001,0.0003,0.0,0.0002
2025-12-15,model_Portfolio,Hold,0.0,0.0008,0.998,0.0,0.0004,0.0,0.0001,0.0003,0.0,0.0002
2025-12-16,model_Portfolio,Hold,0.0,0.0008,0.998,0.0,0.0004,0.0,0.0001,0.0003,0.0,0.0002
2025-12-17,model_Portfolio,Hold,0.0,0.0008,0.998,0.0,0.0004,0.0,0.0001,0.0003,0.0,0.0002
2025-12-18,model_Portfolio,Hold,0.0,0.0008,0.998,0.0,0.0004,0.0,0.0001,0.0003,0.0,0.0002
2025-12-19,model_Portfolio,Hold,0.0,0.0008,0.998,0.0,0.0004,0.0,0.0001,0.0003,0.0,0.0002
2025-12-22,model_Portfolio,Hold,0.0,0.0008,0.998,0.0,0.0004,0.0,0.0001,0.0003,0.0,0.0002
2025-12-23,model_Portfolio,Hold,0.0,0.0008,0.998,0.0,0.0004,0.0,0.0001,0.0004,0.0,0.0002
2025-12-24,model_Portfolio,Hold,0.0,0.0008,0.998,0.0,0.0004,0.0,0.0001,0.0004,0.0,0.0002
2025-12-26,model_Portfolio,Hold,0.0,0.0008,0.998,0.0,0.0004,0.0,0.0001,0.0004,0.0,0.0002
2025-12-29,model_Portfolio,Hold,0.0,0.0008,0.998,0.0,0.0004,0.0,0.0001,0.0004,0.0,0.0002
2025-12-30,model_Portfolio,Hold,0.0,0.0008,0.998,0.0,0.0004,0.0,0.0001,0.0004,0.0,0.0002
2022-01-20,model_Portfolio,Rebalance,0.0,0.0,0.0,0.0,0.0,0.0,0.0,0.0,1.0,0.0
2022-01-21,model_Portfolio,Hold,0.0,0.0,0.0,0.0,0.0,0.0,0.0,0.0,1.0,0.0
2022-01-24,model_Portfolio,Hold,0.0,0.0,0.0,0.0,0.0,0.0,0.0,0.0,1.0,0.0
2022-01-25,model_Portfolio,Hold,0.0,0.0,0.0,0.0,0.0,0.0,0.0,0.0,1.0,0.0
2022-01-26,model_Portfolio,Hold,0.0,0.0,0.0,0.0,0.0,0.0,0.0,0.0,1.0,0.0
2022-01-27,model_Portfolio,Hold,0.0,0.0,0.0,0.0,0.0,0.0,0.0,0.0,1.0,0.0
2022-01-28,model_Portfolio,Hold,0.0,0.0,0.0,0.0,0.0,0.0,0.0,0.0,1.0,0.0
2022-01-31,model_Portfolio,Hold,0.0,0.0,0.0,0.0,0.0,0.0,0.0,0.0,1.0,0.0
2022-02-01,model_Portfolio,Hold,0.0,0.0,0.0,0.0,0.0,0.0,0.0,0.0,1.0,0.0
2022-02-02,model_Portfolio,Hold,0.0,0.0,0.0,0.0,0.0,0.0,0.0,0.0,1.0,0.0
2022-02-03,model_Portfolio,Hold,0.0,0.0,0.0,0.0,0.0,0.0,0.0,0.0,1.0,0.0
2022-02-04,model_Portfolio,Hold,0.0,0.0,0.0,0.0,0.0,0.0,0.0,0.0,1.0,0.0
2022-02-07,model_Portfolio,Hold,0.0,0.0,0.0,0.0,0.0,0.0,0.0,0.0,1.0,0.0
2022-02-08,model_Portfolio,Hold,0.0,0.0,0.0,0.0,0.0,0.0,0.0,0.0,1.0,0.0
2022-02-09,model_Portfolio,Hold,0.0,0.0,0.0,0.0,0.0,0.0,0.0,0.0,1.0,0.0
2022-02-10,model_Portfolio,Hold,0.0,0.0,0.0,0.0,0.0,0.0,0.0,0.0,1.0,0.0
2022-02-11,model_Portfolio,Hold,0.0,0.0,0.0,0.0,0.0,0.0,0.0,0.0,1.0,0.0
2022-02-14,model_Portfolio,Hold,0.0,0.0,0.0,0.0,0.0,0.0,0.0,0.0,1.0,0.0
2022-02-15,model_Portfolio,Hold,0.0,0.0,0.0,0.0,0.0,0.0,0.0,0.0,1.0,0.0
2022-02-16,model_Portfolio,Hold,0.0,0.0,0.0,0.0,0.0,0.0,0.0,0.0,1.0,0.0
2022-02-17,model_Portfolio,Hold,0.0,0.0,0.0,0.0,0.0,0.0,0.0,0.0,1.0,0.0
2022-02-18,model_Portfolio,Hold,0.0,0.0,0.0,0.0,0.0,0.0,0.0,0.0,1.0,0.0
2022-02-22,model_Portfolio,Hold,0.0,0.0,0.0,0.0,0.0,0.0,0.0,0.0,1.0,0.0
2022-02-23,model_Portfolio,Hold,0.0,0.0,0.0,0.0,0.0,0.0,0.0,0.0,1.0,0.0
2022-02-24,model_Portfolio,Hold,0.0,0.0,0.0,0.0,0.0,0.0,0.0,0.0,1.0,0.0
2022-02-25,model_Portfolio,Hold,0.0,0.0,0.0,0.0,0.0,0.0,0.0,0.0,1.0,0.0
2022-02-28,model_Portfolio,Hold,0.0,0.0,0.0,0.0,0.0,0.0,0.0,0.0,1.0,0.0
2022-03-01,model_Portfolio,Hold,0.0,0.0,0.0,0.0,0.0,0.0,0.0,0.0,1.0,0.0
2022-03-02,model_Portfolio,Hold,0.0,0.0,0.0,0.0,0.0,0.0,0.0,0.0,1.0,0.0
2022-03-03,model_Portfolio,Hold,0.0,0.0,0.0,0.0,0.0,0.0,0.0,0.0,1.0,0.0
2022-03-04,model_Portfolio,Hold,0.0,0.0,0.0,0.0,0.0,0.0,0.0,0.0,1.0,0.0
2022-03-07,model_Portfolio,Hold,0.0,0.0,0.0,0.0,0.0,0.0,0.0,0.0,1.0,0.0
2022-03-08,model_Portfolio,Hold,0.0,0.0,0.0,0.0,0.0,0.0,0.0,0.0,1.0,0.0
2022-03-09,model_Portfolio,Hold,0.0,0.0,0.0,0.0,0.0,0.0,0.0,0.0,1.0,0.0
2022-03-10,model_Portfolio,Hold,0.0,0.0,0.0,0.0,0.0,0.0,0.0,0.0,1.0,0.0
2022-03-11,model_Portfolio,Hold,0.0,0.0,0.0,0.0,0.0,0.0,0.0,0.0,1.0,0.0
2022-03-14,model_Portfolio,Hold,0.0,0.0,0.0,0.0,0.0,0.0,0.0,0.0,1.0,0.0
2022-03-15,model_Portfolio,Hold,0.0,0.0,0.0,0.0,0.0,0.0,0.0,0.0,1.0,0.0
2022-03-16,model_Portfolio,Hold,0.0,0.0,0.0,0.0,0.0,0.0,0.0,0.0,1.0,0.0
2022-03-17,model_Portfolio,Hold,0.0,0.0,0.0,0.0,0.0,0.0,0.0,0.0,1.0,0.0
2022-03-18,model_Portfolio,Hold,0.0,0.0,0.0,0.0,0.0,0.0,0.0,0.0,1.0,0.0
2022-03-21,model_Portfolio,Hold,0.0,0.0,0.0,0.0,0.0,0.0,0.0,0.0,1.0,0.0
2022-03-22,model_Portfolio,Hold,0.0,0.0,0.0,0.0,0.0,0.0,0.0,0.0,1.0,0.0
2022-03-23,model_Portfolio,Hold,0.0,0.0,0.0,0.0,0.0,0.0,0.0,0.0,1.0,0.0
2022-03-24,model_Portfolio,Hold,0.0,0.0,0.0,0.0,0.0,0.0,0.0,0.0,1.0,0.0
2022-03-25,model_Portfolio,Hold,0.0,0.0,0.0,0.0,0.0,0.0,0.0,0.0,1.0,0.0
2022-03-28,model_Portfolio,Hold,0.0,0.0,0.0,0.0,0.0,0.0,0.0,0.0,1.0,0.0
2022-03-29,model_Portfolio,Hold,0.0,0.0,0.0,0.0,0.0,0.0,0.0,0.0,1.0,0.0
2022-03-30,model_Portfolio,Hold,0.0,0.0,0.0,0.0,0.0,0.0,0.0,0.0,1.0,0.0
2022-03-31,model_Portfolio,Hold,0.0,0.0,0.0,0.0,0.0,0.0,0.0,0.0,1.0,0.0
2022-04-01,model_Portfolio,Hold,0.0,0.0,0.0,0.0,0.0,0.0,0.0,0.0,1.0,0.0
2022-04-04,model_Portfolio,Hold,0.0,0.0,0.0,0.0,0.0,0.0,0.0,0.0,1.0,0.0
2022-04-05,model_Portfolio,Hold,0.0,0.0,0.0,0.0,0.0,0.0,0.0,0.0,1.0,0.0
2022-04-06,model_Portfolio,Hold,0.0,0.0,0.0,0.0,0.0,0.0,0.0,0.0,1.0,0.0
2022-04-07,model_Portfolio,Hold,0.0,0.0,0.0,0.0,0.0,0.0,0.0,0.0,1.0,0.0
2022-04-08,model_Portfolio,Hold,0.0,0.0,0.0,0.0,0.0,0.0,0.0,0.0,1.0,0.0
2022-04-11,model_Portfolio,Hold,0.0,0.0,0.0,0.0,0.0,0.0,0.0,0.0,1.0,0.0
2022-04-12,model_Portfolio,Hold,0.0,0.0,0.0,0.0,0.0,0.0,0.0,0.0,1.0,0.0
2022-04-13,model_Portfolio,Hold,0.0,0.0,0.0,0.0,0.0,0.0,0.0,0.0,1.0,0.0
2022-04-14,model_Portfolio,Hold,0.0,0.0,0.0,0.0,0.0,0.0,0.0,0.0,1.0,0.0
2022-04-18,model_Portfolio,Hold,0.0,0.0,0.0,0.0,0.0,0.0,0.0,0.0,1.0,0.0
2022-04-19,model_Portfolio,Hold,0.0,0.0,0.0,0.0,0.0,0.0,0.0,0.0,1.0,0.0
2022-04-20,model_Portfolio,Hold,0.0,0.0,0.0,0.0,0.0,0.0,0.0,0.0,1.0,0.0
2022-04-21,model_Portfolio,Hold,0.0,0.0,0.0,0.0,0.0,0.0,0.0,0.0,1.0,0.0
2022-04-22,model_Portfolio,Hold,0.0,0.0,0.0,0.0,0.0,0.0,0.0,0.0,1.0,0.0
2022-04-25,model_Portfolio,Hold,0.0,0.0,0.0,0.0,0.0,0.0,0.0,0.0,1.0,0.0
2022-04-26,model_Portfolio,Hold,0.0,0.0,0.0,0.0,0.0,0.0,0.0,0.0,1.0,0.0
2022-04-27,model_Portfolio,Hold,0.0,0.0,0.0,0.0,0.0,0.0,0.0,0.0,1.0,0.0
2022-04-28,model_Portfolio,Hold,0.0,0.0,0.0,0.0,0.0,0.0,0.0,0.0,1.0,0.0
2022-04-29,model_Portfolio,Hold,0.0,0.0,0.0,0.0,0.0,0.0,0.0,0.0,1.0,0.0
2022-05-02,model_Portfolio,Hold,0.0,0.0,0.0,0.0,0.0,0.0,0.0,0.0,1.0,0.0
2022-05-03,model_Portfolio,Hold,0.0,0.0,0.0,0.0,0.0,0.0,0.0,0.0,1.0,0.0
2022-05-04,model_Portfolio,Hold,0.0,0.0,0.0,0.0,0.0,0.0,0.0,0.0,1.0,0.0
2022-05-05,model_Portfolio,Hold,0.0,0.0,0.0,0.0,0.0,0.0,0.0,0.0,1.0,0.0
2022-05-06,model_Portfolio,Hold,0.0,0.0,0.0,0.0,0.0,0.0,0.0,0.0,1.0,0.0
2022-05-09,model_Portfolio,Hold,0.0,0.0,0.0,0.0,0.0,0.0,0.0,0.0,1.0,0.0
2022-05-10,model_Portfolio,Hold,0.0,0.0,0.0,0.0,0.0,0.0,0.0,0.0,1.0,0.0
2022-05-11,model_Portfolio,Hold,0.0,0.0,0.0,0.0,0.0,0.0,0.0,0.0,1.0,0.0
2022-05-12,model_Portfolio,Hold,0.0,0.0,0.0,0.0,0.0,0.0,0.0,0.0,1.0,0.0
2022-05-13,model_Portfolio,Hold,0.0,0.0,0.0,0.0,0.0,0.0,0.0,0.0,1.0,0.0
2022-05-16,model_Portfolio,Hold,0.0,0.0,0.0,0.0,0.0,0.0,0.0,0.0,1.0,0.0
2022-05-17,model_Portfolio,Hold,0.0,0.0,0.0,0.0,0.0,0.0,0.0,0.0,1.0,0.0
2022-05-18,model_Portfolio,Hold,0.0,0.0,0.0,0.0,0.0,0.0,0.0,0.0,1.0,0.0
2022-05-19,model_Portfolio,Hold,0.0,0.0,0.0,0.0,0.0,0.0,0.0,0.0,1.0,0.0
2022-05-20,model_Portfolio,Hold,0.0,0.0,0.0,0.0,0.0,0.0,0.0,0.0,1.0,0.0
2022-05-23,model_Portfolio,Hold,0.0,0.0,0.0,0.0,0.0,0.0,0.0,0.0,1.0,0.0
2022-05-24,model_Portfolio,Hold,0.0,0.0,0.0,0.0,0.0,0.0,0.0,0.0,1.0,0.0
2022-05-25,model_Portfolio,Hold,0.0,0.0,0.0,0.0,0.0,0.0,0.0,0.0,1.0,0.0
2022-05-26,model_Portfolio,Hold,0.0,0.0,0.0,0.0,0.0,0.0,0.0,0.0,1.0,0.0
2022-05-27,model_Portfolio,Hold,0.0,0.0,0.0,0.0,0.0,0.0,0.0,0.0,1.0,0.0
2022-05-31,model_Portfolio,Hold,0.0,0.0,0.0,0.0,0.0,0.0,0.0,0.0,1.0,0.0
2022-06-01,model_Portfolio,Hold,0.0,0.0,0.0,0.0,0.0,0.0,0.0,0.0,1.0,0.0
2022-06-02,model_Portfolio,Hold,0.0,0.0,0.0,0.0,0.0,0.0,0.0,0.0,1.0,0.0
2022-06-03,model_Portfolio,Hold,0.0,0.0,0.0,0.0,0.0,0.0,0.0,0.0,1.0,0.0
2022-06-06,model_Portfolio,Hold,0.0,0.0,0.0,0.0,0.0,0.0,0.0,0.0,1.0,0.0
2022-06-07,model_Portfolio,Hold,0.0,0.0,0.0,0.0,0.0,0.0,0.0,0.0,1.0,0.0
2022-06-08,model_Portfolio,Hold,0.0,0.0,0.0,0.0,0.0,0.0,0.0,0.0,1.0,0.0
2022-06-09,model_Portfolio,Hold,0.0,0.0,0.0,0.0,0.0,0.0,0.0,0.0,1.0,0.0
2022-06-10,model_Portfolio,Hold,0.0,0.0,0.0,0.0,0.0,0.0,0.0,0.0,1.0,0.0
2022-06-13,model_Portfolio,Hold,0.0,0.0,0.0,0.0,0.0,0.0,0.0,0.0,1.0,0.0
2022-06-14,model_Portfolio,Hold,0.0,0.0,0.0,0.0,0.0,0.0,0.0,0.0,1.0,0.0
2022-06-15,model_Portfolio,Hold,0.0,0.0,0.0,0.0,0.0,0.0,0.0,0.0,1.0,0.0
2022-06-16,model_Portfolio,Hold,0.0,0.0,0.0,0.0,0.0,0.0,0.0,0.0,1.0,0.0
2022-06-17,model_Portfolio,Hold,0.0,0.0,0.0,0.0,0.0,0.0,0.0,0.0,1.0,0.0
2022-06-21,model_Portfolio,Hold,0.0,0.0,0.0,0.0,0.0,0.0,0.0,0.0,1.0,0.0
2022-06-22,model_Portfolio,Hold,0.0,0.0,0.0,0.0,0.0,0.0,0.0,0.0,1.0,0.0
2022-06-23,model_Portfolio,Hold,0.0,0.0,0.0,0.0,0.0,0.0,0.0,0.0,1.0,0.0
2022-06-24,model_Portfolio,Hold,0.0,0.0,0.0,0.0,0.0,0.0,0.0,0.0,1.0,0.0
2022-06-27,model_Portfolio,Hold,0.0,0.0,0.0,0.0,0.0,0.0,0.0,0.0,1.0,0.0
2022-06-28,model_Portfolio,Hold,0.0,0.0,0.0,0.0,0.0,0.0,0.0,0.0,1.0,0.0
2022-06-29,model_Portfolio,Hold,0.0,0.0,0.0,0.0,0.0,0.0,0.0,0.0,1.0,0.0
2022-06-30,model_Portfolio,Hold,0.0,0.0,0.0,0.0,0.0,0.0,0.0,0.0,1.0,0.0
2022-07-01,model_Portfolio,Rebalance,0.0,0.0,0.0,0.0,0.0,0.0,1.0,0.0,0.0,0.0
2022-07-05,model_Portfolio,Hold,0.0,0.0,0.0,0.0,0.0,0.0,1.0,0.0,0.0,0.0
2022-07-06,model_Portfolio,Hold,0.0,0.0,0.0,0.0,0.0,0.0,1.0,0.0,0.0,0.0
2022-07-07,model_Portfolio,Hold,0.0,0.0,0.0,0.0,0.0,0.0,1.0,0.0,0.0,0.0
2022-07-08,model_Portfolio,Hold,0.0,0.0,0.0,0.0,0.0,0.0,1.0,0.0,0.0,0.0
2022-07-11,model_Portfolio,Hold,0.0,0.0,0.0,0.0,0.0,0.0,1.0,0.0,0.0,0.0
2022-07-12,model_Portfolio,Hold,0.0,0.0,0.0,0.0,0.0,0.0,1.0,0.0,0.0,0.0
2022-07-13,model_Portfolio,Hold,0.0,0.0,0.0,0.0,0.0,0.0,1.0,0.0,0.0,0.0
2022-07-14,model_Portfolio,Hold,0.0,0.0,0.0,0.0,0.0,0.0,1.0,0.0,0.0,0.0
2022-07-15,model_Portfolio,Hold,0.0,0.0,0.0,0.0,0.0,0.0,1.0,0.0,0.0,0.0
2022-07-18,model_Portfolio,Hold,0.0,0.0,0.0,0.0,0.0,0.0,1.0,0.0,0.0,0.0
2022-07-19,model_Portfolio,Hold,0.0,0.0,0.0,0.0,0.0,0.0,1.0,0.0,0.0,0.0
2022-07-20,model_Portfolio,Hold,0.0,0.0,0.0,0.0,0.0,0.0,1.0,0.0,0.0,0.0
2022-07-21,model_Portfolio,Hold,0.0,0.0,0.0,0.0,0.0,0.0,1.0,0.0,0.0,0.0
2022-07-22,model_Portfolio,Hold,0.0,0.0,0.0,0.0,0.0,0.0,1.0,0.0,0.0,0.0
2022-07-25,model_Portfolio,Hold,0.0,0.0,0.0,0.0,0.0,0.0,1.0,0.0,0.0,0.0
2022-07-26,model_Portfolio,Hold,0.0,0.0,0.0,0.0,0.0,0.0,1.0,0.0,0.0,0.0
2022-07-27,model_Portfolio,Hold,0.0,0.0,0.0,0.0,0.0,0.0,1.0,0.0,0.0,0.0
2022-07-28,model_Portfolio,Hold,0.0,0.0,0.0,0.0,0.0,0.0,1.0,0.0,0.0,0.0
2022-07-29,model_Portfolio,Hold,0.0,0.0,0.0,0.0,0.0,0.0,1.0,0.0,0.0,0.0
2022-08-01,model_Portfolio,Hold,0.0,0.0,0.0,0.0,0.0,0.0,1.0,0.0,0.0,0.0
2022-08-02,model_Portfolio,Hold,0.0,0.0,0.0,0.0,0.0,0.0,1.0,0.0,0.0,0.0
2022-08-03,model_Portfolio,Hold,0.0,0.0,0.0,0.0,0.0,0.0,1.0,0.0,0.0,0.0
2022-08-04,model_Portfolio,Hold,0.0,0.0,0.0,0.0,0.0,0.0,1.0,0.0,0.0,0.0
2022-08-05,model_Portfolio,Hold,0.0,0.0,0.0,0.0,0.0,0.0,1.0,0.0,0.0,0.0
2022-08-08,model_Portfolio,Hold,0.0,0.0,0.0,0.0,0.0,0.0,1.0,0.0,0.0,0.0
2022-08-09,model_Portfolio,Hold,0.0,0.0,0.0,0.0,0.0,0.0,1.0,0.0,0.0,0.0
2022-08-10,model_Portfolio,Hold,0.0,0.0,0.0,0.0,0.0,0.0,1.0,0.0,0.0,0.0
2022-08-11,model_Portfolio,Hold,0.0,0.0,0.0,0.0,0.0,0.0,1.0,0.0,0.0,0.0
2022-08-12,model_Portfolio,Hold,0.0,0.0,0.0,0.0,0.0,0.0,1.0,0.0,0.0,0.0
2022-08-15,model_Portfolio,Hold,0.0,0.0,0.0,0.0,0.0,0.0,1.0,0.0,0.0,0.0
2022-08-16,model_Portfolio,Hold,0.0,0.0,0.0,0.0,0.0,0.0,1.0,0.0,0.0,0.0
2022-08-17,model_Portfolio,Hold,0.0,0.0,0.0,0.0,0.0,0.0,1.0,0.0,0.0,0.0
2022-08-18,model_Portfolio,Hold,0.0,0.0,0.0,0.0,0.0,0.0,1.0,0.0,0.0,0.0
2022-08-19,model_Portfolio,Hold,0.0,0.0,0.0,0.0,0.0,0.0,1.0,0.0,0.0,0.0
2022-08-22,model_Portfolio,Hold,0.0,0.0,0.0,0.0,0.0,0.0,1.0,0.0,0.0,0.0
2022-08-23,model_Portfolio,Hold,0.0,0.0,0.0,0.0,0.0,0.0,1.0,0.0,0.0,0.0
2022-08-24,model_Portfolio,Hold,0.0,0.0,0.0,0.0,0.0,0.0,1.0,0.0,0.0,0.0
2022-08-25,model_Portfolio,Hold,0.0,0.0,0.0,0.0,0.0,0.0,1.0,0.0,0.0,0.0
2022-08-26,model_Portfolio,Hold,0.0,0.0,0.0,0.0,0.0,0.0,1.0,0.0,0.0,0.0
2022-08-29,model_Portfolio,Hold,0.0,0.0,0.0,0.0,0.0,0.0,1.0,0.0,0.0,0.0
2022-08-30,model_Portfolio,Hold,0.0,0.0,0.0,0.0,0.0,0.0,1.0,0.0,0.0,0.0
2022-08-31,model_Portfolio,Hold,0.0,0.0,0.0,0.0,0.0,0.0,1.0,0.0,0.0,0.0
2022-09-01,model_Portfolio,Hold,0.0,0.0,0.0,0.0,0.0,0.0,1.0,0.0,0.0,0.0
2022-09-02,model_Portfolio,Hold,0.0,0.0,0.0,0.0,0.0,0.0,1.0,0.0,0.0,0.0
2022-09-06,model_Portfolio,Hold,0.0,0.0,0.0,0.0,0.0,0.0,1.0,0.0,0.0,0.0
2022-09-07,model_Portfolio,Hold,0.0,0.0,0.0,0.0,0.0,0.0,1.0,0.0,0.0,0.0
2022-09-08,model_Portfolio,Hold,0.0,0.0,0.0,0.0,0.0,0.0,1.0,0.0,0.0,0.0
2022-09-09,model_Portfolio,Hold,0.0,0.0,0.0,0.0,0.0,0.0,1.0,0.0,0.0,0.0
2022-09-12,model_Portfolio,Hold,0.0,0.0,0.0,0.0,0.0,0.0,1.0,0.0,0.0,0.0
2022-09-13,model_Portfolio,Hold,0.0,0.0,0.0,0.0,0.0,0.0,1.0,0.0,0.0,0.0
2022-09-14,model_Portfolio,Hold,0.0,0.0,0.0,0.0,0.0,0.0,1.0,0.0,0.0,0.0
2022-09-15,model_Portfolio,Hold,0.0,0.0,0.0,0.0,0.0,0.0,1.0,0.0,0.0,0.0
2022-09-16,model_Portfolio,Hold,0.0,0.0,0.0,0.0,0.0,0.0,1.0,0.0,0.0,0.0
2022-09-19,model_Portfolio,Hold,0.0,0.0,0.0,0.0,0.0,0.0,1.0,0.0,0.0,0.0
2022-09-20,model_Portfolio,Hold,0.0,0.0,0.0,0.0,0.0,0.0,1.0,0.0,0.0,0.0
2022-09-21,model_Portfolio,Hold,0.0,0.0,0.0,0.0,0.0,0.0,1.0,0.0,0.0,0.0
2022-09-22,model_Portfolio,Hold,0.0,0.0,0.0,0.0,0.0,0.0,1.0,0.0,0.0,0.0
2022-09-23,model_Portfolio,Hold,0.0,0.0,0.0,0.0,0.0,0.0,1.0,0.0,0.0,0.0
2022-09-26,model_Portfolio,Hold,0.0,0.0,0.0,0.0,0.0,0.0,1.0,0.0,0.0,0.0
2022-09-27,model_Portfolio,Hold,0.0,0.0,0.0,0.0,0.0,0.0,1.0,0.0,0.0,0.0
2022-09-28,model_Portfolio,Hold,0.0,0.0,0.0,0.0,0.0,0.0,1.0,0.0,0.0,0.0
2022-09-29,model_Portfolio,Hold,0.0,0.0,0.0,0.0,0.0,0.0,1.0,0.0,0.0,0.0
2022-09-30,model_Portfolio,Hold,0.0,0.0,0.0,0.0,0.0,0.0,1.0,0.0,0.0,0.0
2022-10-03,model_Portfolio,Hold,0.0,0.0,0.0,0.0,0.0,0.0,1.0,0.0,0.0,0.0
2022-10-04,model_Portfolio,Hold,0.0,0.0,0.0,0.0,0.0,0.0,1.0,0.0,0.0,0.0
2022-10-05,model_Portfolio,Hold,0.0,0.0,0.0,0.0,0.0,0.0,1.0,0.0,0.0,0.0
2022-10-06,model_Portfolio,Hold,0.0,0.0,0.0,0.0,0.0,0.0,1.0,0.0,0.0,0.0
2022-10-07,model_Portfolio,Hold,0.0,0.0,0.0,0.0,0.0,0.0,1.0,0.0,0.0,0.0
2022-10-10,model_Portfolio,Hold,0.0,0.0,0.0,0.0,0.0,0.0,1.0,0.0,0.0,0.0
2022-10-11,model_Portfolio,Hold,0.0,0.0,0.0,0.0,0.0,0.0,1.0,0.0,0.0,0.0
2022-10-12,model_Portfolio,Hold,0.0,0.0,0.0,0.0,0.0,0.0,1.0,0.0,0.0,0.0
2022-10-13,model_Portfolio,Hold,0.0,0.0,0.0,0.0,0.0,0.0,1.0,0.0,0.0,0.0
2022-10-14,model_Portfolio,Hold,0.0,0.0,0.0,0.0,0.0,0.0,1.0,0.0,0.0,0.0
2022-10-17,model_Portfolio,Hold,0.0,0.0,0.0,0.0,0.0,0.0,1.0,0.0,0.0,0.0
2022-10-18,model_Portfolio,Hold,0.0,0.0,0.0,0.0,0.0,0.0,1.0,0.0,0.0,0.0
2022-10-19,model_Portfolio,Hold,0.0,0.0,0.0,0.0,0.0,0.0,1.0,0.0,0.0,0.0
2022-10-20,model_Portfolio,Hold,0.0,0.0,0.0,0.0,0.0,0.0,1.0,0.0,0.0,0.0
2022-10-21,model_Portfolio,Hold,0.0,0.0,0.0,0.0,0.0,0.0,1.0,0.0,0.0,0.0
2022-10-24,model_Portfolio,Hold,0.0,0.0,0.0,0.0,0.0,0.0,1.0,0.0,0.0,0.0
2022-10-25,model_Portfolio,Hold,0.0,0.0,0.0,0.0,0.0,0.0,1.0,0.0,0.0,0.0
2022-10-26,model_Portfolio,Hold,0.0,0.0,0.0,0.0,0.0,0.0,1.0,0.0,0.0,0.0
2022-10-27,model_Portfolio,Hold,0.0,0.0,0.0,0.0,0.0,0.0,1.0,0.0,0.0,0.0
2022-10-28,model_Portfolio,Hold,0.0,0.0,0.0,0.0,0.0,0.0,1.0,0.0,0.0,0.0
2022-10-31,model_Portfolio,Hold,0.0,0.0,0.0,0.0,0.0,0.0,1.0,0.0,0.0,0.0
2022-11-01,model_Portfolio,Hold,0.0,0.0,0.0,0.0,0.0,0.0,1.0,0.0,0.0,0.0
2022-11-02,model_Portfolio,Hold,0.0,0.0,0.0,0.0,0.0,0.0,1.0,0.0,0.0,0.0
2022-11-03,model_Portfolio,Hold,0.0,0.0,0.0,0.0,0.0,0.0,1.0,0.0,0.0,0.0
2022-11-04,model_Portfolio,Hold,0.0,0.0,0.0,0.0,0.0,0.0,1.0,0.0,0.0,0.0
2022-11-07,model_Portfolio,Hold,0.0,0.0,0.0,0.0,0.0,0.0,1.0,0.0,0.0,0.0
2022-11-08,model_Portfolio,Hold,0.0,0.0,0.0,0.0,0.0,0.0,1.0,0.0,0.0,0.0
2022-11-09,model_Portfolio,Hold,0.0,0.0,0.0,0.0,0.0,0.0,1.0,0.0,0.0,0.0
2022-11-10,model_Portfolio,Hold,0.0,0.0,0.0,0.0,0.0,0.0,1.0,0.0,0.0,0.0
2022-11-11,model_Portfolio,Hold,0.0,0.0,0.0,0.0,0.0,0.0,1.0,0.0,0.0,0.0
2022-11-14,model_Portfolio,Hold,0.0,0.0,0.0,0.0,0.0,0.0,1.0,0.0,0.0,0.0
2022-11-15,model_Portfolio,Hold,0.0,0.0,0.0,0.0,0.0,0.0,1.0,0.0,0.0,0.0
2022-11-16,model_Portfolio,Hold,0.0,0.0,0.0,0.0,0.0,0.0,1.0,0.0,0.0,0.0
2022-11-17,model_Portfolio,Hold,0.0,0.0,0.0,0.0,0.0,0.0,1.0,0.0,0.0,0.0
2022-11-18,model_Portfolio,Hold,0.0,0.0,0.0,0.0,0.0,0.0,1.0,0.0,0.0,0.0
2022-11-21,model_Portfolio,Hold,0.0,0.0,0.0,0.0,0.0,0.0,1.0,0.0,0.0,0.0
2022-11-22,model_Portfolio,Hold,0.0,0.0,0.0,0.0,0.0,0.0,1.0,0.0,0.0,0.0
2022-11-23,model_Portfolio,Hold,0.0,0.0,0.0,0.0,0.0,0.0,1.0,0.0,0.0,0.0
2022-11-25,model_Portfolio,Hold,0.0,0.0,0.0,0.0,0.0,0.0,1.0,0.0,0.0,0.0
2022-11-28,model_Portfolio,Hold,0.0,0.0,0.0,0.0,0.0,0.0,1.0,0.0,0.0,0.0
2022-11-29,model_Portfolio,Hold,0.0,0.0,0.0,0.0,0.0,0.0,1.0,0.0,0.0,0.0
2022-11-30,model_Portfolio,Hold,0.0,0.0,0.0,0.0,0.0,0.0,1.0,0.0,0.0,0.0
2022-12-01,model_Portfolio,Hold,0.0,0.0,0.0,0.0,0.0,0.0,1.0,0.0,0.0,0.0
2022-12-02,model_Portfolio,Hold,0.0,0.0,0.0,0.0,0.0,0.0,1.0,0.0,0.0,0.0
2022-12-05,model_Portfolio,Hold,0.0,0.0,0.0,0.0,0.0,0.0,1.0,0.0,0.0,0.0
2022-12-06,model_Portfolio,Hold,0.0,0.0,0.0,0.0,0.0,0.0,1.0,0.0,0.0,0.0
2022-12-07,model_Portfolio,Hold,0.0,0.0,0.0,0.0,0.0,0.0,1.0,0.0,0.0,0.0
2022-12-08,model_Portfolio,Hold,0.0,0.0,0.0,0.0,0.0,0.0,1.0,0.0,0.0,0.0
2022-12-09,model_Portfolio,Hold,0.0,0.0,0.0,0.0,0.0,0.0,1.0,0.0,0.0,0.0
2022-12-12,model_Portfolio,Hold,0.0,0.0,0.0,0.0,0.0,0.0,1.0,0.0,0.0,0.0
2022-12-13,model_Portfolio,Hold,0.0,0.0,0.0,0.0,0.0,0.0,1.0,0.0,0.0,0.0
2022-12-14,model_Portfolio,Hold,0.0,0.0,0.0,0.0,0.0,0.0,1.0,0.0,0.0,0.0
2022-12-15,model_Portfolio,Hold,0.0,0.0,0.0,0.0,0.0,0.0,1.0,0.0,0.0,0.0
2022-12-16,model_Portfolio,Hold,0.0,0.0,0.0,0.0,0.0,0.0,1.0,0.0,0.0,0.0
2022-12-19,model_Portfolio,Hold,0.0,0.0,0.0,0.0,0.0,0.0,1.0,0.0,0.0,0.0
2022-12-20,model_Portfolio,Hold,0.0,0.0,0.0,0.0,0.0,0.0,1.0,0.0,0.0,0.0
2022-12-21,model_Portfolio,Hold,0.0,0.0,0.0,0.0,0.0,0.0,1.0,0.0,0.0,0.0
2022-12-22,model_Portfolio,Hold,0.0,0.0,0.0,0.0,0.0,0.0,1.0,0.0,0.0,0.0
2022-12-23,model_Portfolio,Hold,0.0,0.0,0.0,0.0,0.0,0.0,1.0,0.0,0.0,0.0
2022-12-27,model_Portfolio,Hold,0.0,0.0,0.0,0.0,0.0,0.0,1.0,0.0,0.0,0.0
2022-12-28,model_Portfolio,Hold,0.0,0.0,0.0,0.0,0.0,0.0,1.0,0.0,0.0,0.0
2022-12-29,model_Portfolio,Hold,0.0,0.0,0.0,0.0,0.0,0.0,1.0,0.0,0.0,0.0
2022-12-30,model_Portfolio,Hold,0.0,0.0,0.0,0.0,0.0,0.0,1.0,0.0,0.0,0.0
2023-01-03,model_Portfolio,Rebalance,0.2207,0.1124,0.2608,0.0195,0.1394,0.1178,0.011,0.0346,0.0117,0.0718
2023-01-04,model_Portfolio,Hold,0.2242,0.1122,0.2623,0.0194,0.1348,0.1179,0.0113,0.0342,0.012,0.0717
2023-01-05,model_Portfolio,Hold,0.2256,0.1106,0.2634,0.0191,0.1349,0.1173,0.0111,0.0339,0.0119,0.0724
2023-01-06,model_Portfolio,Hold,0.2232,0.1105,0.2654,0.0193,0.1352,0.1176,0.0112,0.0335,0.012,0.0723
2023-01-09,model_Portfolio,Hold,0.224,0.1129,0.2582,0.0197,0.1374,0.1188,0.0111,0.0339,0.0121,0.072
2023-01-10,model_Portfolio,Hold,0.2258,0.1126,0.2584,0.0201,0.1361,0.1183,0.0111,0.0338,0.0121,0.0715
2023-01-11,model_Portfolio,Hold,0.2232,0.115,0.2566,0.0212,0.1371,0.1177,0.0115,0.0348,0.0121,0.0708
2023-01-12,model_Portfolio,Hold,0.2203,0.1159,0.2558,0.0212,0.1417,0.1166,0.0117,0.0346,0.0121,0.0701
2023-01-13,model_Portfolio,Hold,0.2225,0.1142,0.2572,0.0216,0.1404,0.116,0.0116,0.0347,0.012,0.0698
2023-01-17,model_Portfolio,Hold,0.2234,0.1159,0.257,0.0213,0.1404,0.1146,0.0117,0.0345,0.0118,0.0694
2023-01-18,model_Portfolio,Hold,0.2232,0.1148,0.2591,0.0215,0.1392,0.1151,0.0118,0.035,0.0116,0.0687
2023-01-19,model_Portfolio,Hold,0.2244,0.1131,0.2554,0.0211,0.1431,0.1143,0.0117,0.0359,0.0113,0.0697
2023-01-20,model_Portfolio,Hold,0.2236,0.1148,0.2536,0.0217,0.1419,0.1146,0.0118,0.0373,0.0113,0.0695
2023-01-23,model_Portfolio,Hold,0.2244,0.1135,0.2536,0.0216,0.1418,0.1154,0.0119,0.0377,0.0114,0.0688
2023-01-24,model_Portfolio,Hold,0.2225,0.1122,0.2592,0.0214,0.1383,0.1177,0.0119,0.0371,0.0108,0.069
2023-01-25,model_Portfolio,Hold,0.2203,0.1119,0.2612,0.0217,0.139,0.1176,0.0118,0.0363,0.0106,0.0696
2023-01-26,model_Portfolio,Hold,0.2191,0.1117,0.2592,0.022,0.1421,0.1186,0.0117,0.0369,0.0106,0.0681
2023-01-27,model_Portfolio,Hold,0.2167,0.1128,0.2588,0.0227,0.1431,0.1176,0.012,0.0376,0.0108,0.0679
2023-01-30,model_Portfolio,Hold,0.218,0.1124,0.2612,0.0225,0.1392,0.1184,0.0118,0.037,0.0106,0.0689
2023-01-31,model_Portfolio,Hold,0.2172,0.1132,0.26,0.0228,0.1383,0.1196,0.012,0.0373,0.0107,0.069
2023-02-01,model_Portfolio,Hold,0.2186,0.1145,0.258,0.0231,0.1347,0.1181,0.0121,0.0377,0.0107,0.0725
2023-02-02,model_Portfolio,Hold,0.2233,0.1208,0.2469,0.0253,0.1338,0.1117,0.0129,0.0412,0.0113,0.0729
2023-02-03,model_Portfolio,Hold,0.2246,0.12,0.2511,0.0234,0.1342,0.1088,0.0128,0.0404,0.0112,0.0735
2023-02-06,model_Portfolio,Hold,0.2237,0.1187,0.2531,0.0232,0.1348,0.1086,0.0128,0.0399,0.0112,0.074
2023-02-07,model_Portfolio,Hold,0.2234,0.1186,0.2513,0.0229,0.1384,0.108,0.0126,0.0412,0.0111,0.0725
2023-02-08,model_Portfolio,Hold,0.2223,0.1186,0.256,0.0227,0.1349,0.1101,0.0127,0.0385,0.011,0.0732
2023-02-09,model_Portfolio,Hold,0.221,0.1204,0.2564,0.0226,0.1333,0.1114,0.0128,0.0373,0.0109,0.0739
2023-02-10,model_Portfolio,Hold,0.2189,0.1186,0.2547,0.0222,0.14,0.1106,0.0127,0.0367,0.0109,0.0746
2023-02-13,model_Portfolio,Hold,0.2186,0.1199,0.2576,0.0226,0.136,0.1097,0.0127,0.0366,0.011,0.0752
2023-02-14,model_Portfolio,Hold,0.2187,0.1199,0.2557,0.0229,0.1375,0.109,0.0128,0.0371,0.011,0.0754
2023-02-15,model_Portfolio,Hold,0.2186,0.121,0.2558,0.0232,0.1337,0.1101,0.0128,0.0379,0.0111,0.0757
2023-02-16,model_Portfolio,Hold,0.219,0.1199,0.2586,0.0228,0.1316,0.1101,0.0127,0.0379,0.0111,0.0763
2023-02-17,model_Portfolio,Hold,0.2218,0.1188,0.2611,0.0227,0.1257,0.1104,0.0127,0.0376,0.0113,0.0779
2023-02-21,model_Portfolio,Hold,0.2195,0.1177,0.2614,0.0225,0.128,0.1116,0.0126,0.0373,0.0111,0.0784
2023-02-22,model_Portfolio,Hold,0.2178,0.1181,0.2627,0.0228,0.1275,0.1121,0.0125,0.0373,0.0111,0.078
2023-02-23,model_Portfolio,Hold,0.2166,0.1183,0.2602,0.0228,0.1312,0.1122,0.0125,0.0369,0.011,0.0783
2023-02-24,model_Portfolio,Hold,0.2134,0.1169,0.2639,0.0223,0.1323,0.1134,0.0122,0.0364,0.011,0.0782
2023-02-27,model_Portfolio,Hold,0.2123,0.117,0.2631,0.0224,0.1326,0.1154,0.0122,0.0367,0.0111,0.0773
2023-02-28,model_Portfolio,Hold,0.2163,0.1166,0.2626,0.0225,0.1296,0.1155,0.0121,0.0368,0.011,0.077
2023-03-01,model_Portfolio,Hold,0.2142,0.1156,0.2622,0.022,0.1337,0.1163,0.0115,0.0369,0.0112,0.0765
2023-03-02,model_Portfolio,Hold,0.2164,0.1155,0.2581,0.0218,0.1349,0.117,0.0114,0.0373,0.0111,0.0764
2023-03-03,model_Portfolio,Hold,0.2171,0.1155,0.2577,0.0222,0.1358,0.1164,0.0113,0.0374,0.0111,0.0754
2023-03-06,model_Portfolio,Hold,0.215,0.1165,0.2586,0.0221,0.1334,0.1165,0.0115,0.0382,0.011,0.077
2023-03-07,model_Portfolio,Hold,0.2132,0.1163,0.2591,0.0224,0.1325,0.1181,0.0114,0.0384,0.011,0.0774
2023-03-08,model_Portfolio,Hold,0.2135,0.1169,0.2573,0.0227,0.1313,0.1183,0.0117,0.0389,0.011,0.0784
2023-03-09,model_Portfolio,Hold,0.2143,0.1175,0.2573,0.0227,0.1287,0.1182,0.0115,0.0388,0.0111,0.0799
2023-03-10,model_Portfolio,Hold,0.2157,0.1162,0.2581,0.0227,0.127,0.1189,0.0107,0.0387,0.0111,0.0809
2023-03-13,model_Portfolio,Hold,0.2207,0.1166,0.2531,0.0234,0.1232,0.12,0.0107,0.0393,0.0112,0.0818
2023-03-14,model_Portfolio,Hold,0.2192,0.116,0.2544,0.0237,0.123,0.1208,0.0107,0.0401,0.011,0.0811
2023-03-15,model_Portfolio,Hold,0.223,0.1159,0.2529,0.0247,0.116,0.12,0.011,0.0421,0.0112,0.0833
2023-03-16,model_Portfolio,Hold,0.2221,0.1171,0.2539,0.0252,0.1168,0.1191,0.0105,0.0432,0.0112,0.0808
2023-03-17,model_Portfolio,Hold,0.2216,0.1179,0.2536,0.0254,0.1151,0.1192,0.0105,0.0446,0.0113,0.0808
2023-03-20,model_Portfolio,Hold,0.2194,0.1169,0.2574,0.0246,0.117,0.1189,0.0104,0.0436,0.0112,0.0806
2023-03-21,model_Portfolio,Hold,0.2163,0.117,0.2579,0.0249,0.1224,0.1165,0.0102,0.0443,0.011,0.0793
2023-03-22,model_Portfolio,Hold,0.2173,0.1173,0.2565,0.0249,0.1223,0.1173,0.0099,0.0445,0.0109,0.079
2023-03-23,model_Portfolio,Hold,0.2174,0.1257,0.2538,0.0249,0.121,0.1136,0.0098,0.0454,0.0109,0.0776
2023-03-24,model_Portfolio,Hold,0.2181,0.1249,0.2535,0.0246,0.1219,0.1131,0.0101,0.045,0.0108,0.0779
2023-03-27,model_Portfolio,Hold,0.2177,0.1251,0.2528,0.0244,0.1242,0.1135,0.0099,0.0435,0.0108,0.078
2023-03-28,model_Portfolio,Hold,0.2143,0.1253,0.2542,0.0241,0.1258,0.1147,0.0099,0.0428,0.0108,0.078
2023-03-29,model_Portfolio,Hold,0.2152,0.1261,0.2542,0.0246,0.1244,0.1145,0.0102,0.0425,0.0108,0.0774
2023-03-30,model_Portfolio,Hold,0.2158,0.1271,0.2536,0.025,0.1223,0.1157,0.0103,0.0422,0.0107,0.0772
2023-03-31,model_Portfolio,Hold,0.2172,0.1266,0.2507,0.0249,0.1228,0.1177,0.0103,0.0427,0.0108,0.0762
2023-04-03,model_Portfolio,Hold,0.215,0.1249,0.248,0.0244,0.1318,0.1169,0.0101,0.0424,0.0106,0.0758
2023-04-04,model_Portfolio,Hold,0.219,0.1257,0.2466,0.0249,0.1289,0.1161,0.0101,0.0428,0.0105,0.0754
2023-04-05,model_Portfolio,Hold,0.2217,0.1235,0.2484,0.0242,0.1283,0.1154,0.0101,0.0427,0.0104,0.0753
2023-04-06,model_Portfolio,Hold,0.2224,0.1233,0.2479,0.0243,0.1282,0.1143,0.0101,0.0441,0.0103,0.075
2023-04-10,model_Portfolio,Hold,0.2193,0.123,0.2489,0.0243,0.1313,0.1146,0.01,0.0432,0.0104,0.075
2023-04-11,model_Portfolio,Hold,0.2168,0.1241,0.2498,0.0236,0.133,0.1145,0.0099,0.0425,0.0105,0.0754
2023-04-12,model_Portfolio,Hold,0.2158,0.1238,0.2515,0.0232,0.1325,0.1155,0.0098,0.0423,0.0105,0.0751
2023-04-13,model_Portfolio,Hold,0.2168,0.1231,0.2501,0.024,0.1338,0.1147,0.0095,0.0429,0.0106,0.0746
2023-04-14,model_Portfolio,Hold,0.2178,0.1207,0.2501,0.024,0.135,0.114,0.0094,0.0436,0.0106,0.0748
2023-04-17,model_Portfolio,Hold,0.2193,0.1211,0.2518,0.0241,0.1309,0.1142,0.0099,0.0425,0.0107,0.0756
2023-04-18,model_Portfolio,Hold,0.2182,0.121,0.2527,0.024,0.1305,0.1147,0.0098,0.0418,0.0106,0.0766
2023-04-19,model_Portfolio,Hold,0.2313,0.1189,0.2486,0.024,0.1262,0.1138,0.0098,0.041,0.0104,0.0759
2023-04-20,model_Portfolio,Hold,0.2297,0.1183,0.2494,0.0242,0.1248,0.1158,0.0098,0.0419,0.0104,0.0759
2023-04-21,model_Portfolio,Hold,0.2324,0.1186,0.2475,0.0249,0.1232,0.115,0.0099,0.0419,0.0104,0.0761
2023-04-24,model_Portfolio,Hold,0.2293,0.1187,0.2474,0.0247,0.125,0.1158,0.0098,0.042,0.0104,0.0768
2023-04-25,model_Portfolio,Hold,0.2314,0.1175,0.2494,0.0241,0.1214,0.116,0.0097,0.0417,0.0105,0.0784
2023-04-26,model_Portfolio,Hold,0.2308,0.1187,0.2502,0.0249,0.1194,0.1153,0.0097,0.0421,0.0104,0.0785
2023-04-27,model_Portfolio,Hold,0.2264,0.1175,0.2589,0.0254,0.1173,0.1146,0.0097,0.0425,0.0104,0.0773
2023-04-28,model_Portfolio,Hold,0.2261,0.1183,0.2577,0.0242,0.12,0.1146,0.0097,0.042,0.0104,0.0771
2023-05-01,model_Portfolio,Hold,0.2267,0.1176,0.2588,0.0233,0.1197,0.1149,0.0095,0.0418,0.0103,0.0773
2023-05-02,model_Portfolio,Hold,0.2317,0.1186,0.2571,0.0241,0.1136,0.1157,0.0095,0.0418,0.0102,0.0777
2023-05-03,model_Portfolio,Hold,0.2336,0.1186,0.2539,0.0242,0.1136,0.1169,0.0097,0.0421,0.0103,0.0771
2023-05-04,model_Portfolio,Hold,0.2356,0.1168,0.2559,0.0247,0.109,0.1176,0.0098,0.0425,0.0103,0.0777
2023-05-05,model_Portfolio,Hold,0.2338,0.1152,0.2561,0.0248,0.111,0.1186,0.0099,0.0424,0.0104,0.0778
2023-05-08,model_Portfolio,Hold,0.2334,0.1149,0.2566,0.0249,0.1107,0.1183,0.0098,0.0433,0.0103,0.0777
2023-05-09,model_Portfolio,Hold,0.2342,0.1154,0.2582,0.0253,0.112,0.1131,0.0098,0.0436,0.0102,0.0782
2023-05-10,model_Portfolio,Hold,0.2347,0.1176,0.255,0.0261,0.1106,0.1133,0.0099,0.0453,0.0102,0.0772
2023-05-11,model_Portfolio,Hold,0.2332,0.119,0.2546,0.0266,0.1115,0.1114,0.0097,0.0472,0.0102,0.0767
2023-05-12,model_Portfolio,Hold,0.2339,0.121,0.2522,0.0261,0.111,0.1119,0.0096,0.0475,0.0101,0.0766
2023-05-15,model_Portfolio,Hold,0.2327,0.1213,0.2525,0.0264,0.111,0.1126,0.0097,0.0472,0.0102,0.0765
2023-05-16,model_Portfolio,Hold,0.2336,0.123,0.2524,0.0271,0.1074,0.1119,0.0096,0.0488,0.01,0.0763
2023-05-17,model_Portfolio,Hold,0.23,0.1241,0.2538,0.0273,0.1094,0.111,0.0096,0.0488,0.0101,0.0759
2023-05-18,model_Portfolio,Hold,0.2282,0.1248,0.2554,0.0278,0.1095,0.1102,0.0094,0.0494,0.0102,0.0752
2023-05-19,model_Portfolio,Hold,0.228,0.1251,0.2539,0.0272,0.1112,0.111,0.0092,0.0491,0.0101,0.0751
2023-05-22,model_Portfolio,Hold,0.2272,0.126,0.2536,0.027,0.1117,0.1098,0.0094,0.0502,0.0104,0.0748
2023-05-23,model_Portfolio,Hold,0.2241,0.1259,0.2539,0.0273,0.1143,0.1094,0.0095,0.0496,0.0104,0.0755
2023-05-24,model_Portfolio,Hold,0.2226,0.1266,0.2506,0.028,0.117,0.1102,0.0093,0.0494,0.0101,0.0762
2023-05-25,model_Portfolio,Hold,0.2196,0.1294,0.2521,0.0277,0.1139,0.1113,0.0091,0.0507,0.0101,0.0761
2023-05-26,model_Portfolio,Hold,0.2192,0.1334,0.2493,0.0286,0.1132,0.111,0.0091,0.0507,0.01,0.0754
2023-05-30,model_Portfolio,Hold,0.2171,0.1358,0.2527,0.0291,0.1095,0.1113,0.0091,0.0504,0.0099,0.075
2023-05-31,model_Portfolio,Hold,0.2197,0.1359,0.2509,0.0291,0.1088,0.1102,0.0093,0.0506,0.0097,0.0758
2023-06-01,model_Portfolio,Hold,0.2199,0.1346,0.251,0.0294,0.109,0.1111,0.0091,0.0506,0.0098,0.0756
2023-06-02,model_Portfolio,Hold,0.2174,0.134,0.2521,0.029,0.1118,0.1115,0.0092,0.0497,0.0104,0.075
2023-06-05,model_Portfolio,Hold,0.2176,0.1317,0.2554,0.0294,0.1103,0.1116,0.0092,0.0505,0.01,0.0742
2023-06-06,model_Portfolio,Hold,0.2147,0.1329,0.2568,0.0296,0.1109,0.1108,0.0094,0.0509,0.01,0.074
2023-06-07,model_Portfolio,Hold,0.2115,0.1335,0.2582,0.0282,0.1138,0.1118,0.0096,0.0487,0.0102,0.0744
2023-06-08,model_Portfolio,Hold,0.2106,0.1325,0.2586,0.0291,0.113,0.1126,0.0096,0.0488,0.0102,0.0751
2023-06-09,model_Portfolio,Hold,0.2123,0.1329,0.2612,0.0288,0.1109,0.1106,0.0096,0.0487,0.0101,0.0748
2023-06-12,model_Portfolio,Hold,0.2115,0.134,0.2602,0.0295,0.1097,0.1107,0.0096,0.0493,0.0102,0.0753
2023-06-13,model_Portfolio,Hold,0.2103,0.1342,0.26,0.0293,0.1107,0.1119,0.0096,0.0489,0.0103,0.0749
2023-06-14,model_Portfolio,Hold,0.2132,0.1342,0.2576,0.0292,0.1105,0.1134,0.0096,0.0488,0.0102,0.0734
2023-06-15,model_Portfolio,Hold,0.2133,0.1356,0.2571,0.0289,0.112,0.1123,0.0094,0.0485,0.0102,0.0726
2023-06-16,model_Portfolio,Hold,0.2162,0.1341,0.2564,0.0286,0.1113,0.1135,0.0089,0.048,0.0103,0.0726
2023-06-20,model_Portfolio,Hold,0.2198,0.1348,0.2533,0.029,0.1097,0.1133,0.0089,0.0484,0.0102,0.0725
2023-06-21,model_Portfolio,Hold,0.2193,0.1333,0.2528,0.0288,0.1123,0.1135,0.0089,0.0475,0.0102,0.0734
2023-06-22,model_Portfolio,Hold,0.2235,0.1308,0.253,0.0301,0.109,0.1131,0.0087,0.0486,0.0101,0.0731
2023-06-23,model_Portfolio,Hold,0.2253,0.1283,0.2539,0.0302,0.108,0.1135,0.0087,0.0487,0.0102,0.0733
2023-06-26,model_Portfolio,Hold,0.2254,0.1274,0.2547,0.0296,0.1091,0.1132,0.0091,0.047,0.0101,0.0744
2023-06-27,model_Portfolio,Hold,0.2228,0.1282,0.2569,0.0299,0.1077,0.1146,0.0091,0.0467,0.0099,0.0742
2023-06-28,model_Portfolio,Hold,0.2221,0.1284,0.256,0.0298,0.109,0.1143,0.0088,0.0474,0.0099,0.0743
2023-06-29,model_Portfolio,Hold,0.22,0.13,0.2563,0.0292,0.1102,0.1146,0.0089,0.0465,0.0098,0.0744
2023-06-30,model_Portfolio,Hold,0.2206,0.1288,0.2562,0.0295,0.1099,0.1159,0.0088,0.0463,0.0098,0.0742
2023-07-03,model_Portfolio,Rebalance,1.0,0.0,0.0,0.0,0.0,0.0,0.0,0.0,0.0,0.0
2023-07-05,model_Portfolio,Hold,1.0,0.0,0.0,0.0,0.0,0.0,0.0,0.0,0.0,0.0
2023-07-06,model_Portfolio,Hold,1.0,0.0,0.0,0.0,0.0,0.0,0.0,0.0,0.0,0.0
2023-07-07,model_Portfolio,Hold,1.0,0.0,0.0,0.0,0.0,0.0,0.0,0.0,0.0,0.0
2023-07-10,model_Portfolio,Hold,1.0,0.0,0.0,0.0,0.0,0.0,0.0,0.0,0.0,0.0
2023-07-11,model_Portfolio,Hold,1.0,0.0,0.0,0.0,0.0,0.0,0.0,0.0,0.0,0.0
2023-07-12,model_Portfolio,Hold,1.0,0.0,0.0,0.0,0.0,0.0,0.0,0.0,0.0,0.0
2023-07-13,model_Portfolio,Hold,1.0,0.0,0.0,0.0,0.0,0.0,0.0,0.0,0.0,0.0
2023-07-14,model_Portfolio,Hold,1.0,0.0,0.0,0.0,0.0,0.0,0.0,0.0,0.0,0.0
2023-07-17,model_Portfolio,Hold,1.0,0.0,0.0,0.0,0.0,0.0,0.0,0.0,0.0,0.0
2023-07-18,model_Portfolio,Hold,1.0,0.0,0.0,0.0,0.0,0.0,0.0,0.0,0.0,0.0
2023-07-19,model_Portfolio,Hold,1.0,0.0,0.0,0.0,0.0,0.0,0.0,0.0,0.0,0.0
2023-07-20,model_Portfolio,Hold,1.0,0.0,0.0,0.0,0.0,0.0,0.0,0.0,0.0,0.0
2023-07-21,model_Portfolio,Hold,1.0,0.0,0.0,0.0,0.0,0.0,0.0,0.0,0.0,0.0
2023-07-24,model_Portfolio,Hold,1.0,0.0,0.0,0.0,0.0,0.0,0.0,0.0,0.0,0.0
2023-07-25,model_Portfolio,Hold,1.0,0.0,0.0,0.0,0.0,0.0,0.0,0.0,0.0,0.0
2023-07-26,model_Portfolio,Hold,1.0,0.0,0.0,0.0,0.0,0.0,0.0,0.0,0.0,0.0
2023-07-27,model_Portfolio,Hold,1.0,0.0,0.0,0.0,0.0,0.0,0.0,0.0,0.0,0.0
2023-07-28,model_Portfolio,Hold,1.0,0.0,0.0,0.0,0.0,0.0,0.0,0.0,0.0,0.0
2023-07-31,model_Portfolio,Hold,1.0,0.0,0.0,0.0,0.0,0.0,0.0,0.0,0.0,0.0
2023-08-01,model_Portfolio,Hold,1.0,0.0,0.0,0.0,0.0,0.0,0.0,0.0,0.0,0.0
2023-08-02,model_Portfolio,Hold,1.0,0.0,0.0,0.0,0.0,0.0,0.0,0.0,0.0,0.0
2023-08-03,model_Portfolio,Hold,1.0,0.0,0.0,0.0,0.0,0.0,0.0,0.0,0.0,0.0
2023-08-04,model_Portfolio,Hold,1.0,0.0,0.0,0.0,0.0,0.0,0.0,0.0,0.0,0.0
2023-08-07,model_Portfolio,Hold,1.0,0.0,0.0,0.0,0.0,0.0,0.0,0.0,0.0,0.0
2023-08-08,model_Portfolio,Hold,1.0,0.0,0.0,0.0,0.0,0.0,0.0,0.0,0.0,0.0
2023-08-09,model_Portfolio,Hold,1.0,0.0,0.0,0.0,0.0,0.0,0.0,0.0,0.0,0.0
2023-08-10,model_Portfolio,Hold,1.0,0.0,0.0,0.0,0.0,0.0,0.0,0.0,0.0,0.0
2023-08-11,model_Portfolio,Hold,1.0,0.0,0.0,0.0,0.0,0.0,0.0,0.0,0.0,0.0
2023-08-14,model_Portfolio,Hold,1.0,0.0,0.0,0.0,0.0,0.0,0.0,0.0,0.0,0.0
2023-08-15,model_Portfolio,Hold,1.0,0.0,0.0,0.0,0.0,0.0,0.0,0.0,0.0,0.0
2023-08-16,model_Portfolio,Hold,1.0,0.0,0.0,0.0,0.0,0.0,0.0,0.0,0.0,0.0
2023-08-17,model_Portfolio,Hold,1.0,0.0,0.0,0.0,0.0,0.0,0.0,0.0,0.0,0.0
2023-08-18,model_Portfolio,Hold,1.0,0.0,0.0,0.0,0.0,0.0,0.0,0.0,0.0,0.0
2023-08-21,model_Portfolio,Hold,1.0,0.0,0.0,0.0,0.0,0.0,0.0,0.0,0.0,0.0
2023-08-22,model_Portfolio,Hold,1.0,0.0,0.0,0.0,0.0,0.0,0.0,0.0,0.0,0.0
2023-08-23,model_Portfolio,Hold,1.0,0.0,0.0,0.0,0.0,0.0,0.0,0.0,0.0,0.0
2023-08-24,model_Portfolio,Hold,1.0,0.0,0.0,0.0,0.0,0.0,0.0,0.0,0.0,0.0
2023-08-25,model_Portfolio,Hold,1.0,0.0,0.0,0.0,0.0,0.0,0.0,0.0,0.0,0.0
2023-08-28,model_Portfolio,Hold,1.0,0.0,0.0,0.0,0.0,0.0,0.0,0.0,0.0,0.0
2023-08-29,model_Portfolio,Hold,1.0,0.0,0.0,0.0,0.0,0.0,0.0,0.0,0.0,0.0
2023-08-30,model_Portfolio,Hold,1.0,0.0,0.0,0.0,0.0,0.0,0.0,0.0,0.0,0.0
2023-08-31,model_Portfolio,Hold,1.0,0.0,0.0,0.0,0.0,0.0,0.0,0.0,0.0,0.0
2023-09-01,model_Portfolio,Hold,1.0,0.0,0.0,0.0,0.0,0.0,0.0,0.0,0.0,0.0
2023-09-05,model_Portfolio,Hold,1.0,0.0,0.0,0.0,0.0,0.0,0.0,0.0,0.0,0.0
2023-09-06,model_Portfolio,Hold,1.0,0.0,0.0,0.0,0.0,0.0,0.0,0.0,0.0,0.0
2023-09-07,model_Portfolio,Hold,1.0,0.0,0.0,0.0,0.0,0.0,0.0,0.0,0.0,0.0
2023-09-08,model_Portfolio,Hold,1.0,0.0,0.0,0.0,0.0,0.0,0.0,0.0,0.0,0.0
2023-09-11,model_Portfolio,Hold,1.0,0.0,0.0,0.0,0.0,0.0,0.0,0.0,0.0,0.0
2023-09-12,model_Portfolio,Hold,1.0,0.0,0.0,0.0,0.0,0.0,0.0,0.0,0.0,0.0
2023-09-13,model_Portfolio,Hold,1.0,0.0,0.0,0.0,0.0,0.0,0.0,0.0,0.0,0.0
2023-09-14,model_Portfolio,Hold,1.0,0.0,0.0,0.0,0.0,0.0,0.0,0.0,0.0,0.0
2023-09-15,model_Portfolio,Hold,1.0,0.0,0.0,0.0,0.0,0.0,0.0,0.0,0.0,0.0
2023-09-18,model_Portfolio,Hold,1.0,0.0,0.0,0.0,0.0,0.0,0.0,0.0,0.0,0.0
2023-09-19,model_Portfolio,Hold,1.0,0.0,0.0,0.0,0.0,0.0,0.0,0.0,0.0,0.0
2023-09-20,model_Portfolio,Hold,1.0,0.0,0.0,0.0,0.0,0.0,0.0,0.0,0.0,0.0
2023-09-21,model_Portfolio,Hold,1.0,0.0,0.0,0.0,0.0,0.0,0.0,0.0,0.0,0.0
2023-09-22,model_Portfolio,Hold,1.0,0.0,0.0,0.0,0.0,0.0,0.0,0.0,0.0,0.0
2023-09-25,model_Portfolio,Hold,1.0,0.0,0.0,0.0,0.0,0.0,0.0,0.0,0.0,0.0
2023-09-26,model_Portfolio,Hold,1.0,0.0,0.0,0.0,0.0,0.0,0.0,0.0,0.0,0.0
2023-09-27,model_Portfolio,Hold,1.0,0.0,0.0,0.0,0.0,0.0,0.0,0.0,0.0,0.0
2023-09-28,model_Portfolio,Hold,1.0,0.0,0.0,0.0,0.0,0.0,0.0,0.0,0.0,0.0
2023-09-29,model_Portfolio,Hold,1.0,0.0,0.0,0.0,0.0,0.0,0.0,0.0,0.0,0.0
2023-10-02,model_Portfolio,Hold,1.0,0.0,0.0,0.0,0.0,0.0,0.0,0.0,0.0,0.0
2023-10-03,model_Portfolio,Hold,1.0,0.0,0.0,0.0,0.0,0.0,0.0,0.0,0.0,0.0
2023-10-04,model_Portfolio,Hold,1.0,0.0,0.0,0.0,0.0,0.0,0.0,0.0,0.0,0.0
2023-10-05,model_Portfolio,Hold,1.0,0.0,0.0,0.0,0.0,0.0,0.0,0.0,0.0,0.0
2023-10-06,model_Portfolio,Hold,1.0,0.0,0.0,0.0,0.0,0.0,0.0,0.0,0.0,0.0
2023-10-09,model_Portfolio,Hold,1.0,0.0,0.0,0.0,0.0,0.0,0.0,0.0,0.0,0.0
2023-10-10,model_Portfolio,Hold,1.0,0.0,0.0,0.0,0.0,0.0,0.0,0.0,0.0,0.0
2023-10-11,model_Portfolio,Hold,1.0,0.0,0.0,0.0,0.0,0.0,0.0,0.0,0.0,0.0
2023-10-12,model_Portfolio,Hold,1.0,0.0,0.0,0.0,0.0,0.0,0.0,0.0,0.0,0.0
2023-10-13,model_Portfolio,Hold,1.0,0.0,0.0,0.0,0.0,0.0,0.0,0.0,0.0,0.0
2023-10-16,model_Portfolio,Hold,1.0,0.0,0.0,0.0,0.0,0.0,0.0,0.0,0.0,0.0
2023-10-17,model_Portfolio,Hold,1.0,0.0,0.0,0.0,0.0,0.0,0.0,0.0,0.0,0.0
2023-10-18,model_Portfolio,Hold,1.0,0.0,0.0,0.0,0.0,0.0,0.0,0.0,0.0,0.0
2023-10-19,model_Portfolio,Hold,1.0,0.0,0.0,0.0,0.0,0.0,0.0,0.0,0.0,0.0
2023-10-20,model_Portfolio,Hold,1.0,0.0,0.0,0.0,0.0,0.0,0.0,0.0,0.0,0.0
2023-10-23,model_Portfolio,Hold,1.0,0.0,0.0,0.0,0.0,0.0,0.0,0.0,0.0,0.0
2023-10-24,model_Portfolio,Hold,1.0,0.0,0.0,0.0,0.0,0.0,0.0,0.0,0.0,0.0
2023-10-25,model_Portfolio,Hold,1.0,0.0,0.0,0.0,0.0,0.0,0.0,0.0,0.0,0.0
2023-10-26,model_Portfolio,Hold,1.0,0.0,0.0,0.0,0.0,0.0,0.0,0.0,0.0,0.0
2023-10-27,model_Portfolio,Hold,1.0,0.0,0.0,0.0,0.0,0.0,0.0,0.0,0.0,0.0
2023-10-30,model_Portfolio,Hold,1.0,0.0,0.0,0.0,0.0,0.0,0.0,0.0,0.0,0.0
2023-10-31,model_Portfolio,Hold,1.0,0.0,0.0,0.0,0.0,0.0,0.0,0.0,0.0,0.0
2023-11-01,model_Portfolio,Hold,1.0,0.0,0.0,0.0,0.0,0.0,0.0,0.0,0.0,0.0
2023-11-02,model_Portfolio,Hold,1.0,0.0,0.0,0.0,0.0,0.0,0.0,0.0,0.0,0.0
2023-11-03,model_Portfolio,Hold,1.0,0.0,0.0,0.0,0.0,0.0,0.0,0.0,0.0,0.0
2023-11-06,model_Portfolio,Hold,1.0,0.0,0.0,0.0,0.0,0.0,0.0,0.0,0.0,0.0
2023-11-07,model_Portfolio,Hold,1.0,0.0,0.0,0.0,0.0,0.0,0.0,0.0,0.0,0.0
2023-11-08,model_Portfolio,Hold,1.0,0.0,0.0,0.0,0.0,0.0,0.0,0.0,0.0,0.0
2023-11-09,model_Portfolio,Hold,1.0,0.0,0.0,0.0,0.0,0.0,0.0,0.0,0.0,0.0
2023-11-10,model_Portfolio,Hold,1.0,0.0,0.0,0.0,0.0,0.0,0.0,0.0,0.0,0.0
2023-11-13,model_Portfolio,Hold,1.0,0.0,0.0,0.0,0.0,0.0,0.0,0.0,0.0,0.0
2023-11-14,model_Portfolio,Hold,1.0,0.0,0.0,0.0,0.0,0.0,0.0,0.0,0.0,0.0
2023-11-15,model_Portfolio,Hold,1.0,0.0,0.0,0.0,0.0,0.0,0.0,0.0,0.0,0.0
2023-11-16,model_Portfolio,Hold,1.0,0.0,0.0,0.0,0.0,0.0,0.0,0.0,0.0,0.0
2023-11-17,model_Portfolio,Hold,1.0,0.0,0.0,0.0,0.0,0.0,0.0,0.0,0.0,0.0
2023-11-20,model_Portfolio,Hold,1.0,0.0,0.0,0.0,0.0,0.0,0.0,0.0,0.0,0.0
2023-11-21,model_Portfolio,Hold,1.0,0.0,0.0,0.0,0.0,0.0,0.0,0.0,0.0,0.0
2023-11-22,model_Portfolio,Hold,1.0,0.0,0.0,0.0,0.0,0.0,0.0,0.0,0.0,0.0
2023-11-24,model_Portfolio,Hold,1.0,0.0,0.0,0.0,0.0,0.0,0.0,0.0,0.0,0.0
2023-11-27,model_Portfolio,Hold,1.0,0.0,0.0,0.0,0.0,0.0,0.0,0.0,0.0,0.0
2023-11-28,model_Portfolio,Hold,1.0,0.0,0.0,0.0,0.0,0.0,0.0,0.0,0.0,0.0
2023-11-29,model_Portfolio,Hold,1.0,0.0,0.0,0.0,0.0,0.0,0.0,0.0,0.0,0.0
2023-11-30,model_Portfolio,Hold,1.0,0.0,0.0,0.0,0.0,0.0,0.0,0.0,0.0,0.0
2023-12-01,model_Portfolio,Hold,1.0,0.0,0.0,0.0,0.0,0.0,0.0,0.0,0.0,0.0
2023-12-04,model_Portfolio,Hold,1.0,0.0,0.0,0.0,0.0,0.0,0.0,0.0,0.0,0.0
2023-12-05,model_Portfolio,Hold,1.0,0.0,0.0,0.0,0.0,0.0,0.0,0.0,0.0,0.0
2023-12-06,model_Portfolio,Hold,1.0,0.0,0.0,0.0,0.0,0.0,0.0,0.0,0.0,0.0
2023-12-07,model_Portfolio,Hold,1.0,0.0,0.0,0.0,0.0,0.0,0.0,0.0,0.0,0.0
2023-12-08,model_Portfolio,Hold,1.0,0.0,0.0,0.0,0.0,0.0,0.0,0.0,0.0,0.0
2023-12-11,model_Portfolio,Hold,1.0,0.0,0.0,0.0,0.0,0.0,0.0,0.0,0.0,0.0
2023-12-12,model_Portfolio,Hold,1.0,0.0,0.0,0.0,0.0,0.0,0.0,0.0,0.0,0.0
2023-12-13,model_Portfolio,Hold,1.0,0.0,0.0,0.0,0.0,0.0,0.0,0.0,0.0,0.0
2023-12-14,model_Portfolio,Hold,1.0,0.0,0.0,0.0,0.0,0.0,0.0,0.0,0.0,0.0
2023-12-15,model_Portfolio,Hold,1.0,0.0,0.0,0.0,0.0,0.0,0.0,0.0,0.0,0.0
2023-12-18,model_Portfolio,Hold,1.0,0.0,0.0,0.0,0.0,0.0,0.0,0.0,0.0,0.0
2023-12-19,model_Portfolio,Hold,1.0,0.0,0.0,0.0,0.0,0.0,0.0,0.0,0.0,0.0
2023-12-20,model_Portfolio,Hold,1.0,0.0,0.0,0.0,0.0,0.0,0.0,0.0,0.0,0.0
2023-12-21,model_Portfolio,Hold,1.0,0.0,0.0,0.0,0.0,0.0,0.0,0.0,0.0,0.0
2023-12-22,model_Portfolio,Hold,1.0,0.0,0.0,0.0,0.0,0.0,0.0,0.0,0.0,0.0
2023-12-26,model_Portfolio,Hold,1.0,0.0,0.0,0.0,0.0,0.0,0.0,0.0,0.0,0.0
2023-12-27,model_Portfolio,Hold,1.0,0.0,0.0,0.0,0.0,0.0,0.0,0.0,0.0,0.0
2023-12-28,model_Portfolio,Hold,1.0,0.0,0.0,0.0,0.0,0.0,0.0,0.0,0.0,0.0
2023-12-29,model_Portfolio,Hold,1.0,0.0,0.0,0.0,0.0,0.0,0.0,0.0,0.0,0.0
2024-01-02,model_Portfolio,Rebalance,0.5022,0.0003,0.0001,0.0,0.0001,0.0001,0.4965,0.0,0.0006,0.0001
2024-01-03,model_Portfolio,Hold,0.5092,0.0003,0.0001,0.0,0.0001,0.0001,0.4895,0.0,0.0006,0.0001
2024-01-04,model_Portfolio,Hold,0.5119,0.0003,0.0001,0.0,0.0001,0.0001,0.4868,0.0,0.0006,0.0001
2024-01-05,model_Portfolio,Hold,0.5098,0.0003,0.0001,0.0,0.0001,0.0001,0.4889,0.0,0.0006,0.0001
2024-01-08,model_Portfolio,Hold,0.5071,0.0003,0.0001,0.0,0.0001,0.0001,0.4916,0.0,0.0006,0.0001
2024-01-09,model_Portfolio,Hold,0.5106,0.0003,0.0001,0.0,0.0001,0.0001,0.4882,0.0,0.0006,0.0001
2024-01-10,model_Portfolio,Hold,0.5127,0.0003,0.0001,0.0,0.0001,0.0001,0.486,0.0,0.0006,0.0001
2024-01-11,model_Portfolio,Hold,0.5183,0.0003,0.0001,0.0,0.0001,0.0001,0.4804,0.0,0.0006,0.0001
2024-01-12,model_Portfolio,Hold,0.5185,0.0003,0.0001,0.0,0.0001,0.0001,0.4802,0.0,0.0006,0.0001
2024-01-16,model_Portfolio,Hold,0.5175,0.0003,0.0001,0.0,0.0001,0.0001,0.4812,0.0,0.0006,0.0001
2024-01-17,model_Portfolio,Hold,0.5246,0.0003,0.0001,0.0,0.0001,0.0001,0.4741,0.0,0.0006,0.0001
2024-01-18,model_Portfolio,Hold,0.5273,0.0003,0.0001,0.0,0.0001,0.0001,0.4714,0.0,0.0006,0.0001
2024-01-19,model_Portfolio,Hold,0.526,0.0003,0.0001,0.0,0.0001,0.0001,0.4728,0.0,0.0006,0.0001
2024-01-22,model_Portfolio,Hold,0.5248,0.0003,0.0001,0.0,0.0001,0.0001,0.474,0.0,0.0006,0.0001
2024-01-23,model_Portfolio,Hold,0.5272,0.0003,0.0001,0.0,0.0001,0.0001,0.4715,0.0,0.0005,0.0001
2024-01-24,model_Portfolio,Hold,0.5226,0.0003,0.0001,0.0,0.0001,0.0001,0.4762,0.0,0.0005,0.0001
2024-01-25,model_Portfolio,Hold,0.5209,0.0003,0.0001,0.0,0.0001,0.0001,0.4778,0.0,0.0005,0.0001
2024-01-26,model_Portfolio,Hold,0.5181,0.0003,0.0001,0.0,0.0001,0.0001,0.4807,0.0,0.0005,0.0001
2024-01-29,model_Portfolio,Hold,0.5171,0.0003,0.0001,0.0,0.0001,0.0001,0.4817,0.0,0.0005,0.0001
2024-01-30,model_Portfolio,Hold,0.5277,0.0003,0.0001,0.0,0.0001,0.0001,0.471,0.0,0.0005,0.0001
2024-01-31,model_Portfolio,Hold,0.5276,0.0003,0.0001,0.0,0.0001,0.0001,0.4712,0.0,0.0005,0.0001
2024-02-01,model_Portfolio,Hold,0.5273,0.0003,0.0001,0.0,0.0001,0.0001,0.4714,0.0,0.0005,0.0001
2024-02-02,model_Portfolio,Hold,0.5242,0.0003,0.0001,0.0,0.0001,0.0001,0.4746,0.0,0.0005,0.0001
2024-02-05,model_Portfolio,Hold,0.5303,0.0003,0.0001,0.0,0.0001,0.0001,0.4685,0.0,0.0005,0.0001
2024-02-06,model_Portfolio,Hold,0.5363,0.0003,0.0001,0.0,0.0001,0.0001,0.4625,0.0,0.0005,0.0001
2024-02-07,model_Portfolio,Hold,0.5357,0.0003,0.0001,0.0,0.0001,0.0001,0.4631,0.0,0.0005,0.0001
2024-02-08,model_Portfolio,Hold,0.5323,0.0003,0.0001,0.0,0.0001,0.0001,0.4665,0.0,0.0005,0.0001
2024-02-09,model_Portfolio,Hold,0.5345,0.0003,0.0001,0.0,0.0001,0.0001,0.4643,0.0,0.0005,0.0001
2024-02-12,model_Portfolio,Hold,0.5324,0.0003,0.0001,0.0,0.0001,0.0001,0.4664,0.0,0.0005,0.0001
2024-02-13,model_Portfolio,Hold,0.5409,0.0003,0.0001,0.0,0.0001,0.0001,0.4579,0.0,0.0005,0.0001
2024-02-14,model_Portfolio,Hold,0.5413,0.0003,0.0001,0.0,0.0001,0.0001,0.4575,0.0,0.0005,0.0001
2024-02-15,model_Portfolio,Hold,0.5318,0.0003,0.0001,0.0,0.0001,0.0001,0.4669,0.0,0.0005,0.0001
2024-02-16,model_Portfolio,Hold,0.5329,0.0003,0.0001,0.0,0.0001,0.0001,0.4659,0.0,0.0005,0.0001
2024-02-20,model_Portfolio,Hold,0.5395,0.0003,0.0001,0.0,0.0001,0.0001,0.4593,0.0,0.0005,0.0001
2024-02-21,model_Portfolio,Hold,0.5367,0.0003,0.0001,0.0,0.0001,0.0001,0.4621,0.0,0.0005,0.0001
2024-02-22,model_Portfolio,Hold,0.5399,0.0003,0.0001,0.0,0.0001,0.0001,0.459,0.0,0.0005,0.0001
2024-02-23,model_Portfolio,Hold,0.539,0.0003,0.0001,0.0,0.0001,0.0001,0.4598,0.0,0.0005,0.0001
2024-02-26,model_Portfolio,Hold,0.5432,0.0003,0.0001,0.0,0.0001,0.0001,0.4556,0.0,0.0005,0.0001
2024-02-27,model_Portfolio,Hold,0.5394,0.0003,0.0001,0.0,0.0001,0.0001,0.4595,0.0,0.0005,0.0001
2024-02-28,model_Portfolio,Hold,0.5413,0.0003,0.0001,0.0,0.0001,0.0001,0.4575,0.0,0.0005,0.0001
2024-02-29,model_Portfolio,Hold,0.5317,0.0003,0.0001,0.0,0.0001,0.0001,0.4672,0.0,0.0005,0.0001
2024-03-01,model_Portfolio,Hold,0.5326,0.0003,0.0001,0.0,0.0001,0.0001,0.4663,0.0,0.0005,0.0001
2024-03-04,model_Portfolio,Hold,0.5321,0.0003,0.0001,0.0,0.0001,0.0001,0.4668,0.0,0.0005,0.0001
2024-03-05,model_Portfolio,Hold,0.5326,0.0003,0.0001,0.0,0.0001,0.0001,0.4663,0.0,0.0005,0.0001
2024-03-06,model_Portfolio,Hold,0.5354,0.0003,0.0001,0.0,0.0001,0.0001,0.4634,0.0,0.0005,0.0001
2024-03-07,model_Portfolio,Hold,0.5376,0.0003,0.0001,0.0,0.0001,0.0001,0.4613,0.0,0.0005,0.0001
2024-03-08,model_Portfolio,Hold,0.5317,0.0003,0.0001,0.0,0.0001,0.0001,0.4672,0.0,0.0005,0.0001
2024-03-11,model_Portfolio,Hold,0.5307,0.0003,0.0001,0.0,0.0001,0.0001,0.4682,0.0,0.0005,0.0001
2024-03-12,model_Portfolio,Hold,0.5336,0.0003,0.0001,0.0,0.0001,0.0001,0.4652,0.0,0.0005,0.0001
2024-03-13,model_Portfolio,Hold,0.5339,0.0003,0.0001,0.0,0.0001,0.0001,0.4649,0.0,0.0005,0.0001
2024-03-14,model_Portfolio,Hold,0.5346,0.0003,0.0001,0.0,0.0001,0.0001,0.4642,0.0,0.0005,0.0001
2024-03-15,model_Portfolio,Hold,0.5269,0.0003,0.0001,0.0,0.0001,0.0001,0.4718,0.0,0.0006,0.0001
2024-03-18,model_Portfolio,Hold,0.5208,0.0003,0.0001,0.0,0.0001,0.0001,0.4779,0.0,0.0006,0.0001
2024-03-19,model_Portfolio,Hold,0.5223,0.0003,0.0001,0.0,0.0001,0.0001,0.4764,0.0,0.0006,0.0001
2024-03-20,model_Portfolio,Hold,0.5133,0.0003,0.0001,0.0,0.0001,0.0001,0.4854,0.0,0.0006,0.0001
2024-03-21,model_Portfolio,Hold,0.5086,0.0003,0.0001,0.0,0.0001,0.0001,0.4902,0.0,0.0006,0.0001
2024-03-22,model_Portfolio,Hold,0.5125,0.0003,0.0001,0.0,0.0001,0.0001,0.4863,0.0,0.0006,0.0001
2024-03-25,model_Portfolio,Hold,0.5094,0.0003,0.0001,0.0,0.0001,0.0001,0.4894,0.0,0.0006,0.0001
2024-03-26,model_Portfolio,Hold,0.5173,0.0003,0.0001,0.0,0.0001,0.0001,0.4815,0.0,0.0005,0.0001
2024-03-27,model_Portfolio,Hold,0.5122,0.0003,0.0001,0.0,0.0001,0.0001,0.4866,0.0,0.0005,0.0001
2024-03-28,model_Portfolio,Hold,0.5102,0.0003,0.0001,0.0,0.0001,0.0001,0.4886,0.0,0.0005,0.0001
2024-04-01,model_Portfolio,Hold,0.5134,0.0003,0.0001,0.0,0.0001,0.0001,0.4853,0.0,0.0006,0.0001
2024-04-02,model_Portfolio,Hold,0.5163,0.0003,0.0001,0.0,0.0001,0.0001,0.4824,0.0,0.0006,0.0001
2024-04-03,model_Portfolio,Hold,0.5156,0.0003,0.0001,0.0,0.0001,0.0001,0.4831,0.0,0.0006,0.0001
2024-04-04,model_Portfolio,Hold,0.5149,0.0003,0.0001,0.0,0.0001,0.0001,0.4838,0.0,0.0006,0.0001
2024-04-05,model_Portfolio,Hold,0.5132,0.0003,0.0001,0.0,0.0001,0.0001,0.4855,0.0,0.0006,0.0001
2024-04-08,model_Portfolio,Hold,0.5075,0.0003,0.0001,0.0,0.0001,0.0001,0.4913,0.0,0.0006,0.0001
2024-04-09,model_Portfolio,Hold,0.5061,0.0003,0.0001,0.0,0.0001,0.0001,0.4926,0.0,0.0006,0.0001
2024-04-10,model_Portfolio,Hold,0.5168,0.0003,0.0001,0.0,0.0001,0.0001,0.4819,0.0,0.0006,0.0001
2024-04-11,model_Portfolio,Hold,0.5151,0.0003,0.0001,0.0,0.0001,0.0001,0.4836,0.0,0.0006,0.0001
2024-04-12,model_Portfolio,Hold,0.5153,0.0003,0.0001,0.0,0.0001,0.0001,0.4835,0.0,0.0006,0.0001
2024-04-15,model_Portfolio,Hold,0.5203,0.0003,0.0001,0.0,0.0001,0.0001,0.4784,0.0,0.0006,0.0001
2024-04-16,model_Portfolio,Hold,0.5256,0.0003,0.0001,0.0,0.0001,0.0001,0.4731,0.0,0.0006,0.0001
2024-04-17,model_Portfolio,Hold,0.5191,0.0003,0.0001,0.0,0.0001,0.0001,0.4796,0.0,0.0006,0.0001
2024-04-18,model_Portfolio,Hold,0.5175,0.0003,0.0001,0.0,0.0001,0.0001,0.4812,0.0,0.0006,0.0001
2024-04-19,model_Portfolio,Hold,0.5239,0.0003,0.0001,0.0,0.0001,0.0001,0.4747,0.0,0.0006,0.0001
2024-04-22,model_Portfolio,Hold,0.5173,0.0003,0.0001,0.0,0.0001,0.0001,0.4814,0.0,0.0006,0.0001
2024-04-23,model_Portfolio,Hold,0.5166,0.0003,0.0001,0.0,0.0001,0.0001,0.4821,0.0,0.0006,0.0001
2024-04-24,model_Portfolio,Hold,0.5146,0.0003,0.0001,0.0,0.0001,0.0001,0.484,0.0,0.0006,0.0001
2024-04-25,model_Portfolio,Hold,0.5195,0.0003,0.0001,0.0,0.0001,0.0001,0.4792,0.0,0.0006,0.0001
2024-04-26,model_Portfolio,Hold,0.5233,0.0003,0.0001,0.0,0.0001,0.0001,0.4753,0.0,0.0006,0.0001
2024-04-29,model_Portfolio,Hold,0.5166,0.0003,0.0001,0.0,0.0001,0.0001,0.4821,0.0,0.0006,0.0001
2024-04-30,model_Portfolio,Hold,0.5205,0.0003,0.0001,0.0,0.0001,0.0001,0.4782,0.0,0.0007,0.0001
2024-05-01,model_Portfolio,Hold,0.5193,0.0003,0.0001,0.0,0.0001,0.0001,0.4794,0.0,0.0007,0.0001
2024-05-02,model_Portfolio,Hold,0.5155,0.0003,0.0001,0.0,0.0001,0.0001,0.4832,0.0,0.0006,0.0001
2024-05-03,model_Portfolio,Hold,0.5105,0.0003,0.0001,0.0,0.0001,0.0001,0.4881,0.0,0.0006,0.0001
2024-05-06,model_Portfolio,Hold,0.5112,0.0003,0.0001,0.0,0.0001,0.0001,0.4874,0.0,0.0006,0.0001
2024-05-07,model_Portfolio,Hold,0.5128,0.0003,0.0001,0.0,0.0001,0.0001,0.4858,0.0,0.0006,0.0001
2024-05-08,model_Portfolio,Hold,0.5133,0.0003,0.0001,0.0,0.0001,0.0001,0.4854,0.0,0.0006,0.0001
2024-05-09,model_Portfolio,Hold,0.5075,0.0003,0.0001,0.0,0.0001,0.0001,0.4911,0.0,0.0006,0.0001
2024-05-10,model_Portfolio,Hold,0.5055,0.0003,0.0001,0.0,0.0001,0.0001,0.4931,0.0,0.0007,0.0001
2024-05-13,model_Portfolio,Hold,0.5074,0.0003,0.0001,0.0,0.0001,0.0001,0.4912,0.0,0.0007,0.0001
2024-05-14,model_Portfolio,Hold,0.4989,0.0003,0.0001,0.0,0.0001,0.0001,0.4998,0.0,0.0007,0.0001
2024-05-15,model_Portfolio,Hold,0.4979,0.0003,0.0001,0.0,0.0001,0.0001,0.5007,0.0,0.0007,0.0001
2024-05-16,model_Portfolio,Hold,0.5008,0.0003,0.0001,0.0,0.0001,0.0001,0.4978,0.0,0.0007,0.0001
2024-05-17,model_Portfolio,Hold,0.4987,0.0003,0.0001,0.0,0.0001,0.0001,0.4999,0.0,0.0007,0.0001
2024-05-20,model_Portfolio,Hold,0.4975,0.0003,0.0001,0.0,0.0001,0.0001,0.5011,0.0,0.0007,0.0001
2024-05-21,model_Portfolio,Hold,0.4974,0.0003,0.0001,0.0,0.0001,0.0001,0.5012,0.0,0.0007,0.0001
2024-05-22,model_Portfolio,Hold,0.5033,0.0003,0.0001,0.0,0.0001,0.0001,0.4953,0.0,0.0007,0.0001
2024-05-23,model_Portfolio,Hold,0.5105,0.0003,0.0001,0.0,0.0001,0.0001,0.4881,0.0,0.0007,0.0001
2024-05-24,model_Portfolio,Hold,0.5103,0.0003,0.0001,0.0,0.0001,0.0001,0.4883,0.0,0.0007,0.0001
2024-05-28,model_Portfolio,Hold,0.5084,0.0003,0.0001,0.0,0.0001,0.0001,0.4901,0.0,0.0007,0.0001
2024-05-29,model_Portfolio,Hold,0.5091,0.0003,0.0001,0.0,0.0001,0.0001,0.4895,0.0,0.0007,0.0001
2024-05-30,model_Portfolio,Hold,0.5094,0.0002,0.0001,0.0,0.0001,0.0001,0.4892,0.0,0.0007,0.0001
2024-05-31,model_Portfolio,Hold,0.5047,0.0002,0.0001,0.0,0.0001,0.0001,0.4939,0.0,0.0007,0.0001
2024-06-03,model_Portfolio,Hold,0.5092,0.0002,0.0001,0.0,0.0001,0.0001,0.4894,0.0,0.0007,0.0001
2024-06-04,model_Portfolio,Hold,0.5109,0.0002,0.0001,0.0,0.0001,0.0001,0.4877,0.0,0.0007,0.0001
2024-06-05,model_Portfolio,Hold,0.513,0.0003,0.0001,0.0,0.0001,0.0001,0.4856,0.0,0.0007,0.0001
2024-06-06,model_Portfolio,Hold,0.5153,0.0003,0.0001,0.0,0.0001,0.0001,0.4833,0.0,0.0007,0.0001
2024-06-07,model_Portfolio,Hold,0.5272,0.0002,0.0001,0.0,0.0001,0.0001,0.4714,0.0,0.0007,0.0001
2024-06-10,model_Portfolio,Hold,0.5282,0.0002,0.0001,0.0,0.0001,0.0001,0.4704,0.0,0.0007,0.0001
2024-06-11,model_Portfolio,Hold,0.5251,0.0003,0.0001,0.0,0.0001,0.0001,0.4735,0.0,0.0007,0.0001
2024-06-12,model_Portfolio,Hold,0.517,0.0002,0.0001,0.0,0.0001,0.0001,0.4816,0.0,0.0007,0.0001
2024-06-13,model_Portfolio,Hold,0.5119,0.0002,0.0001,0.0,0.0001,0.0001,0.4867,0.0,0.0007,0.0001
2024-06-14,model_Portfolio,Hold,0.514,0.0002,0.0001,0.0,0.0001,0.0001,0.4846,0.0,0.0007,0.0001
2024-06-17,model_Portfolio,Hold,0.516,0.0002,0.0001,0.0,0.0001,0.0001,0.4826,0.0,0.0007,0.0001
2024-06-18,model_Portfolio,Hold,0.5162,0.0002,0.0001,0.0,0.0001,0.0001,0.4824,0.0,0.0007,0.0001
2024-06-20,model_Portfolio,Hold,0.523,0.0003,0.0001,0.0,0.0001,0.0001,0.4756,0.0,0.0007,0.0001
2024-06-21,model_Portfolio,Hold,0.5184,0.0003,0.0001,0.0,0.0001,0.0001,0.4802,0.0,0.0007,0.0001
2024-06-24,model_Portfolio,Hold,0.5143,0.0003,0.0001,0.0,0.0001,0.0001,0.4843,0.0,0.0007,0.0001
2024-06-25,model_Portfolio,Hold,0.5184,0.0003,0.0001,0.0,0.0001,0.0001,0.4801,0.0,0.0007,0.0001
2024-06-26,model_Portfolio,Hold,0.5183,0.0003,0.0001,0.0,0.0001,0.0001,0.4803,0.0,0.0007,0.0001
2024-06-27,model_Portfolio,Hold,0.5162,0.0003,0.0001,0.0,0.0001,0.0001,0.4824,0.0,0.0007,0.0001
2024-06-28,model_Portfolio,Hold,0.5104,0.0003,0.0001,0.0,0.0001,0.0001,0.4882,0.0,0.0007,0.0001
2024-07-01,model_Portfolio,Rebalance,0.0482,0.2095,0.1312,0.0019,0.0404,0.0068,0.2413,0.0104,0.2947,0.0156
2024-07-02,model_Portfolio,Hold,0.0478,0.2089,0.1309,0.0019,0.0398,0.0068,0.2423,0.0105,0.2956,0.0155
2024-07-03,model_Portfolio,Hold,0.0474,0.2101,0.1303,0.0018,0.0399,0.0069,0.2422,0.0105,0.2954,0.0154
2024-07-05,model_Portfolio,Hold,0.0485,0.2068,0.131,0.0019,0.039,0.0069,0.2431,0.0109,0.2964,0.0156
2024-07-08,model_Portfolio,Hold,0.0477,0.2075,0.1305,0.0019,0.0394,0.007,0.2433,0.0108,0.2964,0.0156
2024-07-09,model_Portfolio,Hold,0.0477,0.2077,0.1319,0.0019,0.0396,0.007,0.2434,0.0109,0.2939,0.0159
2024-07-10,model_Portfolio,Hold,0.048,0.2041,0.1327,0.0019,0.0392,0.007,0.2432,0.0109,0.2972,0.0159
2024-07-11,model_Portfolio,Hold,0.0472,0.201,0.1321,0.0018,0.0395,0.0069,0.2524,0.0103,0.2934,0.0155
2024-07-12,model_Portfolio,Hold,0.0465,0.2067,0.1306,0.0018,0.0391,0.0069,0.2513,0.0101,0.2916,0.0155
2024-07-15,model_Portfolio,Hold,0.0459,0.2102,0.1309,0.0017,0.0408,0.0068,0.2519,0.0101,0.2862,0.0154
2024-07-16,model_Portfolio,Hold,0.0455,0.2133,0.1301,0.0017,0.0408,0.0069,0.2509,0.0099,0.2856,0.0153
2024-07-17,model_Portfolio,Hold,0.0459,0.2116,0.1296,0.0017,0.0411,0.0069,0.2514,0.0097,0.2865,0.0156
2024-07-18,model_Portfolio,Hold,0.0442,0.2149,0.1309,0.0016,0.0413,0.0069,0.2479,0.0096,0.287,0.0157
2024-07-19,model_Portfolio,Hold,0.0452,0.2162,0.1293,0.0016,0.0413,0.0068,0.2465,0.0096,0.2876,0.0158
2024-07-22,model_Portfolio,Hold,0.0456,0.2161,0.1305,0.0016,0.0403,0.0064,0.2458,0.0097,0.2882,0.0157
2024-07-23,model_Portfolio,Hold,0.0462,0.2177,0.1317,0.0017,0.04,0.0067,0.2398,0.0098,0.2907,0.0158
2024-07-24,model_Portfolio,Hold,0.0485,0.2202,0.1337,0.0016,0.0401,0.0069,0.232,0.0095,0.2914,0.0161
2024-07-25,model_Portfolio,Hold,0.0478,0.2206,0.1333,0.0016,0.0413,0.0068,0.2323,0.0092,0.291,0.0162
2024-07-26,model_Portfolio,Hold,0.0442,0.2046,0.1252,0.0015,0.0385,0.0064,0.222,0.0085,0.3337,0.0153
2024-07-29,model_Portfolio,Hold,0.0445,0.2053,0.1261,0.0016,0.0383,0.0066,0.2215,0.0088,0.3319,0.0155
2024-07-30,model_Portfolio,Hold,0.0442,0.205,0.1259,0.0015,0.0382,0.0065,0.2221,0.0087,0.3325,0.0153
2024-07-31,model_Portfolio,Hold,0.0445,0.2059,0.1259,0.0016,0.0384,0.0065,0.2189,0.0088,0.3346,0.0149
2024-08-01,model_Portfolio,Hold,0.0462,0.2039,0.1339,0.0015,0.0382,0.0071,0.2142,0.0087,0.3311,0.0151
2024-08-02,model_Portfolio,Hold,0.0474,0.204,0.1327,0.0014,0.0357,0.007,0.2144,0.0086,0.333,0.0157
2024-08-05,model_Portfolio,Hold,0.047,0.2013,0.1321,0.0014,0.035,0.0071,0.2156,0.0084,0.3367,0.0154
2024-08-06,model_Portfolio,Hold,0.0468,0.2021,0.1325,0.0014,0.034,0.007,0.219,0.0082,0.3336,0.0153
2024-08-07,model_Portfolio,Hold,0.0475,0.2038,0.1348,0.0014,0.0343,0.007,0.2156,0.0084,0.3316,0.0156
2024-08-08,model_Portfolio,Hold,0.0469,0.2002,0.1355,0.0014,0.0357,0.007,0.2152,0.0084,0.3341,0.0156
2024-08-09,model_Portfolio,Hold,0.0466,0.2006,0.1362,0.0014,0.0356,0.007,0.2163,0.0085,0.3322,0.0156
2024-08-12,model_Portfolio,Hold,0.0465,0.2008,0.1371,0.0014,0.0369,0.0069,0.2139,0.0085,0.3323,0.0157
2024-08-13,model_Portfolio,Hold,0.0461,0.2014,0.136,0.0015,0.0361,0.0069,0.2149,0.0085,0.3331,0.0157
2024-08-14,model_Portfolio,Hold,0.0466,0.2011,0.1364,0.0014,0.036,0.0069,0.2134,0.0083,0.3342,0.0157
2024-08-15,model_Portfolio,Hold,0.0466,0.2023,0.1352,0.0015,0.0363,0.0067,0.2145,0.0082,0.3333,0.0154
2024-08-16,model_Portfolio,Hold,0.0464,0.2028,0.1377,0.0015,0.0359,0.0068,0.2132,0.0083,0.332,0.0155
2024-08-19,model_Portfolio,Hold,0.0466,0.2034,0.1377,0.0015,0.0358,0.0067,0.2139,0.0084,0.3305,0.0154
2024-08-20,model_Portfolio,Hold,0.0462,0.2043,0.1373,0.0015,0.0347,0.0067,0.2128,0.0085,0.3326,0.0155
2024-08-21,model_Portfolio,Hold,0.046,0.2044,0.1374,0.0015,0.034,0.0067,0.2126,0.0083,0.3335,0.0155
2024-08-22,model_Portfolio,Hold,0.0462,0.202,0.1387,0.0015,0.0337,0.0066,0.2167,0.0082,0.331,0.0154
2024-08-23,model_Portfolio,Hold,0.0458,0.2008,0.1377,0.0014,0.0339,0.0066,0.2188,0.0082,0.3313,0.0154
2024-08-26,model_Portfolio,Hold,0.0454,0.2011,0.1367,0.0014,0.0342,0.0066,0.2177,0.0081,0.3334,0.0153
2024-08-27,model_Portfolio,Hold,0.0456,0.2035,0.1371,0.0014,0.0336,0.0066,0.216,0.0081,0.3327,0.0154
2024-08-28,model_Portfolio,Hold,0.0456,0.2022,0.1389,0.0014,0.0339,0.0066,0.2139,0.008,0.334,0.0155
2024-08-29,model_Portfolio,Hold,0.0454,0.203,0.1393,0.0014,0.0346,0.0065,0.2106,0.0079,0.3358,0.0155
2024-08-30,model_Portfolio,Hold,0.0452,0.2022,0.1389,0.0014,0.0333,0.0065,0.2118,0.0079,0.3372,0.0155
2024-09-03,model_Portfolio,Hold,0.0464,0.2052,0.1394,0.0014,0.0318,0.0065,0.213,0.0078,0.3326,0.0158
2024-09-04,model_Portfolio,Hold,0.0461,0.2057,0.1407,0.0014,0.0306,0.0065,0.2107,0.0077,0.3346,0.0159
2024-09-05,model_Portfolio,Hold,0.0459,0.205,0.1405,0.0014,0.0309,0.0065,0.2115,0.0078,0.3346,0.0159
2024-09-06,model_Portfolio,Hold,0.0467,0.2068,0.1411,0.0014,0.0304,0.0065,0.2121,0.0075,0.3315,0.0159
2024-09-09,model_Portfolio,Hold,0.0475,0.2068,0.1409,0.0014,0.0298,0.0065,0.2144,0.0074,0.3292,0.0159
2024-09-10,model_Portfolio,Hold,0.0474,0.2086,0.1386,0.0015,0.0283,0.0065,0.2154,0.0073,0.3306,0.0158
2024-09-11,model_Portfolio,Hold,0.0471,0.2099,0.137,0.0015,0.028,0.0066,0.2165,0.0074,0.3305,0.0155
2024-09-12,model_Portfolio,Hold,0.0469,0.208,0.1367,0.0015,0.0279,0.0066,0.2172,0.0076,0.3324,0.0152
2024-09-13,model_Portfolio,Hold,0.0463,0.2061,0.1363,0.0015,0.0279,0.0066,0.2198,0.0076,0.3326,0.0152
2024-09-16,model_Portfolio,Hold,0.0463,0.2067,0.137,0.0015,0.0282,0.0067,0.2182,0.0076,0.3328,0.015
2024-09-17,model_Portfolio,Hold,0.0472,0.1995,0.1381,0.0015,0.0296,0.0068,0.22,0.0077,0.3348,0.0148
2024-09-18,model_Portfolio,Hold,0.046,0.1997,0.1378,0.0015,0.0295,0.0067,0.2205,0.0078,0.3355,0.0149
2024-09-19,model_Portfolio,Hold,0.0459,0.1999,0.1369,0.0015,0.0299,0.0068,0.2184,0.0079,0.3379,0.0149
2024-09-20,model_Portfolio,Hold,0.0457,0.2003,0.1369,0.0015,0.0295,0.0068,0.2164,0.008,0.34,0.0149
2024-09-23,model_Portfolio,Hold,0.0457,0.2002,0.1382,0.0015,0.0297,0.0068,0.2161,0.0078,0.339,0.0149
2024-09-24,model_Portfolio,Hold,0.0448,0.1991,0.1362,0.0015,0.0294,0.0068,0.2186,0.0078,0.3407,0.0149
2024-09-25,model_Portfolio,Hold,0.0447,0.1984,0.1375,0.0015,0.0286,0.0069,0.2192,0.0078,0.3405,0.0149
2024-09-26,model_Portfolio,Hold,0.0442,0.2068,0.1363,0.0015,0.0266,0.0069,0.2118,0.0078,0.3433,0.0147
2024-09-27,model_Portfolio,Hold,0.0444,0.2049,0.138,0.0015,0.0284,0.007,0.2125,0.0079,0.3407,0.0148
2024-09-30,model_Portfolio,Hold,0.045,0.2069,0.1393,0.0015,0.0283,0.0069,0.2105,0.008,0.3388,0.0148
2024-10-01,model_Portfolio,Hold,0.0449,0.2061,0.1407,0.0015,0.0297,0.0068,0.2077,0.008,0.3399,0.0148
2024-10-02,model_Portfolio,Hold,0.0449,0.2089,0.1426,0.0015,0.0299,0.0068,0.2065,0.008,0.3363,0.0147
2024-10-03,model_Portfolio,Hold,0.0444,0.212,0.1419,0.0014,0.0308,0.0067,0.2052,0.008,0.335,0.0146
2024-10-04,model_Portfolio,Hold,0.0444,0.2118,0.1435,0.0015,0.0311,0.0066,0.2035,0.008,0.335,0.0145
2024-10-07,model_Portfolio,Hold,0.0452,0.2108,0.1407,0.0014,0.0315,0.0073,0.2032,0.0079,0.3373,0.0146
2024-10-08,model_Portfolio,Hold,0.0456,0.2123,0.1411,0.0015,0.0306,0.0073,0.2031,0.008,0.3361,0.0145
2024-10-09,model_Portfolio,Hold,0.0459,0.2143,0.1388,0.0015,0.0306,0.0073,0.2035,0.0078,0.3357,0.0146
2024-10-10,model_Portfolio,Hold,0.0459,0.2135,0.1399,0.0015,0.0313,0.0074,0.2053,0.0078,0.3328,0.0145
2024-10-11,model_Portfolio,Hold,0.0457,0.2111,0.1406,0.0015,0.0312,0.0073,0.2077,0.0078,0.3327,0.0144
2024-10-14,model_Portfolio,Hold,0.0456,0.2112,0.1402,0.0015,0.0305,0.0073,0.2098,0.0078,0.3318,0.0143
2024-10-15,model_Portfolio,Hold,0.0453,0.2132,0.1398,0.0015,0.0283,0.0074,0.2114,0.0078,0.331,0.0143
2024-10-16,model_Portfolio,Hold,0.0456,0.2137,0.1392,0.0014,0.028,0.0074,0.2124,0.0078,0.3301,0.0142
2024-10-17,model_Portfolio,Hold,0.0458,0.2157,0.1402,0.0015,0.0282,0.0075,0.2103,0.0077,0.329,0.0141
2024-10-18,model_Portfolio,Hold,0.0463,0.2165,0.1395,0.0015,0.0285,0.0076,0.2111,0.0077,0.3274,0.0141
2024-10-21,model_Portfolio,Hold,0.0457,0.2178,0.1385,0.0015,0.0287,0.0076,0.2089,0.0078,0.3295,0.014
2024-10-22,model_Portfolio,Hold,0.046,0.2182,0.1396,0.0015,0.0294,0.0077,0.2089,0.0079,0.3261,0.0145
2024-10-23,model_Portfolio,Hold,0.0467,0.2192,0.1407,0.0015,0.0288,0.0076,0.214,0.0079,0.3191,0.0146
2024-10-24,model_Portfolio,Hold,0.0472,0.2185,0.1425,0.0015,0.0294,0.0076,0.2105,0.008,0.3199,0.0148
2024-10-25,model_Portfolio,Hold,0.047,0.2199,0.1419,0.0015,0.0301,0.0077,0.2079,0.0082,0.3208,0.015
2024-10-28,model_Portfolio,Hold,0.0463,0.2174,0.1401,0.0015,0.0284,0.0076,0.2047,0.0082,0.3307,0.0149
2024-10-29,model_Portfolio,Hold,0.0463,0.2194,0.141,0.0016,0.028,0.0075,0.2035,0.0084,0.3295,0.0149
2024-10-30,model_Portfolio,Hold,0.0472,0.2115,0.1425,0.0016,0.0285,0.0076,0.2088,0.0087,0.3284,0.0152
2024-10-31,model_Portfolio,Hold,0.0471,0.2122,0.1368,0.0015,0.0289,0.0076,0.2072,0.0086,0.3335,0.0166
2024-11-01,model_Portfolio,Hold,0.0494,0.2133,0.137,0.0016,0.0284,0.0076,0.2064,0.0087,0.3312,0.0164
2024-11-04,model_Portfolio,Hold,0.0491,0.2124,0.1369,0.0016,0.0289,0.0075,0.2106,0.0086,0.3279,0.0165
2024-11-05,model_Portfolio,Hold,0.0488,0.2122,0.1375,0.0017,0.0288,0.0074,0.2109,0.0085,0.3277,0.0165
2024-11-06,model_Portfolio,Hold,0.047,0.2124,0.1373,0.0017,0.0294,0.0072,0.2034,0.0086,0.3369,0.016
2024-11-07,model_Portfolio,Hold,0.0466,0.2159,0.1364,0.0017,0.0261,0.0074,0.2053,0.0089,0.3359,0.0158
2024-11-08,model_Portfolio,Hold,0.047,0.2123,0.1371,0.0017,0.0259,0.0074,0.2055,0.0087,0.3384,0.016
2024-11-11,model_Portfolio,Hold,0.0473,0.2142,0.1404,0.0017,0.0265,0.0074,0.2014,0.0088,0.3363,0.016
2024-11-12,model_Portfolio,Hold,0.0476,0.2184,0.1421,0.0017,0.0264,0.0075,0.198,0.009,0.333,0.0163
2024-11-13,model_Portfolio,Hold,0.0469,0.2221,0.1405,0.0017,0.0263,0.0074,0.1973,0.0088,0.3326,0.0164
2024-11-14,model_Portfolio,Hold,0.0468,0.2182,0.1402,0.0017,0.0271,0.0075,0.1969,0.0087,0.3364,0.0165
2024-11-15,model_Portfolio,Hold,0.0478,0.2158,0.1441,0.0017,0.0272,0.0077,0.1944,0.0086,0.3359,0.0169
2024-11-18,model_Portfolio,Hold,0.0483,0.2149,0.1447,0.0017,0.0272,0.0079,0.1934,0.0087,0.3362,0.017
2024-11-19,model_Portfolio,Hold,0.0485,0.2173,0.1447,0.0017,0.0268,0.008,0.1935,0.0089,0.3337,0.0169
2024-11-20,model_Portfolio,Hold,0.048,0.2192,0.1442,0.0017,0.027,0.008,0.1932,0.0088,0.3328,0.017
2024-11-21,model_Portfolio,Hold,0.0483,0.2202,0.1452,0.0016,0.0272,0.0079,0.1949,0.0084,0.3293,0.0169
2024-11-22,model_Portfolio,Hold,0.0481,0.2172,0.145,0.0016,0.0274,0.008,0.1979,0.0082,0.3297,0.017
2024-11-25,model_Portfolio,Hold,0.0476,0.2156,0.1439,0.0016,0.0269,0.0079,0.2017,0.0082,0.3298,0.0167
2024-11-26,model_Portfolio,Hold,0.0471,0.2149,0.1437,0.0017,0.0265,0.0078,0.1995,0.0082,0.3336,0.0168
2024-11-27,model_Portfolio,Hold,0.0477,0.2151,0.1444,0.0016,0.0266,0.0078,0.198,0.0082,0.3336,0.0169
2024-11-29,model_Portfolio,Hold,0.0475,0.2147,0.1439,0.0017,0.0267,0.0078,0.1971,0.0082,0.3355,0.0169
2024-12-02,model_Portfolio,Hold,0.0471,0.2158,0.1417,0.0017,0.0265,0.0079,0.1976,0.0084,0.3364,0.0169
2024-12-03,model_Portfolio,Hold,0.0478,0.2145,0.1384,0.0018,0.0272,0.008,0.1983,0.0085,0.3384,0.0171
2024-12-04,model_Portfolio,Hold,0.0478,0.2198,0.1391,0.0018,0.027,0.0079,0.1933,0.0087,0.3377,0.017
2024-12-05,model_Portfolio,Hold,0.0473,0.217,0.1391,0.0018,0.0263,0.0077,0.1927,0.0086,0.3425,0.017
2024-12-06,model_Portfolio,Hold,0.0473,0.2201,0.1387,0.0019,0.0259,0.0077,0.1901,0.0087,0.3425,0.0172
2024-12-09,model_Portfolio,Hold,0.0472,0.2189,0.1362,0.0019,0.027,0.0076,0.1961,0.0088,0.3395,0.0168
2024-12-10,model_Portfolio,Hold,0.0478,0.2225,0.1361,0.0019,0.0272,0.0077,0.1933,0.0093,0.3374,0.0168
2024-12-11,model_Portfolio,Hold,0.0473,0.2235,0.1364,0.0019,0.0274,0.0076,0.1916,0.0098,0.338,0.0166
2024-12-12,model_Portfolio,Hold,0.0473,0.2219,0.137,0.0019,0.0281,0.0076,0.1908,0.0097,0.3389,0.0167
2024-12-13,model_Portfolio,Hold,0.0472,0.2211,0.1373,0.0019,0.028,0.0076,0.1909,0.0096,0.3396,0.0167
2024-12-16,model_Portfolio,Hold,0.0472,0.2216,0.1373,0.002,0.0271,0.0075,0.1898,0.01,0.3407,0.0168
2024-12-17,model_Portfolio,Hold,0.0477,0.2227,0.1365,0.0019,0.0261,0.0075,0.1924,0.01,0.3385,0.0167
2024-12-18,model_Portfolio,Hold,0.0483,0.2224,0.1368,0.0019,0.0265,0.0075,0.1891,0.0099,0.3406,0.0168
2024-12-19,model_Portfolio,Hold,0.0476,0.2336,0.1354,0.0019,0.0256,0.0073,0.1842,0.0097,0.3383,0.0164
2024-12-20,model_Portfolio,Hold,0.0479,0.2278,0.136,0.0019,0.026,0.0073,0.186,0.0098,0.3408,0.0165
2024-12-23,model_Portfolio,Hold,0.0482,0.2242,0.1368,0.0019,0.0269,0.0073,0.1865,0.01,0.3418,0.0166
2024-12-24,model_Portfolio,Hold,0.048,0.2242,0.1364,0.0019,0.027,0.0073,0.186,0.01,0.3428,0.0164
2024-12-26,model_Portfolio,Hold,0.0481,0.2229,0.1366,0.0019,0.0269,0.0072,0.186,0.0099,0.3441,0.0164
2024-12-27,model_Portfolio,Hold,0.0484,0.2221,0.1373,0.0019,0.0274,0.0072,0.1851,0.0098,0.3442,0.0165
2024-12-30,model_Portfolio,Hold,0.0478,0.2215,0.1378,0.0019,0.028,0.0072,0.1854,0.0098,0.344,0.0165
2024-12-31,model_Portfolio,Hold,0.0478,0.2203,0.138,0.0019,0.0288,0.0072,0.1869,0.0097,0.3429,0.0165
2025-01-02,model_Portfolio,Rebalance,0.0114,0.0172,0.0153,0.0017,0.0156,0.0052,0.0067,0.0012,0.9193,0.0063
2025-01-03,model_Portfolio,Hold,0.0114,0.0175,0.0154,0.0018,0.0156,0.0052,0.0068,0.0012,0.9188,0.0064
2025-01-06,model_Portfolio,Hold,0.0113,0.0173,0.0151,0.0018,0.0158,0.0051,0.0066,0.0013,0.9194,0.0063
2025-01-07,model_Portfolio,Hold,0.0111,0.0172,0.015,0.0017,0.0155,0.0051,0.0065,0.0012,0.9205,0.0061
2025-01-08,model_Portfolio,Hold,0.0111,0.0171,0.0149,0.0017,0.0153,0.005,0.0064,0.0012,0.9212,0.006
2025-01-10,model_Portfolio,Hold,0.0112,0.0171,0.0149,0.0017,0.0157,0.0053,0.0064,0.0012,0.9204,0.0061
2025-01-13,model_Portfolio,Hold,0.011,0.0167,0.0148,0.0017,0.0158,0.0053,0.0064,0.0012,0.9213,0.0059
2025-01-14,model_Portfolio,Hold,0.0108,0.0164,0.0147,0.0016,0.0158,0.0053,0.0063,0.0012,0.9221,0.0059
2025-01-15,model_Portfolio,Hold,0.0106,0.0163,0.0148,0.0017,0.0161,0.0053,0.0063,0.0012,0.9219,0.0058
2025-01-16,model_Portfolio,Hold,0.0108,0.0163,0.0148,0.0016,0.0157,0.0053,0.0064,0.0012,0.9222,0.0058
2025-01-17,model_Portfolio,Hold,0.0106,0.0162,0.0147,0.0017,0.0151,0.0053,0.0064,0.0012,0.9231,0.0058
2025-01-21,model_Portfolio,Hold,0.0105,0.0157,0.0141,0.0016,0.0141,0.0052,0.0062,0.0011,0.9258,0.0055
2025-01-22,model_Portfolio,Hold,0.0104,0.0156,0.0137,0.0016,0.0139,0.0051,0.006,0.0011,0.9272,0.0054
2025-01-23,model_Portfolio,Hold,0.0109,0.0157,0.0136,0.0016,0.0139,0.0052,0.006,0.0011,0.9265,0.0054
2025-01-24,model_Portfolio,Hold,0.011,0.0157,0.0137,0.0016,0.0138,0.0052,0.0061,0.0011,0.9262,0.0055
2025-01-27,model_Portfolio,Hold,0.0113,0.016,0.0139,0.0016,0.0136,0.0051,0.006,0.0011,0.9258,0.0056
2025-01-28,model_Portfolio,Hold,0.0111,0.0162,0.0138,0.0016,0.0136,0.0051,0.0057,0.0011,0.9262,0.0055
2025-01-29,model_Portfolio,Hold,0.0111,0.016,0.0139,0.0016,0.0135,0.0051,0.0056,0.0011,0.9265,0.0055
2025-01-30,model_Portfolio,Hold,0.011,0.016,0.0137,0.0016,0.0132,0.0052,0.0055,0.0011,0.9274,0.0053
2025-01-31,model_Portfolio,Hold,0.0111,0.0164,0.0138,0.0016,0.0127,0.0052,0.0057,0.0011,0.9268,0.0054
2025-02-03,model_Portfolio,Hold,0.0113,0.0166,0.0139,0.0016,0.0126,0.0054,0.0056,0.0011,0.9262,0.0056
2025-02-04,model_Portfolio,Hold,0.0112,0.0167,0.0137,0.0017,0.013,0.0053,0.0056,0.0012,0.9261,0.0055
2025-02-05,model_Portfolio,Hold,0.0114,0.0169,0.0137,0.0016,0.0129,0.0052,0.0057,0.0011,0.926,0.0054
2025-02-06,model_Portfolio,Hold,0.0111,0.0165,0.0132,0.0016,0.0126,0.0051,0.0057,0.0011,0.9276,0.0055
2025-02-07,model_Portfolio,Hold,0.0114,0.0167,0.0135,0.0016,0.0128,0.0049,0.0057,0.001,0.9268,0.0055
2025-02-10,model_Portfolio,Hold,0.0116,0.0168,0.0134,0.0016,0.0136,0.0049,0.0057,0.0011,0.9258,0.0057
2025-02-11,model_Portfolio,Hold,0.0115,0.0168,0.0134,0.0016,0.0137,0.0049,0.0056,0.001,0.9256,0.0057
2025-02-12,model_Portfolio,Hold,0.0116,0.0169,0.0135,0.0016,0.0133,0.005,0.0057,0.001,0.9258,0.0056
2025-02-13,model_Portfolio,Hold,0.0117,0.017,0.0136,0.0016,0.0133,0.005,0.0057,0.0011,0.9252,0.0057
2025-02-14,model_Portfolio,Hold,0.0115,0.0168,0.0135,0.0016,0.0137,0.005,0.0057,0.0011,0.9255,0.0056
2025-02-18,model_Portfolio,Hold,0.0115,0.0168,0.0136,0.0016,0.0139,0.005,0.0057,0.001,0.9254,0.0056
2025-02-19,model_Portfolio,Hold,0.0115,0.0168,0.0136,0.0016,0.0138,0.005,0.0056,0.001,0.9255,0.0056
2025-02-20,model_Portfolio,Hold,0.0117,0.0166,0.0136,0.0015,0.0139,0.005,0.0057,0.001,0.9251,0.0057
2025-02-21,model_Portfolio,Hold,0.0122,0.0162,0.0137,0.0015,0.0138,0.0051,0.0058,0.001,0.9246,0.006
2025-02-24,model_Portfolio,Hold,0.0122,0.0161,0.014,0.0015,0.0138,0.005,0.0059,0.001,0.9245,0.006
2025-02-25,model_Portfolio,Hold,0.0121,0.016,0.0142,0.0015,0.0134,0.0051,0.0061,0.001,0.9246,0.006
2025-02-26,model_Portfolio,Hold,0.0121,0.0157,0.014,0.0015,0.0131,0.005,0.006,0.001,0.9258,0.0058
2025-02-27,model_Portfolio,Hold,0.0119,0.0153,0.014,0.0014,0.012,0.0049,0.006,0.0009,0.9279,0.0058
2025-02-28,model_Portfolio,Hold,0.0117,0.0145,0.0138,0.0014,0.0118,0.0048,0.0059,0.0009,0.9294,0.0057
2025-03-03,model_Portfolio,Hold,0.012,0.0146,0.0141,0.0014,0.0109,0.0048,0.0059,0.0009,0.9295,0.0059
2025-03-04,model_Portfolio,Hold,0.0124,0.0153,0.0144,0.0014,0.0112,0.005,0.0061,0.001,0.9271,0.0061
2025-03-05,model_Portfolio,Hold,0.0123,0.0152,0.0143,0.0015,0.0111,0.005,0.0062,0.001,0.9275,0.006
2025-03-06,model_Portfolio,Hold,0.0121,0.015,0.0144,0.0014,0.0112,0.005,0.006,0.001,0.9277,0.0061
2025-03-07,model_Portfolio,Hold,0.0123,0.0151,0.0145,0.0014,0.0113,0.0051,0.0062,0.001,0.9268,0.0062
2025-03-10,model_Portfolio,Hold,0.0122,0.0147,0.0142,0.0014,0.0114,0.0049,0.0062,0.001,0.9279,0.0063
2025-03-11,model_Portfolio,Hold,0.0118,0.0144,0.0141,0.0014,0.0115,0.0048,0.006,0.0009,0.9289,0.0062
2025-03-12,model_Portfolio,Hold,0.0114,0.014,0.0137,0.0014,0.0116,0.0047,0.0059,0.0009,0.9304,0.0061
2025-03-13,model_Portfolio,Hold,0.0117,0.0141,0.0141,0.0014,0.0115,0.0048,0.0059,0.0009,0.9293,0.0063
2025-03-14,model_Portfolio,Hold,0.0111,0.0137,0.014,0.0014,0.0115,0.0046,0.0059,0.0009,0.9306,0.0062
2025-03-17,model_Portfolio,Hold,0.011,0.0138,0.0139,0.0013,0.0116,0.0046,0.0058,0.0009,0.9311,0.0061
2025-03-18,model_Portfolio,Hold,0.011,0.0139,0.014,0.0013,0.0118,0.0046,0.0058,0.0009,0.9305,0.0061
2025-03-19,model_Portfolio,Hold,0.011,0.0137,0.0139,0.0013,0.012,0.0046,0.0057,0.0009,0.9309,0.006
2025-03-20,model_Portfolio,Hold,0.0111,0.0129,0.0141,0.0013,0.012,0.0046,0.0057,0.0009,0.9312,0.0061
2025-03-21,model_Portfolio,Hold,0.0111,0.0132,0.0141,0.0014,0.0121,0.0046,0.0057,0.0009,0.9308,0.006
2025-03-24,model_Portfolio,Hold,0.011,0.013,0.0141,0.0014,0.012,0.0046,0.0057,0.0009,0.9314,0.0059
2025-03-25,model_Portfolio,Hold,0.0108,0.0131,0.014,0.0014,0.012,0.0046,0.0056,0.0009,0.9316,0.0059
2025-03-26,model_Portfolio,Hold,0.0109,0.0132,0.0142,0.0014,0.0122,0.0046,0.0056,0.0009,0.9308,0.0061
2025-03-27,model_Portfolio,Hold,0.0116,0.0134,0.0146,0.0014,0.0126,0.0047,0.0057,0.0009,0.9286,0.0063
2025-03-28,model_Portfolio,Hold,0.0119,0.0136,0.0148,0.0014,0.0127,0.0048,0.0059,0.0009,0.9276,0.0064
2025-03-31,model_Portfolio,Hold,0.0119,0.0137,0.0148,0.0013,0.0126,0.0048,0.0057,0.0009,0.9277,0.0065
2025-04-01,model_Portfolio,Hold,0.0117,0.0137,0.0149,0.0013,0.0126,0.0047,0.0056,0.0009,0.9281,0.0064
2025-04-02,model_Portfolio,Hold,0.0117,0.0138,0.0149,0.0014,0.0127,0.0048,0.0056,0.0009,0.928,0.0062
2025-04-03,model_Portfolio,Hold,0.0124,0.0139,0.0156,0.0013,0.0112,0.0048,0.0056,0.0009,0.9276,0.0066
2025-04-04,model_Portfolio,Hold,0.0129,0.0145,0.0157,0.0014,0.0105,0.005,0.0058,0.001,0.9263,0.0071
2025-04-07,model_Portfolio,Hold,0.0128,0.0143,0.0152,0.0014,0.0103,0.0048,0.0055,0.001,0.9278,0.0069
2025-04-08,model_Portfolio,Hold,0.0128,0.0143,0.0154,0.0014,0.0097,0.0047,0.0055,0.001,0.9283,0.007
2025-04-09,model_Portfolio,Hold,0.0121,0.014,0.0149,0.0014,0.0107,0.0047,0.0053,0.001,0.9294,0.0065
2025-04-10,model_Portfolio,Hold,0.0123,0.014,0.0154,0.0014,0.0097,0.0047,0.0051,0.001,0.9296,0.0068
2025-04-11,model_Portfolio,Hold,0.0123,0.0136,0.0154,0.0014,0.0098,0.0047,0.0051,0.001,0.93,0.0067
2025-04-14,model_Portfolio,Hold,0.0124,0.0139,0.0156,0.0014,0.0099,0.0048,0.0053,0.001,0.9291,0.0067
2025-04-15,model_Portfolio,Hold,0.0123,0.0139,0.0157,0.0014,0.0097,0.0047,0.0053,0.001,0.9293,0.0068
2025-04-16,model_Portfolio,Hold,0.0131,0.0142,0.0161,0.0014,0.0104,0.0048,0.0053,0.001,0.9267,0.007
2025-04-17,model_Portfolio,Hold,0.0133,0.0141,0.0161,0.0014,0.0109,0.0048,0.0054,0.001,0.926,0.0071
2025-04-21,model_Portfolio,Hold,0.0136,0.0143,0.0162,0.0014,0.0108,0.0049,0.0054,0.001,0.9251,0.0073
2025-04-22,model_Portfolio,Hold,0.0128,0.0135,0.0156,0.0013,0.0104,0.0047,0.0051,0.0009,0.9288,0.0069
2025-04-23,model_Portfolio,Hold,0.0126,0.0138,0.0156,0.0014,0.0103,0.0047,0.0051,0.001,0.9287,0.0069
2025-04-24,model_Portfolio,Hold,0.0123,0.0137,0.0154,0.0014,0.0105,0.0046,0.005,0.001,0.9293,0.0068
2025-04-25,model_Portfolio,Hold,0.0124,0.0139,0.0154,0.0014,0.0107,0.0047,0.005,0.001,0.9288,0.0068
2025-04-28,model_Portfolio,Hold,0.0124,0.0138,0.0154,0.0014,0.0108,0.0047,0.005,0.001,0.9287,0.0068
2025-04-29,model_Portfolio,Hold,0.0125,0.014,0.0154,0.0014,0.0105,0.0047,0.0047,0.001,0.929,0.0068
2025-04-30,model_Portfolio,Hold,0.0125,0.014,0.0153,0.0014,0.01,0.0047,0.0047,0.001,0.9296,0.0068
2025-05-01,model_Portfolio,Hold,0.0126,0.0142,0.0147,0.0014,0.0105,0.0047,0.0048,0.001,0.9292,0.0069
2025-05-02,model_Portfolio,Hold,0.0124,0.014,0.0146,0.0014,0.0104,0.0047,0.0047,0.001,0.9301,0.0067
2025-05-05,model_Portfolio,Hold,0.0125,0.0142,0.0147,0.0014,0.0099,0.0046,0.0047,0.001,0.9301,0.0068
2025-05-06,model_Portfolio,Hold,0.0128,0.0143,0.015,0.0014,0.0102,0.0046,0.0047,0.001,0.9289,0.007
2025-05-07,model_Portfolio,Hold,0.0128,0.0144,0.0151,0.0014,0.01,0.0046,0.0047,0.0009,0.9291,0.007
2025-05-08,model_Portfolio,Hold,0.0126,0.0142,0.0148,0.0014,0.0103,0.0046,0.0047,0.0009,0.9296,0.0069
2025-05-09,model_Portfolio,Hold,0.0124,0.0141,0.0146,0.0014,0.0105,0.0046,0.0047,0.0009,0.9302,0.0067
2025-05-12,model_Portfolio,Hold,0.0117,0.014,0.0138,0.0014,0.0106,0.0044,0.0045,0.0009,0.9326,0.0061
2025-05-13,model_Portfolio,Hold,0.0114,0.014,0.0137,0.0015,0.011,0.0044,0.0044,0.0009,0.9328,0.006
2025-05-14,model_Portfolio,Hold,0.0115,0.0141,0.0138,0.0015,0.0111,0.0044,0.0044,0.001,0.9321,0.0061
2025-05-15,model_Portfolio,Hold,0.0119,0.0142,0.014,0.0014,0.0107,0.0044,0.0044,0.0009,0.9318,0.0063
2025-05-16,model_Portfolio,Hold,0.0117,0.0136,0.0137,0.0014,0.0103,0.0044,0.0043,0.0009,0.9334,0.0062
2025-05-19,model_Portfolio,Hold,0.0117,0.0135,0.0136,0.0014,0.0101,0.0043,0.0044,0.0009,0.9338,0.0062
2025-05-20,model_Portfolio,Hold,0.0117,0.0136,0.0135,0.0014,0.0101,0.0043,0.0043,0.0009,0.9341,0.0063
2025-05-21,model_Portfolio,Hold,0.0118,0.0139,0.0137,0.0014,0.0101,0.0043,0.0042,0.001,0.9332,0.0064
2025-05-22,model_Portfolio,Hold,0.0117,0.0138,0.0135,0.0014,0.0101,0.0043,0.0042,0.001,0.9337,0.0064
2025-05-23,model_Portfolio,Hold,0.0118,0.0136,0.0137,0.0014,0.0102,0.0044,0.0041,0.001,0.9333,0.0065
2025-05-27,model_Portfolio,Hold,0.0118,0.0137,0.0136,0.0014,0.0104,0.0044,0.0042,0.001,0.9331,0.0064
2025-05-28,model_Portfolio,Hold,0.0117,0.0138,0.0135,0.0014,0.0104,0.0044,0.0042,0.001,0.9331,0.0064
2025-05-29,model_Portfolio,Hold,0.0117,0.0138,0.0135,0.0014,0.0104,0.0044,0.0043,0.001,0.9331,0.0064
2025-05-30,model_Portfolio,Hold,0.0119,0.0139,0.0137,0.0014,0.0103,0.0045,0.0043,0.001,0.9325,0.0065
2025-06-02,model_Portfolio,Hold,0.012,0.0139,0.0139,0.0015,0.0106,0.0045,0.0043,0.001,0.9316,0.0066
2025-06-03,model_Portfolio,Hold,0.0119,0.0137,0.0138,0.0014,0.011,0.0046,0.0043,0.0009,0.9318,0.0065
2025-06-04,model_Portfolio,Hold,0.012,0.014,0.0138,0.0015,0.0109,0.0046,0.0043,0.001,0.9316,0.0065
2025-06-05,model_Portfolio,Hold,0.0121,0.014,0.0137,0.0015,0.0109,0.0045,0.0043,0.001,0.9315,0.0065
2025-06-06,model_Portfolio,Hold,0.0121,0.0142,0.014,0.0015,0.0114,0.0046,0.0044,0.001,0.9304,0.0065
2025-06-09,model_Portfolio,Hold,0.0122,0.0142,0.0139,0.0016,0.0115,0.0046,0.0045,0.001,0.9299,0.0065
2025-06-10,model_Portfolio,Hold,0.0122,0.0143,0.0138,0.0015,0.0119,0.0046,0.0045,0.001,0.9296,0.0064
2025-06-11,model_Portfolio,Hold,0.0121,0.0141,0.0135,0.0015,0.0119,0.0046,0.0045,0.001,0.9303,0.0065
2025-06-12,model_Portfolio,Hold,0.0124,0.0142,0.0139,0.0015,0.0123,0.0047,0.0045,0.001,0.9288,0.0066
2025-06-13,model_Portfolio,Hold,0.0125,0.0142,0.0141,0.0015,0.0131,0.0047,0.0045,0.001,0.9276,0.0067
2025-06-16,model_Portfolio,Hold,0.0122,0.014,0.0139,0.0015,0.0126,0.0046,0.0045,0.001,0.9291,0.0066
2025-06-17,model_Portfolio,Hold,0.0122,0.0142,0.0141,0.0016,0.013,0.0046,0.0045,0.001,0.928,0.0067
2025-06-18,model_Portfolio,Hold,0.0122,0.0139,0.0141,0.0015,0.0127,0.0046,0.0045,0.001,0.9286,0.0068
2025-06-20,model_Portfolio,Hold,0.0122,0.0128,0.0141,0.0015,0.0124,0.0045,0.0045,0.001,0.9304,0.0067
2025-06-23,model_Portfolio,Hold,0.0119,0.013,0.014,0.0015,0.0112,0.0044,0.0045,0.0009,0.932,0.0067
2025-06-24,model_Portfolio,Hold,0.0122,0.013,0.0137,0.0015,0.0109,0.0045,0.0045,0.0009,0.9323,0.0065
2025-06-25,model_Portfolio,Hold,0.0123,0.013,0.0136,0.0015,0.0108,0.0046,0.0045,0.001,0.9323,0.0065
2025-06-26,model_Portfolio,Hold,0.0117,0.0128,0.0136,0.0015,0.011,0.0045,0.0044,0.001,0.9332,0.0064
2025-06-27,model_Portfolio,Hold,0.0117,0.0126,0.0136,0.0015,0.0109,0.0044,0.0044,0.001,0.9335,0.0063
2025-06-30,model_Portfolio,Hold,0.0118,0.0128,0.0136,0.0015,0.0108,0.0044,0.0044,0.001,0.9334,0.0063
2025-07-01,model_Portfolio,Rebalance,0.0,0.0,0.0,0.0,0.0,0.0,0.0,0.0,1.0,0.0
2025-07-02,model_Portfolio,Hold,0.0,0.0,0.0,0.0,0.0,0.0,0.0,0.0,1.0,0.0
2025-07-03,model_Portfolio,Hold,0.0,0.0,0.0,0.0,0.0,0.0,0.0,0.0,1.0,0.0
2025-07-07,model_Portfolio,Hold,0.0,0.0,0.0,0.0,0.0,0.0,0.0,0.0,1.0,0.0
2025-07-08,model_Portfolio,Hold,0.0,0.0,0.0,0.0,0.0,0.0,0.0,0.0,1.0,0.0
2025-07-09,model_Portfolio,Hold,0.0,0.0,0.0,0.0,0.0,0.0,0.0,0.0,1.0,0.0
2025-07-10,model_Portfolio,Hold,0.0,0.0,0.0,0.0,0.0,0.0,0.0,0.0,1.0,0.0
2025-07-11,model_Portfolio,Hold,0.0,0.0,0.0,0.0,0.0,0.0,0.0,0.0,1.0,0.0
2025-07-14,model_Portfolio,Hold,0.0,0.0,0.0,0.0,0.0,0.0,0.0,0.0,1.0,0.0
2025-07-15,model_Portfolio,Hold,0.0,0.0,0.0,0.0,0.0,0.0,0.0,0.0,1.0,0.0
2025-07-16,model_Portfolio,Hold,0.0,0.0,0.0,0.0,0.0,0.0,0.0,0.0,1.0,0.0
2025-07-17,model_Portfolio,Hold,0.0,0.0,0.0,0.0,0.0,0.0,0.0,0.0,1.0,0.0
2025-07-18,model_Portfolio,Hold,0.0,0.0,0.0,0.0,0.0,0.0,0.0,0.0,1.0,0.0
2025-07-21,model_Portfolio,Hold,0.0,0.0,0.0,0.0,0.0,0.0,0.0,0.0,1.0,0.0
2025-07-22,model_Portfolio,Hold,0.0,0.0,0.0,0.0,0.0,0.0,0.0,0.0,1.0,0.0
2025-07-23,model_Portfolio,Hold,0.0,0.0,0.0,0.0,0.0,0.0,0.0,0.0,1.0,0.0
2025-07-24,model_Portfolio,Hold,0.0,0.0,0.0,0.0,0.0,0.0,0.0,0.0,1.0,0.0
2025-07-25,model_Portfolio,Hold,0.0,0.0,0.0,0.0,0.0,0.0,0.0,0.0,1.0,0.0
2025-07-28,model_Portfolio,Hold,0.0,0.0,0.0,0.0,0.0,0.0,0.0,0.0,1.0,0.0
2025-07-29,model_Portfolio,Hold,0.0,0.0,0.0,0.0,0.0,0.0,0.0,0.0,1.0,0.0
2025-07-30,model_Portfolio,Hold,0.0,0.0,0.0,0.0,0.0,0.0,0.0,0.0,1.0,0.0
2025-07-31,model_Portfolio,Hold,0.0,0.0,0.0,0.0,0.0,0.0,0.0,0.0,1.0,0.0
2025-08-01,model_Portfolio,Hold,0.0,0.0,0.0,0.0,0.0,0.0,0.0,0.0,1.0,0.0
2025-08-04,model_Portfolio,Hold,0.0,0.0,0.0,0.0,0.0,0.0,0.0,0.0,1.0,0.0
2025-08-05,model_Portfolio,Hold,0.0,0.0,0.0,0.0,0.0,0.0,0.0,0.0,1.0,0.0
2025-08-06,model_Portfolio,Hold,0.0,0.0,0.0,0.0,0.0,0.0,0.0,0.0,1.0,0.0
2025-08-07,model_Portfolio,Hold,0.0,0.0,0.0,0.0,0.0,0.0,0.0,0.0,1.0,0.0
2025-08-08,model_Portfolio,Hold,0.0,0.0,0.0,0.0,0.0,0.0,0.0,0.0,1.0,0.0
2025-08-11,model_Portfolio,Hold,0.0,0.0,0.0,0.0,0.0,0.0,0.0,0.0,1.0,0.0
2025-08-12,model_Portfolio,Hold,0.0,0.0,0.0,0.0,0.0,0.0,0.0,0.0,1.0,0.0
2025-08-13,model_Portfolio,Hold,0.0,0.0,0.0,0.0,0.0,0.0,0.0,0.0,1.0,0.0
2025-08-14,model_Portfolio,Hold,0.0,0.0,0.0,0.0,0.0,0.0,0.0,0.0,1.0,0.0
2025-08-15,model_Portfolio,Hold,0.0,0.0,0.0,0.0,0.0,0.0,0.0,0.0,1.0,0.0
2025-08-18,model_Portfolio,Hold,0.0,0.0,0.0,0.0,0.0,0.0,0.0,0.0,1.0,0.0
2025-08-19,model_Portfolio,Hold,0.0,0.0,0.0,0.0,0.0,0.0,0.0,0.0,1.0,0.0
2025-08-20,model_Portfolio,Hold,0.0,0.0,0.0,0.0,0.0,0.0,0.0,0.0,1.0,0.0
2025-08-21,model_Portfolio,Hold,0.0,0.0,0.0,0.0,0.0,0.0,0.0,0.0,1.0,0.0
2025-08-22,model_Portfolio,Hold,0.0,0.0,0.0,0.0,0.0,0.0,0.0,0.0,1.0,0.0
2025-08-25,model_Portfolio,Hold,0.0,0.0,0.0,0.0,0.0,0.0,0.0,0.0,1.0,0.0
2025-08-26,model_Portfolio,Hold,0.0,0.0,0.0,0.0,0.0,0.0,0.0,0.0,1.0,0.0
2025-08-27,model_Portfolio,Hold,0.0,0.0,0.0,0.0,0.0,0.0,0.0,0.0,1.0,0.0
2025-08-28,model_Portfolio,Hold,0.0,0.0,0.0,0.0,0.0,0.0,0.0,0.0,1.0,0.0
2025-08-29,model_Portfolio,Hold,0.0,0.0,0.0,0.0,0.0,0.0,0.0,0.0,1.0,0.0
2025-09-02,model_Portfolio,Hold,0.0,0.0,0.0,0.0,0.0,0.0,0.0,0.0,1.0,0.0
2025-09-03,model_Portfolio,Hold,0.0,0.0,0.0,0.0,0.0,0.0,0.0,0.0,1.0,0.0
2025-09-04,model_Portfolio,Hold,0.0,0.0,0.0,0.0,0.0,0.0,0.0,0.0,1.0,0.0
2025-09-05,model_Portfolio,Hold,0.0,0.0,0.0,0.0,0.0,0.0,0.0,0.0,1.0,0.0
2025-09-08,model_Portfolio,Hold,0.0,0.0,0.0,0.0,0.0,0.0,0.0,0.0,1.0,0.0
2025-09-09,model_Portfolio,Hold,0.0,0.0,0.0,0.0,0.0,0.0,0.0,0.0,1.0,0.0
2025-09-10,model_Portfolio,Hold,0.0,0.0,0.0,0.0,0.0,0.0,0.0,0.0,1.0,0.0
2025-09-11,model_Portfolio,Hold,0.0,0.0,0.0,0.0,0.0,0.0,0.0,0.0,1.0,0.0
2025-09-12,model_Portfolio,Hold,0.0,0.0,0.0,0.0,0.0,0.0,0.0,0.0,1.0,0.0
2025-09-15,model_Portfolio,Hold,0.0,0.0,0.0,0.0,0.0,0.0,0.0,0.0,1.0,0.0
2025-09-16,model_Portfolio,Hold,0.0,0.0,0.0,0.0,0.0,0.0,0.0,0.0,1.0,0.0
2025-09-17,model_Portfolio,Hold,0.0,0.0,0.0,0.0,0.0,0.0,0.0,0.0,1.0,0.0
2025-09-18,model_Portfolio,Hold,0.0,0.0,0.0,0.0,0.0,0.0,0.0,0.0,1.0,0.0
2025-09-19,model_Portfolio,Hold,0.0,0.0,0.0,0.0,0.0,0.0,0.0,0.0,1.0,0.0
2025-09-22,model_Portfolio,Hold,0.0,0.0,0.0,0.0,0.0,0.0,0.0,0.0,1.0,0.0
2025-09-23,model_Portfolio,Hold,0.0,0.0,0.0,0.0,0.0,0.0,0.0,0.0,1.0,0.0
2025-09-24,model_Portfolio,Hold,0.0,0.0,0.0,0.0,0.0,0.0,0.0,0.0,1.0,0.0
2025-09-25,model_Portfolio,Hold,0.0,0.0,0.0,0.0,0.0,0.0,0.0,0.0,1.0,0.0
2025-09-26,model_Portfolio,Hold,0.0,0.0,0.0,0.0,0.0,0.0,0.0,0.0,1.0,0.0
2025-09-29,model_Portfolio,Hold,0.0,0.0,0.0,0.0,0.0,0.0,0.0,0.0,1.0,0.0
2025-09-30,model_Portfolio,Hold,0.0,0.0,0.0,0.0,0.0,0.0,0.0,0.0,1.0,0.0
2025-10-01,model_Portfolio,Hold,0.0,0.0,0.0,0.0,0.0,0.0,0.0,0.0,1.0,0.0
2025-10-02,model_Portfolio,Hold,0.0,0.0,0.0,0.0,0.0,0.0,0.0,0.0,1.0,0.0
2025-10-03,model_Portfolio,Hold,0.0,0.0,0.0,0.0,0.0,0.0,0.0,0.0,1.0,0.0
2025-10-06,model_Portfolio,Hold,0.0,0.0,0.0,0.0,0.0,0.0,0.0,0.0,1.0,0.0
2025-10-07,model_Portfolio,Hold,0.0,0.0,0.0,0.0,0.0,0.0,0.0,0.0,1.0,0.0
2025-10-08,model_Portfolio,Hold,0.0,0.0,0.0,0.0,0.0,0.0,0.0,0.0,1.0,0.0
2025-10-09,model_Portfolio,Hold,0.0,0.0,0.0,0.0,0.0,0.0,0.0,0.0,1.0,0.0
2025-10-10,model_Portfolio,Hold,0.0,0.0,0.0,0.0,0.0,0.0,0.0,0.0,1.0,0.0
2025-10-13,model_Portfolio,Hold,0.0,0.0,0.0,0.0,0.0,0.0,0.0,0.0,1.0,0.0
2025-10-14,model_Portfolio,Hold,0.0,0.0,0.0,0.0,0.0,0.0,0.0,0.0,1.0,0.0
2025-10-15,model_Portfolio,Hold,0.0,0.0,0.0,0.0,0.0,0.0,0.0,0.0,1.0,0.0
2025-10-16,model_Portfolio,Hold,0.0,0.0,0.0,0.0,0.0,0.0,0.0,0.0,1.0,0.0
2025-10-17,model_Portfolio,Hold,0.0,0.0,0.0,0.0,0.0,0.0,0.0,0.0,1.0,0.0
2025-10-20,model_Portfolio,Hold,0.0,0.0,0.0,0.0,0.0,0.0,0.0,0.0,1.0,0.0
2025-10-21,model_Portfolio,Hold,0.0,0.0,0.0,0.0,0.0,0.0,0.0,0.0,1.0,0.0
2025-10-22,model_Portfolio,Hold,0.0,0.0,0.0,0.0,0.0,0.0,0.0,0.0,1.0,0.0
2025-10-23,model_Portfolio,Hold,0.0,0.0,0.0,0.0,0.0,0.0,0.0,0.0,1.0,0.0
2025-10-24,model_Portfolio,Hold,0.0,0.0,0.0,0.0,0.0,0.0,0.0,0.0,1.0,0.0
2025-10-27,model_Portfolio,Hold,0.0,0.0,0.0,0.0,0.0,0.0,0.0,0.0,1.0,0.0
2025-10-28,model_Portfolio,Hold,0.0,0.0,0.0,0.0,0.0,0.0,0.0,0.0,1.0,0.0
2025-10-29,model_Portfolio,Hold,0.0,0.0,0.0,0.0,0.0,0.0,0.0,0.0,1.0,0.0
2025-10-30,model_Portfolio,Hold,0.0,0.0,0.0,0.0,0.0,0.0,0.0,0.0,1.0,0.0
2025-10-31,model_Portfolio,Hold,0.0,0.0,0.0,0.0,0.0,0.0,0.0,0.0,1.0,0.0
2025-11-03,model_Portfolio,Hold,0.0,0.0,0.0,0.0,0.0,0.0,0.0,0.0,1.0,0.0
2025-11-04,model_Portfolio,Hold,0.0,0.0,0.0,0.0,0.0,0.0,0.0,0.0,1.0,0.0
2025-11-05,model_Portfolio,Hold,0.0,0.0,0.0,0.0,0.0,0.0,0.0,0.0,1.0,0.0
2025-11-06,model_Portfolio,Hold,0.0,0.0,0.0,0.0,0.0,0.0,0.0,0.0,1.0,0.0
2025-11-07,model_Portfolio,Hold,0.0,0.0,0.0,0.0,0.0,0.0,0.0,0.0,1.0,0.0
2025-11-10,model_Portfolio,Hold,0.0,0.0,0.0,0.0,0.0,0.0,0.0,0.0,1.0,0.0
2025-11-11,model_Portfolio,Hold,0.0,0.0,0.0,0.0,0.0,0.0,0.0,0.0,1.0,0.0
2025-11-12,model_Portfolio,Hold,0.0,0.0,0.0,0.0,0.0,0.0,0.0,0.0,1.0,0.0
2025-11-13,model_Portfolio,Hold,0.0,0.0,0.0,0.0,0.0,0.0,0.0,0.0,1.0,0.0
2025-11-14,model_Portfolio,Hold,0.0,0.0,0.0,0.0,0.0,0.0,0.0,0.0,1.0,0.0
2025-11-17,model_Portfolio,Hold,0.0,0.0,0.0,0.0,0.0,0.0,0.0,0.0,1.0,0.0
2025-11-18,model_Portfolio,Hold,0.0,0.0,0.0,0.0,0.0,0.0,0.0,0.0,1.0,0.0
2025-11-19,model_Portfolio,Hold,0.0,0.0,0.0,0.0,0.0,0.0,0.0,0.0,1.0,0.0
2025-11-20,model_Portfolio,Hold,0.0,0.0,0.0,0.0,0.0,0.0,0.0,0.0,1.0,0.0
2025-11-21,model_Portfolio,Hold,0.0,0.0,0.0,0.0,0.0,0.0,0.0,0.0,1.0,0.0
2025-11-24,model_Portfolio,Hold,0.0,0.0,0.0,0.0,0.0,0.0,0.0,0.0,1.0,0.0
2025-11-25,model_Portfolio,Hold,0.0,0.0,0.0,0.0,0.0,0.0,0.0,0.0,1.0,0.0
2025-11-26,model_Portfolio,Hold,0.0,0.0,0.0,0.0,0.0,0.0,0.0,0.0,1.0,0.0
2025-11-28,model_Portfolio,Hold,0.0,0.0,0.0,0.0,0.0,0.0,0.0,0.0,1.0,0.0
2025-12-01,model_Portfolio,Hold,0.0,0.0,0.0,0.0,0.0,0.0,0.0,0.0,1.0,0.0
2025-12-02,model_Portfolio,Hold,0.0,0.0,0.0,0.0,0.0,0.0,0.0,0.0,1.0,0.0
2025-12-03,model_Portfolio,Hold,0.0,0.0,0.0,0.0,0.0,0.0,0.0,0.0,1.0,0.0
2025-12-04,model_Portfolio,Hold,0.0,0.0,0.0,0.0,0.0,0.0,0.0,0.0,1.0,0.0
2025-12-05,model_Portfolio,Hold,0.0,0.0,0.0,0.0,0.0,0.0,0.0,0.0,1.0,0.0
2025-12-08,model_Portfolio,Hold,0.0,0.0,0.0,0.0,0.0,0.0,0.0,0.0,1.0,0.0
2025-12-09,model_Portfolio,Hold,0.0,0.0,0.0,0.0,0.0,0.0,0.0,0.0,1.0,0.0
2025-12-10,model_Portfolio,Hold,0.0,0.0,0.0,0.0,0.0,0.0,0.0,0.0,1.0,0.0
2025-12-11,model_Portfolio,Hold,0.0,0.0,0.0,0.0,0.0,0.0,0.0,0.0,1.0,0.0
2025-12-12,model_Portfolio,Hold,0.0,0.0,0.0,0.0,0.0,0.0,0.0,0.0,1.0,0.0
2025-12-15,model_Portfolio,Hold,0.0,0.0,0.0,0.0,0.0,0.0,0.0,0.0,1.0,0.0
2025-12-16,model_Portfolio,Hold,0.0,0.0,0.0,0.0,0.0,0.0,0.0,0.0,1.0,0.0
2025-12-17,model_Portfolio,Hold,0.0,0.0,0.0,0.0,0.0,0.0,0.0,0.0,1.0,0.0
2025-12-18,model_Portfolio,Hold,0.0,0.0,0.0,0.0,0.0,0.0,0.0,0.0,1.0,0.0
2025-12-19,model_Portfolio,Hold,0.0,0.0,0.0,0.0,0.0,0.0,0.0,0.0,1.0,0.0
2025-12-22,model_Portfolio,Hold,0.0,0.0,0.0,0.0,0.0,0.0,0.0,0.0,1.0,0.0
2025-12-23,model_Portfolio,Hold,0.0,0.0,0.0,0.0,0.0,0.0,0.0,0.0,1.0,0.0
2025-12-24,model_Portfolio,Hold,0.0,0.0,0.0,0.0,0.0,0.0,0.0,0.0,1.0,0.0
2025-12-26,model_Portfolio,Hold,0.0,0.0,0.0,0.0,0.0,0.0,0.0,0.0,1.0,0.0
2025-12-29,model_Portfolio,Hold,0.0,0.0,0.0,0.0,0.0,0.0,0.0,0.0,1.0,0.0
2025-12-30,model_Portfolio,Hold,0.0,0.0,0.0,0.0,0.0,0.0,0.0,0.0,1.0,0.0
2022-01-20,model_Portfolio,Rebalance,0.0,0.0,0.0,0.0,0.0,0.0,0.0,0.0,1.0,0.0
2022-01-21,model_Portfolio,Hold,0.0,0.0,0.0,0.0,0.0,0.0,0.0,0.0,1.0,0.0
2022-01-24,model_Portfolio,Hold,0.0,0.0,0.0,0.0,0.0,0.0,0.0,0.0,1.0,0.0
2022-01-25,model_Portfolio,Hold,0.0,0.0,0.0,0.0,0.0,0.0,0.0,0.0,1.0,0.0
2022-01-26,model_Portfolio,Hold,0.0,0.0,0.0,0.0,0.0,0.0,0.0,0.0,1.0,0.0
2022-01-27,model_Portfolio,Hold,0.0,0.0,0.0,0.0,0.0,0.0,0.0,0.0,1.0,0.0
2022-01-28,model_Portfolio,Hold,0.0,0.0,0.0,0.0,0.0,0.0,0.0,0.0,1.0,0.0
2022-01-31,model_Portfolio,Hold,0.0,0.0,0.0,0.0,0.0,0.0,0.0,0.0,1.0,0.0
2022-02-01,model_Portfolio,Hold,0.0,0.0,0.0,0.0,0.0,0.0,0.0,0.0,1.0,0.0
2022-02-02,model_Portfolio,Hold,0.0,0.0,0.0,0.0,0.0,0.0,0.0,0.0,1.0,0.0
2022-02-03,model_Portfolio,Hold,0.0,0.0,0.0,0.0,0.0,0.0,0.0,0.0,1.0,0.0
2022-02-04,model_Portfolio,Hold,0.0,0.0,0.0,0.0,0.0,0.0,0.0,0.0,1.0,0.0
2022-02-07,model_Portfolio,Hold,0.0,0.0,0.0,0.0,0.0,0.0,0.0,0.0,1.0,0.0
2022-02-08,model_Portfolio,Hold,0.0,0.0,0.0,0.0,0.0,0.0,0.0,0.0,1.0,0.0
2022-02-09,model_Portfolio,Hold,0.0,0.0,0.0,0.0,0.0,0.0,0.0,0.0,1.0,0.0
2022-02-10,model_Portfolio,Hold,0.0,0.0,0.0,0.0,0.0,0.0,0.0,0.0,1.0,0.0
2022-02-11,model_Portfolio,Hold,0.0,0.0,0.0,0.0,0.0,0.0,0.0,0.0,1.0,0.0
2022-02-14,model_Portfolio,Hold,0.0,0.0,0.0,0.0,0.0,0.0,0.0,0.0,1.0,0.0
2022-02-15,model_Portfolio,Hold,0.0,0.0,0.0,0.0,0.0,0.0,0.0,0.0,1.0,0.0
2022-02-16,model_Portfolio,Hold,0.0,0.0,0.0,0.0,0.0,0.0,0.0,0.0,1.0,0.0
2022-02-17,model_Portfolio,Hold,0.0,0.0,0.0,0.0,0.0,0.0,0.0,0.0,1.0,0.0
2022-02-18,model_Portfolio,Hold,0.0,0.0,0.0,0.0,0.0,0.0,0.0,0.0,1.0,0.0
2022-02-22,model_Portfolio,Hold,0.0,0.0,0.0,0.0,0.0,0.0,0.0,0.0,1.0,0.0
2022-02-23,model_Portfolio,Hold,0.0,0.0,0.0,0.0,0.0,0.0,0.0,0.0,1.0,0.0
2022-02-24,model_Portfolio,Hold,0.0,0.0,0.0,0.0,0.0,0.0,0.0,0.0,1.0,0.0
2022-02-25,model_Portfolio,Hold,0.0,0.0,0.0,0.0,0.0,0.0,0.0,0.0,1.0,0.0
2022-02-28,model_Portfolio,Hold,0.0,0.0,0.0,0.0,0.0,0.0,0.0,0.0,1.0,0.0
2022-03-01,model_Portfolio,Hold,0.0,0.0,0.0,0.0,0.0,0.0,0.0,0.0,1.0,0.0
2022-03-02,model_Portfolio,Hold,0.0,0.0,0.0,0.0,0.0,0.0,0.0,0.0,1.0,0.0
2022-03-03,model_Portfolio,Hold,0.0,0.0,0.0,0.0,0.0,0.0,0.0,0.0,1.0,0.0
2022-03-04,model_Portfolio,Hold,0.0,0.0,0.0,0.0,0.0,0.0,0.0,0.0,1.0,0.0
2022-03-07,model_Portfolio,Hold,0.0,0.0,0.0,0.0,0.0,0.0,0.0,0.0,1.0,0.0
2022-03-08,model_Portfolio,Hold,0.0,0.0,0.0,0.0,0.0,0.0,0.0,0.0,1.0,0.0
2022-03-09,model_Portfolio,Hold,0.0,0.0,0.0,0.0,0.0,0.0,0.0,0.0,1.0,0.0
2022-03-10,model_Portfolio,Hold,0.0,0.0,0.0,0.0,0.0,0.0,0.0,0.0,1.0,0.0
2022-03-11,model_Portfolio,Hold,0.0,0.0,0.0,0.0,0.0,0.0,0.0,0.0,1.0,0.0
2022-03-14,model_Portfolio,Hold,0.0,0.0,0.0,0.0,0.0,0.0,0.0,0.0,1.0,0.0
2022-03-15,model_Portfolio,Hold,0.0,0.0,0.0,0.0,0.0,0.0,0.0,0.0,1.0,0.0
2022-03-16,model_Portfolio,Hold,0.0,0.0,0.0,0.0,0.0,0.0,0.0,0.0,1.0,0.0
2022-03-17,model_Portfolio,Hold,0.0,0.0,0.0,0.0,0.0,0.0,0.0,0.0,1.0,0.0
2022-03-18,model_Portfolio,Hold,0.0,0.0,0.0,0.0,0.0,0.0,0.0,0.0,1.0,0.0
2022-03-21,model_Portfolio,Hold,0.0,0.0,0.0,0.0,0.0,0.0,0.0,0.0,1.0,0.0
2022-03-22,model_Portfolio,Hold,0.0,0.0,0.0,0.0,0.0,0.0,0.0,0.0,1.0,0.0
2022-03-23,model_Portfolio,Hold,0.0,0.0,0.0,0.0,0.0,0.0,0.0,0.0,1.0,0.0
2022-03-24,model_Portfolio,Hold,0.0,0.0,0.0,0.0,0.0,0.0,0.0,0.0,1.0,0.0
2022-03-25,model_Portfolio,Hold,0.0,0.0,0.0,0.0,0.0,0.0,0.0,0.0,1.0,0.0
2022-03-28,model_Portfolio,Hold,0.0,0.0,0.0,0.0,0.0,0.0,0.0,0.0,1.0,0.0
2022-03-29,model_Portfolio,Hold,0.0,0.0,0.0,0.0,0.0,0.0,0.0,0.0,1.0,0.0
2022-03-30,model_Portfolio,Hold,0.0,0.0,0.0,0.0,0.0,0.0,0.0,0.0,1.0,0.0
2022-03-31,model_Portfolio,Hold,0.0,0.0,0.0,0.0,0.0,0.0,0.0,0.0,1.0,0.0
2022-04-01,model_Portfolio,Hold,0.0,0.0,0.0,0.0,0.0,0.0,0.0,0.0,1.0,0.0
2022-04-04,model_Portfolio,Hold,0.0,0.0,0.0,0.0,0.0,0.0,0.0,0.0,1.0,0.0
2022-04-05,model_Portfolio,Hold,0.0,0.0,0.0,0.0,0.0,0.0,0.0,0.0,1.0,0.0
2022-04-06,model_Portfolio,Hold,0.0,0.0,0.0,0.0,0.0,0.0,0.0,0.0,1.0,0.0
2022-04-07,model_Portfolio,Hold,0.0,0.0,0.0,0.0,0.0,0.0,0.0,0.0,1.0,0.0
2022-04-08,model_Portfolio,Hold,0.0,0.0,0.0,0.0,0.0,0.0,0.0,0.0,1.0,0.0
2022-04-11,model_Portfolio,Hold,0.0,0.0,0.0,0.0,0.0,0.0,0.0,0.0,1.0,0.0
2022-04-12,model_Portfolio,Hold,0.0,0.0,0.0,0.0,0.0,0.0,0.0,0.0,1.0,0.0
2022-04-13,model_Portfolio,Hold,0.0,0.0,0.0,0.0,0.0,0.0,0.0,0.0,1.0,0.0
2022-04-14,model_Portfolio,Hold,0.0,0.0,0.0,0.0,0.0,0.0,0.0,0.0,1.0,0.0
2022-04-18,model_Portfolio,Hold,0.0,0.0,0.0,0.0,0.0,0.0,0.0,0.0,1.0,0.0
2022-04-19,model_Portfolio,Hold,0.0,0.0,0.0,0.0,0.0,0.0,0.0,0.0,1.0,0.0
2022-04-20,model_Portfolio,Hold,0.0,0.0,0.0,0.0,0.0,0.0,0.0,0.0,1.0,0.0
2022-04-21,model_Portfolio,Hold,0.0,0.0,0.0,0.0,0.0,0.0,0.0,0.0,1.0,0.0
2022-04-22,model_Portfolio,Hold,0.0,0.0,0.0,0.0,0.0,0.0,0.0,0.0,1.0,0.0
2022-04-25,model_Portfolio,Hold,0.0,0.0,0.0,0.0,0.0,0.0,0.0,0.0,1.0,0.0
2022-04-26,model_Portfolio,Hold,0.0,0.0,0.0,0.0,0.0,0.0,0.0,0.0,1.0,0.0
2022-04-27,model_Portfolio,Hold,0.0,0.0,0.0,0.0,0.0,0.0,0.0,0.0,1.0,0.0
2022-04-28,model_Portfolio,Hold,0.0,0.0,0.0,0.0,0.0,0.0,0.0,0.0,1.0,0.0
2022-04-29,model_Portfolio,Hold,0.0,0.0,0.0,0.0,0.0,0.0,0.0,0.0,1.0,0.0
2022-05-02,model_Portfolio,Hold,0.0,0.0,0.0,0.0,0.0,0.0,0.0,0.0,1.0,0.0
2022-05-03,model_Portfolio,Hold,0.0,0.0,0.0,0.0,0.0,0.0,0.0,0.0,1.0,0.0
2022-05-04,model_Portfolio,Hold,0.0,0.0,0.0,0.0,0.0,0.0,0.0,0.0,1.0,0.0
2022-05-05,model_Portfolio,Hold,0.0,0.0,0.0,0.0,0.0,0.0,0.0,0.0,1.0,0.0
2022-05-06,model_Portfolio,Hold,0.0,0.0,0.0,0.0,0.0,0.0,0.0,0.0,1.0,0.0
2022-05-09,model_Portfolio,Hold,0.0,0.0,0.0,0.0,0.0,0.0,0.0,0.0,1.0,0.0
2022-05-10,model_Portfolio,Hold,0.0,0.0,0.0,0.0,0.0,0.0,0.0,0.0,1.0,0.0
2022-05-11,model_Portfolio,Hold,0.0,0.0,0.0,0.0,0.0,0.0,0.0,0.0,1.0,0.0
2022-05-12,model_Portfolio,Hold,0.0,0.0,0.0,0.0,0.0,0.0,0.0,0.0,1.0,0.0
2022-05-13,model_Portfolio,Hold,0.0,0.0,0.0,0.0,0.0,0.0,0.0,0.0,1.0,0.0
2022-05-16,model_Portfolio,Hold,0.0,0.0,0.0,0.0,0.0,0.0,0.0,0.0,1.0,0.0
2022-05-17,model_Portfolio,Hold,0.0,0.0,0.0,0.0,0.0,0.0,0.0,0.0,1.0,0.0
2022-05-18,model_Portfolio,Hold,0.0,0.0,0.0,0.0,0.0,0.0,0.0,0.0,1.0,0.0
2022-05-19,model_Portfolio,Hold,0.0,0.0,0.0,0.0,0.0,0.0,0.0,0.0,1.0,0.0
2022-05-20,model_Portfolio,Hold,0.0,0.0,0.0,0.0,0.0,0.0,0.0,0.0,1.0,0.0
2022-05-23,model_Portfolio,Hold,0.0,0.0,0.0,0.0,0.0,0.0,0.0,0.0,1.0,0.0
2022-05-24,model_Portfolio,Hold,0.0,0.0,0.0,0.0,0.0,0.0,0.0,0.0,1.0,0.0
2022-05-25,model_Portfolio,Hold,0.0,0.0,0.0,0.0,0.0,0.0,0.0,0.0,1.0,0.0
2022-05-26,model_Portfolio,Hold,0.0,0.0,0.0,0.0,0.0,0.0,0.0,0.0,1.0,0.0
2022-05-27,model_Portfolio,Hold,0.0,0.0,0.0,0.0,0.0,0.0,0.0,0.0,1.0,0.0
2022-05-31,model_Portfolio,Hold,0.0,0.0,0.0,0.0,0.0,0.0,0.0,0.0,1.0,0.0
2022-06-01,model_Portfolio,Hold,0.0,0.0,0.0,0.0,0.0,0.0,0.0,0.0,1.0,0.0
2022-06-02,model_Portfolio,Hold,0.0,0.0,0.0,0.0,0.0,0.0,0.0,0.0,1.0,0.0
2022-06-03,model_Portfolio,Hold,0.0,0.0,0.0,0.0,0.0,0.0,0.0,0.0,1.0,0.0
2022-06-06,model_Portfolio,Hold,0.0,0.0,0.0,0.0,0.0,0.0,0.0,0.0,1.0,0.0
2022-06-07,model_Portfolio,Hold,0.0,0.0,0.0,0.0,0.0,0.0,0.0,0.0,1.0,0.0
2022-06-08,model_Portfolio,Hold,0.0,0.0,0.0,0.0,0.0,0.0,0.0,0.0,1.0,0.0
2022-06-09,model_Portfolio,Hold,0.0,0.0,0.0,0.0,0.0,0.0,0.0,0.0,1.0,0.0
2022-06-10,model_Portfolio,Hold,0.0,0.0,0.0,0.0,0.0,0.0,0.0,0.0,1.0,0.0
2022-06-13,model_Portfolio,Hold,0.0,0.0,0.0,0.0,0.0,0.0,0.0,0.0,1.0,0.0
2022-06-14,model_Portfolio,Hold,0.0,0.0,0.0,0.0,0.0,0.0,0.0,0.0,1.0,0.0
2022-06-15,model_Portfolio,Hold,0.0,0.0,0.0,0.0,0.0,0.0,0.0,0.0,1.0,0.0
2022-06-16,model_Portfolio,Hold,0.0,0.0,0.0,0.0,0.0,0.0,0.0,0.0,1.0,0.0
2022-06-17,model_Portfolio,Hold,0.0,0.0,0.0,0.0,0.0,0.0,0.0,0.0,1.0,0.0
2022-06-21,model_Portfolio,Hold,0.0,0.0,0.0,0.0,0.0,0.0,0.0,0.0,1.0,0.0
2022-06-22,model_Portfolio,Hold,0.0,0.0,0.0,0.0,0.0,0.0,0.0,0.0,1.0,0.0
2022-06-23,model_Portfolio,Hold,0.0,0.0,0.0,0.0,0.0,0.0,0.0,0.0,1.0,0.0
2022-06-24,model_Portfolio,Hold,0.0,0.0,0.0,0.0,0.0,0.0,0.0,0.0,1.0,0.0
2022-06-27,model_Portfolio,Hold,0.0,0.0,0.0,0.0,0.0,0.0,0.0,0.0,1.0,0.0
2022-06-28,model_Portfolio,Hold,0.0,0.0,0.0,0.0,0.0,0.0,0.0,0.0,1.0,0.0
2022-06-29,model_Portfolio,Hold,0.0,0.0,0.0,0.0,0.0,0.0,0.0,0.0,1.0,0.0
2022-06-30,model_Portfolio,Hold,0.0,0.0,0.0,0.0,0.0,0.0,0.0,0.0,1.0,0.0
2022-07-01,model_Portfolio,Hold,0.0,0.0,0.0,0.0,0.0,0.0,0.0,0.0,1.0,0.0
2022-07-05,model_Portfolio,Hold,0.0,0.0,0.0,0.0,0.0,0.0,0.0,0.0,1.0,0.0
2022-07-06,model_Portfolio,Hold,0.0,0.0,0.0,0.0,0.0,0.0,0.0,0.0,1.0,0.0
2022-07-07,model_Portfolio,Hold,0.0,0.0,0.0,0.0,0.0,0.0,0.0,0.0,1.0,0.0
2022-07-08,model_Portfolio,Hold,0.0,0.0,0.0,0.0,0.0,0.0,0.0,0.0,1.0,0.0
2022-07-11,model_Portfolio,Hold,0.0,0.0,0.0,0.0,0.0,0.0,0.0,0.0,1.0,0.0
2022-07-12,model_Portfolio,Hold,0.0,0.0,0.0,0.0,0.0,0.0,0.0,0.0,1.0,0.0
2022-07-13,model_Portfolio,Hold,0.0,0.0,0.0,0.0,0.0,0.0,0.0,0.0,1.0,0.0
2022-07-14,model_Portfolio,Hold,0.0,0.0,0.0,0.0,0.0,0.0,0.0,0.0,1.0,0.0
2022-07-15,model_Portfolio,Hold,0.0,0.0,0.0,0.0,0.0,0.0,0.0,0.0,1.0,0.0
2022-07-18,model_Portfolio,Hold,0.0,0.0,0.0,0.0,0.0,0.0,0.0,0.0,1.0,0.0
2022-07-19,model_Portfolio,Hold,0.0,0.0,0.0,0.0,0.0,0.0,0.0,0.0,1.0,0.0
2022-07-20,model_Portfolio,Hold,0.0,0.0,0.0,0.0,0.0,0.0,0.0,0.0,1.0,0.0
2022-07-21,model_Portfolio,Hold,0.0,0.0,0.0,0.0,0.0,0.0,0.0,0.0,1.0,0.0
2022-07-22,model_Portfolio,Hold,0.0,0.0,0.0,0.0,0.0,0.0,0.0,0.0,1.0,0.0
2022-07-25,model_Portfolio,Hold,0.0,0.0,0.0,0.0,0.0,0.0,0.0,0.0,1.0,0.0
2022-07-26,model_Portfolio,Hold,0.0,0.0,0.0,0.0,0.0,0.0,0.0,0.0,1.0,0.0
2022-07-27,model_Portfolio,Hold,0.0,0.0,0.0,0.0,0.0,0.0,0.0,0.0,1.0,0.0
2022-07-28,model_Portfolio,Hold,0.0,0.0,0.0,0.0,0.0,0.0,0.0,0.0,1.0,0.0
2022-07-29,model_Portfolio,Hold,0.0,0.0,0.0,0.0,0.0,0.0,0.0,0.0,1.0,0.0
2022-08-01,model_Portfolio,Hold,0.0,0.0,0.0,0.0,0.0,0.0,0.0,0.0,1.0,0.0
2022-08-02,model_Portfolio,Hold,0.0,0.0,0.0,0.0,0.0,0.0,0.0,0.0,1.0,0.0
2022-08-03,model_Portfolio,Hold,0.0,0.0,0.0,0.0,0.0,0.0,0.0,0.0,1.0,0.0
2022-08-04,model_Portfolio,Hold,0.0,0.0,0.0,0.0,0.0,0.0,0.0,0.0,1.0,0.0
2022-08-05,model_Portfolio,Hold,0.0,0.0,0.0,0.0,0.0,0.0,0.0,0.0,1.0,0.0
2022-08-08,model_Portfolio,Hold,0.0,0.0,0.0,0.0,0.0,0.0,0.0,0.0,1.0,0.0
2022-08-09,model_Portfolio,Hold,0.0,0.0,0.0,0.0,0.0,0.0,0.0,0.0,1.0,0.0
2022-08-10,model_Portfolio,Hold,0.0,0.0,0.0,0.0,0.0,0.0,0.0,0.0,1.0,0.0
2022-08-11,model_Portfolio,Hold,0.0,0.0,0.0,0.0,0.0,0.0,0.0,0.0,1.0,0.0
2022-08-12,model_Portfolio,Hold,0.0,0.0,0.0,0.0,0.0,0.0,0.0,0.0,1.0,0.0
2022-08-15,model_Portfolio,Hold,0.0,0.0,0.0,0.0,0.0,0.0,0.0,0.0,1.0,0.0
2022-08-16,model_Portfolio,Hold,0.0,0.0,0.0,0.0,0.0,0.0,0.0,0.0,1.0,0.0
2022-08-17,model_Portfolio,Hold,0.0,0.0,0.0,0.0,0.0,0.0,0.0,0.0,1.0,0.0
2022-08-18,model_Portfolio,Hold,0.0,0.0,0.0,0.0,0.0,0.0,0.0,0.0,1.0,0.0
2022-08-19,model_Portfolio,Hold,0.0,0.0,0.0,0.0,0.0,0.0,0.0,0.0,1.0,0.0
2022-08-22,model_Portfolio,Hold,0.0,0.0,0.0,0.0,0.0,0.0,0.0,0.0,1.0,0.0
2022-08-23,model_Portfolio,Hold,0.0,0.0,0.0,0.0,0.0,0.0,0.0,0.0,1.0,0.0
2022-08-24,model_Portfolio,Hold,0.0,0.0,0.0,0.0,0.0,0.0,0.0,0.0,1.0,0.0
2022-08-25,model_Portfolio,Hold,0.0,0.0,0.0,0.0,0.0,0.0,0.0,0.0,1.0,0.0
2022-08-26,model_Portfolio,Hold,0.0,0.0,0.0,0.0,0.0,0.0,0.0,0.0,1.0,0.0
2022-08-29,model_Portfolio,Hold,0.0,0.0,0.0,0.0,0.0,0.0,0.0,0.0,1.0,0.0
2022-08-30,model_Portfolio,Hold,0.0,0.0,0.0,0.0,0.0,0.0,0.0,0.0,1.0,0.0
2022-08-31,model_Portfolio,Hold,0.0,0.0,0.0,0.0,0.0,0.0,0.0,0.0,1.0,0.0
2022-09-01,model_Portfolio,Hold,0.0,0.0,0.0,0.0,0.0,0.0,0.0,0.0,1.0,0.0
2022-09-02,model_Portfolio,Hold,0.0,0.0,0.0,0.0,0.0,0.0,0.0,0.0,1.0,0.0
2022-09-06,model_Portfolio,Hold,0.0,0.0,0.0,0.0,0.0,0.0,0.0,0.0,1.0,0.0
2022-09-07,model_Portfolio,Hold,0.0,0.0,0.0,0.0,0.0,0.0,0.0,0.0,1.0,0.0
2022-09-08,model_Portfolio,Hold,0.0,0.0,0.0,0.0,0.0,0.0,0.0,0.0,1.0,0.0
2022-09-09,model_Portfolio,Hold,0.0,0.0,0.0,0.0,0.0,0.0,0.0,0.0,1.0,0.0
2022-09-12,model_Portfolio,Hold,0.0,0.0,0.0,0.0,0.0,0.0,0.0,0.0,1.0,0.0
2022-09-13,model_Portfolio,Hold,0.0,0.0,0.0,0.0,0.0,0.0,0.0,0.0,1.0,0.0
2022-09-14,model_Portfolio,Hold,0.0,0.0,0.0,0.0,0.0,0.0,0.0,0.0,1.0,0.0
2022-09-15,model_Portfolio,Hold,0.0,0.0,0.0,0.0,0.0,0.0,0.0,0.0,1.0,0.0
2022-09-16,model_Portfolio,Hold,0.0,0.0,0.0,0.0,0.0,0.0,0.0,0.0,1.0,0.0
2022-09-19,model_Portfolio,Hold,0.0,0.0,0.0,0.0,0.0,0.0,0.0,0.0,1.0,0.0
2022-09-20,model_Portfolio,Hold,0.0,0.0,0.0,0.0,0.0,0.0,0.0,0.0,1.0,0.0
2022-09-21,model_Portfolio,Hold,0.0,0.0,0.0,0.0,0.0,0.0,0.0,0.0,1.0,0.0
2022-09-22,model_Portfolio,Hold,0.0,0.0,0.0,0.0,0.0,0.0,0.0,0.0,1.0,0.0
2022-09-23,model_Portfolio,Hold,0.0,0.0,0.0,0.0,0.0,0.0,0.0,0.0,1.0,0.0
2022-09-26,model_Portfolio,Hold,0.0,0.0,0.0,0.0,0.0,0.0,0.0,0.0,1.0,0.0
2022-09-27,model_Portfolio,Hold,0.0,0.0,0.0,0.0,0.0,0.0,0.0,0.0,1.0,0.0
2022-09-28,model_Portfolio,Hold,0.0,0.0,0.0,0.0,0.0,0.0,0.0,0.0,1.0,0.0
2022-09-29,model_Portfolio,Hold,0.0,0.0,0.0,0.0,0.0,0.0,0.0,0.0,1.0,0.0
2022-09-30,model_Portfolio,Hold,0.0,0.0,0.0,0.0,0.0,0.0,0.0,0.0,1.0,0.0
2022-10-03,model_Portfolio,Hold,0.0,0.0,0.0,0.0,0.0,0.0,0.0,0.0,1.0,0.0
2022-10-04,model_Portfolio,Hold,0.0,0.0,0.0,0.0,0.0,0.0,0.0,0.0,1.0,0.0
2022-10-05,model_Portfolio,Hold,0.0,0.0,0.0,0.0,0.0,0.0,0.0,0.0,1.0,0.0
2022-10-06,model_Portfolio,Hold,0.0,0.0,0.0,0.0,0.0,0.0,0.0,0.0,1.0,0.0
2022-10-07,model_Portfolio,Hold,0.0,0.0,0.0,0.0,0.0,0.0,0.0,0.0,1.0,0.0
2022-10-10,model_Portfolio,Hold,0.0,0.0,0.0,0.0,0.0,0.0,0.0,0.0,1.0,0.0
2022-10-11,model_Portfolio,Hold,0.0,0.0,0.0,0.0,0.0,0.0,0.0,0.0,1.0,0.0
2022-10-12,model_Portfolio,Hold,0.0,0.0,0.0,0.0,0.0,0.0,0.0,0.0,1.0,0.0
2022-10-13,model_Portfolio,Hold,0.0,0.0,0.0,0.0,0.0,0.0,0.0,0.0,1.0,0.0
2022-10-14,model_Portfolio,Hold,0.0,0.0,0.0,0.0,0.0,0.0,0.0,0.0,1.0,0.0
2022-10-17,model_Portfolio,Hold,0.0,0.0,0.0,0.0,0.0,0.0,0.0,0.0,1.0,0.0
2022-10-18,model_Portfolio,Hold,0.0,0.0,0.0,0.0,0.0,0.0,0.0,0.0,1.0,0.0
2022-10-19,model_Portfolio,Hold,0.0,0.0,0.0,0.0,0.0,0.0,0.0,0.0,1.0,0.0
2022-10-20,model_Portfolio,Hold,0.0,0.0,0.0,0.0,0.0,0.0,0.0,0.0,1.0,0.0
2022-10-21,model_Portfolio,Hold,0.0,0.0,0.0,0.0,0.0,0.0,0.0,0.0,1.0,0.0
2022-10-24,model_Portfolio,Hold,0.0,0.0,0.0,0.0,0.0,0.0,0.0,0.0,1.0,0.0
2022-10-25,model_Portfolio,Hold,0.0,0.0,0.0,0.0,0.0,0.0,0.0,0.0,1.0,0.0
2022-10-26,model_Portfolio,Hold,0.0,0.0,0.0,0.0,0.0,0.0,0.0,0.0,1.0,0.0
2022-10-27,model_Portfolio,Hold,0.0,0.0,0.0,0.0,0.0,0.0,0.0,0.0,1.0,0.0
2022-10-28,model_Portfolio,Hold,0.0,0.0,0.0,0.0,0.0,0.0,0.0,0.0,1.0,0.0
2022-10-31,model_Portfolio,Hold,0.0,0.0,0.0,0.0,0.0,0.0,0.0,0.0,1.0,0.0
2022-11-01,model_Portfolio,Hold,0.0,0.0,0.0,0.0,0.0,0.0,0.0,0.0,1.0,0.0
2022-11-02,model_Portfolio,Hold,0.0,0.0,0.0,0.0,0.0,0.0,0.0,0.0,1.0,0.0
2022-11-03,model_Portfolio,Hold,0.0,0.0,0.0,0.0,0.0,0.0,0.0,0.0,1.0,0.0
2022-11-04,model_Portfolio,Hold,0.0,0.0,0.0,0.0,0.0,0.0,0.0,0.0,1.0,0.0
2022-11-07,model_Portfolio,Hold,0.0,0.0,0.0,0.0,0.0,0.0,0.0,0.0,1.0,0.0
2022-11-08,model_Portfolio,Hold,0.0,0.0,0.0,0.0,0.0,0.0,0.0,0.0,1.0,0.0
2022-11-09,model_Portfolio,Hold,0.0,0.0,0.0,0.0,0.0,0.0,0.0,0.0,1.0,0.0
2022-11-10,model_Portfolio,Hold,0.0,0.0,0.0,0.0,0.0,0.0,0.0,0.0,1.0,0.0
2022-11-11,model_Portfolio,Hold,0.0,0.0,0.0,0.0,0.0,0.0,0.0,0.0,1.0,0.0
2022-11-14,model_Portfolio,Hold,0.0,0.0,0.0,0.0,0.0,0.0,0.0,0.0,1.0,0.0
2022-11-15,model_Portfolio,Hold,0.0,0.0,0.0,0.0,0.0,0.0,0.0,0.0,1.0,0.0
2022-11-16,model_Portfolio,Hold,0.0,0.0,0.0,0.0,0.0,0.0,0.0,0.0,1.0,0.0
2022-11-17,model_Portfolio,Hold,0.0,0.0,0.0,0.0,0.0,0.0,0.0,0.0,1.0,0.0
2022-11-18,model_Portfolio,Hold,0.0,0.0,0.0,0.0,0.0,0.0,0.0,0.0,1.0,0.0
2022-11-21,model_Portfolio,Hold,0.0,0.0,0.0,0.0,0.0,0.0,0.0,0.0,1.0,0.0
2022-11-22,model_Portfolio,Hold,0.0,0.0,0.0,0.0,0.0,0.0,0.0,0.0,1.0,0.0
2022-11-23,model_Portfolio,Hold,0.0,0.0,0.0,0.0,0.0,0.0,0.0,0.0,1.0,0.0
2022-11-25,model_Portfolio,Hold,0.0,0.0,0.0,0.0,0.0,0.0,0.0,0.0,1.0,0.0
2022-11-28,model_Portfolio,Hold,0.0,0.0,0.0,0.0,0.0,0.0,0.0,0.0,1.0,0.0
2022-11-29,model_Portfolio,Hold,0.0,0.0,0.0,0.0,0.0,0.0,0.0,0.0,1.0,0.0
2022-11-30,model_Portfolio,Hold,0.0,0.0,0.0,0.0,0.0,0.0,0.0,0.0,1.0,0.0
2022-12-01,model_Portfolio,Hold,0.0,0.0,0.0,0.0,0.0,0.0,0.0,0.0,1.0,0.0
2022-12-02,model_Portfolio,Hold,0.0,0.0,0.0,0.0,0.0,0.0,0.0,0.0,1.0,0.0
2022-12-05,model_Portfolio,Hold,0.0,0.0,0.0,0.0,0.0,0.0,0.0,0.0,1.0,0.0
2022-12-06,model_Portfolio,Hold,0.0,0.0,0.0,0.0,0.0,0.0,0.0,0.0,1.0,0.0
2022-12-07,model_Portfolio,Hold,0.0,0.0,0.0,0.0,0.0,0.0,0.0,0.0,1.0,0.0
2022-12-08,model_Portfolio,Hold,0.0,0.0,0.0,0.0,0.0,0.0,0.0,0.0,1.0,0.0
2022-12-09,model_Portfolio,Hold,0.0,0.0,0.0,0.0,0.0,0.0,0.0,0.0,1.0,0.0
2022-12-12,model_Portfolio,Hold,0.0,0.0,0.0,0.0,0.0,0.0,0.0,0.0,1.0,0.0
2022-12-13,model_Portfolio,Hold,0.0,0.0,0.0,0.0,0.0,0.0,0.0,0.0,1.0,0.0
2022-12-14,model_Portfolio,Hold,0.0,0.0,0.0,0.0,0.0,0.0,0.0,0.0,1.0,0.0
2022-12-15,model_Portfolio,Hold,0.0,0.0,0.0,0.0,0.0,0.0,0.0,0.0,1.0,0.0
2022-12-16,model_Portfolio,Hold,0.0,0.0,0.0,0.0,0.0,0.0,0.0,0.0,1.0,0.0
2022-12-19,model_Portfolio,Hold,0.0,0.0,0.0,0.0,0.0,0.0,0.0,0.0,1.0,0.0
2022-12-20,model_Portfolio,Hold,0.0,0.0,0.0,0.0,0.0,0.0,0.0,0.0,1.0,0.0
2022-12-21,model_Portfolio,Hold,0.0,0.0,0.0,0.0,0.0,0.0,0.0,0.0,1.0,0.0
2022-12-22,model_Portfolio,Hold,0.0,0.0,0.0,0.0,0.0,0.0,0.0,0.0,1.0,0.0
2022-12-23,model_Portfolio,Hold,0.0,0.0,0.0,0.0,0.0,0.0,0.0,0.0,1.0,0.0
2022-12-27,model_Portfolio,Hold,0.0,0.0,0.0,0.0,0.0,0.0,0.0,0.0,1.0,0.0
2022-12-28,model_Portfolio,Hold,0.0,0.0,0.0,0.0,0.0,0.0,0.0,0.0,1.0,0.0
2022-12-29,model_Portfolio,Hold,0.0,0.0,0.0,0.0,0.0,0.0,0.0,0.0,1.0,0.0
2022-12-30,model_Portfolio,Hold,0.0,0.0,0.0,0.0,0.0,0.0,0.0,0.0,1.0,0.0
2023-01-03,model_Portfolio,Rebalance,0.2207,0.1124,0.2608,0.0195,0.1394,0.1178,0.011,0.0346,0.0117,0.0718
2023-01-04,model_Portfolio,Hold,0.2242,0.1122,0.2623,0.0194,0.1348,0.1179,0.0113,0.0342,0.012,0.0717
2023-01-05,model_Portfolio,Hold,0.2256,0.1106,0.2634,0.0191,0.1349,0.1173,0.0111,0.0339,0.0119,0.0724
2023-01-06,model_Portfolio,Hold,0.2232,0.1105,0.2654,0.0193,0.1352,0.1176,0.0112,0.0335,0.012,0.0723
2023-01-09,model_Portfolio,Hold,0.224,0.1129,0.2582,0.0197,0.1374,0.1188,0.0111,0.0339,0.0121,0.072
2023-01-10,model_Portfolio,Hold,0.2258,0.1126,0.2584,0.0201,0.1361,0.1183,0.0111,0.0338,0.0121,0.0715
2023-01-11,model_Portfolio,Hold,0.2232,0.115,0.2566,0.0212,0.1371,0.1177,0.0115,0.0348,0.0121,0.0708
2023-01-12,model_Portfolio,Hold,0.2203,0.1159,0.2558,0.0212,0.1417,0.1166,0.0117,0.0346,0.0121,0.0701
2023-01-13,model_Portfolio,Hold,0.2225,0.1142,0.2572,0.0216,0.1404,0.116,0.0116,0.0347,0.012,0.0698
2023-01-17,model_Portfolio,Hold,0.2234,0.1159,0.257,0.0213,0.1404,0.1146,0.0117,0.0345,0.0118,0.0694
2023-01-18,model_Portfolio,Hold,0.2232,0.1148,0.2591,0.0215,0.1392,0.1151,0.0118,0.035,0.0116,0.0687
2023-01-19,model_Portfolio,Hold,0.2244,0.1131,0.2554,0.0211,0.1431,0.1143,0.0117,0.0359,0.0113,0.0697
2023-01-20,model_Portfolio,Hold,0.2236,0.1148,0.2536,0.0217,0.1419,0.1146,0.0118,0.0373,0.0113,0.0695
2023-01-23,model_Portfolio,Hold,0.2244,0.1135,0.2536,0.0216,0.1418,0.1154,0.0119,0.0377,0.0114,0.0688
2023-01-24,model_Portfolio,Hold,0.2225,0.1122,0.2592,0.0214,0.1383,0.1177,0.0119,0.0371,0.0108,0.069
2023-01-25,model_Portfolio,Hold,0.2203,0.1119,0.2612,0.0217,0.139,0.1176,0.0118,0.0363,0.0106,0.0696
2023-01-26,model_Portfolio,Hold,0.2191,0.1117,0.2592,0.022,0.1421,0.1186,0.0117,0.0369,0.0106,0.0681
2023-01-27,model_Portfolio,Hold,0.2167,0.1128,0.2588,0.0227,0.1431,0.1176,0.012,0.0376,0.0108,0.0679
2023-01-30,model_Portfolio,Hold,0.218,0.1124,0.2612,0.0225,0.1392,0.1184,0.0118,0.037,0.0106,0.0689
2023-01-31,model_Portfolio,Hold,0.2172,0.1132,0.26,0.0228,0.1383,0.1196,0.012,0.0373,0.0107,0.069
2023-02-01,model_Portfolio,Hold,0.2186,0.1145,0.258,0.0231,0.1347,0.1181,0.0121,0.0377,0.0107,0.0725
2023-02-02,model_Portfolio,Hold,0.2233,0.1208,0.2469,0.0253,0.1338,0.1117,0.0129,0.0412,0.0113,0.0729
2023-02-03,model_Portfolio,Hold,0.2246,0.12,0.2511,0.0234,0.1342,0.1088,0.0128,0.0404,0.0112,0.0735
2023-02-06,model_Portfolio,Hold,0.2237,0.1187,0.2531,0.0232,0.1348,0.1086,0.0128,0.0399,0.0112,0.074
2023-02-07,model_Portfolio,Hold,0.2234,0.1186,0.2513,0.0229,0.1384,0.108,0.0126,0.0412,0.0111,0.0725
2023-02-08,model_Portfolio,Hold,0.2223,0.1186,0.256,0.0227,0.1349,0.1101,0.0127,0.0385,0.011,0.0732
2023-02-09,model_Portfolio,Hold,0.221,0.1204,0.2564,0.0226,0.1333,0.1114,0.0128,0.0373,0.0109,0.0739
2023-02-10,model_Portfolio,Hold,0.2189,0.1186,0.2547,0.0222,0.14,0.1106,0.0127,0.0367,0.0109,0.0746
2023-02-13,model_Portfolio,Hold,0.2186,0.1199,0.2576,0.0226,0.136,0.1097,0.0127,0.0366,0.011,0.0752
2023-02-14,model_Portfolio,Hold,0.2187,0.1199,0.2557,0.0229,0.1375,0.109,0.0128,0.0371,0.011,0.0754
2023-02-15,model_Portfolio,Hold,0.2186,0.121,0.2558,0.0232,0.1337,0.1101,0.0128,0.0379,0.0111,0.0757
2023-02-16,model_Portfolio,Hold,0.219,0.1199,0.2586,0.0228,0.1316,0.1101,0.0127,0.0379,0.0111,0.0763
2023-02-17,model_Portfolio,Hold,0.2218,0.1188,0.2611,0.0227,0.1257,0.1104,0.0127,0.0376,0.0113,0.0779
2023-02-21,model_Portfolio,Hold,0.2195,0.1177,0.2614,0.0225,0.128,0.1116,0.0126,0.0373,0.0111,0.0784
2023-02-22,model_Portfolio,Hold,0.2178,0.1181,0.2627,0.0228,0.1275,0.1121,0.0125,0.0373,0.0111,0.078
2023-02-23,model_Portfolio,Hold,0.2166,0.1183,0.2602,0.0228,0.1312,0.1122,0.0125,0.0369,0.011,0.0783
2023-02-24,model_Portfolio,Hold,0.2134,0.1169,0.2639,0.0223,0.1323,0.1134,0.0122,0.0364,0.011,0.0782
2023-02-27,model_Portfolio,Hold,0.2123,0.117,0.2631,0.0224,0.1326,0.1154,0.0122,0.0367,0.0111,0.0773
2023-02-28,model_Portfolio,Hold,0.2163,0.1166,0.2626,0.0225,0.1296,0.1155,0.0121,0.0368,0.011,0.077
2023-03-01,model_Portfolio,Hold,0.2142,0.1156,0.2622,0.022,0.1337,0.1163,0.0115,0.0369,0.0112,0.0765
2023-03-02,model_Portfolio,Hold,0.2164,0.1155,0.2581,0.0218,0.1349,0.117,0.0114,0.0373,0.0111,0.0764
2023-03-03,model_Portfolio,Hold,0.2171,0.1155,0.2577,0.0222,0.1358,0.1164,0.0113,0.0374,0.0111,0.0754
2023-03-06,model_Portfolio,Hold,0.215,0.1165,0.2586,0.0221,0.1334,0.1165,0.0115,0.0382,0.011,0.077
2023-03-07,model_Portfolio,Hold,0.2132,0.1163,0.2591,0.0224,0.1325,0.1181,0.0114,0.0384,0.011,0.0774
2023-03-08,model_Portfolio,Hold,0.2135,0.1169,0.2573,0.0227,0.1313,0.1183,0.0117,0.0389,0.011,0.0784
2023-03-09,model_Portfolio,Hold,0.2143,0.1175,0.2573,0.0227,0.1287,0.1182,0.0115,0.0388,0.0111,0.0799
2023-03-10,model_Portfolio,Hold,0.2157,0.1162,0.2581,0.0227,0.127,0.1189,0.0107,0.0387,0.0111,0.0809
2023-03-13,model_Portfolio,Hold,0.2207,0.1166,0.2531,0.0234,0.1232,0.12,0.0107,0.0393,0.0112,0.0818
2023-03-14,model_Portfolio,Hold,0.2192,0.116,0.2544,0.0237,0.123,0.1208,0.0107,0.0401,0.011,0.0811
2023-03-15,model_Portfolio,Hold,0.223,0.1159,0.2529,0.0247,0.116,0.12,0.011,0.0421,0.0112,0.0833
2023-03-16,model_Portfolio,Hold,0.2221,0.1171,0.2539,0.0252,0.1168,0.1191,0.0105,0.0432,0.0112,0.0808
2023-03-17,model_Portfolio,Hold,0.2216,0.1179,0.2536,0.0254,0.1151,0.1192,0.0105,0.0446,0.0113,0.0808
2023-03-20,model_Portfolio,Hold,0.2194,0.1169,0.2574,0.0246,0.117,0.1189,0.0104,0.0436,0.0112,0.0806
2023-03-21,model_Portfolio,Hold,0.2163,0.117,0.2579,0.0249,0.1224,0.1165,0.0102,0.0443,0.011,0.0793
2023-03-22,model_Portfolio,Hold,0.2173,0.1173,0.2565,0.0249,0.1223,0.1173,0.0099,0.0445,0.0109,0.079
2023-03-23,model_Portfolio,Hold,0.2174,0.1257,0.2538,0.0249,0.121,0.1136,0.0098,0.0454,0.0109,0.0776
2023-03-24,model_Portfolio,Hold,0.2181,0.1249,0.2535,0.0246,0.1219,0.1131,0.0101,0.045,0.0108,0.0779
2023-03-27,model_Portfolio,Hold,0.2177,0.1251,0.2528,0.0244,0.1242,0.1135,0.0099,0.0435,0.0108,0.078
2023-03-28,model_Portfolio,Hold,0.2143,0.1253,0.2542,0.0241,0.1258,0.1147,0.0099,0.0428,0.0108,0.078
2023-03-29,model_Portfolio,Hold,0.2152,0.1261,0.2542,0.0246,0.1244,0.1145,0.0102,0.0425,0.0108,0.0774
2023-03-30,model_Portfolio,Hold,0.2158,0.1271,0.2536,0.025,0.1223,0.1157,0.0103,0.0422,0.0107,0.0772
2023-03-31,model_Portfolio,Hold,0.2172,0.1266,0.2507,0.0249,0.1228,0.1177,0.0103,0.0427,0.0108,0.0762
2023-04-03,model_Portfolio,Hold,0.215,0.1249,0.248,0.0244,0.1318,0.1169,0.0101,0.0424,0.0106,0.0758
2023-04-04,model_Portfolio,Hold,0.219,0.1257,0.2466,0.0249,0.1289,0.1161,0.0101,0.0428,0.0105,0.0754
2023-04-05,model_Portfolio,Hold,0.2217,0.1235,0.2484,0.0242,0.1283,0.1154,0.0101,0.0427,0.0104,0.0753
2023-04-06,model_Portfolio,Hold,0.2224,0.1233,0.2479,0.0243,0.1282,0.1143,0.0101,0.0441,0.0103,0.075
2023-04-10,model_Portfolio,Hold,0.2193,0.123,0.2489,0.0243,0.1313,0.1146,0.01,0.0432,0.0104,0.075
2023-04-11,model_Portfolio,Hold,0.2168,0.1241,0.2498,0.0236,0.133,0.1145,0.0099,0.0425,0.0105,0.0754
2023-04-12,model_Portfolio,Hold,0.2158,0.1238,0.2515,0.0232,0.1325,0.1155,0.0098,0.0423,0.0105,0.0751
2023-04-13,model_Portfolio,Hold,0.2168,0.1231,0.2501,0.024,0.1338,0.1147,0.0095,0.0429,0.0106,0.0746
2023-04-14,model_Portfolio,Hold,0.2178,0.1207,0.2501,0.024,0.135,0.114,0.0094,0.0436,0.0106,0.0748
2023-04-17,model_Portfolio,Hold,0.2193,0.1211,0.2518,0.0241,0.1309,0.1142,0.0099,0.0425,0.0107,0.0756
2023-04-18,model_Portfolio,Hold,0.2182,0.121,0.2527,0.024,0.1305,0.1147,0.0098,0.0418,0.0106,0.0766
2023-04-19,model_Portfolio,Hold,0.2313,0.1189,0.2486,0.024,0.1262,0.1138,0.0098,0.041,0.0104,0.0759
2023-04-20,model_Portfolio,Hold,0.2297,0.1183,0.2494,0.0242,0.1248,0.1158,0.0098,0.0419,0.0104,0.0759
2023-04-21,model_Portfolio,Hold,0.2324,0.1186,0.2475,0.0249,0.1232,0.115,0.0099,0.0419,0.0104,0.0761
2023-04-24,model_Portfolio,Hold,0.2293,0.1187,0.2474,0.0247,0.125,0.1158,0.0098,0.042,0.0104,0.0768
2023-04-25,model_Portfolio,Hold,0.2314,0.1175,0.2494,0.0241,0.1214,0.116,0.0097,0.0417,0.0105,0.0784
2023-04-26,model_Portfolio,Hold,0.2308,0.1187,0.2502,0.0249,0.1194,0.1153,0.0097,0.0421,0.0104,0.0785
2023-04-27,model_Portfolio,Hold,0.2264,0.1175,0.2589,0.0254,0.1173,0.1146,0.0097,0.0425,0.0104,0.0773
2023-04-28,model_Portfolio,Hold,0.2261,0.1183,0.2577,0.0242,0.12,0.1146,0.0097,0.042,0.0104,0.0771
2023-05-01,model_Portfolio,Hold,0.2267,0.1176,0.2588,0.0233,0.1197,0.1149,0.0095,0.0418,0.0103,0.0773
2023-05-02,model_Portfolio,Hold,0.2317,0.1186,0.2571,0.0241,0.1136,0.1157,0.0095,0.0418,0.0102,0.0777
2023-05-03,model_Portfolio,Hold,0.2336,0.1186,0.2539,0.0242,0.1136,0.1169,0.0097,0.0421,0.0103,0.0771
2023-05-04,model_Portfolio,Hold,0.2356,0.1168,0.2559,0.0247,0.109,0.1176,0.0098,0.0425,0.0103,0.0777
2023-05-05,model_Portfolio,Hold,0.2338,0.1152,0.2561,0.0248,0.111,0.1186,0.0099,0.0424,0.0104,0.0778
2023-05-08,model_Portfolio,Hold,0.2334,0.1149,0.2566,0.0249,0.1107,0.1183,0.0098,0.0433,0.0103,0.0777
2023-05-09,model_Portfolio,Hold,0.2342,0.1154,0.2582,0.0253,0.112,0.1131,0.0098,0.0436,0.0102,0.0782
2023-05-10,model_Portfolio,Hold,0.2347,0.1176,0.255,0.0261,0.1106,0.1133,0.0099,0.0453,0.0102,0.0772
2023-05-11,model_Portfolio,Hold,0.2332,0.119,0.2546,0.0266,0.1115,0.1114,0.0097,0.0472,0.0102,0.0767
2023-05-12,model_Portfolio,Hold,0.2339,0.121,0.2522,0.0261,0.111,0.1119,0.0096,0.0475,0.0101,0.0766
2023-05-15,model_Portfolio,Hold,0.2327,0.1213,0.2525,0.0264,0.111,0.1126,0.0097,0.0472,0.0102,0.0765
2023-05-16,model_Portfolio,Hold,0.2336,0.123,0.2524,0.0271,0.1074,0.1119,0.0096,0.0488,0.01,0.0763
2023-05-17,model_Portfolio,Hold,0.23,0.1241,0.2538,0.0273,0.1094,0.111,0.0096,0.0488,0.0101,0.0759
2023-05-18,model_Portfolio,Hold,0.2282,0.1248,0.2554,0.0278,0.1095,0.1102,0.0094,0.0494,0.0102,0.0752
2023-05-19,model_Portfolio,Hold,0.228,0.1251,0.2539,0.0272,0.1112,0.111,0.0092,0.0491,0.0101,0.0751
2023-05-22,model_Portfolio,Hold,0.2272,0.126,0.2536,0.027,0.1117,0.1098,0.0094,0.0502,0.0104,0.0748
2023-05-23,model_Portfolio,Hold,0.2241,0.1259,0.2539,0.0273,0.1143,0.1094,0.0095,0.0496,0.0104,0.0755
2023-05-24,model_Portfolio,Hold,0.2226,0.1266,0.2506,0.028,0.117,0.1102,0.0093,0.0494,0.0101,0.0762
2023-05-25,model_Portfolio,Hold,0.2196,0.1294,0.2521,0.0277,0.1139,0.1113,0.0091,0.0507,0.0101,0.0761
2023-05-26,model_Portfolio,Hold,0.2192,0.1334,0.2493,0.0286,0.1132,0.111,0.0091,0.0507,0.01,0.0754
2023-05-30,model_Portfolio,Hold,0.2171,0.1358,0.2527,0.0291,0.1095,0.1113,0.0091,0.0504,0.0099,0.075
2023-05-31,model_Portfolio,Hold,0.2197,0.1359,0.2509,0.0291,0.1088,0.1102,0.0093,0.0506,0.0097,0.0758
2023-06-01,model_Portfolio,Hold,0.2199,0.1346,0.251,0.0294,0.109,0.1111,0.0091,0.0506,0.0098,0.0756
2023-06-02,model_Portfolio,Hold,0.2174,0.134,0.2521,0.029,0.1118,0.1115,0.0092,0.0497,0.0104,0.075
2023-06-05,model_Portfolio,Hold,0.2176,0.1317,0.2554,0.0294,0.1103,0.1116,0.0092,0.0505,0.01,0.0742
2023-06-06,model_Portfolio,Hold,0.2147,0.1329,0.2568,0.0296,0.1109,0.1108,0.0094,0.0509,0.01,0.074
2023-06-07,model_Portfolio,Hold,0.2115,0.1335,0.2582,0.0282,0.1138,0.1118,0.0096,0.0487,0.0102,0.0744
2023-06-08,model_Portfolio,Hold,0.2106,0.1325,0.2586,0.0291,0.113,0.1126,0.0096,0.0488,0.0102,0.0751
2023-06-09,model_Portfolio,Hold,0.2123,0.1329,0.2612,0.0288,0.1109,0.1106,0.0096,0.0487,0.0101,0.0748
2023-06-12,model_Portfolio,Hold,0.2115,0.134,0.2602,0.0295,0.1097,0.1107,0.0096,0.0493,0.0102,0.0753
2023-06-13,model_Portfolio,Hold,0.2103,0.1342,0.26,0.0293,0.1107,0.1119,0.0096,0.0489,0.0103,0.0749
2023-06-14,model_Portfolio,Hold,0.2132,0.1342,0.2576,0.0292,0.1105,0.1134,0.0096,0.0488,0.0102,0.0734
2023-06-15,model_Portfolio,Hold,0.2133,0.1356,0.2571,0.0289,0.112,0.1123,0.0094,0.0485,0.0102,0.0726
2023-06-16,model_Portfolio,Hold,0.2162,0.1341,0.2564,0.0286,0.1113,0.1135,0.0089,0.048,0.0103,0.0726
2023-06-20,model_Portfolio,Hold,0.2198,0.1348,0.2533,0.029,0.1097,0.1133,0.0089,0.0484,0.0102,0.0725
2023-06-21,model_Portfolio,Hold,0.2193,0.1333,0.2528,0.0288,0.1123,0.1135,0.0089,0.0475,0.0102,0.0734
2023-06-22,model_Portfolio,Hold,0.2235,0.1308,0.253,0.0301,0.109,0.1131,0.0087,0.0486,0.0101,0.0731
2023-06-23,model_Portfolio,Hold,0.2253,0.1283,0.2539,0.0302,0.108,0.1135,0.0087,0.0487,0.0102,0.0733
2023-06-26,model_Portfolio,Hold,0.2254,0.1274,0.2547,0.0296,0.1091,0.1132,0.0091,0.047,0.0101,0.0744
2023-06-27,model_Portfolio,Hold,0.2228,0.1282,0.2569,0.0299,0.1077,0.1146,0.0091,0.0467,0.0099,0.0742
2023-06-28,model_Portfolio,Hold,0.2221,0.1284,0.256,0.0298,0.109,0.1143,0.0088,0.0474,0.0099,0.0743
2023-06-29,model_Portfolio,Hold,0.22,0.13,0.2563,0.0292,0.1102,0.1146,0.0089,0.0465,0.0098,0.0744
2023-06-30,model_Portfolio,Hold,0.2206,0.1288,0.2562,0.0295,0.1099,0.1159,0.0088,0.0463,0.0098,0.0742
2023-07-03,model_Portfolio,Hold,0.2172,0.1299,0.2579,0.0295,0.1097,0.1151,0.0091,0.0464,0.0099,0.0753
2023-07-05,model_Portfolio,Hold,0.2182,0.1299,0.2577,0.0296,0.111,0.1119,0.0091,0.0473,0.0097,0.0756
2023-07-06,model_Portfolio,Hold,0.219,0.1298,0.2581,0.0293,0.1093,0.1125,0.0092,0.0469,0.0095,0.0762
2023-07-07,model_Portfolio,Hold,0.2168,0.1285,0.259,0.0296,0.1131,0.1119,0.0092,0.0465,0.0096,0.0758
2023-07-10,model_Portfolio,Hold,0.2183,0.1298,0.2575,0.029,0.1138,0.1132,0.0091,0.0454,0.0096,0.0742
2023-07-11,model_Portfolio,Hold,0.2163,0.1285,0.2573,0.029,0.1193,0.1111,0.0092,0.045,0.0099,0.0743
2023-07-12,model_Portfolio,Hold,0.2141,0.1302,0.2554,0.0293,0.1195,0.1128,0.0091,0.0455,0.0099,0.0741
2023-07-13,model_Portfolio,Hold,0.2147,0.1294,0.2517,0.0298,0.1217,0.1134,0.0091,0.0472,0.0099,0.0731
2023-07-14,model_Portfolio,Hold,0.2165,0.1305,0.252,0.0301,0.1163,0.1141,0.0092,0.0478,0.0099,0.0735
2023-07-17,model_Portfolio,Hold,0.2144,0.132,0.2547,0.0298,0.1152,0.1142,0.009,0.0475,0.0098,0.0732
2023-07-18,model_Portfolio,Hold,0.2128,0.1322,0.2549,0.0294,0.1193,0.113,0.0089,0.0468,0.0099,0.0727
2023-07-19,model_Portfolio,Hold,0.2132,0.1305,0.2559,0.03,0.1196,0.113,0.0091,0.0461,0.0099,0.0726
2023-07-20,model_Portfolio,Hold,0.22,0.1266,0.2571,0.0285,0.119,0.1129,0.0091,0.0446,0.0099,0.0723
2023-07-21,model_Portfolio,Hold,0.2228,0.1264,0.2549,0.0282,0.12,0.1124,0.0092,0.0445,0.0098,0.0716
2023-07-24,model_Portfolio,Hold,0.223,0.1256,0.2545,0.0279,0.1217,0.1119,0.0092,0.045,0.0098,0.0714
2023-07-25,model_Portfolio,Hold,0.2194,0.1271,0.2543,0.0279,0.1225,0.1131,0.0092,0.0451,0.0103,0.0711
2023-07-26,model_Portfolio,Hold,0.2203,0.1259,0.2537,0.0276,0.123,0.1114,0.0094,0.0475,0.0105,0.0708
2023-07-27,model_Portfolio,Hold,0.2188,0.1276,0.2527,0.0277,0.1222,0.112,0.0094,0.0478,0.0104,0.0713
2023-07-28,model_Portfolio,Hold,0.218,0.1257,0.2528,0.0285,0.1237,0.1118,0.0094,0.0488,0.0104,0.0709
2023-07-31,model_Portfolio,Hold,0.2155,0.1261,0.2528,0.0288,0.1249,0.1125,0.0093,0.0488,0.0104,0.0708
2023-08-01,model_Portfolio,Hold,0.2148,0.1285,0.253,0.0285,0.1246,0.1119,0.0091,0.0486,0.0104,0.0707
2023-08-02,model_Portfolio,Hold,0.2107,0.127,0.2671,0.0277,0.1206,0.1106,0.0091,0.0474,0.0102,0.0696
2023-08-03,model_Portfolio,Hold,0.2083,0.1265,0.2694,0.0278,0.1285,0.1039,0.0091,0.0473,0.01,0.0691
2023-08-04,model_Portfolio,Hold,0.2084,0.1244,0.2686,0.0301,0.1291,0.1048,0.009,0.0472,0.0099,0.0686
2023-08-07,model_Portfolio,Hold,0.2076,0.1246,0.2694,0.0303,0.1286,0.1047,0.0091,0.0479,0.0097,0.068
2023-08-08,model_Portfolio,Hold,0.2036,0.1252,0.2683,0.0301,0.1331,0.1041,0.009,0.0482,0.0097,0.0687
2023-08-09,model_Portfolio,Hold,0.204,0.1243,0.2647,0.0297,0.1365,0.1053,0.0091,0.0478,0.0097,0.0688
2023-08-10,model_Portfolio,Hold,0.2032,0.1241,0.2652,0.0299,0.1365,0.1058,0.009,0.0478,0.0097,0.0686
2023-08-11,model_Portfolio,Hold,0.2031,0.1228,0.2662,0.0297,0.1379,0.1061,0.009,0.0475,0.0097,0.0679
2023-08-14,model_Portfolio,Hold,0.2039,0.1234,0.2659,0.0301,0.1367,0.1064,0.0088,0.048,0.0096,0.0674
2023-08-15,model_Portfolio,Hold,0.2045,0.1234,0.2664,0.0299,0.1362,0.1058,0.0087,0.0481,0.0095,0.0676
2023-08-16,model_Portfolio,Hold,0.2041,0.1238,0.2674,0.0294,0.1358,0.1063,0.0087,0.0478,0.0095,0.0672
2023-08-17,model_Portfolio,Hold,0.2049,0.123,0.2666,0.0291,0.1371,0.1058,0.0087,0.0482,0.0096,0.067
2023-08-18,model_Portfolio,Hold,0.2038,0.1226,0.2656,0.0292,0.1384,0.1066,0.0087,0.0476,0.0096,0.0679
2023-08-21,model_Portfolio,Hold,0.2042,0.1241,0.2642,0.0295,0.1375,0.1068,0.0086,0.048,0.0096,0.0676
2023-08-22,model_Portfolio,Hold,0.2072,0.1254,0.2627,0.0295,0.1338,0.107,0.0086,0.0484,0.0095,0.0679
2023-08-23,model_Portfolio,Hold,0.2063,0.1275,0.2608,0.0296,0.133,0.1068,0.0088,0.0494,0.0096,0.0682
2023-08-24,model_Portfolio,Hold,0.2039,0.1272,0.2652,0.0289,0.1322,0.1073,0.0087,0.0485,0.0095,0.0687
2023-08-25,model_Portfolio,Hold,0.2037,0.1283,0.2635,0.029,0.1331,0.1073,0.0086,0.0483,0.0095,0.0687
2023-08-28,model_Portfolio,Hold,0.2005,0.129,0.2642,0.0289,0.1333,0.1077,0.0087,0.0486,0.01,0.0691
2023-08-29,model_Portfolio,Hold,0.2008,0.1288,0.2621,0.029,0.1342,0.1081,0.0087,0.0495,0.01,0.0688
2023-08-30,model_Portfolio,Hold,0.2012,0.1283,0.2613,0.029,0.1342,0.1084,0.0087,0.0498,0.0099,0.0691
2023-08-31,model_Portfolio,Hold,0.1988,0.1288,0.2616,0.0297,0.1349,0.1087,0.0086,0.05,0.0101,0.0688
2023-09-01,model_Portfolio,Hold,0.1974,0.1296,0.2605,0.0295,0.1378,0.1089,0.0086,0.0495,0.0101,0.0682
2023-09-05,model_Portfolio,Hold,0.1951,0.1299,0.2606,0.0296,0.1396,0.1078,0.0086,0.0499,0.0101,0.0687
2023-09-06,model_Portfolio,Hold,0.1969,0.1303,0.2613,0.0292,0.1379,0.1083,0.0086,0.0496,0.0101,0.068
2023-09-07,model_Portfolio,Hold,0.1951,0.131,0.2627,0.0297,0.137,0.1078,0.0086,0.0498,0.0101,0.0682
2023-09-08,model_Portfolio,Hold,0.1947,0.1296,0.2626,0.0297,0.1363,0.1098,0.0085,0.0501,0.0101,0.0686
2023-09-11,model_Portfolio,Hold,0.1969,0.129,0.2639,0.0306,0.1314,0.1108,0.0083,0.05,0.0102,0.0688
2023-09-12,model_Portfolio,Hold,0.1966,0.1245,0.2659,0.0302,0.1352,0.1105,0.0082,0.0494,0.0101,0.0694
2023-09-13,model_Portfolio,Hold,0.1982,0.1248,0.2677,0.0311,0.1294,0.1114,0.0082,0.0502,0.0096,0.0695
2023-09-14,model_Portfolio,Hold,0.1962,0.1247,0.2684,0.0308,0.1309,0.1114,0.0084,0.0502,0.0096,0.0694
2023-09-15,model_Portfolio,Hold,0.1967,0.1245,0.2686,0.0302,0.1308,0.1112,0.0084,0.0505,0.0096,0.0693
2023-09-18,model_Portfolio,Hold,0.1951,0.1257,0.2698,0.0301,0.1315,0.1102,0.0083,0.0508,0.0096,0.069
2023-09-19,model_Portfolio,Hold,0.1948,0.1265,0.2718,0.0297,0.13,0.1102,0.0083,0.0508,0.0095,0.0686
2023-09-20,model_Portfolio,Hold,0.1956,0.1273,0.2733,0.0294,0.1283,0.1095,0.0084,0.0496,0.0095,0.0691
2023-09-21,model_Portfolio,Hold,0.1965,0.1277,0.2747,0.0286,0.127,0.1086,0.0078,0.0493,0.0095,0.0702
2023-09-22,model_Portfolio,Hold,0.1951,0.1294,0.2754,0.0286,0.1274,0.1085,0.0077,0.0492,0.0094,0.0693
2023-09-25,model_Portfolio,Hold,0.1929,0.1292,0.2759,0.0289,0.1293,0.1091,0.0076,0.0493,0.0092,0.0686
2023-09-26,model_Portfolio,Hold,0.1923,0.1279,0.2774,0.028,0.1307,0.1091,0.0075,0.0489,0.0092,0.069
2023-09-27,model_Portfolio,Hold,0.1896,0.1286,0.2777,0.0279,0.134,0.1078,0.0075,0.0493,0.0091,0.0685
2023-09-28,model_Portfolio,Hold,0.1942,0.1226,0.2791,0.0278,0.1331,0.1081,0.0076,0.0498,0.009,0.0687
2023-09-29,model_Portfolio,Hold,0.1932,0.1262,0.278,0.0282,0.1306,0.1083,0.0077,0.0496,0.0091,0.0691
2023-10-02,model_Portfolio,Hold,0.1926,0.1278,0.2794,0.029,0.1267,0.1076,0.0077,0.0513,0.0089,0.0689
2023-10-03,model_Portfolio,Hold,0.1939,0.1277,0.2772,0.0281,0.1279,0.1093,0.0076,0.051,0.0088,0.0685
2023-10-04,model_Portfolio,Hold,0.1933,0.1288,0.2791,0.0286,0.1224,0.1103,0.0077,0.052,0.0087,0.0693
2023-10-05,model_Portfolio,Hold,0.1944,0.1289,0.2805,0.0283,0.1215,0.1083,0.0077,0.0519,0.0087,0.0699
2023-10-06,model_Portfolio,Hold,0.1941,0.1289,0.2824,0.0286,0.12,0.1079,0.0076,0.0524,0.0087,0.0694
2023-10-09,model_Portfolio,Hold,0.192,0.1276,0.2818,0.0283,0.1238,0.1081,0.0077,0.0522,0.0087,0.0698
2023-10-10,model_Portfolio,Hold,0.1928,0.1271,0.2828,0.0285,0.1224,0.109,0.0077,0.0519,0.0088,0.0691
2023-10-11,model_Portfolio,Hold,0.1835,0.1281,0.2871,0.0291,0.1229,0.1104,0.0078,0.0529,0.0088,0.0694
2023-10-12,model_Portfolio,Hold,0.1814,0.1259,0.29,0.0295,0.125,0.1095,0.0076,0.0528,0.0087,0.0696
2023-10-13,model_Portfolio,Hold,0.1814,0.1239,0.2892,0.0287,0.1304,0.1086,0.0076,0.0518,0.0086,0.0697
2023-10-16,model_Portfolio,Hold,0.1817,0.1238,0.2886,0.0289,0.1318,0.1078,0.0077,0.0518,0.0086,0.0692
2023-10-17,model_Portfolio,Hold,0.1807,0.1244,0.2883,0.0286,0.1319,0.1087,0.0076,0.0518,0.0087,0.0694
2023-10-18,model_Portfolio,Hold,0.1878,0.1228,0.2851,0.0279,0.1338,0.1061,0.0074,0.0513,0.0085,0.0694
2023-10-19,model_Portfolio,Hold,0.1884,0.123,0.2836,0.0281,0.1354,0.1055,0.0072,0.0514,0.0084,0.0689
2023-10-20,model_Portfolio,Hold,0.1933,0.1221,0.2799,0.0277,0.1342,0.106,0.0073,0.0512,0.0084,0.0699
2023-10-23,model_Portfolio,Hold,0.1931,0.1224,0.281,0.0283,0.1324,0.1055,0.0073,0.0521,0.0084,0.0696
2023-10-24,model_Portfolio,Hold,0.1905,0.1224,0.2821,0.0286,0.1313,0.1061,0.0074,0.0527,0.0088,0.07
2023-10-25,model_Portfolio,Hold,0.1898,0.1221,0.2867,0.0273,0.1326,0.1061,0.0072,0.0482,0.0088,0.0711
2023-10-26,model_Portfolio,Hold,0.1927,0.1232,0.287,0.0271,0.132,0.1084,0.0074,0.0474,0.0089,0.0659
2023-10-27,model_Portfolio,Hold,0.1917,0.1232,0.2851,0.0292,0.132,0.1086,0.0073,0.0477,0.0088,0.0664
2023-10-30,model_Portfolio,Hold,0.1902,0.1232,0.2859,0.0301,0.1294,0.1094,0.0073,0.0481,0.0089,0.0674
2023-10-31,model_Portfolio,Hold,0.1918,0.124,0.2861,0.0299,0.1284,0.1092,0.0073,0.0476,0.009,0.0667
2023-11-01,model_Portfolio,Hold,0.1914,0.1246,0.2875,0.0306,0.1271,0.1088,0.0072,0.0482,0.0089,0.0658
2023-11-02,model_Portfolio,Hold,0.1895,0.1252,0.2915,0.0302,0.1249,0.109,0.0075,0.0476,0.0089,0.0658
2023-11-03,model_Portfolio,Hold,0.1879,0.1265,0.2912,0.0301,0.1249,0.1095,0.0077,0.0479,0.009,0.0653
2023-11-06,model_Portfolio,Hold,0.1876,0.1272,0.2903,0.0306,0.1237,0.1096,0.0077,0.0486,0.009,0.0656
2023-11-07,model_Portfolio,Hold,0.1907,0.1304,0.2941,0.0318,0.1221,0.0975,0.0077,0.0498,0.0091,0.0667
2023-11-08,model_Portfolio,Hold,0.1913,0.132,0.2929,0.0318,0.1182,0.1,0.0078,0.0504,0.0091,0.0665
2023-11-09,model_Portfolio,Hold,0.1895,0.1309,0.2959,0.0315,0.1174,0.1019,0.0074,0.0499,0.009,0.0665
2023-11-10,model_Portfolio,Hold,0.1886,0.132,0.2953,0.0319,0.1181,0.1015,0.0074,0.0503,0.0091,0.0658
2023-11-13,model_Portfolio,Hold,0.1922,0.1303,0.2951,0.0317,0.1172,0.1013,0.0073,0.0501,0.0091,0.0657
2023-11-14,model_Portfolio,Hold,0.192,0.1304,0.2938,0.0319,0.1184,0.1012,0.008,0.05,0.0092,0.0651
2023-11-15,model_Portfolio,Hold,0.1937,0.1323,0.2885,0.0313,0.1175,0.103,0.0081,0.0503,0.0093,0.0659
2023-11-16,model_Portfolio,Hold,0.1974,0.1326,0.2899,0.0311,0.1125,0.1026,0.0079,0.051,0.0093,0.0656
2023-11-17,model_Portfolio,Hold,0.1954,0.1324,0.2914,0.0316,0.1153,0.101,0.0079,0.0502,0.0093,0.0656
2023-11-20,model_Portfolio,Hold,0.1978,0.1331,0.288,0.0316,0.1153,0.1014,0.0079,0.0504,0.0092,0.0654
2023-11-21,model_Portfolio,Hold,0.1985,0.1323,0.2896,0.031,0.1137,0.1026,0.0078,0.0505,0.0091,0.065
2023-11-22,model_Portfolio,Hold,0.1989,0.1327,0.2898,0.0315,0.1128,0.1012,0.0078,0.0507,0.0091,0.0653
2023-11-24,model_Portfolio,Hold,0.1986,0.1326,0.2906,0.0314,0.1134,0.101,0.0078,0.0499,0.0092,0.0655
2023-11-27,model_Portfolio,Hold,0.1989,0.1325,0.2917,0.0317,0.1122,0.1002,0.0078,0.05,0.0093,0.0657
2023-11-28,model_Portfolio,Hold,0.1985,0.133,0.2901,0.0317,0.1127,0.0994,0.0081,0.0505,0.0095,0.0666
2023-11-29,model_Portfolio,Hold,0.2016,0.1334,0.2883,0.0315,0.1126,0.0988,0.0082,0.0497,0.0095,0.0665
2023-11-30,model_Portfolio,Hold,0.2019,0.1326,0.2906,0.0313,0.111,0.0998,0.0082,0.0485,0.0095,0.0666
2023-12-01,model_Portfolio,Hold,0.2018,0.1338,0.2886,0.0313,0.111,0.1,0.0088,0.048,0.0095,0.0671
2023-12-04,model_Portfolio,Hold,0.203,0.1336,0.2898,0.031,0.1102,0.0993,0.0089,0.0472,0.0099,0.0672
2023-12-05,model_Portfolio,Hold,0.2029,0.1343,0.2916,0.0316,0.1078,0.0971,0.009,0.0482,0.0098,0.0678
2023-12-06,model_Portfolio,Hold,0.2055,0.1351,0.2906,0.0313,0.1062,0.0975,0.0092,0.0482,0.01,0.0663
2023-12-07,model_Portfolio,Hold,0.2034,0.1348,0.291,0.0318,0.1054,0.0976,0.0092,0.0506,0.01,0.0662
2023-12-08,model_Portfolio,Hold,0.2032,0.1349,0.2914,0.0318,0.1068,0.0975,0.009,0.0496,0.0099,0.0658
2023-12-11,model_Portfolio,Hold,0.205,0.1359,0.2911,0.0312,0.1067,0.0973,0.0089,0.0486,0.0099,0.0654
2023-12-12,model_Portfolio,Hold,0.2049,0.1356,0.2941,0.0314,0.1046,0.0978,0.0087,0.0481,0.0097,0.0651
2023-12-13,model_Portfolio,Hold,0.205,0.1351,0.2915,0.0315,0.1061,0.0981,0.0093,0.0479,0.0099,0.0658
2023-12-14,model_Portfolio,Hold,0.2083,0.1352,0.2829,0.0313,0.1092,0.099,0.0099,0.0478,0.0102,0.0661
2023-12-15,model_Portfolio,Hold,0.2069,0.1366,0.2821,0.032,0.1087,0.0995,0.0097,0.0484,0.0102,0.0659
2023-12-18,model_Portfolio,Hold,0.207,0.1347,0.2827,0.0327,0.1088,0.099,0.0095,0.0492,0.01,0.0662
2023-12-19,model_Portfolio,Hold,0.2066,0.1338,0.2839,0.0324,0.1093,0.0989,0.0095,0.0492,0.01,0.0662
2023-12-20,model_Portfolio,Hold,0.2072,0.1348,0.2827,0.0325,0.1092,0.0986,0.0094,0.0505,0.0099,0.0652
2023-12-21,model_Portfolio,Hold,0.2069,0.1368,0.2812,0.0325,0.1092,0.0988,0.0095,0.0506,0.01,0.0645
2023-12-22,model_Portfolio,Hold,0.2069,0.1384,0.2806,0.0323,0.1088,0.0987,0.0094,0.0508,0.01,0.0642
2023-12-26,model_Portfolio,Hold,0.2061,0.1372,0.2799,0.0321,0.1121,0.0988,0.0094,0.0505,0.0101,0.0638
2023-12-27,model_Portfolio,Hold,0.2069,0.1372,0.2802,0.032,0.1116,0.099,0.0094,0.05,0.0101,0.0635
2023-12-28,model_Portfolio,Hold,0.2086,0.1367,0.2816,0.0321,0.1087,0.0987,0.0095,0.0501,0.0103,0.0636
2023-12-29,model_Portfolio,Hold,0.208,0.1364,0.283,0.0318,0.1081,0.0992,0.0093,0.0499,0.0102,0.0639
2024-01-02,model_Portfolio,Rebalance,0.5022,0.0003,0.0001,0.0,0.0001,0.0001,0.4965,0.0,0.0006,0.0001
2024-01-03,model_Portfolio,Hold,0.5092,0.0003,0.0001,0.0,0.0001,0.0001,0.4895,0.0,0.0006,0.0001
2024-01-04,model_Portfolio,Hold,0.5119,0.0003,0.0001,0.0,0.0001,0.0001,0.4868,0.0,0.0006,0.0001
2024-01-05,model_Portfolio,Hold,0.5098,0.0003,0.0001,0.0,0.0001,0.0001,0.4889,0.0,0.0006,0.0001
2024-01-08,model_Portfolio,Hold,0.5071,0.0003,0.0001,0.0,0.0001,0.0001,0.4916,0.0,0.0006,0.0001
2024-01-09,model_Portfolio,Hold,0.5106,0.0003,0.0001,0.0,0.0001,0.0001,0.4882,0.0,0.0006,0.0001
2024-01-10,model_Portfolio,Hold,0.5127,0.0003,0.0001,0.0,0.0001,0.0001,0.486,0.0,0.0006,0.0001
2024-01-11,model_Portfolio,Hold,0.5183,0.0003,0.0001,0.0,0.0001,0.0001,0.4804,0.0,0.0006,0.0001
2024-01-12,model_Portfolio,Hold,0.5185,0.0003,0.0001,0.0,0.0001,0.0001,0.4802,0.0,0.0006,0.0001
2024-01-16,model_Portfolio,Hold,0.5175,0.0003,0.0001,0.0,0.0001,0.0001,0.4812,0.0,0.0006,0.0001
2024-01-17,model_Portfolio,Hold,0.5246,0.0003,0.0001,0.0,0.0001,0.0001,0.4741,0.0,0.0006,0.0001
2024-01-18,model_Portfolio,Hold,0.5273,0.0003,0.0001,0.0,0.0001,0.0001,0.4714,0.0,0.0006,0.0001
2024-01-19,model_Portfolio,Hold,0.526,0.0003,0.0001,0.0,0.0001,0.0001,0.4728,0.0,0.0006,0.0001
2024-01-22,model_Portfolio,Hold,0.5248,0.0003,0.0001,0.0,0.0001,0.0001,0.474,0.0,0.0006,0.0001
2024-01-23,model_Portfolio,Hold,0.5272,0.0003,0.0001,0.0,0.0001,0.0001,0.4715,0.0,0.0005,0.0001
2024-01-24,model_Portfolio,Hold,0.5226,0.0003,0.0001,0.0,0.0001,0.0001,0.4762,0.0,0.0005,0.0001
2024-01-25,model_Portfolio,Hold,0.5209,0.0003,0.0001,0.0,0.0001,0.0001,0.4778,0.0,0.0005,0.0001
2024-01-26,model_Portfolio,Hold,0.5181,0.0003,0.0001,0.0,0.0001,0.0001,0.4807,0.0,0.0005,0.0001
2024-01-29,model_Portfolio,Hold,0.5171,0.0003,0.0001,0.0,0.0001,0.0001,0.4817,0.0,0.0005,0.0001
2024-01-30,model_Portfolio,Hold,0.5277,0.0003,0.0001,0.0,0.0001,0.0001,0.471,0.0,0.0005,0.0001
2024-01-31,model_Portfolio,Hold,0.5276,0.0003,0.0001,0.0,0.0001,0.0001,0.4712,0.0,0.0005,0.0001
2024-02-01,model_Portfolio,Hold,0.5273,0.0003,0.0001,0.0,0.0001,0.0001,0.4714,0.0,0.0005,0.0001
2024-02-02,model_Portfolio,Hold,0.5242,0.0003,0.0001,0.0,0.0001,0.0001,0.4746,0.0,0.0005,0.0001
2024-02-05,model_Portfolio,Hold,0.5303,0.0003,0.0001,0.0,0.0001,0.0001,0.4685,0.0,0.0005,0.0001
2024-02-06,model_Portfolio,Hold,0.5363,0.0003,0.0001,0.0,0.0001,0.0001,0.4625,0.0,0.0005,0.0001
2024-02-07,model_Portfolio,Hold,0.5357,0.0003,0.0001,0.0,0.0001,0.0001,0.4631,0.0,0.0005,0.0001
2024-02-08,model_Portfolio,Hold,0.5323,0.0003,0.0001,0.0,0.0001,0.0001,0.4665,0.0,0.0005,0.0001
2024-02-09,model_Portfolio,Hold,0.5345,0.0003,0.0001,0.0,0.0001,0.0001,0.4643,0.0,0.0005,0.0001
2024-02-12,model_Portfolio,Hold,0.5324,0.0003,0.0001,0.0,0.0001,0.0001,0.4664,0.0,0.0005,0.0001
2024-02-13,model_Portfolio,Hold,0.5409,0.0003,0.0001,0.0,0.0001,0.0001,0.4579,0.0,0.0005,0.0001
2024-02-14,model_Portfolio,Hold,0.5413,0.0003,0.0001,0.0,0.0001,0.0001,0.4575,0.0,0.0005,0.0001
2024-02-15,model_Portfolio,Hold,0.5318,0.0003,0.0001,0.0,0.0001,0.0001,0.4669,0.0,0.0005,0.0001
2024-02-16,model_Portfolio,Hold,0.5329,0.0003,0.0001,0.0,0.0001,0.0001,0.4659,0.0,0.0005,0.0001
2024-02-20,model_Portfolio,Hold,0.5395,0.0003,0.0001,0.0,0.0001,0.0001,0.4593,0.0,0.0005,0.0001
2024-02-21,model_Portfolio,Hold,0.5367,0.0003,0.0001,0.0,0.0001,0.0001,0.4621,0.0,0.0005,0.0001
2024-02-22,model_Portfolio,Hold,0.5399,0.0003,0.0001,0.0,0.0001,0.0001,0.459,0.0,0.0005,0.0001
2024-02-23,model_Portfolio,Hold,0.539,0.0003,0.0001,0.0,0.0001,0.0001,0.4598,0.0,0.0005,0.0001
2024-02-26,model_Portfolio,Hold,0.5432,0.0003,0.0001,0.0,0.0001,0.0001,0.4556,0.0,0.0005,0.0001
2024-02-27,model_Portfolio,Hold,0.5394,0.0003,0.0001,0.0,0.0001,0.0001,0.4595,0.0,0.0005,0.0001
2024-02-28,model_Portfolio,Hold,0.5413,0.0003,0.0001,0.0,0.0001,0.0001,0.4575,0.0,0.0005,0.0001
2024-02-29,model_Portfolio,Hold,0.5317,0.0003,0.0001,0.0,0.0001,0.0001,0.4672,0.0,0.0005,0.0001
2024-03-01,model_Portfolio,Hold,0.5326,0.0003,0.0001,0.0,0.0001,0.0001,0.4663,0.0,0.0005,0.0001
2024-03-04,model_Portfolio,Hold,0.5321,0.0003,0.0001,0.0,0.0001,0.0001,0.4668,0.0,0.0005,0.0001
2024-03-05,model_Portfolio,Hold,0.5326,0.0003,0.0001,0.0,0.0001,0.0001,0.4663,0.0,0.0005,0.0001
2024-03-06,model_Portfolio,Hold,0.5354,0.0003,0.0001,0.0,0.0001,0.0001,0.4634,0.0,0.0005,0.0001
2024-03-07,model_Portfolio,Hold,0.5376,0.0003,0.0001,0.0,0.0001,0.0001,0.4613,0.0,0.0005,0.0001
2024-03-08,model_Portfolio,Hold,0.5317,0.0003,0.0001,0.0,0.0001,0.0001,0.4672,0.0,0.0005,0.0001
2024-03-11,model_Portfolio,Hold,0.5307,0.0003,0.0001,0.0,0.0001,0.0001,0.4682,0.0,0.0005,0.0001
2024-03-12,model_Portfolio,Hold,0.5336,0.0003,0.0001,0.0,0.0001,0.0001,0.4652,0.0,0.0005,0.0001
2024-03-13,model_Portfolio,Hold,0.5339,0.0003,0.0001,0.0,0.0001,0.0001,0.4649,0.0,0.0005,0.0001
2024-03-14,model_Portfolio,Hold,0.5346,0.0003,0.0001,0.0,0.0001,0.0001,0.4642,0.0,0.0005,0.0001
2024-03-15,model_Portfolio,Hold,0.5269,0.0003,0.0001,0.0,0.0001,0.0001,0.4718,0.0,0.0006,0.0001
2024-03-18,model_Portfolio,Hold,0.5208,0.0003,0.0001,0.0,0.0001,0.0001,0.4779,0.0,0.0006,0.0001
2024-03-19,model_Portfolio,Hold,0.5223,0.0003,0.0001,0.0,0.0001,0.0001,0.4764,0.0,0.0006,0.0001
2024-03-20,model_Portfolio,Hold,0.5133,0.0003,0.0001,0.0,0.0001,0.0001,0.4854,0.0,0.0006,0.0001
2024-03-21,model_Portfolio,Hold,0.5086,0.0003,0.0001,0.0,0.0001,0.0001,0.4902,0.0,0.0006,0.0001
2024-03-22,model_Portfolio,Hold,0.5125,0.0003,0.0001,0.0,0.0001,0.0001,0.4863,0.0,0.0006,0.0001
2024-03-25,model_Portfolio,Hold,0.5094,0.0003,0.0001,0.0,0.0001,0.0001,0.4894,0.0,0.0006,0.0001
2024-03-26,model_Portfolio,Hold,0.5173,0.0003,0.0001,0.0,0.0001,0.0001,0.4815,0.0,0.0005,0.0001
2024-03-27,model_Portfolio,Hold,0.5122,0.0003,0.0001,0.0,0.0001,0.0001,0.4866,0.0,0.0005,0.0001
2024-03-28,model_Portfolio,Hold,0.5102,0.0003,0.0001,0.0,0.0001,0.0001,0.4886,0.0,0.0005,0.0001
2024-04-01,model_Portfolio,Hold,0.5134,0.0003,0.0001,0.0,0.0001,0.0001,0.4853,0.0,0.0006,0.0001
2024-04-02,model_Portfolio,Hold,0.5163,0.0003,0.0001,0.0,0.0001,0.0001,0.4824,0.0,0.0006,0.0001
2024-04-03,model_Portfolio,Hold,0.5156,0.0003,0.0001,0.0,0.0001,0.0001,0.4831,0.0,0.0006,0.0001
2024-04-04,model_Portfolio,Hold,0.5149,0.0003,0.0001,0.0,0.0001,0.0001,0.4838,0.0,0.0006,0.0001
2024-04-05,model_Portfolio,Hold,0.5132,0.0003,0.0001,0.0,0.0001,0.0001,0.4855,0.0,0.0006,0.0001
2024-04-08,model_Portfolio,Hold,0.5075,0.0003,0.0001,0.0,0.0001,0.0001,0.4913,0.0,0.0006,0.0001
2024-04-09,model_Portfolio,Hold,0.5061,0.0003,0.0001,0.0,0.0001,0.0001,0.4926,0.0,0.0006,0.0001
2024-04-10,model_Portfolio,Hold,0.5168,0.0003,0.0001,0.0,0.0001,0.0001,0.4819,0.0,0.0006,0.0001
2024-04-11,model_Portfolio,Hold,0.5151,0.0003,0.0001,0.0,0.0001,0.0001,0.4836,0.0,0.0006,0.0001
2024-04-12,model_Portfolio,Hold,0.5153,0.0003,0.0001,0.0,0.0001,0.0001,0.4835,0.0,0.0006,0.0001
2024-04-15,model_Portfolio,Hold,0.5203,0.0003,0.0001,0.0,0.0001,0.0001,0.4784,0.0,0.0006,0.0001
2024-04-16,model_Portfolio,Hold,0.5256,0.0003,0.0001,0.0,0.0001,0.0001,0.4731,0.0,0.0006,0.0001
2024-04-17,model_Portfolio,Hold,0.5191,0.0003,0.0001,0.0,0.0001,0.0001,0.4796,0.0,0.0006,0.0001
2024-04-18,model_Portfolio,Hold,0.5175,0.0003,0.0001,0.0,0.0001,0.0001,0.4812,0.0,0.0006,0.0001
2024-04-19,model_Portfolio,Hold,0.5239,0.0003,0.0001,0.0,0.0001,0.0001,0.4747,0.0,0.0006,0.0001
2024-04-22,model_Portfolio,Hold,0.5173,0.0003,0.0001,0.0,0.0001,0.0001,0.4814,0.0,0.0006,0.0001
2024-04-23,model_Portfolio,Hold,0.5166,0.0003,0.0001,0.0,0.0001,0.0001,0.4821,0.0,0.0006,0.0001
2024-04-24,model_Portfolio,Hold,0.5146,0.0003,0.0001,0.0,0.0001,0.0001,0.484,0.0,0.0006,0.0001
2024-04-25,model_Portfolio,Hold,0.5195,0.0003,0.0001,0.0,0.0001,0.0001,0.4792,0.0,0.0006,0.0001
2024-04-26,model_Portfolio,Hold,0.5233,0.0003,0.0001,0.0,0.0001,0.0001,0.4753,0.0,0.0006,0.0001
2024-04-29,model_Portfolio,Hold,0.5166,0.0003,0.0001,0.0,0.0001,0.0001,0.4821,0.0,0.0006,0.0001
2024-04-30,model_Portfolio,Hold,0.5205,0.0003,0.0001,0.0,0.0001,0.0001,0.4782,0.0,0.0007,0.0001
2024-05-01,model_Portfolio,Hold,0.5193,0.0003,0.0001,0.0,0.0001,0.0001,0.4794,0.0,0.0007,0.0001
2024-05-02,model_Portfolio,Hold,0.5155,0.0003,0.0001,0.0,0.0001,0.0001,0.4832,0.0,0.0006,0.0001
2024-05-03,model_Portfolio,Hold,0.5105,0.0003,0.0001,0.0,0.0001,0.0001,0.4881,0.0,0.0006,0.0001
2024-05-06,model_Portfolio,Hold,0.5112,0.0003,0.0001,0.0,0.0001,0.0001,0.4874,0.0,0.0006,0.0001
2024-05-07,model_Portfolio,Hold,0.5128,0.0003,0.0001,0.0,0.0001,0.0001,0.4858,0.0,0.0006,0.0001
2024-05-08,model_Portfolio,Hold,0.5133,0.0003,0.0001,0.0,0.0001,0.0001,0.4854,0.0,0.0006,0.0001
2024-05-09,model_Portfolio,Hold,0.5075,0.0003,0.0001,0.0,0.0001,0.0001,0.4911,0.0,0.0006,0.0001
2024-05-10,model_Portfolio,Hold,0.5055,0.0003,0.0001,0.0,0.0001,0.0001,0.4931,0.0,0.0007,0.0001
2024-05-13,model_Portfolio,Hold,0.5074,0.0003,0.0001,0.0,0.0001,0.0001,0.4912,0.0,0.0007,0.0001
2024-05-14,model_Portfolio,Hold,0.4989,0.0003,0.0001,0.0,0.0001,0.0001,0.4998,0.0,0.0007,0.0001
2024-05-15,model_Portfolio,Hold,0.4979,0.0003,0.0001,0.0,0.0001,0.0001,0.5007,0.0,0.0007,0.0001
2024-05-16,model_Portfolio,Hold,0.5008,0.0003,0.0001,0.0,0.0001,0.0001,0.4978,0.0,0.0007,0.0001
2024-05-17,model_Portfolio,Hold,0.4987,0.0003,0.0001,0.0,0.0001,0.0001,0.4999,0.0,0.0007,0.0001
2024-05-20,model_Portfolio,Hold,0.4975,0.0003,0.0001,0.0,0.0001,0.0001,0.5011,0.0,0.0007,0.0001
2024-05-21,model_Portfolio,Hold,0.4974,0.0003,0.0001,0.0,0.0001,0.0001,0.5012,0.0,0.0007,0.0001
2024-05-22,model_Portfolio,Hold,0.5033,0.0003,0.0001,0.0,0.0001,0.0001,0.4953,0.0,0.0007,0.0001
2024-05-23,model_Portfolio,Hold,0.5105,0.0003,0.0001,0.0,0.0001,0.0001,0.4881,0.0,0.0007,0.0001
2024-05-24,model_Portfolio,Hold,0.5103,0.0003,0.0001,0.0,0.0001,0.0001,0.4883,0.0,0.0007,0.0001
2024-05-28,model_Portfolio,Hold,0.5084,0.0003,0.0001,0.0,0.0001,0.0001,0.4901,0.0,0.0007,0.0001
2024-05-29,model_Portfolio,Hold,0.5091,0.0003,0.0001,0.0,0.0001,0.0001,0.4895,0.0,0.0007,0.0001
2024-05-30,model_Portfolio,Hold,0.5094,0.0002,0.0001,0.0,0.0001,0.0001,0.4892,0.0,0.0007,0.0001
2024-05-31,model_Portfolio,Hold,0.5047,0.0002,0.0001,0.0,0.0001,0.0001,0.4939,0.0,0.0007,0.0001
2024-06-03,model_Portfolio,Hold,0.5092,0.0002,0.0001,0.0,0.0001,0.0001,0.4894,0.0,0.0007,0.0001
2024-06-04,model_Portfolio,Hold,0.5109,0.0002,0.0001,0.0,0.0001,0.0001,0.4877,0.0,0.0007,0.0001
2024-06-05,model_Portfolio,Hold,0.513,0.0003,0.0001,0.0,0.0001,0.0001,0.4856,0.0,0.0007,0.0001
2024-06-06,model_Portfolio,Hold,0.5153,0.0003,0.0001,0.0,0.0001,0.0001,0.4833,0.0,0.0007,0.0001
2024-06-07,model_Portfolio,Hold,0.5272,0.0002,0.0001,0.0,0.0001,0.0001,0.4714,0.0,0.0007,0.0001
2024-06-10,model_Portfolio,Hold,0.5282,0.0002,0.0001,0.0,0.0001,0.0001,0.4704,0.0,0.0007,0.0001
2024-06-11,model_Portfolio,Hold,0.5251,0.0003,0.0001,0.0,0.0001,0.0001,0.4735,0.0,0.0007,0.0001
2024-06-12,model_Portfolio,Hold,0.517,0.0002,0.0001,0.0,0.0001,0.0001,0.4816,0.0,0.0007,0.0001
2024-06-13,model_Portfolio,Hold,0.5119,0.0002,0.0001,0.0,0.0001,0.0001,0.4867,0.0,0.0007,0.0001
2024-06-14,model_Portfolio,Hold,0.514,0.0002,0.0001,0.0,0.0001,0.0001,0.4846,0.0,0.0007,0.0001
2024-06-17,model_Portfolio,Hold,0.516,0.0002,0.0001,0.0,0.0001,0.0001,0.4826,0.0,0.0007,0.0001
2024-06-18,model_Portfolio,Hold,0.5162,0.0002,0.0001,0.0,0.0001,0.0001,0.4824,0.0,0.0007,0.0001
2024-06-20,model_Portfolio,Hold,0.523,0.0003,0.0001,0.0,0.0001,0.0001,0.4756,0.0,0.0007,0.0001
2024-06-21,model_Portfolio,Hold,0.5184,0.0003,0.0001,0.0,0.0001,0.0001,0.4802,0.0,0.0007,0.0001
2024-06-24,model_Portfolio,Hold,0.5143,0.0003,0.0001,0.0,0.0001,0.0001,0.4843,0.0,0.0007,0.0001
2024-06-25,model_Portfolio,Hold,0.5184,0.0003,0.0001,0.0,0.0001,0.0001,0.4801,0.0,0.0007,0.0001
2024-06-26,model_Portfolio,Hold,0.5183,0.0003,0.0001,0.0,0.0001,0.0001,0.4803,0.0,0.0007,0.0001
2024-06-27,model_Portfolio,Hold,0.5162,0.0003,0.0001,0.0,0.0001,0.0001,0.4824,0.0,0.0007,0.0001
2024-06-28,model_Portfolio,Hold,0.5104,0.0003,0.0001,0.0,0.0001,0.0001,0.4882,0.0,0.0007,0.0001
2024-07-01,model_Portfolio,Hold,0.5112,0.0003,0.0001,0.0,0.0001,0.0001,0.4874,0.0,0.0007,0.0001
2024-07-02,model_Portfolio,Hold,0.5085,0.0003,0.0001,0.0,0.0001,0.0001,0.4901,0.0,0.0007,0.0001
2024-07-03,model_Portfolio,Hold,0.5063,0.0003,0.0001,0.0,0.0001,0.0001,0.4923,0.0,0.0007,0.0001
2024-07-05,model_Portfolio,Hold,0.511,0.0003,0.0001,0.0,0.0001,0.0001,0.4876,0.0,0.0007,0.0001
2024-07-08,model_Portfolio,Hold,0.5067,0.0003,0.0001,0.0,0.0001,0.0001,0.4918,0.0,0.0007,0.0001
2024-07-09,model_Portfolio,Hold,0.5069,0.0003,0.0001,0.0,0.0001,0.0001,0.4917,0.0,0.0007,0.0001
2024-07-10,model_Portfolio,Hold,0.5084,0.0003,0.0001,0.0,0.0001,0.0001,0.4902,0.0,0.0007,0.0001
2024-07-11,model_Portfolio,Hold,0.4948,0.0002,0.0001,0.0,0.0001,0.0001,0.5038,0.0,0.0007,0.0001
2024-07-12,model_Portfolio,Hold,0.4925,0.0003,0.0001,0.0,0.0001,0.0001,0.5061,0.0,0.0007,0.0001
2024-07-15,model_Portfolio,Hold,0.4888,0.0003,0.0001,0.0,0.0001,0.0001,0.5098,0.0,0.0007,0.0001
2024-07-16,model_Portfolio,Hold,0.4871,0.0003,0.0001,0.0,0.0001,0.0001,0.5114,0.0,0.0007,0.0001
2024-07-17,model_Portfolio,Hold,0.489,0.0003,0.0001,0.0,0.0001,0.0001,0.5096,0.0,0.0007,0.0001
2024-07-18,model_Portfolio,Hold,0.4831,0.0003,0.0001,0.0,0.0001,0.0001,0.5154,0.0,0.0007,0.0001
2024-07-19,model_Portfolio,Hold,0.4902,0.0003,0.0001,0.0,0.0001,0.0001,0.5084,0.0,0.0007,0.0001
2024-07-22,model_Portfolio,Hold,0.493,0.0003,0.0001,0.0,0.0001,0.0001,0.5056,0.0,0.0007,0.0001
2024-07-23,model_Portfolio,Hold,0.5024,0.0003,0.0001,0.0,0.0001,0.0001,0.4961,0.0,0.0007,0.0001
2024-07-24,model_Portfolio,Hold,0.5226,0.0003,0.0001,0.0,0.0001,0.0001,0.4759,0.0,0.0007,0.0001
2024-07-25,model_Portfolio,Hold,0.5186,0.0003,0.0001,0.0,0.0001,0.0001,0.4799,0.0,0.0007,0.0001
2024-07-26,model_Portfolio,Hold,0.5107,0.0003,0.0001,0.0,0.0001,0.0001,0.4877,0.0,0.0008,0.0001
2024-07-29,model_Portfolio,Hold,0.5127,0.0003,0.0001,0.0,0.0001,0.0001,0.4857,0.0,0.0008,0.0001
2024-07-30,model_Portfolio,Hold,0.5106,0.0003,0.0001,0.0,0.0001,0.0001,0.4878,0.0,0.0008,0.0001
2024-07-31,model_Portfolio,Hold,0.5158,0.0003,0.0001,0.0,0.0001,0.0001,0.4826,0.0,0.0009,0.0001
2024-08-01,model_Portfolio,Hold,0.5303,0.0003,0.0001,0.0,0.0001,0.0001,0.4681,0.0,0.0008,0.0001
2024-08-02,model_Portfolio,Hold,0.5366,0.0003,0.0001,0.0,0.0001,0.0001,0.4619,0.0,0.0008,0.0001
2024-08-05,model_Portfolio,Hold,0.5332,0.0003,0.0001,0.0,0.0001,0.0001,0.4652,0.0,0.0008,0.0001
2024-08-06,model_Portfolio,Hold,0.5284,0.0003,0.0001,0.0,0.0001,0.0001,0.47,0.0,0.0008,0.0001
2024-08-07,model_Portfolio,Hold,0.5358,0.0003,0.0001,0.0,0.0001,0.0001,0.4626,0.0,0.0008,0.0001
2024-08-08,model_Portfolio,Hold,0.5332,0.0003,0.0001,0.0,0.0001,0.0001,0.4652,0.0,0.0008,0.0001
2024-08-09,model_Portfolio,Hold,0.53,0.0003,0.0001,0.0,0.0001,0.0001,0.4684,0.0,0.0008,0.0001
2024-08-12,model_Portfolio,Hold,0.5325,0.0003,0.0001,0.0,0.0001,0.0001,0.4659,0.0,0.0008,0.0001
2024-08-13,model_Portfolio,Hold,0.5289,0.0003,0.0001,0.0,0.0001,0.0001,0.4695,0.0,0.0008,0.0001
2024-08-14,model_Portfolio,Hold,0.5336,0.0003,0.0001,0.0,0.0001,0.0001,0.4648,0.0,0.0008,0.0001
2024-08-15,model_Portfolio,Hold,0.5321,0.0003,0.0001,0.0,0.0001,0.0001,0.4663,0.0,0.0008,0.0001
2024-08-16,model_Portfolio,Hold,0.533,0.0003,0.0001,0.0,0.0001,0.0001,0.4654,0.0,0.0008,0.0001
2024-08-19,model_Portfolio,Hold,0.533,0.0003,0.0001,0.0,0.0001,0.0001,0.4655,0.0,0.0008,0.0001
2024-08-20,model_Portfolio,Hold,0.5322,0.0003,0.0001,0.0,0.0001,0.0001,0.4662,0.0,0.0008,0.0001
2024-08-21,model_Portfolio,Hold,0.5314,0.0003,0.0001,0.0,0.0001,0.0001,0.467,0.0,0.0008,0.0001
2024-08-22,model_Portfolio,Hold,0.5276,0.0003,0.0001,0.0,0.0001,0.0001,0.4708,0.0,0.0008,0.0001
2024-08-23,model_Portfolio,Hold,0.523,0.0003,0.0001,0.0,0.0001,0.0001,0.4754,0.0,0.0008,0.0001
2024-08-26,model_Portfolio,Hold,0.5221,0.0003,0.0001,0.0,0.0001,0.0001,0.4763,0.0,0.0008,0.0001
2024-08-27,model_Portfolio,Hold,0.5252,0.0003,0.0001,0.0,0.0001,0.0001,0.4732,0.0,0.0008,0.0001
2024-08-28,model_Portfolio,Hold,0.5278,0.0003,0.0001,0.0,0.0001,0.0001,0.4706,0.0,0.0009,0.0001
2024-08-29,model_Portfolio,Hold,0.5302,0.0003,0.0001,0.0,0.0001,0.0001,0.4682,0.0,0.0009,0.0001
2024-08-30,model_Portfolio,Hold,0.5276,0.0003,0.0001,0.0,0.0001,0.0001,0.4708,0.0,0.0009,0.0001
2024-09-03,model_Portfolio,Hold,0.533,0.0003,0.0001,0.0,0.0001,0.0001,0.4654,0.0,0.0008,0.0001
2024-09-04,model_Portfolio,Hold,0.5342,0.0003,0.0001,0.0,0.0001,0.0001,0.4642,0.0,0.0009,0.0001
2024-09-05,model_Portfolio,Hold,0.5318,0.0003,0.0001,0.0,0.0001,0.0001,0.4665,0.0,0.0009,0.0001
2024-09-06,model_Portfolio,Hold,0.5358,0.0003,0.0001,0.0,0.0001,0.0001,0.4626,0.0,0.0008,0.0001
2024-09-09,model_Portfolio,Hold,0.5373,0.0003,0.0001,0.0,0.0001,0.0001,0.4612,0.0,0.0008,0.0001
2024-09-10,model_Portfolio,Hold,0.5355,0.0003,0.0001,0.0,0.0001,0.0001,0.4629,0.0,0.0008,0.0001
2024-09-11,model_Portfolio,Hold,0.5328,0.0003,0.0001,0.0,0.0001,0.0001,0.4657,0.0,0.0008,0.0001
2024-09-12,model_Portfolio,Hold,0.5305,0.0003,0.0001,0.0,0.0001,0.0001,0.4679,0.0,0.0008,0.0001
2024-09-13,model_Portfolio,Hold,0.5245,0.0003,0.0001,0.0,0.0001,0.0001,0.4739,0.0,0.0008,0.0001
2024-09-16,model_Portfolio,Hold,0.5266,0.0003,0.0001,0.0,0.0001,0.0001,0.4719,0.0,0.0008,0.0001
2024-09-17,model_Portfolio,Hold,0.529,0.0003,0.0001,0.0,0.0001,0.0001,0.4694,0.0,0.0008,0.0001
2024-09-18,model_Portfolio,Hold,0.5224,0.0003,0.0001,0.0,0.0001,0.0001,0.4761,0.0,0.0008,0.0001
2024-09-19,model_Portfolio,Hold,0.5241,0.0003,0.0001,0.0,0.0001,0.0001,0.4743,0.0,0.0009,0.0001
2024-09-20,model_Portfolio,Hold,0.5251,0.0003,0.0001,0.0,0.0001,0.0001,0.4733,0.0,0.0009,0.0001
2024-09-23,model_Portfolio,Hold,0.5256,0.0003,0.0001,0.0,0.0001,0.0001,0.4728,0.0,0.0009,0.0001
2024-09-24,model_Portfolio,Hold,0.5179,0.0003,0.0001,0.0,0.0001,0.0001,0.4805,0.0,0.0009,0.0001
2024-09-25,model_Portfolio,Hold,0.5166,0.0003,0.0001,0.0,0.0001,0.0001,0.4818,0.0,0.0009,0.0001
2024-09-26,model_Portfolio,Hold,0.5222,0.0003,0.0001,0.0,0.0001,0.0001,0.4761,0.0,0.0009,0.0001
2024-09-27,model_Portfolio,Hold,0.5228,0.0003,0.0001,0.0,0.0001,0.0001,0.4756,0.0,0.0009,0.0001
2024-09-30,model_Portfolio,Hold,0.5283,0.0003,0.0001,0.0,0.0001,0.0001,0.4701,0.0,0.0009,0.0001
2024-10-01,model_Portfolio,Hold,0.5307,0.0003,0.0001,0.0,0.0001,0.0001,0.4676,0.0,0.0009,0.0001
2024-10-02,model_Portfolio,Hold,0.5328,0.0003,0.0001,0.0,0.0001,0.0001,0.4656,0.0,0.0009,0.0001
2024-10-03,model_Portfolio,Hold,0.5315,0.0003,0.0001,0.0,0.0001,0.0001,0.4669,0.0,0.0009,0.0001
2024-10-04,model_Portfolio,Hold,0.5334,0.0003,0.0001,0.0,0.0001,0.0001,0.4649,0.0,0.0009,0.0001
2024-10-07,model_Portfolio,Hold,0.5379,0.0003,0.0001,0.0,0.0001,0.0001,0.4604,0.0,0.0009,0.0001
2024-10-08,model_Portfolio,Hold,0.5402,0.0003,0.0001,0.0,0.0001,0.0001,0.4582,0.0,0.0009,0.0001
2024-10-09,model_Portfolio,Hold,0.5417,0.0003,0.0001,0.0,0.0001,0.0001,0.4567,0.0,0.0009,0.0001
2024-10-10,model_Portfolio,Hold,0.5395,0.0003,0.0001,0.0,0.0001,0.0001,0.4589,0.0,0.0009,0.0001
2024-10-11,model_Portfolio,Hold,0.5352,0.0003,0.0001,0.0,0.0001,0.0001,0.4631,0.0,0.0009,0.0001
2024-10-14,model_Portfolio,Hold,0.5326,0.0003,0.0001,0.0,0.0001,0.0001,0.4658,0.0,0.0009,0.0001
2024-10-15,model_Portfolio,Hold,0.5288,0.0003,0.0001,0.0,0.0001,0.0001,0.4696,0.0,0.0009,0.0001
2024-10-16,model_Portfolio,Hold,0.5295,0.0003,0.0001,0.0,0.0001,0.0001,0.4689,0.0,0.0008,0.0001
2024-10-17,model_Portfolio,Hold,0.5326,0.0003,0.0001,0.0,0.0001,0.0001,0.4658,0.0,0.0008,0.0001
2024-10-18,model_Portfolio,Hold,0.5346,0.0003,0.0001,0.0,0.0001,0.0001,0.4638,0.0,0.0008,0.0001
2024-10-21,model_Portfolio,Hold,0.5342,0.0003,0.0001,0.0,0.0001,0.0002,0.4641,0.0,0.0008,0.0001
2024-10-22,model_Portfolio,Hold,0.5356,0.0003,0.0001,0.0,0.0001,0.0002,0.4628,0.0,0.0008,0.0001
2024-10-23,model_Portfolio,Hold,0.5335,0.0003,0.0001,0.0,0.0001,0.0001,0.4649,0.0,0.0008,0.0001
2024-10-24,model_Portfolio,Hold,0.54,0.0003,0.0001,0.0,0.0001,0.0001,0.4584,0.0,0.0008,0.0001
2024-10-25,model_Portfolio,Hold,0.5422,0.0003,0.0001,0.0,0.0001,0.0002,0.4562,0.0,0.0008,0.0001
2024-10-28,model_Portfolio,Hold,0.5425,0.0003,0.0001,0.0,0.0001,0.0002,0.4559,0.0,0.0009,0.0001
2024-10-29,model_Portfolio,Hold,0.5434,0.0003,0.0001,0.0,0.0001,0.0002,0.455,0.0,0.0009,0.0001
2024-10-30,model_Portfolio,Hold,0.5418,0.0003,0.0001,0.0,0.0001,0.0001,0.4566,0.0,0.0008,0.0001
2024-10-31,model_Portfolio,Hold,0.5436,0.0003,0.0001,0.0,0.0001,0.0001,0.4548,0.0,0.0008,0.0001
2024-11-01,model_Portfolio,Hold,0.5563,0.0003,0.0001,0.0,0.0001,0.0001,0.4422,0.0,0.0008,0.0001
2024-11-04,model_Portfolio,Hold,0.5496,0.0003,0.0001,0.0,0.0001,0.0001,0.4489,0.0,0.0008,0.0001
2024-11-05,model_Portfolio,Hold,0.5479,0.0003,0.0001,0.0,0.0001,0.0001,0.4505,0.0,0.0008,0.0001
2024-11-06,model_Portfolio,Hold,0.5476,0.0003,0.0001,0.0,0.0001,0.0001,0.4507,0.0,0.0009,0.0001
2024-11-07,model_Portfolio,Hold,0.543,0.0003,0.0001,0.0,0.0001,0.0001,0.4554,0.0,0.0009,0.0001
2024-11-08,model_Portfolio,Hold,0.545,0.0003,0.0001,0.0,0.0001,0.0001,0.4534,0.0,0.0009,0.0001
2024-11-11,model_Portfolio,Hold,0.5513,0.0003,0.0001,0.0,0.0001,0.0001,0.447,0.0,0.0009,0.0001
2024-11-12,model_Portfolio,Hold,0.5574,0.0003,0.0001,0.0,0.0001,0.0001,0.441,0.0,0.0009,0.0001
2024-11-13,model_Portfolio,Hold,0.5543,0.0003,0.0001,0.0,0.0001,0.0001,0.444,0.0,0.0009,0.0001
2024-11-14,model_Portfolio,Hold,0.5545,0.0003,0.0001,0.0,0.0001,0.0002,0.4438,0.0,0.0009,0.0001
2024-11-15,model_Portfolio,Hold,0.5625,0.0003,0.0001,0.0,0.0001,0.0002,0.4358,0.0,0.0009,0.0001
2024-11-18,model_Portfolio,Hold,0.5664,0.0003,0.0001,0.0,0.0001,0.0002,0.4319,0.0,0.0009,0.0001
2024-11-19,model_Portfolio,Hold,0.5677,0.0003,0.0001,0.0,0.0001,0.0002,0.4307,0.0,0.0009,0.0001
2024-11-20,model_Portfolio,Hold,0.5656,0.0003,0.0001,0.0,0.0001,0.0002,0.4328,0.0,0.0009,0.0001
2024-11-21,model_Portfolio,Hold,0.5647,0.0003,0.0001,0.0,0.0001,0.0002,0.4337,0.0,0.0008,0.0001
2024-11-22,model_Portfolio,Hold,0.5602,0.0003,0.0001,0.0,0.0001,0.0002,0.4381,0.0,0.0008,0.0001
2024-11-25,model_Portfolio,Hold,0.5526,0.0003,0.0001,0.0,0.0001,0.0002,0.4457,0.0,0.0008,0.0001
2024-11-26,model_Portfolio,Hold,0.5529,0.0003,0.0001,0.0,0.0001,0.0002,0.4454,0.0,0.0009,0.0001
2024-11-27,model_Portfolio,Hold,0.5577,0.0003,0.0001,0.0,0.0001,0.0002,0.4407,0.0,0.0009,0.0001
2024-11-29,model_Portfolio,Hold,0.558,0.0003,0.0001,0.0,0.0001,0.0002,0.4404,0.0,0.0009,0.0001
2024-12-02,model_Portfolio,Hold,0.555,0.0003,0.0001,0.0,0.0001,0.0002,0.4433,0.0,0.0009,0.0001
2024-12-03,model_Portfolio,Hold,0.5578,0.0003,0.0001,0.0,0.0001,0.0002,0.4406,0.0,0.0009,0.0001
2024-12-04,model_Portfolio,Hold,0.5642,0.0003,0.0001,0.0,0.0001,0.0002,0.4341,0.0,0.0009,0.0001
2024-12-05,model_Portfolio,Hold,0.5622,0.0003,0.0001,0.0,0.0001,0.0002,0.4361,0.0,0.0009,0.0001
2024-12-06,model_Portfolio,Hold,0.5659,0.0003,0.0001,0.0,0.0001,0.0002,0.4324,0.0,0.0009,0.0001
2024-12-09,model_Portfolio,Hold,0.5577,0.0003,0.0001,0.0,0.0001,0.0002,0.4406,0.0,0.0009,0.0001
2024-12-10,model_Portfolio,Hold,0.5642,0.0003,0.0001,0.0,0.0001,0.0002,0.4341,0.0,0.0009,0.0001
2024-12-11,model_Portfolio,Hold,0.5639,0.0003,0.0001,0.0,0.0001,0.0002,0.4344,0.0,0.0009,0.0001
2024-12-12,model_Portfolio,Hold,0.565,0.0003,0.0001,0.0,0.0001,0.0002,0.4333,0.0,0.0009,0.0001
2024-12-13,model_Portfolio,Hold,0.564,0.0003,0.0001,0.0,0.0001,0.0002,0.4343,0.0,0.0009,0.0001
2024-12-16,model_Portfolio,Hold,0.5655,0.0003,0.0001,0.0,0.0001,0.0002,0.4328,0.0,0.0009,0.0001
2024-12-17,model_Portfolio,Hold,0.5647,0.0003,0.0001,0.0,0.0001,0.0002,0.4337,0.0,0.0009,0.0001
2024-12-18,model_Portfolio,Hold,0.5724,0.0003,0.0001,0.0,0.0001,0.0002,0.4259,0.0,0.0009,0.0001
2024-12-19,model_Portfolio,Hold,0.5751,0.0003,0.0001,0.0,0.0001,0.0001,0.4232,0.0,0.0009,0.0001
2024-12-20,model_Portfolio,Hold,0.5743,0.0003,0.0001,0.0,0.0001,0.0001,0.424,0.0,0.0009,0.0001
2024-12-23,model_Portfolio,Hold,0.5751,0.0003,0.0001,0.0,0.0001,0.0001,0.4232,0.0,0.0009,0.0001
2024-12-24,model_Portfolio,Hold,0.5748,0.0003,0.0001,0.0,0.0001,0.0001,0.4235,0.0,0.0009,0.0001
2024-12-26,model_Portfolio,Hold,0.5754,0.0003,0.0001,0.0,0.0001,0.0001,0.4229,0.0,0.0009,0.0001
2024-12-27,model_Portfolio,Hold,0.5779,0.0003,0.0001,0.0,0.0001,0.0001,0.4204,0.0,0.0009,0.0001
2024-12-30,model_Portfolio,Hold,0.5746,0.0003,0.0001,0.0,0.0001,0.0001,0.4237,0.0,0.0009,0.0001
2024-12-31,model_Portfolio,Hold,0.5726,0.0003,0.0001,0.0,0.0001,0.0001,0.4257,0.0,0.0009,0.0001
2025-01-02,model_Portfolio,Rebalance,0.0114,0.0172,0.0153,0.0017,0.0156,0.0052,0.0067,0.0012,0.9193,0.0063
2025-01-03,model_Portfolio,Hold,0.0114,0.0175,0.0154,0.0018,0.0156,0.0052,0.0068,0.0012,0.9188,0.0064
2025-01-06,model_Portfolio,Hold,0.0113,0.0173,0.0151,0.0018,0.0158,0.0051,0.0066,0.0013,0.9194,0.0063
2025-01-07,model_Portfolio,Hold,0.0111,0.0172,0.015,0.0017,0.0155,0.0051,0.0065,0.0012,0.9205,0.0061
2025-01-08,model_Portfolio,Hold,0.0111,0.0171,0.0149,0.0017,0.0153,0.005,0.0064,0.0012,0.9212,0.006
2025-01-10,model_Portfolio,Hold,0.0112,0.0171,0.0149,0.0017,0.0157,0.0053,0.0064,0.0012,0.9204,0.0061
2025-01-13,model_Portfolio,Hold,0.011,0.0167,0.0148,0.0017,0.0158,0.0053,0.0064,0.0012,0.9213,0.0059
2025-01-14,model_Portfolio,Hold,0.0108,0.0164,0.0147,0.0016,0.0158,0.0053,0.0063,0.0012,0.9221,0.0059
2025-01-15,model_Portfolio,Hold,0.0106,0.0163,0.0148,0.0017,0.0161,0.0053,0.0063,0.0012,0.9219,0.0058
2025-01-16,model_Portfolio,Hold,0.0108,0.0163,0.0148,0.0016,0.0157,0.0053,0.0064,0.0012,0.9222,0.0058
2025-01-17,model_Portfolio,Hold,0.0106,0.0162,0.0147,0.0017,0.0151,0.0053,0.0064,0.0012,0.9231,0.0058
2025-01-21,model_Portfolio,Hold,0.0105,0.0157,0.0141,0.0016,0.0141,0.0052,0.0062,0.0011,0.9258,0.0055
2025-01-22,model_Portfolio,Hold,0.0104,0.0156,0.0137,0.0016,0.0139,0.0051,0.006,0.0011,0.9272,0.0054
2025-01-23,model_Portfolio,Hold,0.0109,0.0157,0.0136,0.0016,0.0139,0.0052,0.006,0.0011,0.9265,0.0054
2025-01-24,model_Portfolio,Hold,0.011,0.0157,0.0137,0.0016,0.0138,0.0052,0.0061,0.0011,0.9262,0.0055
2025-01-27,model_Portfolio,Hold,0.0113,0.016,0.0139,0.0016,0.0136,0.0051,0.006,0.0011,0.9258,0.0056
2025-01-28,model_Portfolio,Hold,0.0111,0.0162,0.0138,0.0016,0.0136,0.0051,0.0057,0.0011,0.9262,0.0055
2025-01-29,model_Portfolio,Hold,0.0111,0.016,0.0139,0.0016,0.0135,0.0051,0.0056,0.0011,0.9265,0.0055
2025-01-30,model_Portfolio,Hold,0.011,0.016,0.0137,0.0016,0.0132,0.0052,0.0055,0.0011,0.9274,0.0053
2025-01-31,model_Portfolio,Hold,0.0111,0.0164,0.0138,0.0016,0.0127,0.0052,0.0057,0.0011,0.9268,0.0054
2025-02-03,model_Portfolio,Hold,0.0113,0.0166,0.0139,0.0016,0.0126,0.0054,0.0056,0.0011,0.9262,0.0056
2025-02-04,model_Portfolio,Hold,0.0112,0.0167,0.0137,0.0017,0.013,0.0053,0.0056,0.0012,0.9261,0.0055
2025-02-05,model_Portfolio,Hold,0.0114,0.0169,0.0137,0.0016,0.0129,0.0052,0.0057,0.0011,0.926,0.0054
2025-02-06,model_Portfolio,Hold,0.0111,0.0165,0.0132,0.0016,0.0126,0.0051,0.0057,0.0011,0.9276,0.0055
2025-02-07,model_Portfolio,Hold,0.0114,0.0167,0.0135,0.0016,0.0128,0.0049,0.0057,0.001,0.9268,0.0055
2025-02-10,model_Portfolio,Hold,0.0116,0.0168,0.0134,0.0016,0.0136,0.0049,0.0057,0.0011,0.9258,0.0057
2025-02-11,model_Portfolio,Hold,0.0115,0.0168,0.0134,0.0016,0.0137,0.0049,0.0056,0.001,0.9256,0.0057
2025-02-12,model_Portfolio,Hold,0.0116,0.0169,0.0135,0.0016,0.0133,0.005,0.0057,0.001,0.9258,0.0056
2025-02-13,model_Portfolio,Hold,0.0117,0.017,0.0136,0.0016,0.0133,0.005,0.0057,0.0011,0.9252,0.0057
2025-02-14,model_Portfolio,Hold,0.0115,0.0168,0.0135,0.0016,0.0137,0.005,0.0057,0.0011,0.9255,0.0056
2025-02-18,model_Portfolio,Hold,0.0115,0.0168,0.0136,0.0016,0.0139,0.005,0.0057,0.001,0.9254,0.0056
2025-02-19,model_Portfolio,Hold,0.0115,0.0168,0.0136,0.0016,0.0138,0.005,0.0056,0.001,0.9255,0.0056
2025-02-20,model_Portfolio,Hold,0.0117,0.0166,0.0136,0.0015,0.0139,0.005,0.0057,0.001,0.9251,0.0057
2025-02-21,model_Portfolio,Hold,0.0122,0.0162,0.0137,0.0015,0.0138,0.0051,0.0058,0.001,0.9246,0.006
2025-02-24,model_Portfolio,Hold,0.0122,0.0161,0.014,0.0015,0.0138,0.005,0.0059,0.001,0.9245,0.006
2025-02-25,model_Portfolio,Hold,0.0121,0.016,0.0142,0.0015,0.0134,0.0051,0.0061,0.001,0.9246,0.006
2025-02-26,model_Portfolio,Hold,0.0121,0.0157,0.014,0.0015,0.0131,0.005,0.006,0.001,0.9258,0.0058
2025-02-27,model_Portfolio,Hold,0.0119,0.0153,0.014,0.0014,0.012,0.0049,0.006,0.0009,0.9279,0.0058
2025-02-28,model_Portfolio,Hold,0.0117,0.0145,0.0138,0.0014,0.0118,0.0048,0.0059,0.0009,0.9294,0.0057
2025-03-03,model_Portfolio,Hold,0.012,0.0146,0.0141,0.0014,0.0109,0.0048,0.0059,0.0009,0.9295,0.0059
2025-03-04,model_Portfolio,Hold,0.0124,0.0153,0.0144,0.0014,0.0112,0.005,0.0061,0.001,0.9271,0.0061
2025-03-05,model_Portfolio,Hold,0.0123,0.0152,0.0143,0.0015,0.0111,0.005,0.0062,0.001,0.9275,0.006
2025-03-06,model_Portfolio,Hold,0.0121,0.015,0.0144,0.0014,0.0112,0.005,0.006,0.001,0.9277,0.0061
2025-03-07,model_Portfolio,Hold,0.0123,0.0151,0.0145,0.0014,0.0113,0.0051,0.0062,0.001,0.9268,0.0062
2025-03-10,model_Portfolio,Hold,0.0122,0.0147,0.0142,0.0014,0.0114,0.0049,0.0062,0.001,0.9279,0.0063
2025-03-11,model_Portfolio,Hold,0.0118,0.0144,0.0141,0.0014,0.0115,0.0048,0.006,0.0009,0.9289,0.0062
2025-03-12,model_Portfolio,Hold,0.0114,0.014,0.0137,0.0014,0.0116,0.0047,0.0059,0.0009,0.9304,0.0061
2025-03-13,model_Portfolio,Hold,0.0117,0.0141,0.0141,0.0014,0.0115,0.0048,0.0059,0.0009,0.9293,0.0063
2025-03-14,model_Portfolio,Hold,0.0111,0.0137,0.014,0.0014,0.0115,0.0046,0.0059,0.0009,0.9306,0.0062
2025-03-17,model_Portfolio,Hold,0.011,0.0138,0.0139,0.0013,0.0116,0.0046,0.0058,0.0009,0.9311,0.0061
2025-03-18,model_Portfolio,Hold,0.011,0.0139,0.014,0.0013,0.0118,0.0046,0.0058,0.0009,0.9305,0.0061
2025-03-19,model_Portfolio,Hold,0.011,0.0137,0.0139,0.0013,0.012,0.0046,0.0057,0.0009,0.9309,0.006
2025-03-20,model_Portfolio,Hold,0.0111,0.0129,0.0141,0.0013,0.012,0.0046,0.0057,0.0009,0.9312,0.0061
2025-03-21,model_Portfolio,Hold,0.0111,0.0132,0.0141,0.0014,0.0121,0.0046,0.0057,0.0009,0.9308,0.006
2025-03-24,model_Portfolio,Hold,0.011,0.013,0.0141,0.0014,0.012,0.0046,0.0057,0.0009,0.9314,0.0059
2025-03-25,model_Portfolio,Hold,0.0108,0.0131,0.014,0.0014,0.012,0.0046,0.0056,0.0009,0.9316,0.0059
2025-03-26,model_Portfolio,Hold,0.0109,0.0132,0.0142,0.0014,0.0122,0.0046,0.0056,0.0009,0.9308,0.0061
2025-03-27,model_Portfolio,Hold,0.0116,0.0134,0.0146,0.0014,0.0126,0.0047,0.0057,0.0009,0.9286,0.0063
2025-03-28,model_Portfolio,Hold,0.0119,0.0136,0.0148,0.0014,0.0127,0.0048,0.0059,0.0009,0.9276,0.0064
2025-03-31,model_Portfolio,Hold,0.0119,0.0137,0.0148,0.0013,0.0126,0.0048,0.0057,0.0009,0.9277,0.0065
2025-04-01,model_Portfolio,Hold,0.0117,0.0137,0.0149,0.0013,0.0126,0.0047,0.0056,0.0009,0.9281,0.0064
2025-04-02,model_Portfolio,Hold,0.0117,0.0138,0.0149,0.0014,0.0127,0.0048,0.0056,0.0009,0.928,0.0062
2025-04-03,model_Portfolio,Hold,0.0124,0.0139,0.0156,0.0013,0.0112,0.0048,0.0056,0.0009,0.9276,0.0066
2025-04-04,model_Portfolio,Hold,0.0129,0.0145,0.0157,0.0014,0.0105,0.005,0.0058,0.001,0.9263,0.0071
2025-04-07,model_Portfolio,Hold,0.0128,0.0143,0.0152,0.0014,0.0103,0.0048,0.0055,0.001,0.9278,0.0069
2025-04-08,model_Portfolio,Hold,0.0128,0.0143,0.0154,0.0014,0.0097,0.0047,0.0055,0.001,0.9283,0.007
2025-04-09,model_Portfolio,Hold,0.0121,0.014,0.0149,0.0014,0.0107,0.0047,0.0053,0.001,0.9294,0.0065
2025-04-10,model_Portfolio,Hold,0.0123,0.014,0.0154,0.0014,0.0097,0.0047,0.0051,0.001,0.9296,0.0068
2025-04-11,model_Portfolio,Hold,0.0123,0.0136,0.0154,0.0014,0.0098,0.0047,0.0051,0.001,0.93,0.0067
2025-04-14,model_Portfolio,Hold,0.0124,0.0139,0.0156,0.0014,0.0099,0.0048,0.0053,0.001,0.9291,0.0067
2025-04-15,model_Portfolio,Hold,0.0123,0.0139,0.0157,0.0014,0.0097,0.0047,0.0053,0.001,0.9293,0.0068
2025-04-16,model_Portfolio,Hold,0.0131,0.0142,0.0161,0.0014,0.0104,0.0048,0.0053,0.001,0.9267,0.007
2025-04-17,model_Portfolio,Hold,0.0133,0.0141,0.0161,0.0014,0.0109,0.0048,0.0054,0.001,0.926,0.0071
2025-04-21,model_Portfolio,Hold,0.0136,0.0143,0.0162,0.0014,0.0108,0.0049,0.0054,0.001,0.9251,0.0073
2025-04-22,model_Portfolio,Hold,0.0128,0.0135,0.0156,0.0013,0.0104,0.0047,0.0051,0.0009,0.9288,0.0069
2025-04-23,model_Portfolio,Hold,0.0126,0.0138,0.0156,0.0014,0.0103,0.0047,0.0051,0.001,0.9287,0.0069
2025-04-24,model_Portfolio,Hold,0.0123,0.0137,0.0154,0.0014,0.0105,0.0046,0.005,0.001,0.9293,0.0068
2025-04-25,model_Portfolio,Hold,0.0124,0.0139,0.0154,0.0014,0.0107,0.0047,0.005,0.001,0.9288,0.0068
2025-04-28,model_Portfolio,Hold,0.0124,0.0138,0.0154,0.0014,0.0108,0.0047,0.005,0.001,0.9287,0.0068
2025-04-29,model_Portfolio,Hold,0.0125,0.014,0.0154,0.0014,0.0105,0.0047,0.0047,0.001,0.929,0.0068
2025-04-30,model_Portfolio,Hold,0.0125,0.014,0.0153,0.0014,0.01,0.0047,0.0047,0.001,0.9296,0.0068
2025-05-01,model_Portfolio,Hold,0.0126,0.0142,0.0147,0.0014,0.0105,0.0047,0.0048,0.001,0.9292,0.0069
2025-05-02,model_Portfolio,Hold,0.0124,0.014,0.0146,0.0014,0.0104,0.0047,0.0047,0.001,0.9301,0.0067
2025-05-05,model_Portfolio,Hold,0.0125,0.0142,0.0147,0.0014,0.0099,0.0046,0.0047,0.001,0.9301,0.0068
2025-05-06,model_Portfolio,Hold,0.0128,0.0143,0.015,0.0014,0.0102,0.0046,0.0047,0.001,0.9289,0.007
2025-05-07,model_Portfolio,Hold,0.0128,0.0144,0.0151,0.0014,0.01,0.0046,0.0047,0.0009,0.9291,0.007
2025-05-08,model_Portfolio,Hold,0.0126,0.0142,0.0148,0.0014,0.0103,0.0046,0.0047,0.0009,0.9296,0.0069
2025-05-09,model_Portfolio,Hold,0.0124,0.0141,0.0146,0.0014,0.0105,0.0046,0.0047,0.0009,0.9302,0.0067
2025-05-12,model_Portfolio,Hold,0.0117,0.014,0.0138,0.0014,0.0106,0.0044,0.0045,0.0009,0.9326,0.0061
2025-05-13,model_Portfolio,Hold,0.0114,0.014,0.0137,0.0015,0.011,0.0044,0.0044,0.0009,0.9328,0.006
2025-05-14,model_Portfolio,Hold,0.0115,0.0141,0.0138,0.0015,0.0111,0.0044,0.0044,0.001,0.9321,0.0061
2025-05-15,model_Portfolio,Hold,0.0119,0.0142,0.014,0.0014,0.0107,0.0044,0.0044,0.0009,0.9318,0.0063
2025-05-16,model_Portfolio,Hold,0.0117,0.0136,0.0137,0.0014,0.0103,0.0044,0.0043,0.0009,0.9334,0.0062
2025-05-19,model_Portfolio,Hold,0.0117,0.0135,0.0136,0.0014,0.0101,0.0043,0.0044,0.0009,0.9338,0.0062
2025-05-20,model_Portfolio,Hold,0.0117,0.0136,0.0135,0.0014,0.0101,0.0043,0.0043,0.0009,0.9341,0.0063
2025-05-21,model_Portfolio,Hold,0.0118,0.0139,0.0137,0.0014,0.0101,0.0043,0.0042,0.001,0.9332,0.0064
2025-05-22,model_Portfolio,Hold,0.0117,0.0138,0.0135,0.0014,0.0101,0.0043,0.0042,0.001,0.9337,0.0064
2025-05-23,model_Portfolio,Hold,0.0118,0.0136,0.0137,0.0014,0.0102,0.0044,0.0041,0.001,0.9333,0.0065
2025-05-27,model_Portfolio,Hold,0.0118,0.0137,0.0136,0.0014,0.0104,0.0044,0.0042,0.001,0.9331,0.0064
2025-05-28,model_Portfolio,Hold,0.0117,0.0138,0.0135,0.0014,0.0104,0.0044,0.0042,0.001,0.9331,0.0064
2025-05-29,model_Portfolio,Hold,0.0117,0.0138,0.0135,0.0014,0.0104,0.0044,0.0043,0.001,0.9331,0.0064
2025-05-30,model_Portfolio,Hold,0.0119,0.0139,0.0137,0.0014,0.0103,0.0045,0.0043,0.001,0.9325,0.0065
2025-06-02,model_Portfolio,Hold,0.012,0.0139,0.0139,0.0015,0.0106,0.0045,0.0043,0.001,0.9316,0.0066
2025-06-03,model_Portfolio,Hold,0.0119,0.0137,0.0138,0.0014,0.011,0.0046,0.0043,0.0009,0.9318,0.0065
2025-06-04,model_Portfolio,Hold,0.012,0.014,0.0138,0.0015,0.0109,0.0046,0.0043,0.001,0.9316,0.0065
2025-06-05,model_Portfolio,Hold,0.0121,0.014,0.0137,0.0015,0.0109,0.0045,0.0043,0.001,0.9315,0.0065
2025-06-06,model_Portfolio,Hold,0.0121,0.0142,0.014,0.0015,0.0114,0.0046,0.0044,0.001,0.9304,0.0065
2025-06-09,model_Portfolio,Hold,0.0122,0.0142,0.0139,0.0016,0.0115,0.0046,0.0045,0.001,0.9299,0.0065
2025-06-10,model_Portfolio,Hold,0.0122,0.0143,0.0138,0.0015,0.0119,0.0046,0.0045,0.001,0.9296,0.0064
2025-06-11,model_Portfolio,Hold,0.0121,0.0141,0.0135,0.0015,0.0119,0.0046,0.0045,0.001,0.9303,0.0065
2025-06-12,model_Portfolio,Hold,0.0124,0.0142,0.0139,0.0015,0.0123,0.0047,0.0045,0.001,0.9288,0.0066
2025-06-13,model_Portfolio,Hold,0.0125,0.0142,0.0141,0.0015,0.0131,0.0047,0.0045,0.001,0.9276,0.0067
2025-06-16,model_Portfolio,Hold,0.0122,0.014,0.0139,0.0015,0.0126,0.0046,0.0045,0.001,0.9291,0.0066
2025-06-17,model_Portfolio,Hold,0.0122,0.0142,0.0141,0.0016,0.013,0.0046,0.0045,0.001,0.928,0.0067
2025-06-18,model_Portfolio,Hold,0.0122,0.0139,0.0141,0.0015,0.0127,0.0046,0.0045,0.001,0.9286,0.0068
2025-06-20,model_Portfolio,Hold,0.0122,0.0128,0.0141,0.0015,0.0124,0.0045,0.0045,0.001,0.9304,0.0067
2025-06-23,model_Portfolio,Hold,0.0119,0.013,0.014,0.0015,0.0112,0.0044,0.0045,0.0009,0.932,0.0067
2025-06-24,model_Portfolio,Hold,0.0122,0.013,0.0137,0.0015,0.0109,0.0045,0.0045,0.0009,0.9323,0.0065
2025-06-25,model_Portfolio,Hold,0.0123,0.013,0.0136,0.0015,0.0108,0.0046,0.0045,0.001,0.9323,0.0065
2025-06-26,model_Portfolio,Hold,0.0117,0.0128,0.0136,0.0015,0.011,0.0045,0.0044,0.001,0.9332,0.0064
2025-06-27,model_Portfolio,Hold,0.0117,0.0126,0.0136,0.0015,0.0109,0.0044,0.0044,0.001,0.9335,0.0063
2025-06-30,model_Portfolio,Hold,0.0118,0.0128,0.0136,0.0015,0.0108,0.0044,0.0044,0.001,0.9334,0.0063
2025-07-01,model_Portfolio,Hold,0.0117,0.0128,0.0135,0.0015,0.011,0.0045,0.0045,0.001,0.9334,0.0062
2025-07-02,model_Portfolio,Hold,0.0115,0.0128,0.0132,0.0015,0.0113,0.0045,0.0046,0.001,0.9333,0.0063
2025-07-03,model_Portfolio,Hold,0.0116,0.0129,0.0135,0.0015,0.0114,0.0046,0.0046,0.001,0.9325,0.0064
2025-07-07,model_Portfolio,Hold,0.0116,0.0129,0.0133,0.0015,0.0114,0.0046,0.0045,0.001,0.9326,0.0065
2025-07-08,model_Portfolio,Hold,0.0115,0.0128,0.0132,0.0015,0.0119,0.0046,0.0046,0.001,0.9326,0.0063
2025-07-09,model_Portfolio,Hold,0.0113,0.0124,0.0129,0.0015,0.0118,0.0045,0.0045,0.001,0.9341,0.006
2025-07-10,model_Portfolio,Hold,0.0112,0.012,0.0128,0.0015,0.0116,0.0045,0.0046,0.001,0.9346,0.0061
2025-07-11,model_Portfolio,Hold,0.0112,0.0118,0.0129,0.0015,0.0116,0.0045,0.0047,0.001,0.9348,0.0061
2025-07-14,model_Portfolio,Hold,0.0111,0.0116,0.0128,0.0015,0.0111,0.0044,0.0046,0.001,0.9359,0.006
2025-07-15,model_Portfolio,Hold,0.0112,0.0116,0.0127,0.0015,0.0107,0.0044,0.0046,0.001,0.9363,0.0061
2025-07-16,model_Portfolio,Hold,0.0111,0.0116,0.0127,0.0015,0.0104,0.0044,0.0046,0.001,0.9366,0.0061
2025-07-17,model_Portfolio,Hold,0.0101,0.0117,0.0126,0.0015,0.0107,0.0045,0.0046,0.001,0.9375,0.006
2025-07-18,model_Portfolio,Hold,0.0107,0.0121,0.0131,0.0015,0.011,0.0046,0.0047,0.001,0.935,0.0062
2025-07-21,model_Portfolio,Hold,0.0108,0.0121,0.0131,0.0016,0.0109,0.0046,0.0047,0.0011,0.9348,0.0063
2025-07-22,model_Portfolio,Hold,0.011,0.0124,0.0134,0.0016,0.0113,0.0047,0.0049,0.0011,0.9332,0.0064
2025-07-23,model_Portfolio,Hold,0.0111,0.0124,0.0134,0.0016,0.0116,0.0047,0.0051,0.0011,0.9327,0.0065
2025-07-24,model_Portfolio,Hold,0.0112,0.0123,0.0135,0.0016,0.0117,0.0048,0.005,0.0011,0.9323,0.0065
2025-07-25,model_Portfolio,Hold,0.0111,0.0122,0.0135,0.0016,0.0115,0.0048,0.005,0.0011,0.9329,0.0064
2025-07-28,model_Portfolio,Hold,0.011,0.0119,0.0131,0.0016,0.0117,0.0047,0.0048,0.0011,0.9338,0.0063
2025-07-29,model_Portfolio,Hold,0.0112,0.012,0.0131,0.0016,0.0118,0.0047,0.0048,0.0011,0.9334,0.0064
2025-07-30,model_Portfolio,Hold,0.0116,0.0122,0.0132,0.0016,0.012,0.0048,0.0049,0.0011,0.9317,0.0068
2025-07-31,model_Portfolio,Hold,0.0112,0.0117,0.0131,0.0016,0.0117,0.0046,0.0047,0.0011,0.9334,0.0068
2025-08-01,model_Portfolio,Hold,0.0117,0.0115,0.0134,0.0015,0.0116,0.0047,0.0048,0.0011,0.9326,0.007
2025-08-04,model_Portfolio,Hold,0.0117,0.0114,0.0131,0.0015,0.0112,0.0047,0.0048,0.0011,0.9336,0.0068
2025-08-05,model_Portfolio,Hold,0.0116,0.0108,0.013,0.0015,0.0113,0.0047,0.0048,0.0011,0.9345,0.0068
2025-08-06,model_Portfolio,Hold,0.0116,0.0107,0.0134,0.0015,0.0109,0.0046,0.0045,0.0011,0.9348,0.0068
2025-08-07,model_Portfolio,Hold,0.0116,0.0104,0.0133,0.0015,0.0117,0.0046,0.0045,0.0011,0.9345,0.0068
2025-08-08,model_Portfolio,Hold,0.0117,0.0102,0.0133,0.0015,0.0119,0.0045,0.0045,0.0011,0.9345,0.0068
2025-08-11,model_Portfolio,Hold,0.0113,0.0101,0.0132,0.0015,0.0117,0.0044,0.0043,0.0011,0.9356,0.0069
2025-08-12,model_Portfolio,Hold,0.0111,0.0099,0.013,0.0015,0.0118,0.0044,0.0043,0.0011,0.9362,0.0068
2025-08-13,model_Portfolio,Hold,0.0108,0.0101,0.013,0.0015,0.0117,0.0044,0.0043,0.0011,0.9365,0.0067
2025-08-14,model_Portfolio,Hold,0.011,0.0103,0.0133,0.0015,0.0119,0.0045,0.0044,0.0011,0.9352,0.0068
2025-08-15,model_Portfolio,Hold,0.0115,0.0106,0.0136,0.0016,0.0122,0.0046,0.0046,0.0011,0.9332,0.007
2025-08-18,model_Portfolio,Hold,0.0113,0.0107,0.0136,0.0016,0.0121,0.0045,0.0046,0.0011,0.9334,0.007
2025-08-19,model_Portfolio,Hold,0.0113,0.0108,0.0136,0.0015,0.0119,0.0045,0.0047,0.0011,0.9334,0.007
2025-08-20,model_Portfolio,Hold,0.0114,0.0108,0.0138,0.0015,0.0119,0.0045,0.0046,0.0011,0.9333,0.0071
2025-08-21,model_Portfolio,Hold,0.0114,0.0107,0.0139,0.0015,0.0121,0.0046,0.0046,0.0011,0.933,0.0071
2025-08-22,model_Portfolio,Hold,0.0111,0.0107,0.0135,0.0015,0.0124,0.0045,0.0047,0.0011,0.9335,0.007
2025-08-25,model_Portfolio,Hold,0.0112,0.0107,0.0136,0.0015,0.013,0.0045,0.0047,0.0011,0.9327,0.007
2025-08-26,model_Portfolio,Hold,0.0111,0.0106,0.0136,0.0015,0.0128,0.0045,0.0047,0.0011,0.9332,0.0069
2025-08-27,model_Portfolio,Hold,0.0111,0.0107,0.0135,0.0015,0.013,0.0045,0.0048,0.0011,0.9329,0.0069
2025-08-28,model_Portfolio,Hold,0.011,0.0106,0.0133,0.0015,0.0132,0.0045,0.0048,0.0011,0.9332,0.0068
2025-08-29,model_Portfolio,Hold,0.0113,0.0109,0.0135,0.0015,0.0135,0.0045,0.0048,0.0012,0.9318,0.007
2025-09-02,model_Portfolio,Hold,0.0112,0.0108,0.0135,0.0015,0.0139,0.0045,0.0048,0.0012,0.9315,0.007
2025-09-03,model_Portfolio,Hold,0.0115,0.0109,0.0138,0.0015,0.0135,0.0046,0.0049,0.0013,0.931,0.0071
2025-09-04,model_Portfolio,Hold,0.0113,0.0106,0.0137,0.0016,0.0136,0.0045,0.0049,0.0013,0.9317,0.0069
2025-09-05,model_Portfolio,Hold,0.0113,0.0107,0.0136,0.0015,0.0132,0.0045,0.005,0.0013,0.932,0.0069
2025-09-08,model_Portfolio,Hold,0.0113,0.0108,0.0136,0.0016,0.0131,0.0045,0.0051,0.0013,0.9319,0.0069
2025-09-09,model_Portfolio,Hold,0.0114,0.0107,0.0137,0.0016,0.0128,0.0045,0.005,0.0013,0.9321,0.007
2025-09-10,model_Portfolio,Hold,0.0111,0.0103,0.0137,0.0015,0.0137,0.0045,0.005,0.0013,0.9318,0.007
2025-09-11,model_Portfolio,Hold,0.011,0.01,0.0134,0.0015,0.013,0.0044,0.0049,0.0013,0.9337,0.0068
2025-09-12,model_Portfolio,Hold,0.0112,0.0098,0.0136,0.0015,0.0131,0.0044,0.0049,0.0013,0.9333,0.0069
2025-09-15,model_Portfolio,Hold,0.0111,0.0099,0.0136,0.0015,0.0132,0.0044,0.005,0.0014,0.9331,0.0068
2025-09-16,model_Portfolio,Hold,0.0112,0.0098,0.0135,0.0015,0.0141,0.0044,0.005,0.0014,0.9322,0.0068
2025-09-17,model_Portfolio,Hold,0.0114,0.0101,0.0138,0.0015,0.014,0.0045,0.005,0.0014,0.9313,0.0069
2025-09-18,model_Portfolio,Hold,0.0114,0.01,0.0137,0.0015,0.0139,0.0045,0.0051,0.0014,0.9317,0.0068
2025-09-19,model_Portfolio,Hold,0.0115,0.0099,0.0136,0.0015,0.0135,0.0044,0.005,0.0014,0.9323,0.0068
2025-09-22,model_Portfolio,Hold,0.0117,0.0101,0.0137,0.0015,0.0138,0.0045,0.0051,0.0014,0.9313,0.0068
2025-09-23,model_Portfolio,Hold,0.0115,0.0098,0.0136,0.0015,0.0139,0.0042,0.0051,0.0014,0.9323,0.0068
2025-09-24,model_Portfolio,Hold,0.0114,0.01,0.0139,0.0015,0.0143,0.0042,0.0051,0.0013,0.9313,0.0069
2025-09-25,model_Portfolio,Hold,0.0115,0.0099,0.0141,0.0015,0.0143,0.0042,0.005,0.0014,0.9312,0.007
2025-09-26,model_Portfolio,Hold,0.0115,0.0101,0.0143,0.0015,0.0146,0.0042,0.005,0.0014,0.9304,0.0071
2025-09-29,model_Portfolio,Hold,0.0114,0.0104,0.0142,0.0015,0.0142,0.0042,0.005,0.0013,0.9307,0.007
2025-09-30,model_Portfolio,Hold,0.0114,0.0103,0.0142,0.0015,0.0141,0.0042,0.005,0.0013,0.9311,0.007
2025-10-01,model_Portfolio,Hold,0.0113,0.0101,0.014,0.0015,0.0145,0.0041,0.005,0.0013,0.9312,0.007
2025-10-02,model_Portfolio,Hold,0.0111,0.01,0.0137,0.0014,0.0136,0.0041,0.0049,0.0013,0.933,0.0068
2025-10-03,model_Portfolio,Hold,0.0112,0.01,0.0139,0.0014,0.014,0.0041,0.0049,0.0013,0.9323,0.0068
2025-10-06,model_Portfolio,Hold,0.0113,0.0103,0.0143,0.0015,0.0145,0.0042,0.0048,0.0014,0.9309,0.0069
2025-10-07,model_Portfolio,Hold,0.0113,0.0105,0.0143,0.0015,0.0146,0.0042,0.0047,0.0013,0.9307,0.0071
2025-10-08,model_Portfolio,Hold,0.0114,0.0105,0.0141,0.0015,0.0142,0.0041,0.0045,0.0013,0.9314,0.0069
2025-10-09,model_Portfolio,Hold,0.0115,0.0107,0.0143,0.0015,0.014,0.0041,0.0045,0.0013,0.931,0.0071
2025-10-10,model_Portfolio,Hold,0.0118,0.0105,0.0147,0.0015,0.0133,0.0042,0.0046,0.0013,0.9308,0.0074
2025-10-13,model_Portfolio,Hold,0.0115,0.0105,0.0144,0.0015,0.0136,0.0042,0.0045,0.0014,0.9314,0.0071
2025-10-14,model_Portfolio,Hold,0.0115,0.0104,0.0144,0.0015,0.0136,0.0041,0.0046,0.0014,0.9316,0.0071
2025-10-15,model_Portfolio,Hold,0.0112,0.0102,0.0141,0.0014,0.0137,0.004,0.0046,0.0014,0.9324,0.007
2025-10-16,model_Portfolio,Hold,0.0112,0.01,0.0139,0.0015,0.0137,0.004,0.0046,0.0014,0.9327,0.007
2025-10-17,model_Portfolio,Hold,0.0112,0.0102,0.0139,0.0014,0.0133,0.004,0.0046,0.0014,0.933,0.007
2025-10-20,model_Portfolio,Hold,0.0111,0.0102,0.0139,0.0014,0.0131,0.004,0.0046,0.0014,0.9334,0.0069
2025-10-21,model_Portfolio,Hold,0.0102,0.0098,0.0129,0.0014,0.0123,0.0037,0.0043,0.0013,0.9378,0.0063
2025-10-22,model_Portfolio,Hold,0.0102,0.0097,0.0128,0.0013,0.0126,0.0037,0.0043,0.0013,0.9377,0.0064
2025-10-23,model_Portfolio,Hold,0.0098,0.0095,0.0124,0.0013,0.0132,0.0036,0.0042,0.0013,0.9384,0.0062
2025-10-24,model_Portfolio,Hold,0.01,0.0096,0.0126,0.0014,0.013,0.0037,0.0043,0.0013,0.9378,0.0064
2025-10-27,model_Portfolio,Hold,0.0101,0.0097,0.0127,0.0014,0.0127,0.0037,0.0043,0.0014,0.9378,0.0063
2025-10-28,model_Portfolio,Hold,0.0101,0.0099,0.0127,0.0014,0.0125,0.0037,0.0035,0.0014,0.9384,0.0063
2025-10-29,model_Portfolio,Hold,0.0101,0.0098,0.0127,0.0014,0.0126,0.0037,0.0033,0.0014,0.9386,0.0062
2025-10-30,model_Portfolio,Hold,0.01,0.0098,0.0127,0.0014,0.0124,0.0036,0.0032,0.0014,0.9398,0.0057
2025-10-31,model_Portfolio,Hold,0.0099,0.0098,0.0128,0.0015,0.0125,0.0035,0.0033,0.0014,0.9395,0.0056
2025-11-03,model_Portfolio,Hold,0.0102,0.01,0.0131,0.0016,0.0127,0.0036,0.0032,0.0015,0.9383,0.0058
2025-11-04,model_Portfolio,Hold,0.0105,0.0099,0.0134,0.0016,0.0126,0.0036,0.0031,0.0015,0.9378,0.0059
2025-11-05,model_Portfolio,Hold,0.0101,0.0099,0.0134,0.0016,0.0121,0.0035,0.0031,0.0015,0.939,0.0058
2025-11-06,model_Portfolio,Hold,0.0102,0.0096,0.0137,0.0015,0.0133,0.0038,0.003,0.0015,0.9375,0.0058
2025-11-07,model_Portfolio,Hold,0.0102,0.0097,0.0137,0.0015,0.0133,0.0038,0.0032,0.0014,0.9373,0.0058
2025-11-10,model_Portfolio,Hold,0.01,0.0095,0.0134,0.0015,0.0133,0.0037,0.003,0.0015,0.9382,0.0057
2025-11-11,model_Portfolio,Hold,0.0101,0.0094,0.0134,0.0015,0.0134,0.0038,0.003,0.0015,0.9382,0.0057
2025-11-12,model_Portfolio,Hold,0.0101,0.0094,0.0133,0.0015,0.0128,0.0037,0.0029,0.0014,0.9392,0.0056
2025-11-13,model_Portfolio,Hold,0.0101,0.0095,0.0134,0.0014,0.0133,0.0037,0.0029,0.0014,0.9387,0.0056
2025-11-14,model_Portfolio,Hold,0.0104,0.0095,0.0135,0.0014,0.0135,0.0037,0.0029,0.0014,0.9379,0.0057
2025-11-17,model_Portfolio,Hold,0.0105,0.0095,0.0134,0.0015,0.0135,0.0037,0.0029,0.0015,0.9379,0.0058
2025-11-18,model_Portfolio,Hold,0.0104,0.0094,0.0133,0.0014,0.0138,0.0037,0.0029,0.0014,0.9379,0.0059
2025-11-19,model_Portfolio,Hold,0.0101,0.0094,0.013,0.0014,0.0132,0.0037,0.0028,0.0015,0.9391,0.0058
2025-11-20,model_Portfolio,Hold,0.01,0.0095,0.0133,0.0014,0.013,0.0037,0.0028,0.0015,0.939,0.0058
2025-11-21,model_Portfolio,Hold,0.0101,0.0098,0.0131,0.0014,0.013,0.0037,0.0028,0.0015,0.9388,0.0057
2025-11-24,model_Portfolio,Hold,0.01,0.0094,0.0129,0.0014,0.0132,0.0037,0.0028,0.0016,0.9395,0.0056
2025-11-25,model_Portfolio,Hold,0.0099,0.0095,0.0129,0.0014,0.0129,0.0036,0.0029,0.0016,0.9397,0.0056
2025-11-26,model_Portfolio,Hold,0.01,0.0095,0.0129,0.0014,0.0132,0.0037,0.0029,0.0016,0.9392,0.0057
2025-11-28,model_Portfolio,Hold,0.01,0.0095,0.0127,0.0014,0.0133,0.0037,0.0029,0.0016,0.9393,0.0057
2025-12-01,model_Portfolio,Hold,0.01,0.0098,0.0128,0.0014,0.0136,0.0037,0.0029,0.0016,0.9385,0.0057
2025-12-02,model_Portfolio,Hold,0.0098,0.0099,0.0126,0.0014,0.0136,0.0036,0.0029,0.0016,0.9389,0.0057
2025-12-03,model_Portfolio,Hold,0.0096,0.0103,0.0125,0.0014,0.0143,0.0036,0.0026,0.0016,0.9386,0.0056
2025-12-04,model_Portfolio,Hold,0.0098,0.0104,0.0128,0.0014,0.0144,0.0037,0.0026,0.0016,0.9376,0.0057
2025-12-05,model_Portfolio,Hold,0.0099,0.0104,0.0129,0.0014,0.0148,0.0038,0.0025,0.0016,0.937,0.0057
2025-12-08,model_Portfolio,Hold,0.0099,0.0106,0.0131,0.0014,0.0146,0.0035,0.0025,0.0016,0.937,0.0058
2025-12-09,model_Portfolio,Hold,0.0098,0.0106,0.013,0.0014,0.0146,0.0034,0.0026,0.0016,0.9373,0.0058
2025-12-10,model_Portfolio,Hold,0.0098,0.0107,0.0128,0.0014,0.0145,0.0034,0.0026,0.0016,0.9372,0.0058
2025-12-11,model_Portfolio,Hold,0.0097,0.0104,0.0128,0.0014,0.0141,0.0035,0.0025,0.0016,0.9382,0.0057
2025-12-12,model_Portfolio,Hold,0.0099,0.0105,0.0129,0.0014,0.014,0.0035,0.0026,0.0015,0.938,0.0057
2025-12-15,model_Portfolio,Hold,0.0103,0.0108,0.0133,0.0014,0.0139,0.0036,0.0027,0.0016,0.9366,0.0059
2025-12-16,model_Portfolio,Hold,0.0103,0.0108,0.0133,0.0014,0.0134,0.0036,0.0027,0.0016,0.9369,0.006
2025-12-17,model_Portfolio,Hold,0.0104,0.011,0.0135,0.0014,0.0139,0.0037,0.0027,0.0015,0.936,0.006
2025-12-18,model_Portfolio,Hold,0.0103,0.0108,0.0135,0.0014,0.0134,0.0036,0.0028,0.0016,0.9365,0.0059
2025-12-19,model_Portfolio,Hold,0.0103,0.0109,0.0135,0.0014,0.0136,0.0036,0.0027,0.0016,0.9364,0.0059
2025-12-22,model_Portfolio,Hold,0.0104,0.011,0.0136,0.0015,0.0139,0.0037,0.0028,0.0016,0.9355,0.006
2025-12-23,model_Portfolio,Hold,0.0103,0.011,0.0137,0.0015,0.0139,0.0037,0.0028,0.0017,0.9355,0.006
2025-12-24,model_Portfolio,Hold,0.0103,0.0109,0.0136,0.0015,0.0139,0.0037,0.0028,0.0017,0.9355,0.0061
2025-12-26,model_Portfolio,Hold,0.0102,0.0109,0.0134,0.0015,0.0136,0.0037,0.0028,0.0016,0.9363,0.006
2025-12-29,model_Portfolio,Hold,0.0102,0.0109,0.0135,0.0015,0.0138,0.0037,0.0028,0.0016,0.9361,0.006
2025-12-30,model_Portfolio,Hold,0.0103,0.0109,0.0136,0.0015,0.014,0.0037,0.0028,0.0016,0.9355,0.006
