Date,Strategy,Type,ABT,ACN,AFL,AMZN,APA,APD,ARE,GOOGL,MMM,MO
2022-01-20,buy_and_hold,Rebalance,0.1,0.1,0.1,0.1,0.1,0.1,0.1,0.1,0.1,0.1
2022-01-21,buy_and_hold,Hold,0.1027,0.0997,0.1001,0.0957,0.0981,0.1002,0.1009,0.0995,0.1013,0.1018
2022-01-24,buy_and_hold,Hold,0.1009,0.1005,0.1009,0.0968,0.0993,0.1001,0.1,0.0997,0.1011,0.1008
2022-01-25,buy_and_hold,Hold,0.1004,0.0993,0.1016,0.0937,0.1075,0.0989,0.0994,0.0967,0.1017,0.1009
2022-01-26,buy_and_hold,Hold,0.0987,0.0987,0.103,0.0939,0.1086,0.0988,0.0981,0.0994,0.1,0.1008
2022-01-27,buy_and_hold,Hold,0.099,0.0997,0.1025,0.0943,0.108,0.0985,0.0959,0.0992,0.1005,0.1025
2022-01-28,buy_and_hold,Hold,0.1016,0.1012,0.1018,0.096,0.1073,0.0978,0.0966,0.1011,0.095,0.1014
2022-01-31,buy_and_hold,Hold,0.1015,0.1025,0.1008,0.098,0.1056,0.0977,0.0976,0.1008,0.095,0.1004
2022-02-01,buy_and_hold,Rebalance,0.1,0.1,0.1,0.1,0.1,0.1,0.1,0.1,0.1,0.1
2022-02-02,buy_and_hold,Hold,0.101,0.1005,0.1,0.0984,0.0989,0.0987,0.0996,0.1062,0.0983,0.0985
2022-02-03,buy_and_hold,Hold,0.1032,0.0986,0.1022,0.0926,0.1004,0.0995,0.0991,0.1049,0.099,0.1004
2022-02-04,buy_and_hold,Hold,0.1024,0.0987,0.1033,0.1047,0.0998,0.0928,0.098,0.1045,0.0964,0.0995
2022-02-07,buy_and_hold,Hold,0.102,0.0986,0.1052,0.1059,0.0995,0.0906,0.0973,0.1025,0.0976,0.1008
2022-02-08,buy_and_hold,Hold,0.1024,0.0989,0.1063,0.1081,0.0959,0.0899,0.0969,0.1025,0.0982,0.1008
2022-02-09,buy_and_hold,Hold,0.1025,0.1005,0.1049,0.1065,0.0962,0.0911,0.0978,0.1028,0.0977,0.0999
2022-02-10,buy_and_hold,Hold,0.1023,0.0987,0.1062,0.1071,0.0982,0.0903,0.0966,0.1026,0.0972,0.1009
2022-02-11,buy_and_hold,Hold,0.1019,0.0962,0.1072,0.1047,0.1015,0.0886,0.0981,0.1007,0.0984,0.1027
2022-02-14,buy_and_hold,Hold,0.1008,0.0964,0.1067,0.1072,0.0967,0.0893,0.0982,0.1028,0.0986,0.1033
2022-02-15,buy_and_hold,Hold,0.101,0.0966,0.1071,0.1073,0.0962,0.0902,0.0983,0.1029,0.0974,0.103
2022-02-16,buy_and_hold,Hold,0.1005,0.0976,0.1067,0.1081,0.0965,0.0891,0.099,0.1034,0.096,0.1033
2022-02-17,buy_and_hold,Hold,0.0998,0.0962,0.1064,0.1077,0.0982,0.089,0.1003,0.1014,0.0943,0.1068
2022-02-18,buy_and_hold,Hold,0.0973,0.0963,0.1071,0.107,0.0982,0.0901,0.1008,0.1004,0.0944,0.1083
2022-02-22,buy_and_hold,Hold,0.0987,0.097,0.1073,0.1061,0.0955,0.0894,0.1026,0.1007,0.0945,0.1082
2022-02-23,buy_and_hold,Hold,0.0998,0.0959,0.1067,0.1037,0.0961,0.0892,0.103,0.1003,0.0942,0.111
2022-02-24,buy_and_hold,Hold,0.1001,0.096,0.1023,0.1074,0.0998,0.0886,0.1044,0.1034,0.093,0.105
2022-02-25,buy_and_hold,Hold,0.1003,0.0951,0.1034,0.1061,0.1011,0.0881,0.1034,0.1019,0.0946,0.106
2022-02-28,buy_and_hold,Hold,0.0993,0.0936,0.1023,0.1063,0.1075,0.0869,0.1015,0.1027,0.0938,0.106
2022-03-01,buy_and_hold,Rebalance,0.1,0.1,0.1,0.1,0.1,0.1,0.1,0.1,0.1,0.1
2022-03-02,buy_and_hold,Hold,0.1003,0.1007,0.1012,0.099,0.1,0.0996,0.0994,0.0988,0.1001,0.1008
2022-03-03,buy_and_hold,Hold,0.1005,0.1006,0.1027,0.0961,0.1008,0.0988,0.1005,0.0981,0.1006,0.1013
2022-03-04,buy_and_hold,Hold,0.1012,0.0994,0.1013,0.0949,0.1043,0.0976,0.1021,0.097,0.0999,0.1022
2022-03-07,buy_and_hold,Hold,0.1021,0.0995,0.1025,0.0923,0.1033,0.0976,0.1024,0.0957,0.1005,0.1041
2022-03-08,buy_and_hold,Hold,0.1002,0.0988,0.1033,0.0918,0.1057,0.0968,0.1036,0.0967,0.1025,0.1007
2022-03-09,buy_and_hold,Hold,0.1003,0.0995,0.1033,0.0922,0.1039,0.0985,0.1024,0.0996,0.1014,0.099
2022-03-10,buy_and_hold,Hold,0.0986,0.0991,0.1022,0.0968,0.107,0.0984,0.1015,0.0984,0.0991,0.099
2022-03-11,buy_and_hold,Hold,0.0977,0.1013,0.1038,0.0975,0.106,0.0963,0.1016,0.0981,0.0986,0.0991
2022-03-14,buy_and_hold,Hold,0.0996,0.1007,0.106,0.0956,0.1027,0.0965,0.1022,0.0957,0.101,0.0999
2022-03-15,buy_and_hold,Hold,0.0998,0.102,0.1052,0.0979,0.0988,0.097,0.102,0.0968,0.1001,0.1004
2022-03-16,buy_and_hold,Hold,0.1,0.1032,0.1059,0.1001,0.0977,0.0963,0.1009,0.0983,0.0994,0.0983
2022-03-17,buy_and_hold,Hold,0.0999,0.0999,0.1047,0.1013,0.103,0.0965,0.1006,0.0972,0.0993,0.0976
2022-03-18,buy_and_hold,Hold,0.1,0.1005,0.1039,0.103,0.1013,0.097,0.1006,0.098,0.0989,0.0968
2022-03-21,buy_and_hold,Hold,0.0989,0.1,0.104,0.1025,0.1052,0.0975,0.0989,0.0974,0.0985,0.0972
2022-03-22,buy_and_hold,Hold,0.0979,0.0999,0.1047,0.1036,0.1032,0.0974,0.0977,0.0991,0.0984,0.0982
2022-03-23,buy_and_hold,Hold,0.0951,0.099,0.1048,0.104,0.105,0.0981,0.0974,0.0992,0.0981,0.0992
2022-03-24,buy_and_hold,Hold,0.0948,0.0994,0.1049,0.103,0.104,0.1,0.0972,0.1004,0.0979,0.0985
2022-03-25,buy_and_hold,Hold,0.0946,0.0989,0.1053,0.1024,0.1046,0.1005,0.0975,0.0993,0.0976,0.0994
2022-03-28,buy_and_hold,Hold,0.0956,0.1,0.1051,0.1053,0.1006,0.1014,0.0986,0.0994,0.0972,0.0966
2022-03-29,buy_and_hold,Hold,0.0946,0.1018,0.1039,0.1042,0.1021,0.1018,0.1003,0.0989,0.0977,0.0948
2022-03-30,buy_and_hold,Hold,0.0948,0.1012,0.1043,0.1024,0.1028,0.1022,0.1007,0.0986,0.0974,0.0956
2022-03-31,buy_and_hold,Hold,0.0942,0.1018,0.1035,0.1014,0.1042,0.1026,0.1013,0.0975,0.0967,0.0969
2022-04-01,buy_and_hold,Rebalance,0.1,0.1,0.1,0.1,0.1,0.1,0.1,0.1,0.1,0.1
2022-04-04,buy_and_hold,Hold,0.0996,0.1005,0.0975,0.1023,0.1012,0.1008,0.098,0.1014,0.0993,0.0994
2022-04-05,buy_and_hold,Hold,0.101,0.1008,0.0986,0.1005,0.0989,0.1013,0.0986,0.1005,0.0997,0.1001
2022-04-06,buy_and_hold,Hold,0.1016,0.1003,0.1008,0.0975,0.0971,0.1009,0.1006,0.0979,0.1008,0.1026
2022-04-07,buy_and_hold,Hold,0.1043,0.1006,0.1008,0.0967,0.0974,0.1012,0.0991,0.0972,0.1004,0.1022
2022-04-08,buy_and_hold,Hold,0.1041,0.0997,0.1012,0.0946,0.1021,0.1011,0.0987,0.0953,0.1003,0.1029
2022-04-11,buy_and_hold,Hold,0.1033,0.0981,0.1026,0.0943,0.0993,0.1024,0.0984,0.0938,0.1024,0.1054
2022-04-12,buy_and_hold,Hold,0.1021,0.0981,0.1023,0.0943,0.1022,0.1018,0.098,0.0932,0.1015,0.1065
2022-04-13,buy_and_hold,Hold,0.1024,0.097,0.1014,0.0962,0.1045,0.1016,0.0974,0.0938,0.1005,0.1052
2022-04-14,buy_and_hold,Hold,0.1019,0.0962,0.103,0.0948,0.1058,0.1013,0.0974,0.0924,0.1006,0.1066
2022-04-18,buy_and_hold,Hold,0.101,0.0947,0.1037,0.0958,0.1069,0.1014,0.0967,0.0935,0.1002,0.1063
2022-04-19,buy_and_hold,Hold,0.1023,0.0951,0.1017,0.0974,0.1059,0.101,0.0966,0.0934,0.101,0.1055
2022-04-20,buy_and_hold,Hold,0.1043,0.0957,0.1032,0.0946,0.1055,0.1003,0.098,0.0918,0.1011,0.1055
2022-04-21,buy_and_hold,Hold,0.1059,0.0962,0.1024,0.0919,0.1016,0.1022,0.0982,0.0903,0.1028,0.1087
2022-04-22,buy_and_hold,Hold,0.1057,0.0955,0.102,0.0921,0.1009,0.1018,0.0992,0.0891,0.104,0.1099
2022-04-25,buy_and_hold,Hold,0.1062,0.0975,0.1006,0.0934,0.0971,0.1019,0.098,0.0918,0.1038,0.1096
2022-04-26,buy_and_hold,Hold,0.1063,0.0958,0.1006,0.0915,0.0985,0.1016,0.0994,0.0909,0.1035,0.1118
2022-04-27,buy_and_hold,Hold,0.1063,0.096,0.1009,0.0908,0.1021,0.1029,0.0978,0.0877,0.1036,0.112
2022-04-28,buy_and_hold,Hold,0.1055,0.0976,0.0965,0.0933,0.1039,0.102,0.0976,0.0893,0.1038,0.1106
2022-04-29,buy_and_hold,Hold,0.1054,0.097,0.0969,0.0833,0.1066,0.1031,0.097,0.0893,0.1057,0.1156
2022-05-02,buy_and_hold,Rebalance,0.1,0.1,0.1,0.1,0.1,0.1,0.1,0.1,0.1,0.1
2022-05-03,buy_and_hold,Hold,0.0986,0.099,0.1,0.0988,0.1036,0.1005,0.1003,0.0996,0.1004,0.0991
2022-05-04,buy_and_hold,Hold,0.0983,0.0991,0.0998,0.0969,0.1067,0.1008,0.0991,0.1005,0.1013,0.0976
2022-05-05,buy_and_hold,Hold,0.1003,0.0982,0.1014,0.0936,0.1018,0.1004,0.1007,0.1,0.1025,0.1011
2022-05-06,buy_and_hold,Hold,0.0993,0.0969,0.1014,0.092,0.1084,0.0999,0.0989,0.0991,0.1022,0.1019
2022-05-09,buy_and_hold,Hold,0.0988,0.098,0.1043,0.0907,0.0959,0.1028,0.0974,0.1002,0.1084,0.1036
2022-05-10,buy_and_hold,Hold,0.0994,0.0992,0.1052,0.0919,0.0967,0.103,0.0962,0.1031,0.1074,0.0979
2022-05-11,buy_and_hold,Hold,0.0993,0.0976,0.105,0.0896,0.0998,0.1047,0.0961,0.1031,0.1062,0.0988
2022-05-12,buy_and_hold,Hold,0.1009,0.0974,0.1033,0.0906,0.0988,0.1037,0.0959,0.1021,0.1081,0.0993
2022-05-13,buy_and_hold,Hold,0.1002,0.0968,0.101,0.0934,0.1042,0.1021,0.0961,0.1024,0.1052,0.0985
2022-05-16,buy_and_hold,Hold,0.1,0.0966,0.1008,0.0915,0.1074,0.1017,0.0952,0.1009,0.1061,0.0998
2022-05-17,buy_and_hold,Hold,0.1022,0.0962,0.1013,0.0933,0.1069,0.1024,0.0935,0.1006,0.1051,0.0986
2022-05-18,buy_and_hold,Hold,0.1044,0.0941,0.1034,0.0899,0.1041,0.1041,0.0927,0.1003,0.1067,0.1004
2022-05-19,buy_and_hold,Hold,0.1048,0.0945,0.1028,0.0907,0.1057,0.1047,0.0932,0.0996,0.107,0.097
2022-05-20,buy_and_hold,Hold,0.1053,0.0953,0.1016,0.0907,0.1077,0.1059,0.0941,0.098,0.1045,0.0968
2022-05-23,buy_and_hold,Hold,0.1051,0.0959,0.1024,0.089,0.112,0.1042,0.093,0.0985,0.103,0.097
2022-05-24,buy_and_hold,Hold,0.1048,0.0953,0.1043,0.0869,0.1117,0.1046,0.0935,0.0945,0.1049,0.0994
2022-05-25,buy_and_hold,Hold,0.1033,0.0945,0.1046,0.0883,0.1155,0.1034,0.0927,0.0935,0.1039,0.1002
2022-05-26,buy_and_hold,Hold,0.1027,0.0966,0.1049,0.09,0.1139,0.104,0.0925,0.0933,0.1027,0.0993
2022-05-27,buy_and_hold,Hold,0.1015,0.098,0.1043,0.0908,0.1151,0.1045,0.0929,0.0946,0.1016,0.0965
2022-05-31,buy_and_hold,Hold,0.1023,0.0963,0.1047,0.0949,0.1138,0.1028,0.0916,0.0959,0.1016,0.096
2022-06-01,buy_and_hold,Rebalance,0.1,0.1,0.1,0.1,0.1,0.1,0.1,0.1,0.1,0.1
2022-06-02,buy_and_hold,Hold,0.1003,0.1009,0.0981,0.1014,0.098,0.102,0.1,0.1015,0.0995,0.0984
2022-06-03,buy_and_hold,Hold,0.1006,0.1014,0.0977,0.0999,0.1007,0.1029,0.0991,0.0999,0.099,0.0988
2022-06-06,buy_and_hold,Hold,0.0999,0.1007,0.0976,0.1012,0.1006,0.1044,0.098,0.1012,0.0986,0.0978
2022-06-07,buy_and_hold,Hold,0.0992,0.1003,0.0974,0.0988,0.1055,0.1047,0.098,0.1005,0.098,0.0976
2022-06-08,buy_and_hold,Hold,0.0998,0.1015,0.0983,0.0997,0.1076,0.1038,0.0954,0.103,0.0994,0.0916
2022-06-09,buy_and_hold,Hold,0.1001,0.1011,0.0981,0.0975,0.1074,0.1064,0.0939,0.103,0.1006,0.0919
2022-06-10,buy_and_hold,Hold,0.1003,0.1008,0.0979,0.0949,0.1079,0.1073,0.094,0.1027,0.099,0.0953
2022-06-13,buy_and_hold,Hold,0.1009,0.1015,0.0985,0.0934,0.1049,0.1093,0.0915,0.1024,0.1021,0.0956
2022-06-14,buy_and_hold,Hold,0.0987,0.1017,0.0991,0.0928,0.1066,0.1084,0.0912,0.1034,0.1019,0.0963
2022-06-15,buy_and_hold,Hold,0.0995,0.1028,0.099,0.0966,0.1047,0.1073,0.0905,0.1053,0.1002,0.094
2022-06-16,buy_and_hold,Hold,0.1002,0.1025,0.1001,0.0962,0.0991,0.1091,0.09,0.1052,0.101,0.0966
2022-06-17,buy_and_hold,Hold,0.1007,0.1042,0.1002,0.0986,0.093,0.1095,0.0909,0.1063,0.1002,0.0965
2022-06-21,buy_and_hold,Hold,0.1006,0.1049,0.1004,0.099,0.0939,0.1097,0.0891,0.1086,0.0984,0.0955
2022-06-22,buy_and_hold,Hold,0.1028,0.1076,0.1012,0.1004,0.0883,0.111,0.0913,0.1098,0.0999,0.0877
2022-06-23,buy_and_hold,Hold,0.1029,0.1067,0.1,0.103,0.0847,0.1108,0.0938,0.1098,0.0991,0.0893
2022-06-24,buy_and_hold,Hold,0.1024,0.1079,0.1004,0.103,0.0824,0.1114,0.0943,0.1115,0.0987,0.0881
2022-06-27,buy_and_hold,Hold,0.1028,0.1063,0.1014,0.1009,0.0854,0.1097,0.0965,0.1103,0.0984,0.0883
2022-06-28,buy_and_hold,Hold,0.1024,0.1047,0.103,0.0972,0.0897,0.1097,0.0972,0.1083,0.0981,0.0897
2022-06-29,buy_and_hold,Hold,0.1052,0.104,0.1029,0.0994,0.0842,0.1108,0.0988,0.1089,0.0984,0.0874
2022-06-30,buy_and_hold,Hold,0.1059,0.1042,0.1037,0.0979,0.0822,0.1115,0.1001,0.1073,0.0991,0.0883
2022-07-01,buy_and_hold,Rebalance,0.1,0.1,0.1,0.1,0.1,0.1,0.1,0.1,0.1,0.1
2022-07-05,buy_and_hold,Hold,0.0996,0.0985,0.0992,0.1041,0.093,0.0993,0.1013,0.1047,0.101,0.0992
2022-07-06,buy_and_hold,Hold,0.0992,0.0989,0.1001,0.105,0.0911,0.0983,0.1019,0.106,0.1016,0.098
2022-07-07,buy_and_hold,Hold,0.0983,0.0985,0.0992,0.1051,0.0966,0.0961,0.1,0.1081,0.1002,0.0979
2022-07-08,buy_and_hold,Hold,0.0986,0.0989,0.0995,0.1049,0.0981,0.0952,0.0983,0.1092,0.0997,0.0978
2022-07-11,buy_and_hold,Hold,0.0993,0.0985,0.1002,0.1026,0.0973,0.097,0.0974,0.107,0.101,0.0998
2022-07-12,buy_and_hold,Hold,0.0998,0.099,0.1006,0.1012,0.0931,0.097,0.0982,0.1065,0.1029,0.1017
2022-07-13,buy_and_hold,Hold,0.0988,0.0998,0.0995,0.1033,0.0954,0.0963,0.0974,0.105,0.1025,0.1018
2022-07-14,buy_and_hold,Hold,0.1002,0.0999,0.0988,0.105,0.0929,0.0951,0.0964,0.1055,0.1038,0.1024
2022-07-15,buy_and_hold,Hold,0.1012,0.0991,0.0986,0.1058,0.0924,0.0947,0.0984,0.1049,0.1034,0.1015
2022-07-18,buy_and_hold,Hold,0.1,0.0985,0.0988,0.1065,0.0952,0.0945,0.0982,0.1028,0.1029,0.1026
2022-07-19,buy_and_hold,Hold,0.0996,0.0995,0.0972,0.1073,0.0966,0.0942,0.0984,0.104,0.1022,0.1011
2022-07-20,buy_and_hold,Hold,0.0975,0.0996,0.0962,0.1108,0.0979,0.0944,0.0987,0.1036,0.1024,0.099
2022-07-21,buy_and_hold,Hold,0.0992,0.1012,0.0962,0.1118,0.0929,0.095,0.0983,0.1034,0.1025,0.0995
2022-07-22,buy_and_hold,Hold,0.0987,0.1022,0.0975,0.1108,0.0913,0.0958,0.1006,0.0984,0.1035,0.1012
2022-07-25,buy_and_hold,Hold,0.0974,0.1018,0.0981,0.1089,0.0962,0.0954,0.0999,0.0973,0.1028,0.1021
2022-07-26,buy_and_hold,Hold,0.098,0.1006,0.0976,0.1033,0.0947,0.0953,0.1042,0.0952,0.108,0.103
2022-07-27,buy_and_hold,Hold,0.0966,0.1025,0.096,0.1064,0.0963,0.0944,0.103,0.1002,0.1041,0.1005
2022-07-28,buy_and_hold,Hold,0.0957,0.1033,0.0954,0.1062,0.0962,0.0957,0.1048,0.0999,0.1039,0.099
2022-07-29,buy_and_hold,Hold,0.0922,0.1018,0.0947,0.1145,0.0981,0.0951,0.104,0.0994,0.1036,0.0965
2022-08-01,buy_and_hold,Rebalance,0.1,0.1,0.1,0.1,0.1,0.1,0.1,0.1,0.1,0.1
2022-08-02,buy_and_hold,Hold,0.0997,0.0997,0.1041,0.0995,0.1002,0.0992,0.0976,0.1007,0.0993,0.1
2022-08-03,buy_and_hold,Hold,0.0997,0.1008,0.1037,0.1027,0.0953,0.099,0.0966,0.1024,0.0997,0.1
2022-08-04,buy_and_hold,Hold,0.0997,0.1014,0.1038,0.1048,0.0848,0.1037,0.0968,0.1024,0.1028,0.0999
2022-08-05,buy_and_hold,Hold,0.0991,0.1008,0.1041,0.1033,0.0876,0.1055,0.0966,0.1016,0.1021,0.0994
2022-08-08,buy_and_hold,Hold,0.0986,0.1009,0.1041,0.102,0.0886,0.1049,0.098,0.1011,0.1026,0.0994
2022-08-09,buy_and_hold,Hold,0.0978,0.1009,0.1057,0.101,0.0901,0.1039,0.0979,0.1008,0.1023,0.0996
2022-08-10,buy_and_hold,Hold,0.0978,0.1008,0.1057,0.1023,0.0896,0.1043,0.0984,0.1012,0.1012,0.0986
2022-08-11,buy_and_hold,Hold,0.0976,0.0998,0.1068,0.1004,0.0936,0.1036,0.0983,0.1,0.1009,0.0991
2022-08-12,buy_and_hold,Hold,0.0969,0.1002,0.1075,0.101,0.0918,0.1043,0.0986,0.1009,0.1011,0.0976
2022-08-15,buy_and_hold,Hold,0.0975,0.1003,0.1078,0.1009,0.0889,0.1058,0.0987,0.1014,0.1008,0.0981
2022-08-16,buy_and_hold,Hold,0.0975,0.1003,0.1075,0.1019,0.0879,0.1054,0.0995,0.101,0.0999,0.099
2022-08-17,buy_and_hold,Hold,0.0972,0.1006,0.1085,0.101,0.0899,0.1043,0.1,0.1002,0.099,0.0993
2022-08-18,buy_and_hold,Hold,0.0961,0.1003,0.1089,0.1006,0.097,0.1036,0.0966,0.1001,0.0979,0.0991
2022-08-19,buy_and_hold,Hold,0.0974,0.1002,0.1088,0.0989,0.0973,0.1033,0.0962,0.0989,0.0991,0.1
2022-08-22,buy_and_hold,Hold,0.0966,0.1002,0.108,0.0969,0.1006,0.1039,0.096,0.098,0.0983,0.1015
2022-08-23,buy_and_hold,Hold,0.0952,0.0989,0.1075,0.097,0.1059,0.1039,0.0943,0.0975,0.0982,0.1016
2022-08-24,buy_and_hold,Hold,0.0942,0.0983,0.1068,0.0967,0.1095,0.1039,0.0949,0.0968,0.0972,0.1017
2022-08-25,buy_and_hold,Hold,0.0933,0.0981,0.1066,0.0979,0.1083,0.1041,0.0951,0.098,0.0971,0.1016
2022-08-26,buy_and_hold,Hold,0.093,0.0978,0.108,0.0965,0.1115,0.106,0.0961,0.096,0.091,0.1041
2022-08-29,buy_and_hold,Hold,0.0933,0.0972,0.1083,0.0962,0.1152,0.1058,0.0951,0.0956,0.0894,0.1041
2022-08-30,buy_and_hold,Hold,0.095,0.0977,0.1086,0.0968,0.1111,0.1053,0.0954,0.0965,0.0895,0.1042
2022-08-31,buy_and_hold,Hold,0.096,0.097,0.1081,0.096,0.1113,0.1046,0.0957,0.0966,0.0898,0.105
2022-09-01,buy_and_hold,Rebalance,0.1,0.1,0.1,0.1,0.1,0.1,0.1,0.1,0.1,0.1
2022-09-02,buy_and_hold,Hold,0.0988,0.0994,0.1008,0.1008,0.1034,0.0996,0.1001,0.0993,0.0978,0.1002
2022-09-06,buy_and_hold,Hold,0.0998,0.1,0.1019,0.1005,0.1016,0.1003,0.1025,0.0991,0.0945,0.1
2022-09-07,buy_and_hold,Hold,0.1001,0.0996,0.1025,0.1016,0.097,0.1018,0.102,0.1,0.0962,0.0993
2022-09-08,buy_and_hold,Hold,0.1018,0.0995,0.1034,0.1013,0.0971,0.1013,0.1032,0.0985,0.0947,0.0993
2022-09-09,buy_and_hold,Hold,0.1015,0.0987,0.102,0.1023,0.0985,0.1008,0.1027,0.0989,0.0961,0.0985
2022-09-12,buy_and_hold,Hold,0.1008,0.0989,0.1015,0.1032,0.102,0.1019,0.1021,0.0977,0.0956,0.0962
2022-09-13,buy_and_hold,Hold,0.1017,0.0982,0.1029,0.1,0.1039,0.1032,0.1021,0.0958,0.0966,0.0954
2022-09-14,buy_and_hold,Hold,0.1014,0.097,0.1016,0.1011,0.1107,0.1026,0.1007,0.0962,0.0941,0.0946
2022-09-15,buy_and_hold,Hold,0.1019,0.0964,0.1018,0.1005,0.1113,0.1011,0.1011,0.0954,0.0942,0.0963
2022-09-16,buy_and_hold,Hold,0.1015,0.0966,0.1023,0.0989,0.1092,0.1013,0.1016,0.0959,0.095,0.0975
2022-09-19,buy_and_hold,Hold,0.1012,0.097,0.1033,0.0994,0.1087,0.1016,0.1,0.0957,0.0946,0.0985
2022-09-20,buy_and_hold,Hold,0.1008,0.0967,0.1051,0.0988,0.1079,0.1012,0.0985,0.0952,0.0958,0.0999
2022-09-21,buy_and_hold,Hold,0.101,0.0967,0.1056,0.0975,0.1066,0.1016,0.0979,0.0951,0.0961,0.1019
2022-09-22,buy_and_hold,Hold,0.1021,0.0962,0.1044,0.0972,0.1037,0.1011,0.0992,0.0967,0.0962,0.1033
2022-09-23,buy_and_hold,Hold,0.1042,0.0977,0.1053,0.0966,0.094,0.1029,0.1023,0.0976,0.0976,0.1019
2022-09-26,buy_and_hold,Hold,0.1045,0.0979,0.1048,0.0989,0.0921,0.1016,0.1008,0.0982,0.0987,0.1025
2022-09-27,buy_and_hold,Hold,0.1034,0.0979,0.1048,0.0987,0.095,0.1018,0.1002,0.098,0.0987,0.1014
2022-09-28,buy_and_hold,Hold,0.1016,0.0978,0.1037,0.0996,0.0986,0.1014,0.1004,0.0983,0.0981,0.1006
2022-09-29,buy_and_hold,Hold,0.1024,0.0976,0.1038,0.0981,0.1006,0.1012,0.1004,0.0969,0.0976,0.1013
2022-09-30,buy_and_hold,Hold,0.1017,0.0982,0.1041,0.0974,0.0994,0.1033,0.1027,0.0961,0.0969,0.1003
2022-10-03,buy_and_hold,Rebalance,0.1,0.1,0.1,0.1,0.1,0.1,0.1,0.1,0.1,0.1
2022-10-04,buy_and_hold,Hold,0.1002,0.1002,0.1004,0.1011,0.1016,0.1007,0.0978,0.0997,0.0988,0.0994
2022-10-05,buy_and_hold,Hold,0.1007,0.1004,0.0999,0.1012,0.1053,0.0987,0.0951,0.0997,0.0986,0.1005
2022-10-06,buy_and_hold,Hold,0.1004,0.0992,0.0997,0.1012,0.1103,0.0976,0.0943,0.1003,0.0957,0.1013
2022-10-07,buy_and_hold,Hold,0.1021,0.0978,0.0995,0.0986,0.1138,0.097,0.0933,0.0998,0.0948,0.1033
2022-10-10,buy_and_hold,Hold,0.1019,0.0976,0.1006,0.0984,0.1107,0.0978,0.092,0.0995,0.0961,0.1054
2022-10-11,buy_and_hold,Hold,0.1027,0.0959,0.1008,0.0972,0.109,0.0974,0.0937,0.0989,0.0965,0.1077
2022-10-12,buy_and_hold,Hold,0.1013,0.0955,0.0999,0.0981,0.11,0.0969,0.093,0.0996,0.0969,0.1089
2022-10-13,buy_and_hold,Hold,0.1015,0.0958,0.1012,0.0953,0.1101,0.098,0.0917,0.0985,0.099,0.1088
2022-10-14,buy_and_hold,Hold,0.1023,0.0962,0.1026,0.0927,0.1075,0.098,0.0917,0.0983,0.1008,0.1098
2022-10-17,buy_and_hold,Hold,0.103,0.098,0.1015,0.0967,0.1059,0.0981,0.0917,0.0998,0.0991,0.1062
2022-10-18,buy_and_hold,Hold,0.1034,0.0977,0.1015,0.098,0.1042,0.0993,0.0906,0.0997,0.1,0.1056
2022-10-19,buy_and_hold,Hold,0.0974,0.0985,0.1022,0.0977,0.1105,0.0997,0.0892,0.0994,0.0992,0.1062
2022-10-20,buy_and_hold,Hold,0.0956,0.0987,0.1017,0.0989,0.1114,0.0995,0.0892,0.1008,0.0994,0.1047
2022-10-21,buy_and_hold,Hold,0.0933,0.0993,0.1024,0.1001,0.1132,0.0984,0.0891,0.0996,0.1003,0.1045
2022-10-24,buy_and_hold,Hold,0.095,0.0999,0.1024,0.099,0.113,0.098,0.0882,0.0995,0.1001,0.1051
2022-10-25,buy_and_hold,Hold,0.0931,0.1002,0.1008,0.098,0.1148,0.0994,0.0916,0.0997,0.0985,0.1041
2022-10-26,buy_and_hold,Hold,0.0941,0.1005,0.1014,0.0945,0.1177,0.1001,0.0921,0.0911,0.1026,0.106
2022-10-27,buy_and_hold,Hold,0.0936,0.1011,0.1036,0.0916,0.1179,0.0999,0.0943,0.0894,0.1037,0.105
2022-10-28,buy_and_hold,Hold,0.0945,0.1027,0.1054,0.084,0.1153,0.1005,0.0952,0.0919,0.1052,0.1053
2022-10-31,buy_and_hold,Hold,0.0946,0.102,0.1066,0.0837,0.1161,0.0995,0.0955,0.0908,0.1052,0.1059
2022-11-01,buy_and_hold,Rebalance,0.1,0.1,0.1,0.1,0.1,0.1,0.1,0.1,0.1,0.1
2022-11-02,buy_and_hold,Hold,0.1013,0.0994,0.1025,0.0977,0.0992,0.0998,0.101,0.0987,0.1007,0.0998
2022-11-03,buy_and_hold,Hold,0.0997,0.0937,0.1014,0.0947,0.1061,0.1075,0.1015,0.0947,0.1007,0.1
2022-11-04,buy_and_hold,Hold,0.099,0.093,0.1008,0.0943,0.1073,0.1098,0.1011,0.096,0.0999,0.0989
2022-11-07,buy_and_hold,Hold,0.0995,0.0949,0.1008,0.0929,0.1073,0.1093,0.1007,0.0971,0.0988,0.0987
2022-11-08,buy_and_hold,Hold,0.0995,0.0948,0.1009,0.0922,0.1062,0.1113,0.0997,0.0975,0.0992,0.0987
2022-11-09,buy_and_hold,Hold,0.1014,0.0959,0.1024,0.0901,0.1007,0.1125,0.0999,0.0978,0.1001,0.0992
2022-11-10,buy_and_hold,Hold,0.1011,0.0983,0.1009,0.0962,0.0989,0.1107,0.1022,0.1001,0.0993,0.0923
2022-11-11,buy_and_hold,Hold,0.0997,0.098,0.1001,0.0991,0.1013,0.1088,0.0992,0.1014,0.1009,0.0915
2022-11-14,buy_and_hold,Hold,0.099,0.0989,0.0991,0.0981,0.0994,0.1127,0.0981,0.102,0.1008,0.0918
2022-11-15,buy_and_hold,Hold,0.0988,0.0989,0.1006,0.0972,0.1019,0.1111,0.0984,0.1035,0.0996,0.09
2022-11-16,buy_and_hold,Hold,0.1,0.0992,0.1021,0.0961,0.0992,0.1121,0.0975,0.1047,0.0984,0.0905
2022-11-17,buy_and_hold,Hold,0.0997,0.0985,0.1026,0.0946,0.0989,0.1123,0.0982,0.1049,0.0991,0.0913
2022-11-18,buy_and_hold,Hold,0.1007,0.098,0.1028,0.0936,0.0974,0.1132,0.0999,0.1037,0.0985,0.0922
2022-11-21,buy_and_hold,Hold,0.101,0.0985,0.1038,0.0923,0.0955,0.1136,0.1,0.1021,0.0995,0.0938
2022-11-22,buy_and_hold,Hold,0.1,0.0986,0.1027,0.0912,0.0988,0.1161,0.0999,0.1016,0.0984,0.0927
2022-11-23,buy_and_hold,Hold,0.1011,0.0991,0.1026,0.0921,0.0967,0.1157,0.0993,0.1031,0.0979,0.0924
2022-11-25,buy_and_hold,Hold,0.1018,0.0995,0.1031,0.0912,0.0958,0.1161,0.1006,0.1018,0.0984,0.0916
2022-11-28,buy_and_hold,Hold,0.1021,0.0993,0.1028,0.0933,0.0944,0.1161,0.099,0.1021,0.0968,0.0941
2022-11-29,buy_and_hold,Hold,0.1013,0.098,0.1023,0.0915,0.0975,0.1149,0.101,0.1008,0.0976,0.0952
2022-11-30,buy_and_hold,Hold,0.1012,0.0999,0.1012,0.0932,0.0956,0.1149,0.1004,0.1043,0.095,0.0943
2022-12-01,buy_and_hold,Rebalance,0.1,0.1,0.1,0.1,0.1,0.1,0.1,0.1,0.1,0.1
2022-12-02,buy_and_hold,Hold,0.1,0.0989,0.1004,0.0984,0.1006,0.1019,0.0988,0.0993,0.1006,0.1011
2022-12-05,buy_and_hold,Hold,0.0994,0.0984,0.1006,0.097,0.0996,0.1028,0.099,0.1003,0.1007,0.1022
2022-12-06,buy_and_hold,Hold,0.0999,0.0978,0.1026,0.0959,0.0975,0.1038,0.0982,0.0997,0.1026,0.102
2022-12-07,buy_and_hold,Hold,0.1006,0.0981,0.1026,0.096,0.0968,0.1048,0.0974,0.0974,0.1039,0.1022
2022-12-08,buy_and_hold,Hold,0.1021,0.0994,0.1008,0.0975,0.0943,0.1056,0.0989,0.0956,0.1031,0.1027
2022-12-09,buy_and_hold,Hold,0.1034,0.0989,0.101,0.0968,0.093,0.1046,0.1001,0.0954,0.1036,0.1032
2022-12-12,buy_and_hold,Hold,0.1038,0.0988,0.1007,0.097,0.0961,0.1047,0.0991,0.0945,0.103,0.1022
2022-12-13,buy_and_hold,Hold,0.1041,0.0983,0.099,0.0976,0.0989,0.1051,0.0994,0.0954,0.1018,0.1004
2022-12-14,buy_and_hold,Hold,0.1044,0.0975,0.0992,0.0972,0.0977,0.1056,0.1001,0.0954,0.1014,0.1016
2022-12-15,buy_and_hold,Hold,0.1043,0.0963,0.1,0.0961,0.1,0.1051,0.1007,0.0933,0.1007,0.1036
2022-12-16,buy_and_hold,Hold,0.1045,0.0921,0.1012,0.097,0.0989,0.107,0.0987,0.0943,0.1019,0.1045
2022-12-19,buy_and_hold,Hold,0.1052,0.0899,0.1021,0.0948,0.1,0.1071,0.0992,0.0933,0.1033,0.1051
2022-12-20,buy_and_hold,Hold,0.1046,0.0917,0.1041,0.0945,0.1001,0.1061,0.0991,0.0934,0.1016,0.1047
2022-12-21,buy_and_hold,Hold,0.1043,0.0925,0.1035,0.0946,0.104,0.1049,0.0988,0.0924,0.102,0.1031
2022-12-22,buy_and_hold,Hold,0.1057,0.0923,0.1041,0.0927,0.101,0.1058,0.0996,0.0918,0.1019,0.105
2022-12-23,buy_and_hold,Hold,0.1047,0.0918,0.1042,0.0932,0.1056,0.1044,0.0993,0.0923,0.0996,0.1049
2022-12-27,buy_and_hold,Hold,0.1053,0.0917,0.1052,0.091,0.1068,0.1048,0.099,0.0906,0.0999,0.1057
2022-12-28,buy_and_hold,Hold,0.1064,0.0925,0.1058,0.0912,0.103,0.1057,0.0986,0.0907,0.1,0.106
2022-12-29,buy_and_hold,Hold,0.1071,0.0928,0.105,0.0923,0.1029,0.1045,0.099,0.0917,0.1002,0.1043
2022-12-30,buy_and_hold,Hold,0.1067,0.0924,0.1049,0.0922,0.1048,0.1041,0.0995,0.0916,0.0998,0.1041
2023-01-03,buy_and_hold,Rebalance,0.1,0.1,0.1,0.1,0.1,0.1,0.1,0.1,0.1,0.1
2023-01-04,buy_and_hold,Hold,0.1015,0.0996,0.1005,0.0992,0.0966,0.1,0.1019,0.0988,0.1022,0.0997
2023-01-05,buy_and_hold,Hold,0.1026,0.0987,0.1014,0.0983,0.0972,0.0999,0.1007,0.0982,0.1019,0.1011
2023-01-06,buy_and_hold,Hold,0.1014,0.0985,0.102,0.0992,0.0973,0.1001,0.1013,0.0969,0.1023,0.1009
2023-01-09,buy_and_hold,Hold,0.1012,0.1002,0.0987,0.1007,0.0983,0.1005,0.1006,0.0977,0.1024,0.0999
2023-01-10,buy_and_hold,Hold,0.1019,0.0998,0.0987,0.1027,0.0972,0.1001,0.1005,0.0973,0.1026,0.0991
2023-01-11,buy_and_hold,Hold,0.0996,0.1007,0.0969,0.1069,0.0969,0.0984,0.1029,0.099,0.1017,0.0971
2023-01-12,buy_and_hold,Hold,0.0982,0.1014,0.0965,0.1068,0.1,0.0973,0.104,0.0983,0.1016,0.0959
2023-01-13,buy_and_hold,Hold,0.0993,0.1,0.0971,0.1091,0.0992,0.0969,0.103,0.0987,0.1009,0.0956
2023-01-17,buy_and_hold,Hold,0.1,0.1018,0.0973,0.1076,0.0995,0.0961,0.1042,0.0985,0.0994,0.0954
2023-01-18,buy_and_hold,Hold,0.0998,0.1008,0.0981,0.1086,0.0987,0.0965,0.1052,0.0999,0.0979,0.0944
2023-01-19,buy_and_hold,Hold,0.1006,0.0995,0.0969,0.1071,0.1016,0.096,0.1051,0.1024,0.0949,0.096
2023-01-20,buy_and_hold,Hold,0.0995,0.1002,0.0955,0.109,0.1,0.0955,0.1048,0.1058,0.0948,0.095
2023-01-23,buy_and_hold,Hold,0.0997,0.099,0.0954,0.1084,0.0998,0.0961,0.1053,0.1068,0.0955,0.0939
2023-01-24,buy_and_hold,Hold,0.0997,0.0987,0.0983,0.1084,0.0981,0.0988,0.1063,0.1059,0.0907,0.0951
2023-01-25,buy_and_hold,Hold,0.0989,0.0987,0.0993,0.1101,0.0988,0.099,0.1058,0.1039,0.0897,0.096
2023-01-26,buy_and_hold,Hold,0.0981,0.0982,0.0982,0.1114,0.1008,0.0995,0.1051,0.1055,0.0894,0.0938
2023-01-27,buy_and_hold,Hold,0.0963,0.0984,0.0973,0.1138,0.1007,0.0979,0.1065,0.1065,0.0899,0.0926
2023-01-30,buy_and_hold,Hold,0.0974,0.0986,0.0987,0.1134,0.0985,0.0991,0.1057,0.1052,0.0889,0.0946
2023-01-31,buy_and_hold,Hold,0.0965,0.0987,0.0978,0.1145,0.0973,0.0996,0.1062,0.1056,0.0895,0.0942
2023-02-01,buy_and_hold,Rebalance,0.1,0.1,0.1,0.1,0.1,0.1,0.1,0.1,0.1,0.1
2023-02-02,buy_and_hold,Hold,0.0993,0.1026,0.093,0.1063,0.0966,0.0919,0.1035,0.1062,0.1027,0.0978
2023-02-03,buy_and_hold,Hold,0.1011,0.1032,0.0958,0.0995,0.098,0.0906,0.104,0.1055,0.1026,0.0998
2023-02-06,buy_and_hold,Hold,0.1009,0.1022,0.0967,0.099,0.0986,0.0906,0.1044,0.1044,0.1024,0.1006
2023-02-07,buy_and_hold,Hold,0.1009,0.1022,0.0962,0.0978,0.1014,0.0903,0.1029,0.108,0.1016,0.0987
2023-02-08,buy_and_hold,Hold,0.101,0.1029,0.0986,0.0976,0.0995,0.0926,0.1041,0.1014,0.102,0.1003
2023-02-09,buy_and_hold,Hold,0.1006,0.1046,0.0989,0.0972,0.0984,0.0938,0.1052,0.0984,0.1014,0.1014
2023-02-10,buy_and_hold,Hold,0.0998,0.1033,0.0984,0.0958,0.1036,0.0933,0.1047,0.0972,0.1014,0.1025
2023-02-13,buy_and_hold,Hold,0.0995,0.1043,0.0994,0.0971,0.1005,0.0924,0.1049,0.0966,0.1021,0.1032
2023-02-14,buy_and_hold,Hold,0.0993,0.1039,0.0983,0.0981,0.1013,0.0916,0.1046,0.0976,0.102,0.1032
2023-02-15,buy_and_hold,Hold,0.0989,0.1045,0.098,0.0991,0.0981,0.0921,0.1044,0.0995,0.1021,0.1033
2023-02-16,buy_and_hold,Hold,0.0993,0.1038,0.0994,0.0977,0.0968,0.0924,0.1039,0.0996,0.1026,0.1044
2023-02-17,buy_and_hold,Hold,0.1006,0.1029,0.1003,0.0974,0.0924,0.0926,0.1042,0.099,0.1041,0.1065
2023-02-21,buy_and_hold,Hold,0.0998,0.1021,0.1007,0.0968,0.0944,0.0939,0.1038,0.0984,0.1028,0.1074
2023-02-22,buy_and_hold,Hold,0.099,0.1025,0.1012,0.0982,0.094,0.0943,0.1029,0.0984,0.1027,0.1069
2023-02-23,buy_and_hold,Hold,0.0985,0.1027,0.1003,0.0979,0.0968,0.0944,0.1025,0.0972,0.1023,0.1073
2023-02-24,buy_and_hold,Hold,0.0976,0.1021,0.1022,0.0966,0.0981,0.0959,0.1009,0.0964,0.1024,0.1078
2023-02-27,buy_and_hold,Hold,0.0969,0.1019,0.1017,0.0968,0.0982,0.0974,0.1008,0.0972,0.1028,0.1063
2023-02-28,buy_and_hold,Hold,0.0989,0.1018,0.1018,0.0975,0.0962,0.0978,0.0998,0.0975,0.1025,0.1062
2023-03-01,buy_and_hold,Rebalance,0.1,0.1,0.1,0.1,0.1,0.1,0.1,0.1,0.1,0.1
2023-03-02,buy_and_hold,Hold,0.1011,0.0999,0.0985,0.0993,0.1009,0.1006,0.0995,0.1011,0.099,0.1
2023-03-03,buy_and_hold,Hold,0.1014,0.1,0.0984,0.1008,0.1017,0.1001,0.0985,0.1015,0.0988,0.0987
2023-03-06,buy_and_hold,Hold,0.1001,0.1005,0.0984,0.0999,0.0995,0.0999,0.1001,0.1034,0.098,0.1004
2023-03-07,buy_and_hold,Hold,0.0992,0.1002,0.0985,0.1015,0.0987,0.1011,0.0989,0.1039,0.0972,0.1009
2023-03-08,buy_and_hold,Hold,0.0987,0.1001,0.0971,0.102,0.0972,0.1007,0.1011,0.1044,0.0973,0.1015
2023-03-09,buy_and_hold,Hold,0.0991,0.1006,0.0972,0.1022,0.0954,0.1006,0.0992,0.1043,0.0978,0.1034
2023-03-10,buy_and_hold,Hold,0.1005,0.1002,0.0982,0.1028,0.0948,0.1019,0.0927,0.1048,0.0986,0.1055
2023-03-13,buy_and_hold,Hold,0.1022,0.1,0.0958,0.1052,0.0914,0.1023,0.0926,0.1058,0.0985,0.1061
2023-03-14,buy_and_hold,Hold,0.1015,0.0994,0.0962,0.1069,0.0912,0.103,0.0919,0.108,0.0968,0.1051
2023-03-15,buy_and_hold,Hold,0.1019,0.0981,0.0945,0.1097,0.085,0.101,0.0933,0.1118,0.098,0.1067
2023-03-16,buy_and_hold,Hold,0.1016,0.0993,0.0949,0.1123,0.0856,0.1004,0.0898,0.1148,0.0978,0.1035
2023-03-17,buy_and_hold,Hold,0.101,0.0996,0.0945,0.1127,0.0841,0.1001,0.0888,0.1181,0.0981,0.1031
2023-03-20,buy_and_hold,Hold,0.1007,0.0994,0.0966,0.11,0.0861,0.1005,0.0885,0.1163,0.0982,0.1036
2023-03-21,buy_and_hold,Hold,0.0994,0.0996,0.0968,0.1112,0.0901,0.0985,0.0877,0.1183,0.0964,0.102
2023-03-22,buy_and_hold,Hold,0.1,0.1,0.0965,0.1115,0.0903,0.0995,0.0853,0.1191,0.0959,0.1019
2023-03-23,buy_and_hold,Hold,0.1,0.1071,0.0954,0.1113,0.0892,0.0962,0.0844,0.1214,0.0952,0.0999
2023-03-24,buy_and_hold,Hold,0.1004,0.1065,0.0953,0.1099,0.0899,0.0958,0.0866,0.1205,0.0947,0.1004
2023-03-27,buy_and_hold,Hold,0.1007,0.1071,0.0955,0.1096,0.092,0.0966,0.0856,0.1169,0.0949,0.101
2023-03-28,buy_and_hold,Hold,0.0993,0.1075,0.0962,0.1088,0.0934,0.0978,0.0855,0.1153,0.0952,0.1012
2023-03-29,buy_and_hold,Hold,0.0994,0.1079,0.0959,0.1105,0.0921,0.0974,0.0875,0.114,0.0951,0.1001
2023-03-30,buy_and_hold,Hold,0.0995,0.1086,0.0955,0.112,0.0904,0.0982,0.0887,0.113,0.0944,0.0997
2023-03-31,buy_and_hold,Hold,0.1,0.1079,0.0943,0.1116,0.0906,0.0998,0.0884,0.1143,0.0949,0.0983
2023-04-03,buy_and_hold,Rebalance,0.1,0.1,0.1,0.1,0.1,0.1,0.1,0.1,0.1,0.1
2023-04-04,buy_and_hold,Hold,0.1018,0.1006,0.0994,0.1021,0.0978,0.0993,0.1003,0.1009,0.0984,0.0994
2023-04-05,buy_and_hold,Hold,0.1035,0.0993,0.1006,0.0996,0.0978,0.0991,0.1004,0.101,0.0987,0.0997
2023-04-06,buy_and_hold,Hold,0.1037,0.099,0.1003,0.1001,0.0975,0.098,0.1004,0.1043,0.0975,0.0992
2023-04-10,buy_and_hold,Hold,0.1023,0.0988,0.1007,0.1,0.1,0.0983,0.1,0.1022,0.0985,0.0992
2023-04-11,buy_and_hold,Hold,0.1015,0.1,0.1015,0.0974,0.1017,0.0985,0.0988,0.1008,0.0998,0.1001
2023-04-12,buy_and_hold,Hold,0.1013,0.1001,0.1024,0.0959,0.1015,0.0997,0.0981,0.1007,0.1002,0.1001
2023-04-13,buy_and_hold,Hold,0.1016,0.0993,0.1017,0.0991,0.1023,0.0988,0.0953,0.1021,0.1006,0.0991
2023-04-14,buy_and_hold,Hold,0.1021,0.0974,0.1017,0.0994,0.1033,0.0983,0.0946,0.1036,0.1004,0.0994
2023-04-17,buy_and_hold,Hold,0.1025,0.0975,0.1021,0.0994,0.0999,0.0982,0.0985,0.1007,0.1012,0.1001
2023-04-18,buy_and_hold,Hold,0.1022,0.0975,0.1026,0.0991,0.0997,0.0987,0.0984,0.0993,0.1008,0.1017
2023-04-19,buy_and_hold,Hold,0.109,0.0964,0.1015,0.0999,0.0971,0.0986,0.0988,0.0979,0.0995,0.1013
2023-04-20,buy_and_hold,Hold,0.108,0.0957,0.1017,0.1003,0.0957,0.1001,0.0985,0.0998,0.0991,0.1011
2023-04-21,buy_and_hold,Hold,0.109,0.0957,0.1007,0.103,0.0943,0.0992,0.0987,0.0996,0.0986,0.1012
2023-04-24,buy_and_hold,Hold,0.1074,0.0958,0.1005,0.102,0.0956,0.0998,0.0981,0.0999,0.0988,0.1021
2023-04-25,buy_and_hold,Hold,0.1088,0.0951,0.1017,0.1002,0.0932,0.1003,0.0969,0.0995,0.0998,0.1045
2023-04-26,buy_and_hold,Hold,0.1082,0.0958,0.1017,0.1031,0.0913,0.0994,0.0971,0.1,0.099,0.1044
2023-04-27,buy_and_hold,Hold,0.1062,0.0949,0.1054,0.1052,0.0898,0.0989,0.0968,0.1011,0.0988,0.1029
2023-04-28,buy_and_hold,Hold,0.1066,0.096,0.1054,0.1004,0.0923,0.0993,0.0974,0.1003,0.0991,0.103
2023-05-01,buy_and_hold,Rebalance,0.1,0.1,0.1,0.1,0.1,0.1,0.1,0.1,0.1,0.1
2023-05-02,buy_and_hold,Hold,0.1021,0.1008,0.0993,0.1033,0.0947,0.1005,0.0999,0.1,0.099,0.1005
2023-05-03,buy_and_hold,Hold,0.1026,0.1004,0.0976,0.1036,0.0944,0.1012,0.1017,0.1003,0.099,0.0993
2023-05-04,buy_and_hold,Hold,0.1031,0.0985,0.0981,0.1053,0.0903,0.1015,0.1031,0.1009,0.0994,0.0997
2023-05-05,buy_and_hold,Hold,0.1021,0.097,0.098,0.1056,0.0918,0.1022,0.1035,0.1005,0.0996,0.0997
2023-05-08,buy_and_hold,Hold,0.1019,0.0968,0.0982,0.1059,0.0916,0.1019,0.1026,0.1027,0.0988,0.0996
2023-05-09,buy_and_hold,Hold,0.1023,0.0972,0.0988,0.1077,0.0926,0.0974,0.1026,0.1032,0.0981,0.1002
2023-05-10,buy_and_hold,Hold,0.1018,0.0983,0.0969,0.1103,0.0908,0.0969,0.1026,0.1065,0.0974,0.0983
2023-05-11,buy_and_hold,Hold,0.1008,0.0992,0.0964,0.1119,0.0912,0.095,0.1006,0.1107,0.0969,0.0973
2023-05-12,buy_and_hold,Hold,0.1013,0.101,0.0957,0.11,0.091,0.0956,0.0999,0.1116,0.0965,0.0973
2023-05-15,buy_and_hold,Hold,0.1006,0.1011,0.0956,0.1109,0.0908,0.0959,0.1009,0.1106,0.0966,0.097
2023-05-16,buy_and_hold,Hold,0.1008,0.1023,0.0955,0.1138,0.0878,0.0953,0.0988,0.1142,0.0948,0.0967
2023-05-17,buy_and_hold,Hold,0.099,0.103,0.0957,0.1144,0.0892,0.0943,0.0988,0.114,0.0957,0.0959
2023-05-18,buy_and_hold,Hold,0.0982,0.1035,0.0963,0.1165,0.0892,0.0936,0.0965,0.1153,0.0961,0.0949
2023-05-19,buy_and_hold,Hold,0.0985,0.1042,0.0961,0.1144,0.091,0.0946,0.0955,0.115,0.0954,0.0952
2023-05-22,buy_and_hold,Hold,0.0976,0.1043,0.0954,0.1129,0.0909,0.093,0.0968,0.1169,0.0978,0.0942
2023-05-23,buy_and_hold,Hold,0.096,0.1041,0.0953,0.1137,0.0927,0.0925,0.0978,0.1154,0.0975,0.0949
2023-05-24,buy_and_hold,Hold,0.0954,0.1046,0.0941,0.1166,0.0949,0.0932,0.0957,0.1149,0.0948,0.0959
2023-05-25,buy_and_hold,Hold,0.0941,0.1069,0.0946,0.1154,0.0924,0.0941,0.0935,0.1179,0.0953,0.0957
2023-05-26,buy_and_hold,Hold,0.0937,0.1099,0.0933,0.1191,0.0916,0.0935,0.0928,0.1176,0.0941,0.0945
2023-05-30,buy_and_hold,Hold,0.0927,0.1118,0.0945,0.1208,0.0885,0.0938,0.0936,0.1169,0.0933,0.094
2023-05-31,buy_and_hold,Hold,0.0938,0.1119,0.0939,0.1208,0.088,0.0929,0.0952,0.1171,0.0915,0.095
2023-06-01,buy_and_hold,Rebalance,0.1,0.1,0.1,0.1,0.1,0.1,0.1,0.1,0.1,0.1
2023-06-02,buy_and_hold,Hold,0.0984,0.0991,0.1,0.0983,0.1021,0.0999,0.0997,0.0979,0.1056,0.0988
2023-06-05,buy_and_hold,Hold,0.0989,0.0977,0.1017,0.1,0.1011,0.1003,0.1006,0.0998,0.1018,0.0981
2023-06-06,buy_and_hold,Hold,0.0972,0.0983,0.1019,0.1004,0.1013,0.0993,0.1024,0.1002,0.1015,0.0975
2023-06-07,buy_and_hold,Hold,0.0958,0.0988,0.1025,0.0957,0.1041,0.1002,0.1051,0.096,0.1038,0.0981
2023-06-08,buy_and_hold,Hold,0.0952,0.0978,0.1024,0.0983,0.103,0.1007,0.1042,0.0959,0.1038,0.0988
2023-06-09,buy_and_hold,Hold,0.0963,0.0985,0.1038,0.0979,0.1015,0.0993,0.1045,0.0962,0.1032,0.0988
2023-06-12,buy_and_hold,Hold,0.0955,0.0988,0.1029,0.0999,0.0999,0.0989,0.1043,0.0968,0.104,0.0989
2023-06-13,buy_and_hold,Hold,0.095,0.099,0.1029,0.099,0.1009,0.1,0.1042,0.096,0.1045,0.0985
2023-06-14,buy_and_hold,Hold,0.0965,0.0992,0.1021,0.0989,0.1009,0.1016,0.1042,0.096,0.1039,0.0967
2023-06-15,buy_and_hold,Hold,0.0969,0.1006,0.1023,0.0982,0.1026,0.1009,0.1023,0.0959,0.1044,0.0959
2023-06-16,buy_and_hold,Hold,0.0987,0.1,0.1026,0.0977,0.1025,0.1025,0.0982,0.0954,0.106,0.0964
2023-06-20,buy_and_hold,Hold,0.1003,0.1005,0.1013,0.099,0.1011,0.1024,0.0981,0.0962,0.1049,0.0962
2023-06-21,buy_and_hold,Hold,0.1002,0.0995,0.1012,0.0986,0.1036,0.1027,0.0977,0.0945,0.1044,0.0976
2023-06-22,buy_and_hold,Hold,0.1022,0.0977,0.1013,0.1029,0.1006,0.1023,0.0957,0.0966,0.1034,0.0973
2023-06-23,buy_and_hold,Hold,0.103,0.0958,0.1017,0.1032,0.0996,0.1027,0.0951,0.0969,0.1047,0.0974
2023-06-26,buy_and_hold,Hold,0.103,0.0951,0.102,0.1012,0.1006,0.1023,0.0995,0.0934,0.104,0.0989
2023-06-27,buy_and_hold,Hold,0.102,0.0959,0.103,0.1024,0.0995,0.1038,0.1003,0.093,0.1014,0.0988
2023-06-28,buy_and_hold,Hold,0.1018,0.0961,0.1028,0.1022,0.1008,0.1037,0.0974,0.0945,0.1017,0.0991
2023-06-29,buy_and_hold,Hold,0.101,0.0974,0.103,0.1005,0.1021,0.104,0.0984,0.0928,0.1015,0.0993
2023-06-30,buy_and_hold,Hold,0.1013,0.0966,0.1031,0.1014,0.1019,0.1054,0.0975,0.0924,0.1014,0.0991
2023-07-03,buy_and_hold,Rebalance,0.1,0.1,0.1,0.1,0.1,0.1,0.1,0.1,0.1,0.1
2023-07-05,buy_and_hold,Hold,0.1004,0.0999,0.0999,0.1004,0.1011,0.0972,0.101,0.1018,0.0978,0.1004
2023-07-06,buy_and_hold,Hold,0.1011,0.1001,0.1003,0.0997,0.0999,0.098,0.1019,0.1013,0.0963,0.1015
2023-07-07,buy_and_hold,Hold,0.0999,0.099,0.1005,0.1004,0.1032,0.0973,0.1015,0.1004,0.0969,0.1009
2023-07-10,buy_and_hold,Hold,0.1011,0.1005,0.1004,0.0989,0.1043,0.0989,0.1012,0.0984,0.0973,0.0991
2023-07-11,buy_and_hold,Hold,0.0997,0.099,0.0999,0.0983,0.1088,0.0966,0.1014,0.0972,0.1002,0.0988
2023-07-12,buy_and_hold,Hold,0.0986,0.1002,0.099,0.0993,0.1089,0.098,0.1003,0.0981,0.0993,0.0984
2023-07-13,buy_and_hold,Hold,0.0983,0.0991,0.0971,0.1005,0.1104,0.098,0.0998,0.1012,0.0991,0.0967
2023-07-14,buy_and_hold,Hold,0.099,0.0998,0.097,0.1012,0.1053,0.0984,0.1008,0.1024,0.099,0.097
2023-07-17,buy_and_hold,Hold,0.0985,0.1014,0.0985,0.1007,0.1048,0.0989,0.0994,0.1021,0.0988,0.0971
2023-07-18,buy_and_hold,Hold,0.0979,0.1017,0.0987,0.0997,0.1087,0.0981,0.0983,0.1008,0.0995,0.0966
2023-07-19,buy_and_hold,Hold,0.0979,0.1002,0.0989,0.1012,0.1087,0.0979,0.1001,0.0991,0.0996,0.0962
2023-07-20,buy_and_hold,Hold,0.1019,0.098,0.1003,0.097,0.1091,0.0986,0.1015,0.0967,0.1002,0.0967
2023-07-21,buy_and_hold,Hold,0.1033,0.098,0.0995,0.0963,0.1102,0.0983,0.1024,0.0966,0.0995,0.0958
2023-07-24,buy_and_hold,Hold,0.1035,0.0974,0.0994,0.0953,0.1118,0.0979,0.1021,0.0976,0.0993,0.0956
2023-07-25,buy_and_hold,Hold,0.1011,0.0979,0.0987,0.0947,0.1117,0.0984,0.1018,0.0974,0.1037,0.0946
2023-07-26,buy_and_hold,Hold,0.1009,0.0964,0.0979,0.0929,0.1116,0.0963,0.1035,0.1018,0.1051,0.0937
2023-07-27,buy_and_hold,Hold,0.1002,0.0976,0.0974,0.0935,0.1107,0.0968,0.1028,0.1024,0.1043,0.0942
2023-07-28,buy_and_hold,Hold,0.0995,0.0959,0.0971,0.0956,0.1117,0.0962,0.1026,0.1041,0.1041,0.0933
2023-07-31,buy_and_hold,Hold,0.0982,0.0961,0.097,0.0966,0.1126,0.0967,0.1018,0.1042,0.1037,0.0931
2023-08-01,buy_and_hold,Rebalance,0.1,0.1,0.1,0.1,0.1,0.1,0.1,0.1,0.1,0.1
2023-08-02,buy_and_hold,Hold,0.0991,0.0999,0.1067,0.0982,0.0978,0.0999,0.101,0.0985,0.0994,0.0995
2023-08-03,buy_and_hold,Hold,0.0982,0.0998,0.1079,0.0988,0.1045,0.0941,0.1012,0.0986,0.0979,0.099
2023-08-04,buy_and_hold,Hold,0.0979,0.0978,0.1072,0.1066,0.1046,0.0946,0.0995,0.0979,0.096,0.0979
2023-08-07,buy_and_hold,Hold,0.0974,0.0977,0.1073,0.1072,0.1041,0.0943,0.1011,0.0993,0.0945,0.097
2023-08-08,buy_and_hold,Hold,0.0955,0.0981,0.1068,0.1062,0.1076,0.0937,0.1003,0.0998,0.0941,0.0979
2023-08-09,buy_and_hold,Hold,0.0956,0.0974,0.1053,0.105,0.1103,0.0947,0.1007,0.0989,0.0941,0.0979
2023-08-10,buy_and_hold,Hold,0.0952,0.0971,0.1055,0.1057,0.1102,0.0951,0.1001,0.099,0.0944,0.0976
2023-08-11,buy_and_hold,Hold,0.0953,0.0963,0.1061,0.1051,0.1116,0.0955,0.1001,0.0985,0.0946,0.0968
2023-08-14,buy_and_hold,Hold,0.0959,0.097,0.1062,0.1066,0.1109,0.096,0.098,0.0997,0.0934,0.0962
2023-08-15,buy_and_hold,Hold,0.0964,0.0973,0.1067,0.1062,0.1107,0.0958,0.097,0.1002,0.0929,0.0968
2023-08-16,buy_and_hold,Hold,0.0965,0.0978,0.1073,0.1046,0.1106,0.0964,0.0975,0.0998,0.093,0.0965
2023-08-17,buy_and_hold,Hold,0.0968,0.0971,0.1069,0.1038,0.1116,0.0959,0.0971,0.1007,0.0939,0.0961
2023-08-18,buy_and_hold,Hold,0.0962,0.0968,0.1064,0.1037,0.1127,0.0966,0.0967,0.0994,0.0941,0.0974
2023-08-21,buy_and_hold,Hold,0.0964,0.0979,0.1059,0.1049,0.1119,0.0967,0.096,0.1001,0.0934,0.097
2023-08-22,buy_and_hold,Hold,0.0978,0.0989,0.1052,0.1048,0.1089,0.0969,0.0964,0.1009,0.093,0.0973
2023-08-23,buy_and_hold,Hold,0.0968,0.1,0.1039,0.1048,0.1076,0.0962,0.0978,0.1025,0.0931,0.0972
2023-08-24,buy_and_hold,Hold,0.0962,0.1003,0.1062,0.1026,0.1076,0.0972,0.0976,0.1011,0.0927,0.0985
2023-08-25,buy_and_hold,Hold,0.0961,0.1013,0.1056,0.1032,0.1083,0.0972,0.0964,0.1007,0.0926,0.0986
2023-08-28,buy_and_hold,Hold,0.0941,0.1012,0.1053,0.1023,0.1079,0.097,0.096,0.1008,0.0968,0.0985
2023-08-29,buy_and_hold,Hold,0.094,0.1008,0.1041,0.1025,0.1083,0.0971,0.0961,0.1023,0.0969,0.0979
2023-08-30,buy_and_hold,Hold,0.0942,0.1005,0.1039,0.1023,0.1084,0.0975,0.0963,0.103,0.0956,0.0983
2023-08-31,buy_and_hold,Hold,0.0927,0.1005,0.1036,0.1044,0.1085,0.0973,0.0949,0.1031,0.0975,0.0975
2023-09-01,buy_and_hold,Rebalance,0.1,0.1,0.1,0.1,0.1,0.1,0.1,0.1,0.1,0.1
2023-09-05,buy_and_hold,Hold,0.0986,0.1001,0.0998,0.0999,0.1011,0.0988,0.1001,0.1006,0.1005,0.1005
2023-09-06,buy_and_hold,Hold,0.0998,0.1006,0.1003,0.099,0.1001,0.0995,0.1002,0.1002,0.1005,0.0997
2023-09-07,buy_and_hold,Hold,0.0987,0.101,0.1007,0.1007,0.0993,0.0989,0.1003,0.1006,0.0999,0.1
2023-09-08,buy_and_hold,Hold,0.0985,0.0999,0.1007,0.1007,0.0988,0.1008,0.0989,0.1011,0.0999,0.1005
2023-09-11,buy_and_hold,Hold,0.0997,0.0995,0.1012,0.1037,0.0952,0.1017,0.0964,0.101,0.1009,0.1009
2023-09-12,buy_and_hold,Hold,0.0999,0.0964,0.1024,0.1026,0.0984,0.1017,0.0959,0.1001,0.1005,0.1021
2023-09-13,buy_and_hold,Hold,0.1009,0.0968,0.1033,0.106,0.0944,0.1028,0.0958,0.1019,0.0955,0.1026
2023-09-14,buy_and_hold,Hold,0.0998,0.0966,0.1034,0.1048,0.0954,0.1027,0.0976,0.1018,0.0957,0.1022
2023-09-15,buy_and_hold,Hold,0.1001,0.0965,0.1036,0.1029,0.0954,0.1026,0.0985,0.1025,0.0957,0.1021
2023-09-18,buy_and_hold,Hold,0.0995,0.0977,0.1042,0.1027,0.096,0.1018,0.0973,0.1032,0.0957,0.1018
2023-09-19,buy_and_hold,Hold,0.0996,0.0985,0.1053,0.1014,0.0952,0.1022,0.0973,0.1036,0.0954,0.1016
2023-09-20,buy_and_hold,Hold,0.1002,0.0994,0.1061,0.1007,0.0941,0.1017,0.0987,0.1014,0.0952,0.1026
2023-09-21,buy_and_hold,Hold,0.1016,0.1005,0.1076,0.0989,0.094,0.1017,0.0929,0.1015,0.0963,0.105
2023-09-22,buy_and_hold,Hold,0.1011,0.1021,0.1081,0.099,0.0945,0.1019,0.0917,0.1017,0.0961,0.1039
2023-09-25,buy_and_hold,Hold,0.1001,0.1022,0.1085,0.1004,0.0961,0.1027,0.0911,0.1021,0.0936,0.1031
2023-09-26,buy_and_hold,Hold,0.1003,0.1016,0.1096,0.0978,0.0976,0.1031,0.0903,0.1016,0.0941,0.1041
2023-09-27,buy_and_hold,Hold,0.099,0.1023,0.1098,0.0972,0.1002,0.102,0.0901,0.1026,0.0932,0.1036
2023-09-28,buy_and_hold,Hold,0.1014,0.0976,0.1104,0.097,0.0996,0.1023,0.0914,0.1037,0.0927,0.1038
2023-09-29,buy_and_hold,Hold,0.1004,0.0999,0.1095,0.0982,0.0972,0.1021,0.0925,0.1029,0.0934,0.104
2023-10-02,buy_and_hold,Rebalance,0.1,0.1,0.1,0.1,0.1,0.1,0.1,0.1,0.1,0.1
2023-10-03,buy_and_hold,Hold,0.101,0.1003,0.0996,0.0972,0.1013,0.1019,0.0999,0.0996,0.0993,0.0998
2023-10-04,buy_and_hold,Hold,0.1005,0.1009,0.1001,0.0987,0.0967,0.1027,0.1002,0.1014,0.0981,0.1007
2023-10-05,buy_and_hold,Hold,0.1012,0.1012,0.1007,0.098,0.0961,0.101,0.1005,0.1014,0.0981,0.1017
2023-10-06,buy_and_hold,Hold,0.1012,0.1013,0.1015,0.0989,0.0951,0.1007,0.0996,0.1026,0.098,0.1012
2023-10-09,buy_and_hold,Hold,0.0999,0.1001,0.1011,0.098,0.098,0.1007,0.1012,0.102,0.0976,0.1015
2023-10-10,buy_and_hold,Hold,0.1003,0.0997,0.1015,0.0985,0.0969,0.1016,0.1007,0.1013,0.0989,0.1006
2023-10-11,buy_and_hold,Hold,0.095,0.1,0.1025,0.1,0.0967,0.1024,0.1015,0.1029,0.0984,0.1005
2023-10-12,buy_and_hold,Hold,0.0942,0.0985,0.1038,0.1016,0.0986,0.1018,0.0995,0.103,0.0981,0.101
2023-10-13,buy_and_hold,Hold,0.0945,0.0974,0.1039,0.0993,0.1034,0.1013,0.0998,0.1014,0.0974,0.1016
2023-10-16,buy_and_hold,Hold,0.0946,0.0972,0.1036,0.1,0.1043,0.1005,0.1004,0.1013,0.0974,0.1007
2023-10-17,buy_and_hold,Hold,0.0942,0.0977,0.1036,0.0988,0.1044,0.1014,0.1,0.1013,0.0976,0.101
2023-10-18,buy_and_hold,Hold,0.0986,0.0972,0.1033,0.0973,0.1069,0.0998,0.0977,0.1011,0.0963,0.1019
2023-10-19,buy_and_hold,Hold,0.0992,0.0977,0.103,0.0982,0.1084,0.0995,0.0955,0.1016,0.0955,0.1014
2023-10-20,buy_and_hold,Hold,0.1016,0.0967,0.1014,0.0967,0.1073,0.0998,0.0968,0.101,0.0959,0.1027
2023-10-23,buy_and_hold,Hold,0.1014,0.0968,0.1017,0.0985,0.1056,0.0992,0.0968,0.1025,0.0956,0.1021
2023-10-24,buy_and_hold,Hold,0.0992,0.0961,0.1013,0.0989,0.1039,0.099,0.097,0.1031,0.0995,0.1019
2023-10-25,buy_and_hold,Hold,0.1001,0.0971,0.1042,0.0955,0.1063,0.1002,0.0954,0.0954,0.1009,0.1049
2023-10-26,buy_and_hold,Hold,0.1018,0.0981,0.1046,0.0953,0.1061,0.1026,0.0988,0.094,0.1014,0.0974
2023-10-27,buy_and_hold,Hold,0.1008,0.0976,0.1034,0.102,0.1055,0.1023,0.0965,0.0941,0.1002,0.0977
2023-10-30,buy_and_hold,Hold,0.0995,0.0971,0.1031,0.1044,0.1028,0.1024,0.0965,0.0945,0.1011,0.0986
2023-10-31,buy_and_hold,Hold,0.1005,0.0979,0.1034,0.104,0.1023,0.1024,0.096,0.0936,0.102,0.0978
2023-11-01,buy_and_hold,Rebalance,0.1,0.1,0.1,0.1,0.1,0.1,0.1,0.1,0.1,0.1
2023-11-02,buy_and_hold,Hold,0.099,0.1005,0.1014,0.0988,0.0982,0.1002,0.1033,0.0988,0.0999,0.0999
2023-11-03,buy_and_hold,Hold,0.0977,0.101,0.1007,0.098,0.0977,0.1002,0.1067,0.0989,0.1004,0.0987
2023-11-06,buy_and_hold,Hold,0.0973,0.1013,0.1002,0.0992,0.0965,0.1,0.106,0.1002,0.1005,0.0988
2023-11-07,buy_and_hold,Hold,0.0986,0.1036,0.1012,0.1029,0.095,0.0887,0.1059,0.1023,0.1016,0.1003
2023-11-08,buy_and_hold,Hold,0.0988,0.1047,0.1006,0.1027,0.0918,0.0908,0.1065,0.1033,0.101,0.0998
2023-11-09,buy_and_hold,Hold,0.0985,0.1046,0.1024,0.1027,0.0918,0.0932,0.1019,0.1031,0.1013,0.1006
2023-11-10,buy_and_hold,Hold,0.0979,0.1052,0.102,0.1037,0.0922,0.0927,0.1019,0.1038,0.1014,0.0992
2023-11-13,buy_and_hold,Hold,0.1001,0.1042,0.1022,0.1033,0.0918,0.0928,0.1008,0.1037,0.1016,0.0995
2023-11-14,buy_and_hold,Hold,0.0989,0.1031,0.1007,0.103,0.0918,0.0916,0.1097,0.1022,0.1015,0.0975
2023-11-15,buy_and_hold,Hold,0.0993,0.1043,0.0985,0.1007,0.0907,0.093,0.1096,0.1025,0.103,0.0984
2023-11-16,buy_and_hold,Hold,0.1016,0.1049,0.0993,0.1004,0.0872,0.093,0.1076,0.1043,0.1034,0.0982
2023-11-17,buy_and_hold,Hold,0.1007,0.1048,0.1,0.1019,0.0895,0.0916,0.1074,0.1029,0.1028,0.0984
2023-11-20,buy_and_hold,Hold,0.1019,0.1053,0.0988,0.1021,0.0894,0.0919,0.1076,0.1031,0.1019,0.0979
2023-11-21,buy_and_hold,Hold,0.1028,0.1052,0.0998,0.1006,0.0886,0.0934,0.107,0.1038,0.101,0.0979
2023-11-22,buy_and_hold,Hold,0.1027,0.1053,0.0996,0.1018,0.0877,0.092,0.107,0.1041,0.1017,0.0981
2023-11-24,buy_and_hold,Hold,0.1026,0.1053,0.1,0.1015,0.0883,0.0918,0.1073,0.1025,0.102,0.0985
2023-11-27,buy_and_hold,Hold,0.1026,0.105,0.1002,0.1024,0.0871,0.091,0.1073,0.1024,0.1034,0.0986
2023-11-28,buy_and_hold,Hold,0.1017,0.1047,0.0989,0.1016,0.087,0.0897,0.1098,0.1027,0.1046,0.0992
2023-11-29,buy_and_hold,Hold,0.1033,0.1051,0.0983,0.1012,0.0869,0.0891,0.1112,0.1011,0.1046,0.0992
2023-11-30,buy_and_hold,Hold,0.1038,0.1048,0.0994,0.1008,0.0859,0.0902,0.1113,0.0991,0.105,0.0996
2023-12-01,buy_and_hold,Rebalance,0.1,0.1,0.1,0.1,0.1,0.1,0.1,0.1,0.1,0.1
2023-12-04,buy_and_hold,Hold,0.1004,0.0996,0.1002,0.0986,0.099,0.0991,0.1015,0.0981,0.1037,0.0998
2023-12-05,buy_and_hold,Hold,0.1002,0.1,0.1007,0.1006,0.0967,0.0967,0.102,0.1,0.1025,0.1006
2023-12-06,buy_and_hold,Hold,0.1013,0.1004,0.1001,0.0995,0.0951,0.097,0.1044,0.0998,0.1042,0.0983
2023-12-07,buy_and_hold,Hold,0.0998,0.0997,0.0998,0.1004,0.094,0.0966,0.1038,0.1044,0.104,0.0975
2023-12-08,buy_and_hold,Hold,0.1001,0.1002,0.1004,0.1007,0.0957,0.097,0.1016,0.1029,0.104,0.0974
2023-12-11,buy_and_hold,Hold,0.1015,0.1015,0.1008,0.0994,0.0961,0.0972,0.1013,0.1013,0.1035,0.0974
2023-12-12,buy_and_hold,Hold,0.102,0.1018,0.1024,0.1006,0.0947,0.0983,0.0992,0.1008,0.103,0.0973
2023-12-13,buy_and_hold,Hold,0.1011,0.1005,0.1005,0.1001,0.0952,0.0976,0.105,0.0994,0.1031,0.0975
2023-12-14,buy_and_hold,Hold,0.1014,0.0992,0.0963,0.0981,0.0966,0.0972,0.1114,0.0979,0.1049,0.0968
2023-12-15,buy_and_hold,Hold,0.1006,0.1001,0.0959,0.1003,0.0961,0.0977,0.1084,0.0989,0.1054,0.0964
2023-12-18,buy_and_hold,Hold,0.1008,0.0989,0.0962,0.1025,0.0963,0.0973,0.1069,0.1007,0.1037,0.0969
2023-12-19,buy_and_hold,Hold,0.1006,0.0984,0.0968,0.1018,0.0968,0.0973,0.1068,0.1009,0.1036,0.097
2023-12-20,buy_and_hold,Hold,0.1011,0.0991,0.0964,0.1021,0.0969,0.0971,0.1057,0.1036,0.1025,0.0956
2023-12-21,buy_and_hold,Hold,0.1007,0.1005,0.0958,0.1019,0.0967,0.0971,0.1063,0.1037,0.103,0.0943
2023-12-22,buy_and_hold,Hold,0.1009,0.1018,0.0957,0.1013,0.0964,0.0972,0.105,0.1042,0.1034,0.0942
2023-12-26,buy_and_hold,Hold,0.1004,0.1008,0.0953,0.1006,0.0993,0.0972,0.1053,0.1034,0.1043,0.0934
2023-12-27,buy_and_hold,Hold,0.1009,0.1008,0.0955,0.1005,0.0989,0.0974,0.1054,0.1026,0.1049,0.093
2023-12-28,buy_and_hold,Hold,0.1016,0.1004,0.0959,0.1007,0.0962,0.0971,0.1063,0.1026,0.106,0.0932
2023-12-29,buy_and_hold,Hold,0.1016,0.1005,0.0967,0.1001,0.096,0.0979,0.1049,0.1026,0.106,0.0938
2024-01-02,buy_and_hold,Rebalance,0.1,0.1,0.1,0.1,0.1,0.1,0.1,0.1,0.1,0.1
2024-01-03,buy_and_hold,Hold,0.1005,0.0982,0.1007,0.0998,0.1026,0.0999,0.0977,0.1014,0.0988,0.1004
2024-01-04,buy_and_hold,Hold,0.103,0.0991,0.1008,0.0983,0.0962,0.1008,0.0991,0.1007,0.1003,0.1018
2024-01-05,buy_and_hold,Hold,0.1027,0.0988,0.1011,0.0986,0.0968,0.1005,0.0996,0.1,0.1005,0.1016
2024-01-08,buy_and_hold,Hold,0.103,0.0988,0.1002,0.1001,0.0941,0.1005,0.101,0.1012,0.0996,0.1015
2024-01-09,buy_and_hold,Hold,0.1037,0.0998,0.0977,0.102,0.0923,0.0991,0.1003,0.1031,0.1002,0.1017
2024-01-10,buy_and_hold,Hold,0.1048,0.1002,0.0999,0.1032,0.0908,0.0983,0.1005,0.1037,0.0991,0.0994
2024-01-11,buy_and_hold,Hold,0.1046,0.101,0.1,0.1043,0.0905,0.0975,0.098,0.1036,0.0997,0.1008
2024-01-12,buy_and_hold,Hold,0.1048,0.1033,0.0999,0.1037,0.0906,0.0971,0.0982,0.1038,0.0988,0.1
2024-01-16,buy_and_hold,Hold,0.1055,0.1036,0.1004,0.1035,0.0878,0.0965,0.0992,0.1045,0.0992,0.0999
2024-01-17,buy_and_hold,Hold,0.1064,0.1044,0.1015,0.1033,0.0871,0.0971,0.0972,0.1045,0.0984,0.1
2024-01-18,buy_and_hold,Hold,0.1061,0.1058,0.1021,0.1041,0.0864,0.0967,0.0959,0.1056,0.0984,0.0989
2024-01-19,buy_and_hold,Hold,0.1058,0.1062,0.1022,0.1045,0.0855,0.0961,0.0962,0.1069,0.0988,0.0978
2024-01-22,buy_and_hold,Hold,0.1052,0.107,0.1022,0.1039,0.0863,0.0961,0.0961,0.1064,0.0989,0.098
2024-01-23,buy_and_hold,Hold,0.1059,0.1087,0.1032,0.1057,0.0875,0.0977,0.0958,0.1081,0.0887,0.0988
2024-01-24,buy_and_hold,Hold,0.1036,0.1091,0.1043,0.107,0.0895,0.0961,0.0955,0.11,0.0867,0.0982
2024-01-25,buy_and_hold,Hold,0.1036,0.1084,0.1027,0.106,0.0901,0.0971,0.0961,0.1107,0.0879,0.0974
2024-01-26,buy_and_hold,Hold,0.1031,0.108,0.1031,0.1068,0.0902,0.0963,0.0967,0.1108,0.0878,0.0973
2024-01-29,buy_and_hold,Hold,0.1038,0.1081,0.1016,0.1076,0.089,0.0955,0.0978,0.1112,0.0877,0.0975
2024-01-30,buy_and_hold,Hold,0.1045,0.1081,0.1036,0.1068,0.0911,0.0955,0.0944,0.1104,0.0876,0.098
2024-01-31,buy_and_hold,Hold,0.1065,0.1083,0.1042,0.1065,0.09,0.0962,0.0962,0.1044,0.0883,0.0993
2024-02-01,buy_and_hold,Rebalance,0.1,0.1,0.1,0.1,0.1,0.1,0.1,0.1,0.1,0.1
2024-02-02,buy_and_hold,Hold,0.0976,0.1003,0.1005,0.1076,0.0979,0.0992,0.0989,0.1006,0.0986,0.0989
2024-02-05,buy_and_hold,Hold,0.0998,0.1022,0.1025,0.1094,0.099,0.086,0.0986,0.1042,0.0989,0.0994
2024-02-06,buy_and_hold,Hold,0.1015,0.1002,0.1029,0.1082,0.101,0.0856,0.0979,0.104,0.0996,0.0992
2024-02-07,buy_and_hold,Hold,0.1006,0.1005,0.1052,0.1088,0.1008,0.0844,0.0973,0.1048,0.0995,0.0981
2024-02-08,buy_and_hold,Hold,0.0999,0.101,0.1043,0.1084,0.1006,0.0862,0.0979,0.1051,0.0988,0.0977
2024-02-09,buy_and_hold,Hold,0.0991,0.1017,0.1042,0.1112,0.0984,0.086,0.0963,0.1071,0.0983,0.0976
2024-02-12,buy_and_hold,Hold,0.0993,0.1001,0.1041,0.1093,0.1,0.0866,0.0973,0.1056,0.0997,0.0982
2024-02-13,buy_and_hold,Hold,0.1001,0.1007,0.1055,0.109,0.099,0.0863,0.0948,0.1059,0.0995,0.0993
2024-02-14,buy_and_hold,Hold,0.1,0.1022,0.1059,0.1097,0.0989,0.0855,0.0946,0.1057,0.0985,0.099
2024-02-15,buy_and_hold,Hold,0.1,0.1009,0.106,0.1074,0.1022,0.0881,0.0982,0.1019,0.0986,0.097
2024-02-16,buy_and_hold,Hold,0.1006,0.1007,0.1053,0.1075,0.1036,0.0883,0.0984,0.1006,0.0977,0.0973
2024-02-20,buy_and_hold,Hold,0.1031,0.099,0.1053,0.1062,0.1018,0.0889,0.0982,0.1012,0.0985,0.0977
2024-02-21,buy_and_hold,Hold,0.1035,0.0978,0.1052,0.1064,0.1026,0.0883,0.0996,0.1015,0.0977,0.0975
2024-02-22,buy_and_hold,Hold,0.1037,0.0998,0.1049,0.1093,0.0978,0.0889,0.0986,0.1018,0.0975,0.0978
2024-02-23,buy_and_hold,Hold,0.1036,0.101,0.1054,0.109,0.0968,0.089,0.0988,0.1012,0.0974,0.0978
2024-02-26,buy_and_hold,Hold,0.1042,0.1023,0.1058,0.1103,0.0967,0.0888,0.0978,0.098,0.0979,0.0981
2024-02-27,buy_and_hold,Hold,0.1041,0.1017,0.1057,0.1087,0.0979,0.0891,0.0992,0.0982,0.0976,0.0978
2024-02-28,buy_and_hold,Hold,0.1049,0.102,0.1064,0.1088,0.0973,0.0896,0.0992,0.0967,0.097,0.0983
2024-02-29,buy_and_hold,Hold,0.1031,0.1006,0.1061,0.1104,0.0963,0.0897,0.1014,0.0976,0.0972,0.0976
2024-03-01,buy_and_hold,Rebalance,0.1,0.1,0.1,0.1,0.1,0.1,0.1,0.1,0.1,0.1
2024-03-04,buy_and_hold,Hold,0.1016,0.1011,0.0996,0.1001,0.0992,0.1014,0.1018,0.0976,0.1,0.0976
2024-03-05,buy_and_hold,Hold,0.1005,0.0995,0.1011,0.0983,0.1008,0.1021,0.1005,0.0973,0.1015,0.0983
2024-03-06,buy_and_hold,Hold,0.1005,0.0998,0.102,0.0972,0.1006,0.1029,0.0993,0.0957,0.1006,0.1013
2024-03-07,buy_and_hold,Hold,0.101,0.1006,0.1013,0.0983,0.0995,0.1029,0.0989,0.097,0.0999,0.1007
2024-03-08,buy_and_hold,Hold,0.1008,0.0982,0.101,0.0973,0.1002,0.1012,0.1012,0.0976,0.1011,0.1013
2024-03-11,buy_and_hold,Hold,0.0997,0.0964,0.1018,0.095,0.101,0.1034,0.1005,0.0988,0.1008,0.1028
2024-03-12,buy_and_hold,Hold,0.0993,0.0974,0.1006,0.096,0.1008,0.1012,0.0988,0.0985,0.1048,0.1027
2024-03-13,buy_and_hold,Hold,0.0976,0.0958,0.1004,0.0955,0.1032,0.101,0.0971,0.0982,0.1092,0.1022
2024-03-14,buy_and_hold,Hold,0.0965,0.0956,0.1,0.0966,0.1028,0.1,0.0957,0.1005,0.1081,0.1043
2024-03-15,buy_and_hold,Hold,0.0944,0.0953,0.1017,0.0949,0.102,0.1005,0.0965,0.0998,0.1108,0.1041
2024-03-18,buy_and_hold,Hold,0.0915,0.0944,0.1014,0.0945,0.1027,0.1005,0.0959,0.1039,0.1101,0.1051
2024-03-19,buy_and_hold,Hold,0.0917,0.0954,0.1008,0.0949,0.1048,0.0985,0.0956,0.1031,0.1102,0.105
2024-03-20,buy_and_hold,Hold,0.0896,0.0952,0.1007,0.0953,0.1059,0.0965,0.0968,0.1034,0.1122,0.1045
2024-03-21,buy_and_hold,Hold,0.0904,0.0871,0.1016,0.0961,0.1072,0.0959,0.0995,0.1035,0.1129,0.1058
2024-03-22,buy_and_hold,Hold,0.0903,0.0858,0.1014,0.0973,0.1066,0.0972,0.0979,0.1065,0.1127,0.1042
2024-03-25,buy_and_hold,Hold,0.0896,0.0847,0.1019,0.0975,0.1099,0.0973,0.0984,0.1058,0.1103,0.1046
2024-03-26,buy_and_hold,Hold,0.0916,0.086,0.1029,0.0975,0.1054,0.0982,0.0974,0.1071,0.1089,0.1051
2024-03-27,buy_and_hold,Hold,0.0917,0.0858,0.102,0.0967,0.1063,0.0987,0.0995,0.1054,0.1091,0.1047
2024-03-28,buy_and_hold,Hold,0.0912,0.0866,0.1016,0.0963,0.1076,0.0984,0.0997,0.1047,0.1099,0.1039
2024-04-01,buy_and_hold,Rebalance,0.1,0.1,0.1,0.1,0.1,0.1,0.1,0.1,0.1,0.1
2024-04-02,buy_and_hold,Hold,0.1006,0.0999,0.1004,0.1005,0.1004,0.0992,0.0995,0.1001,0.0994,0.1
2024-04-03,buy_and_hold,Hold,0.1002,0.0989,0.101,0.1018,0.1003,0.0994,0.0994,0.1006,0.1001,0.0984
2024-04-04,buy_and_hold,Hold,0.1004,0.0996,0.1012,0.1017,0.1022,0.0996,0.0998,0.0989,0.0984,0.0982
2024-04-05,buy_and_hold,Hold,0.1003,0.0992,0.1013,0.1034,0.102,0.0991,0.1003,0.0991,0.0979,0.0974
2024-04-08,buy_and_hold,Hold,0.0995,0.0988,0.1009,0.1033,0.0998,0.0985,0.1019,0.1005,0.0987,0.098
2024-04-09,buy_and_hold,Hold,0.1007,0.099,0.098,0.103,0.0989,0.0989,0.1037,0.1011,0.0989,0.0978
2024-04-10,buy_and_hold,Hold,0.1008,0.0975,0.0989,0.1044,0.1005,0.0985,0.0994,0.102,0.1001,0.098
2024-04-11,buy_and_hold,Hold,0.101,0.0978,0.095,0.1062,0.0987,0.0986,0.1003,0.1042,0.1007,0.0974
2024-04-12,buy_and_hold,Hold,0.1009,0.0963,0.0972,0.1061,0.0982,0.0981,0.1002,0.1047,0.1002,0.098
2024-04-15,buy_and_hold,Hold,0.1016,0.0965,0.098,0.1056,0.0974,0.0988,0.0988,0.1036,0.101,0.0986
2024-04-16,buy_and_hold,Hold,0.1025,0.0972,0.0988,0.106,0.096,0.0979,0.0976,0.1039,0.1014,0.0987
2024-04-17,buy_and_hold,Hold,0.0997,0.0978,0.0989,0.1052,0.0956,0.0988,0.0974,0.105,0.1016,0.0999
2024-04-18,buy_and_hold,Hold,0.0988,0.0979,0.0995,0.1037,0.0958,0.1002,0.0972,0.105,0.1019,0.1
2024-04-19,buy_and_hold,Hold,0.1004,0.0979,0.102,0.1007,0.0961,0.0993,0.0962,0.1034,0.1024,0.1016
2024-04-22,buy_and_hold,Hold,0.0993,0.0972,0.1014,0.1013,0.0956,0.0996,0.0977,0.104,0.1019,0.1019
2024-04-23,buy_and_hold,Hold,0.0994,0.0967,0.1013,0.1023,0.094,0.099,0.0982,0.1049,0.102,0.1023
2024-04-24,buy_and_hold,Hold,0.099,0.0959,0.1022,0.1008,0.0942,0.0996,0.0985,0.1058,0.1012,0.1026
2024-04-25,buy_and_hold,Hold,0.0996,0.0951,0.1022,0.0998,0.0957,0.1004,0.0972,0.1043,0.1011,0.1047
2024-04-26,buy_and_hold,Hold,0.0988,0.0934,0.1006,0.1017,0.0947,0.0994,0.0949,0.1133,0.1001,0.1029
2024-04-29,buy_and_hold,Hold,0.0984,0.0918,0.1015,0.1023,0.0952,0.1001,0.0972,0.1093,0.1003,0.1038
2024-04-30,buy_and_hold,Hold,0.0983,0.0921,0.1016,0.1001,0.0925,0.1005,0.0955,0.1083,0.1062,0.1049
2024-05-01,buy_and_hold,Rebalance,0.1,0.1,0.1,0.1,0.1,0.1,0.1,0.1,0.1,0.1
2024-05-02,buy_and_hold,Hold,0.0994,0.1003,0.0991,0.1029,0.0954,0.1023,0.1009,0.1014,0.0981,0.1001
2024-05-03,buy_and_hold,Hold,0.099,0.101,0.0977,0.1033,0.0953,0.1028,0.1025,0.1014,0.098,0.0988
2024-05-06,buy_and_hold,Hold,0.0982,0.1012,0.099,0.1041,0.0969,0.103,0.1014,0.1013,0.0969,0.098
2024-05-07,buy_and_hold,Hold,0.0982,0.1022,0.0984,0.1036,0.0975,0.1029,0.1007,0.1027,0.0954,0.0983
2024-05-08,buy_and_hold,Hold,0.0972,0.1028,0.0988,0.1034,0.0985,0.1021,0.0996,0.1018,0.0964,0.0995
2024-05-09,buy_and_hold,Hold,0.0963,0.1004,0.0987,0.1035,0.099,0.1032,0.1009,0.1014,0.0967,0.0998
2024-05-10,buy_and_hold,Hold,0.0964,0.1003,0.0995,0.1024,0.0974,0.1032,0.1018,0.1006,0.0983,0.1002
2024-05-13,buy_and_hold,Hold,0.0964,0.1007,0.0993,0.102,0.0969,0.1031,0.1011,0.101,0.099,0.1005
2024-05-14,buy_and_hold,Hold,0.0953,0.1001,0.0994,0.1018,0.0964,0.102,0.1035,0.1013,0.0991,0.1012
2024-05-15,buy_and_hold,Hold,0.0951,0.0998,0.0999,0.1004,0.0967,0.1024,0.1035,0.1017,0.0994,0.1011
2024-05-16,buy_and_hold,Hold,0.0949,0.0992,0.0991,0.0987,0.0962,0.1041,0.1022,0.1023,0.1025,0.1009
2024-05-17,buy_and_hold,Hold,0.0937,0.0973,0.1,0.0987,0.0969,0.1059,0.1017,0.1028,0.1023,0.1006
2024-05-20,buy_and_hold,Hold,0.093,0.098,0.0993,0.0982,0.097,0.1073,0.1014,0.1034,0.1023,0.1003
2024-05-21,buy_and_hold,Hold,0.093,0.0976,0.1,0.0982,0.0967,0.107,0.1015,0.1042,0.1006,0.1015
2024-05-22,buy_and_hold,Hold,0.0948,0.0989,0.1003,0.0984,0.095,0.1072,0.1011,0.1035,0.0992,0.1017
2024-05-23,buy_and_hold,Hold,0.0956,0.0999,0.1006,0.0986,0.0944,0.108,0.099,0.1033,0.0992,0.1015
2024-05-24,buy_and_hold,Hold,0.0954,0.0983,0.1017,0.0985,0.0939,0.1087,0.0989,0.1041,0.0994,0.1012
2024-05-28,buy_and_hold,Hold,0.0938,0.0975,0.1014,0.0995,0.0956,0.1089,0.0979,0.1052,0.0987,0.1015
2024-05-29,buy_and_hold,Hold,0.0936,0.0971,0.1024,0.1004,0.0945,0.1082,0.0975,0.106,0.0986,0.1018
2024-05-30,buy_and_hold,Hold,0.0946,0.0942,0.1034,0.099,0.0963,0.1084,0.0984,0.1038,0.0993,0.1025
2024-05-31,buy_and_hold,Hold,0.0939,0.0923,0.1044,0.0963,0.0978,0.1097,0.0995,0.1028,0.1001,0.1031
2024-06-03,buy_and_hold,Rebalance,0.1,0.1,0.1,0.1,0.1,0.1,0.1,0.1,0.1,0.1
2024-06-04,buy_and_hold,Hold,0.1005,0.1022,0.099,0.1005,0.0984,0.0998,0.0998,0.1003,0.0988,0.1006
2024-06-05,buy_and_hold,Hold,0.1001,0.103,0.0991,0.1014,0.0982,0.0995,0.0986,0.101,0.099,0.1
2024-06-06,buy_and_hold,Hold,0.1007,0.1029,0.0987,0.1031,0.0986,0.0989,0.0983,0.1014,0.0978,0.0996
2024-06-07,buy_and_hold,Hold,0.1035,0.1013,0.0988,0.1022,0.097,0.1021,0.0963,0.0997,0.1,0.0993
2024-06-10,buy_and_hold,Hold,0.103,0.1016,0.098,0.1033,0.0986,0.1027,0.0954,0.0997,0.0994,0.0984
2024-06-11,buy_and_hold,Hold,0.1013,0.1029,0.097,0.1034,0.0993,0.1021,0.0951,0.1006,0.1001,0.0982
2024-06-12,buy_and_hold,Hold,0.1003,0.1002,0.098,0.1035,0.0984,0.1032,0.0972,0.1016,0.1002,0.0974
2024-06-13,buy_and_hold,Hold,0.1,0.0997,0.0977,0.1025,0.0965,0.1048,0.099,0.1007,0.1013,0.0978
2024-06-14,buy_and_hold,Hold,0.1009,0.1019,0.098,0.1031,0.0946,0.1017,0.099,0.1023,0.1012,0.0974
2024-06-17,buy_and_hold,Hold,0.1007,0.1014,0.099,0.1033,0.095,0.1009,0.098,0.1026,0.1009,0.0982
2024-06-18,buy_and_hold,Hold,0.1011,0.1012,0.1001,0.1025,0.0951,0.1014,0.0983,0.1012,0.101,0.0983
2024-06-20,buy_and_hold,Hold,0.102,0.107,0.0994,0.1027,0.0946,0.0989,0.0965,0.1003,0.1003,0.0982
2024-06-21,buy_and_hold,Hold,0.1006,0.1074,0.0987,0.1038,0.0934,0.0986,0.097,0.1017,0.1005,0.0983
2024-06-24,buy_and_hold,Hold,0.0998,0.1063,0.0991,0.1014,0.0971,0.0975,0.0978,0.101,0.1006,0.0994
2024-06-25,buy_and_hold,Hold,0.1002,0.1065,0.0989,0.1021,0.0962,0.0963,0.0965,0.1039,0.0999,0.0995
2024-06-26,buy_and_hold,Hold,0.0998,0.1058,0.0982,0.1063,0.0952,0.0953,0.0962,0.1041,0.0995,0.0996
2024-06-27,buy_and_hold,Hold,0.0992,0.1049,0.0978,0.1082,0.0963,0.0947,0.0964,0.1045,0.1008,0.0973
2024-06-28,buy_and_hold,Hold,0.0989,0.1055,0.0984,0.1061,0.0979,0.0933,0.0985,0.1031,0.1003,0.0979
2024-07-01,buy_and_hold,Rebalance,0.1,0.1,0.1,0.1,0.1,0.1,0.1,0.1,0.1,0.1
2024-07-02,buy_and_hold,Hold,0.0994,0.0998,0.0998,0.1008,0.0985,0.1009,0.1005,0.1006,0.1004,0.0994
2024-07-03,buy_and_hold,Hold,0.0986,0.1005,0.0995,0.0996,0.0988,0.1017,0.1005,0.101,0.1004,0.0993
2024-07-05,buy_and_hold,Hold,0.1002,0.0983,0.0994,0.1009,0.096,0.1016,0.1003,0.1036,0.1001,0.0996
2024-07-08,buy_and_hold,Hold,0.0986,0.0987,0.0991,0.1007,0.097,0.1027,0.1004,0.103,0.1002,0.0997
2024-07-09,buy_and_hold,Hold,0.0983,0.0983,0.0996,0.1009,0.097,0.1028,0.1,0.1031,0.0989,0.1012
2024-07-10,buy_and_hold,Hold,0.099,0.0968,0.1004,0.1004,0.0962,0.1024,0.1001,0.1035,0.1001,0.101
2024-07-11,buy_and_hold,Hold,0.0988,0.0968,0.1016,0.0968,0.0984,0.1021,0.1055,0.0993,0.1004,0.1001
2024-07-12,buy_and_hold,Hold,0.098,0.1001,0.1009,0.0957,0.0981,0.1025,0.1056,0.0981,0.1003,0.1006
2024-07-15,buy_and_hold,Hold,0.0967,0.1018,0.1011,0.0942,0.1024,0.1013,0.1058,0.0983,0.0985,0.1
2024-07-16,buy_and_hold,Hold,0.0959,0.1034,0.1006,0.0938,0.1024,0.1036,0.1056,0.0963,0.0984,0.1
2024-07-17,buy_and_hold,Hold,0.097,0.1029,0.1005,0.0907,0.1035,0.1041,0.1061,0.0941,0.099,0.1021
2024-07-18,buy_and_hold,Hold,0.0939,0.1049,0.1019,0.0897,0.1045,0.1038,0.105,0.0935,0.0996,0.1032
2024-07-19,buy_and_hold,Hold,0.0959,0.1055,0.1007,0.0896,0.1043,0.1026,0.1043,0.0937,0.0997,0.1037
2024-07-22,buy_and_hold,Hold,0.0975,0.1062,0.1024,0.0893,0.1026,0.097,0.1049,0.0958,0.1007,0.1036
2024-07-23,buy_and_hold,Hold,0.0979,0.106,0.1024,0.0914,0.1009,0.1001,0.1014,0.0961,0.1007,0.1032
2024-07-24,buy_and_hold,Hold,0.1021,0.1066,0.1033,0.0896,0.1007,0.1028,0.0975,0.0922,0.1003,0.1049
2024-07-25,buy_and_hold,Hold,0.1009,0.1071,0.1033,0.0891,0.104,0.1022,0.0979,0.0893,0.1004,0.1057
2024-07-26,buy_and_hold,Hold,0.0974,0.1036,0.1012,0.088,0.1009,0.1003,0.0976,0.0867,0.1201,0.1041
2024-07-29,buy_and_hold,Hold,0.0972,0.1032,0.1011,0.0885,0.0997,0.1023,0.0966,0.0883,0.1185,0.1046
2024-07-30,buy_and_hold,Hold,0.0972,0.1036,0.1015,0.0873,0.1,0.1012,0.0974,0.0882,0.1194,0.1041
2024-07-31,buy_and_hold,Hold,0.0977,0.1039,0.1014,0.0898,0.1005,0.101,0.0959,0.0888,0.1201,0.1008
2024-08-01,buy_and_hold,Rebalance,0.1,0.1,0.1,0.1,0.1,0.1,0.1,0.1,0.1,0.1
2024-08-02,buy_and_hold,Hold,0.1036,0.101,0.1001,0.0935,0.0943,0.1005,0.101,0.1,0.1015,0.1046
2024-08-05,buy_and_hold,Hold,0.1037,0.1006,0.1005,0.092,0.0934,0.1019,0.1025,0.0981,0.1036,0.1038
2024-08-06,buy_and_hold,Hold,0.104,0.1016,0.1014,0.092,0.0912,0.1013,0.1048,0.0969,0.1033,0.1035
2024-08-07,buy_and_hold,Hold,0.1046,0.1016,0.1024,0.0927,0.0911,0.1011,0.1023,0.0976,0.1018,0.1048
2024-08-08,buy_and_hold,Hold,0.103,0.0996,0.1026,0.0931,0.0947,0.1004,0.1018,0.0981,0.1023,0.1043
2024-08-09,buy_and_hold,Hold,0.1021,0.0996,0.103,0.0938,0.0943,0.1001,0.1022,0.0991,0.1016,0.1043
2024-08-12,buy_and_hold,Hold,0.1016,0.0994,0.1034,0.0941,0.0975,0.0989,0.1007,0.0987,0.1013,0.1044
2024-08-13,buy_and_hold,Hold,0.1009,0.1,0.1028,0.095,0.0956,0.0988,0.1015,0.0987,0.1018,0.1049
2024-08-14,buy_and_hold,Hold,0.1024,0.1001,0.1034,0.0949,0.0956,0.0987,0.1011,0.0964,0.1024,0.1051
2024-08-15,buy_and_hold,Hold,0.1024,0.1007,0.1025,0.0981,0.0964,0.0968,0.1017,0.096,0.1022,0.1031
2024-08-16,buy_and_hold,Hold,0.102,0.1009,0.1043,0.0974,0.0953,0.0972,0.1009,0.0966,0.1017,0.1038
2024-08-19,buy_and_hold,Hold,0.1023,0.1011,0.1042,0.0975,0.095,0.096,0.1012,0.0983,0.1012,0.1033
2024-08-20,buy_and_hold,Hold,0.1016,0.1018,0.1042,0.0982,0.0921,0.0961,0.1009,0.099,0.1021,0.1039
2024-08-21,buy_and_hold,Hold,0.1017,0.1022,0.1047,0.0984,0.0908,0.0964,0.1012,0.0977,0.1027,0.1042
2024-08-22,buy_and_hold,Hold,0.1025,0.1015,0.1061,0.0964,0.0905,0.0961,0.1036,0.0966,0.1024,0.1043
2024-08-23,buy_and_hold,Hold,0.1019,0.1012,0.1057,0.0958,0.0912,0.0956,0.1049,0.0966,0.1028,0.1044
2024-08-26,buy_and_hold,Hold,0.1013,0.1016,0.1052,0.0944,0.0923,0.096,0.1047,0.0963,0.1038,0.1043
2024-08-27,buy_and_hold,Hold,0.102,0.103,0.1058,0.0934,0.0909,0.096,0.1041,0.0958,0.1038,0.1053
2024-08-28,buy_and_hold,Hold,0.1021,0.1024,0.1072,0.0924,0.0916,0.0959,0.1032,0.095,0.1042,0.106
2024-08-29,buy_and_hold,Hold,0.1015,0.1028,0.1075,0.0927,0.0936,0.0956,0.1016,0.094,0.1048,0.1058
2024-08-30,buy_and_hold,Hold,0.1012,0.1026,0.1074,0.0954,0.0902,0.0955,0.1023,0.0942,0.1054,0.1058
2024-09-03,buy_and_hold,Rebalance,0.1,0.1,0.1,0.1,0.1,0.1,0.1,0.1,0.1,0.1
2024-09-04,buy_and_hold,Hold,0.1,0.1009,0.1015,0.0986,0.0971,0.1001,0.0995,0.0997,0.1012,0.1014
2024-09-05,buy_and_hold,Hold,0.099,0.1001,0.101,0.1013,0.0975,0.0998,0.0995,0.1003,0.1008,0.1008
2024-09-06,buy_and_hold,Hold,0.1014,0.1015,0.1019,0.0993,0.0964,0.0997,0.1002,0.0979,0.1003,0.1014
2024-09-09,buy_and_hold,Hold,0.1029,0.1013,0.1016,0.1008,0.0944,0.1008,0.1012,0.0959,0.0995,0.1015
2024-09-10,buy_and_hold,Hold,0.1032,0.1028,0.1005,0.103,0.0901,0.1011,0.1022,0.0956,0.1005,0.1011
2024-09-11,buy_and_hold,Hold,0.1025,0.1033,0.0992,0.1055,0.089,0.1017,0.1026,0.0969,0.1003,0.0991
2024-09-12,buy_and_hold,Hold,0.102,0.1024,0.0991,0.1062,0.0887,0.1018,0.103,0.0985,0.101,0.0974
2024-09-13,buy_and_hold,Hold,0.1008,0.1016,0.0989,0.1051,0.0889,0.1025,0.1043,0.0995,0.1011,0.0973
2024-09-16,buy_and_hold,Hold,0.1011,0.1021,0.0995,0.1034,0.0901,0.1035,0.1038,0.0991,0.1014,0.0961
2024-09-17,buy_and_hold,Hold,0.1018,0.0974,0.0993,0.1048,0.0933,0.1046,0.1035,0.1002,0.1009,0.0941
2024-09-18,buy_and_hold,Hold,0.0996,0.0977,0.0993,0.1051,0.0933,0.1038,0.1039,0.1011,0.1013,0.0949
2024-09-19,buy_and_hold,Hold,0.0989,0.0974,0.0982,0.107,0.0942,0.1038,0.1025,0.1025,0.1016,0.0941
2024-09-20,buy_and_hold,Hold,0.0984,0.0976,0.0982,0.1078,0.093,0.1038,0.1016,0.1033,0.1022,0.0943
2024-09-23,buy_and_hold,Hold,0.0984,0.0975,0.0991,0.1081,0.0935,0.1043,0.1014,0.1012,0.1019,0.0946
2024-09-24,buy_and_hold,Hold,0.0969,0.0974,0.0981,0.1079,0.0929,0.1053,0.103,0.1012,0.1028,0.0946
2024-09-25,buy_and_hold,Hold,0.0968,0.0972,0.0992,0.1077,0.0906,0.1059,0.1034,0.1013,0.1029,0.0949
2024-09-26,buy_and_hold,Hold,0.0967,0.1024,0.0993,0.1067,0.0852,0.1071,0.101,0.1019,0.1049,0.0948
2024-09-27,buy_and_hold,Hold,0.0964,0.1006,0.0997,0.1049,0.0902,0.1073,0.1005,0.1026,0.1032,0.0947
2024-09-30,buy_and_hold,Hold,0.0976,0.1015,0.1007,0.1038,0.0898,0.1062,0.0995,0.1036,0.1026,0.0945
2024-10-01,buy_and_hold,Rebalance,0.1,0.1,0.1,0.1,0.1,0.1,0.1,0.1,0.1,0.1
2024-10-02,buy_and_hold,Hold,0.1002,0.1013,0.1014,0.0999,0.1005,0.0996,0.0994,0.0994,0.0989,0.0994
2024-10-03,buy_and_hold,Hold,0.0992,0.103,0.101,0.0987,0.1038,0.0984,0.0989,0.0997,0.0987,0.0985
2024-10-04,buy_and_hold,Hold,0.0989,0.1026,0.1019,0.1004,0.1045,0.0977,0.0978,0.0997,0.0984,0.0981
2024-10-07,buy_and_hold,Hold,0.0997,0.1012,0.099,0.0975,0.105,0.1071,0.0968,0.0975,0.0983,0.0979
2024-10-08,buy_and_hold,Hold,0.1008,0.1022,0.0995,0.0985,0.1022,0.1063,0.097,0.0983,0.0981,0.0971
2024-10-09,buy_and_hold,Hold,0.1015,0.1031,0.0978,0.0994,0.102,0.1071,0.0971,0.0963,0.0979,0.098
2024-10-10,buy_and_hold,Hold,0.1011,0.1022,0.0982,0.1001,0.1039,0.1072,0.0976,0.0963,0.0967,0.0968
2024-10-11,buy_and_hold,Hold,0.1006,0.1013,0.0988,0.1004,0.1038,0.1069,0.0988,0.0962,0.0968,0.0963
2024-10-14,buy_and_hold,Hold,0.101,0.1018,0.0989,0.0991,0.1018,0.1076,0.1003,0.0967,0.0969,0.0958
2024-10-15,buy_and_hold,Hold,0.1009,0.1033,0.0993,0.0996,0.0952,0.109,0.1017,0.0974,0.0973,0.0963
2024-10-16,buy_and_hold,Hold,0.1019,0.1038,0.0991,0.0987,0.0945,0.1096,0.1024,0.0967,0.0972,0.0963
2024-10-17,buy_and_hold,Hold,0.102,0.1047,0.0997,0.0991,0.095,0.1104,0.1013,0.0954,0.0968,0.0955
2024-10-18,buy_and_hold,Hold,0.1029,0.1047,0.0989,0.0994,0.0955,0.111,0.1013,0.0953,0.096,0.0949
2024-10-21,buy_and_hold,Hold,0.1015,0.1052,0.098,0.1002,0.096,0.1116,0.1001,0.0964,0.0965,0.0945
2024-10-22,buy_and_hold,Hold,0.101,0.1043,0.0977,0.1007,0.0974,0.1114,0.099,0.0972,0.0945,0.0966
2024-10-23,buy_and_hold,Hold,0.1027,0.1049,0.0986,0.099,0.0956,0.1112,0.1016,0.0967,0.0926,0.097
2024-10-24,buy_and_hold,Hold,0.1029,0.1037,0.0991,0.1005,0.0969,0.1103,0.0992,0.0973,0.0921,0.0979
2024-10-25,buy_and_hold,Hold,0.1017,0.1036,0.0979,0.1021,0.0983,0.1098,0.0971,0.0996,0.0916,0.0982
2024-10-28,buy_and_hold,Hold,0.1014,0.1035,0.0978,0.1022,0.0937,0.1097,0.0967,0.1003,0.0955,0.0991
2024-10-29,buy_and_hold,Hold,0.101,0.1042,0.0981,0.1037,0.0923,0.1089,0.0959,0.1022,0.0949,0.0987
2024-10-30,buy_and_hold,Hold,0.1018,0.0994,0.0981,0.1046,0.0928,0.1079,0.0973,0.105,0.0935,0.0996
2024-10-31,buy_and_hold,Hold,0.1013,0.0994,0.0938,0.1017,0.0938,0.1076,0.0962,0.1035,0.0947,0.108
2024-11-01,buy_and_hold,Rebalance,0.1,0.1,0.1,0.1,0.1,0.1,0.1,0.1,0.1,0.1
2024-11-04,buy_and_hold,Hold,0.0994,0.0997,0.1,0.0991,0.1022,0.0992,0.1021,0.099,0.0991,0.1002
2024-11-05,buy_and_hold,Hold,0.0989,0.0996,0.1004,0.1004,0.1017,0.0987,0.1023,0.0987,0.0991,0.1002
2024-11-06,buy_and_hold,Hold,0.0959,0.1003,0.1009,0.1019,0.1043,0.0966,0.0993,0.1003,0.1025,0.0981
2024-11-07,buy_and_hold,Hold,0.0954,0.1025,0.1007,0.1042,0.0932,0.0993,0.1007,0.1036,0.1027,0.0976
2024-11-08,buy_and_hold,Hold,0.0966,0.101,0.1016,0.1033,0.0926,0.0994,0.101,0.1023,0.1037,0.0985
2024-11-11,buy_and_hold,Hold,0.0966,0.1014,0.1034,0.1025,0.0942,0.0996,0.0985,0.1033,0.1025,0.0982
2024-11-12,buy_and_hold,Hold,0.0966,0.1026,0.104,0.1039,0.0932,0.099,0.0961,0.1043,0.1008,0.0994
2024-11-13,buy_and_hold,Hold,0.0953,0.1046,0.103,0.1057,0.0932,0.0989,0.0961,0.102,0.1009,0.1002
2024-11-14,buy_and_hold,Hold,0.0951,0.1027,0.1027,0.1047,0.0959,0.1001,0.0957,0.1005,0.1019,0.1008
2024-11-15,buy_and_hold,Hold,0.0967,0.1012,0.1052,0.1013,0.0959,0.1015,0.0942,0.0997,0.1015,0.1027
2024-11-18,buy_and_hold,Hold,0.0972,0.1003,0.1051,0.1001,0.0956,0.1042,0.0932,0.1005,0.1011,0.1027
2024-11-19,buy_and_hold,Hold,0.0973,0.1009,0.1046,0.1019,0.0935,0.1045,0.0929,0.1025,0.0998,0.1022
2024-11-20,buy_and_hold,Hold,0.0965,0.102,0.1044,0.1012,0.0946,0.1047,0.0929,0.1014,0.0997,0.1026
2024-11-21,buy_and_hold,Hold,0.0977,0.1032,0.1059,0.099,0.096,0.1051,0.0944,0.0967,0.0994,0.1027
2024-11-22,buy_and_hold,Hold,0.0976,0.102,0.106,0.0979,0.097,0.1055,0.0961,0.0946,0.0998,0.1035
2024-11-25,buy_and_hold,Hold,0.0969,0.1017,0.1056,0.099,0.0955,0.1051,0.0983,0.0952,0.1002,0.1025
2024-11-26,buy_and_hold,Hold,0.096,0.1014,0.1056,0.1013,0.0941,0.1045,0.0973,0.0953,0.1014,0.1032
2024-11-27,buy_and_hold,Hold,0.097,0.1013,0.1059,0.1005,0.0943,0.1042,0.0964,0.0956,0.1012,0.1035
2024-11-29,buy_and_hold,Hold,0.0966,0.1012,0.1055,0.1013,0.0947,0.1043,0.0959,0.0952,0.1018,0.1034
2024-12-02,buy_and_hold,Rebalance,0.1,0.1,0.1,0.1,0.1,0.1,0.1,0.1,0.1,0.1
2024-12-03,buy_and_hold,Hold,0.1006,0.0986,0.0968,0.1024,0.1014,0.0995,0.0995,0.101,0.0997,0.1005
2024-12-04,buy_and_hold,Hold,0.1003,0.1007,0.097,0.1046,0.1004,0.0986,0.0967,0.1027,0.0992,0.0998
2024-12-05,buy_and_hold,Hold,0.1,0.1001,0.0977,0.1058,0.0988,0.0969,0.0971,0.1017,0.1014,0.1006
2024-12-06,buy_and_hold,Hold,0.0998,0.1012,0.0971,0.1087,0.0967,0.0962,0.0955,0.1027,0.101,0.1011
2024-12-09,buy_and_hold,Hold,0.0994,0.1005,0.0952,0.1084,0.1006,0.0953,0.0983,0.1034,0.1,0.0987
2024-12-10,buy_and_hold,Hold,0.0997,0.1013,0.0944,0.1077,0.1005,0.0947,0.0961,0.1091,0.0985,0.0979
2024-12-11,buy_and_hold,Hold,0.0981,0.1011,0.0939,0.1097,0.1006,0.0934,0.0946,0.1145,0.098,0.096
2024-12-12,buy_and_hold,Hold,0.098,0.1002,0.0942,0.1093,0.1033,0.0932,0.0941,0.1127,0.0982,0.0967
2024-12-13,buy_and_hold,Hold,0.0979,0.1001,0.0946,0.1089,0.1032,0.0938,0.0944,0.1117,0.0986,0.0969
2024-12-16,buy_and_hold,Hold,0.0975,0.0999,0.0942,0.1118,0.0993,0.0924,0.0934,0.1161,0.0985,0.0967
2024-12-17,buy_and_hold,Hold,0.0988,0.1008,0.094,0.1118,0.096,0.0925,0.0951,0.1163,0.0982,0.0965
2024-12-18,buy_and_hold,Hold,0.1003,0.1007,0.0944,0.1096,0.0977,0.0921,0.0935,0.1152,0.0989,0.0975
2024-12-19,buy_and_hold,Hold,0.1,0.107,0.0945,0.1101,0.0953,0.0908,0.0922,0.1144,0.0994,0.0963
2024-12-20,buy_and_hold,Hold,0.1004,0.1041,0.0947,0.1096,0.0967,0.0903,0.0928,0.1148,0.0999,0.0967
2024-12-23,buy_and_hold,Hold,0.1004,0.1018,0.0946,0.1096,0.0992,0.0897,0.0925,0.1166,0.0996,0.0961
2024-12-24,buy_and_hold,Hold,0.1,0.1018,0.0943,0.1106,0.0996,0.0898,0.0923,0.1165,0.0998,0.0952
2024-12-26,buy_and_hold,Hold,0.1004,0.1015,0.0947,0.1097,0.0995,0.0895,0.0925,0.1162,0.1005,0.0955
2024-12-27,buy_and_hold,Hold,0.1009,0.101,0.0951,0.1088,0.1013,0.0894,0.0919,0.1153,0.1004,0.0957
2024-12-30,buy_and_hold,Hold,0.0997,0.1007,0.0954,0.1084,0.1036,0.0888,0.092,0.1152,0.1003,0.0958
2024-12-31,buy_and_hold,Hold,0.0996,0.1002,0.0955,0.1071,0.1063,0.0889,0.0927,0.1137,0.0999,0.0959
2025-01-02,buy_and_hold,Rebalance,0.1,0.1,0.1,0.1,0.1,0.1,0.1,0.1,0.1,0.1
2025-01-03,buy_and_hold,Hold,0.0994,0.1005,0.0999,0.1009,0.0993,0.0993,0.1008,0.1003,0.0992,0.1003
2025-01-06,buy_and_hold,Hold,0.0988,0.0999,0.0986,0.1025,0.1004,0.0992,0.0994,0.1031,0.0996,0.0984
2025-01-07,buy_and_hold,Hold,0.0991,0.1012,0.0996,0.0999,0.1003,0.1002,0.099,0.1023,0.1014,0.0971
2025-01-08,buy_and_hold,Hold,0.0996,0.1014,0.1,0.0997,0.1001,0.0996,0.0988,0.1012,0.1026,0.097
2025-01-10,buy_and_hold,Hold,0.0991,0.1004,0.0988,0.0995,0.1014,0.1036,0.0975,0.1015,0.1013,0.097
2025-01-13,buy_and_hold,Hold,0.0986,0.0989,0.099,0.0981,0.1031,0.1053,0.099,0.0997,0.1026,0.0957
2025-01-14,buy_and_hold,Hold,0.0978,0.0982,0.0994,0.0971,0.1043,0.1067,0.0985,0.0983,0.1038,0.096
2025-01-15,buy_and_hold,Hold,0.0958,0.0976,0.0997,0.0987,0.106,0.1055,0.0983,0.1005,0.1034,0.0946
2025-01-16,buy_and_hold,Hold,0.0978,0.0977,0.1002,0.097,0.1042,0.1067,0.0994,0.0986,0.1039,0.0944
2025-01-17,buy_and_hold,Hold,0.0966,0.0975,0.1,0.0986,0.1003,0.1078,0.1003,0.0994,0.1045,0.0949
2025-01-21,buy_and_hold,Hold,0.0985,0.0977,0.099,0.0997,0.0965,0.1075,0.1004,0.0995,0.1078,0.0933
2025-01-22,buy_and_hold,Hold,0.0995,0.0986,0.0971,0.1017,0.0963,0.1067,0.0984,0.0998,0.1096,0.0923
2025-01-23,buy_and_hold,Hold,0.1031,0.0987,0.0964,0.1009,0.096,0.108,0.0973,0.0987,0.1089,0.0921
2025-01-24,buy_and_hold,Hold,0.104,0.0979,0.0962,0.1001,0.0946,0.1091,0.0978,0.0992,0.1081,0.093
2025-01-27,buy_and_hold,Hold,0.1066,0.0999,0.0982,0.0994,0.094,0.1072,0.0974,0.0941,0.1086,0.0946
2025-01-28,buy_and_hold,Hold,0.1054,0.1017,0.0979,0.101,0.0942,0.1078,0.0931,0.0963,0.109,0.0935
2025-01-29,buy_and_hold,Hold,0.1061,0.1009,0.0984,0.1008,0.0938,0.1082,0.092,0.0966,0.1094,0.0939
2025-01-30,buy_and_hold,Hold,0.1062,0.1019,0.0984,0.0991,0.0924,0.11,0.0914,0.0986,0.1107,0.0913
2025-01-31,buy_and_hold,Hold,0.1055,0.1031,0.0976,0.1004,0.0882,0.1101,0.0929,0.1002,0.1092,0.0926
2025-02-03,buy_and_hold,Rebalance,0.1,0.1,0.1,0.1,0.1,0.1,0.1,0.1,0.1,0.1
2025-02-04,buy_and_hold,Hold,0.0994,0.1006,0.099,0.1009,0.1032,0.0982,0.0988,0.1015,0.1,0.0985
2025-02-05,buy_and_hold,Hold,0.1021,0.1027,0.0999,0.0988,0.1026,0.0979,0.1019,0.0944,0.1009,0.0988
2025-02-06,buy_and_hold,Hold,0.1004,0.1012,0.0972,0.1012,0.1014,0.0977,0.1028,0.0958,0.1021,0.1002
2025-02-07,buy_and_hold,Hold,0.1025,0.1022,0.099,0.0985,0.103,0.0937,0.1035,0.094,0.1019,0.1017
2025-02-10,buy_and_hold,Hold,0.1031,0.1013,0.097,0.0991,0.108,0.0927,0.1019,0.0935,0.1006,0.1028
2025-02-11,buy_and_hold,Hold,0.1031,0.102,0.0972,0.0988,0.1094,0.0922,0.1011,0.0928,0.1008,0.1026
2025-02-12,buy_and_hold,Hold,0.1033,0.1026,0.0981,0.098,0.1059,0.0933,0.1024,0.0928,0.1009,0.1026
2025-02-13,buy_and_hold,Hold,0.1036,0.1021,0.0985,0.0979,0.1057,0.0941,0.1023,0.0934,0.1001,0.1024
2025-02-14,buy_and_hold,Hold,0.1028,0.1018,0.0979,0.0973,0.1089,0.0945,0.1013,0.093,0.1006,0.1019
2025-02-18,buy_and_hold,Hold,0.1023,0.1015,0.0986,0.0963,0.1108,0.0946,0.1022,0.0922,0.1007,0.1007
2025-02-19,buy_and_hold,Hold,0.1033,0.1017,0.0989,0.0958,0.1103,0.0941,0.1012,0.0924,0.101,0.1013
2025-02-20,buy_and_hold,Hold,0.1043,0.1005,0.0989,0.0944,0.1107,0.0935,0.1016,0.0923,0.1004,0.1034
2025-02-21,buy_and_hold,Hold,0.1076,0.0968,0.0986,0.0934,0.1087,0.0939,0.1035,0.0914,0.0994,0.1067
2025-02-24,buy_and_hold,Hold,0.1073,0.0965,0.1002,0.0915,0.1088,0.0935,0.1049,0.091,0.0995,0.1068
2025-02-25,buy_and_hold,Hold,0.1072,0.0955,0.102,0.0909,0.1057,0.0952,0.1082,0.0884,0.0995,0.1074
2025-02-26,buy_and_hold,Hold,0.1083,0.0952,0.102,0.0924,0.1049,0.095,0.1072,0.0878,0.101,0.1062
2025-02-27,buy_and_hold,Hold,0.109,0.0955,0.1043,0.0906,0.098,0.0952,0.11,0.0863,0.1039,0.1074
2025-02-28,buy_and_hold,Hold,0.1093,0.0921,0.105,0.091,0.0981,0.0952,0.11,0.0861,0.1057,0.1075
2025-03-03,buy_and_hold,Rebalance,0.1,0.1,0.1,0.1,0.1,0.1,0.1,0.1,0.1,0.1
2025-03-04,buy_and_hold,Hold,0.0994,0.1016,0.099,0.1007,0.0996,0.0996,0.1003,0.1037,0.0964,0.0996
2025-03-05,buy_and_hold,Hold,0.0986,0.1014,0.0986,0.1021,0.0986,0.1007,0.1011,0.1041,0.0966,0.0981
2025-03-06,buy_and_hold,Hold,0.0976,0.1003,0.0993,0.0991,0.1005,0.1014,0.0996,0.1045,0.097,0.1007
2025-03-07,buy_and_hold,Hold,0.0982,0.0996,0.0989,0.0976,0.1002,0.1023,0.1014,0.1046,0.0958,0.1013
2025-03-10,buy_and_hold,Hold,0.0995,0.0987,0.0984,0.0964,0.1023,0.0993,0.1022,0.101,0.0977,0.1045
2025-03-11,buy_and_hold,Hold,0.0972,0.0976,0.0991,0.0985,0.1044,0.0986,0.1005,0.101,0.0988,0.1042
2025-03-12,buy_and_hold,Hold,0.0954,0.0965,0.0976,0.0996,0.1068,0.0974,0.0997,0.1029,0.1006,0.1036
2025-03-13,buy_and_hold,Hold,0.0965,0.0958,0.0994,0.0985,0.105,0.0982,0.0992,0.1017,0.0992,0.1064
2025-03-14,buy_and_hold,Hold,0.0929,0.0951,0.1002,0.0993,0.1068,0.0967,0.1005,0.102,0.1008,0.1057
2025-03-17,buy_and_hold,Hold,0.0929,0.0964,0.1005,0.0975,0.1082,0.0971,0.1001,0.1005,0.1019,0.1049
2025-03-18,buy_and_hold,Hold,0.0929,0.0969,0.1005,0.097,0.1101,0.0969,0.1,0.0993,0.1014,0.105
2025-03-19,buy_and_hold,Hold,0.0928,0.0961,0.1006,0.0974,0.1125,0.0967,0.0983,0.1003,0.102,0.1033
2025-03-20,buy_and_hold,Hold,0.0934,0.0901,0.102,0.0983,0.1125,0.0974,0.0987,0.1008,0.1019,0.1047
2025-03-21,buy_and_hold,Hold,0.0932,0.0915,0.1016,0.0989,0.1128,0.0971,0.0981,0.1016,0.1013,0.1039
2025-03-24,buy_and_hold,Hold,0.0925,0.0908,0.1016,0.1011,0.1125,0.0964,0.098,0.1025,0.1018,0.1026
2025-03-25,buy_and_hold,Hold,0.0913,0.0912,0.1015,0.1022,0.1127,0.0961,0.0963,0.1042,0.1019,0.1026
2025-03-26,buy_and_hold,Hold,0.092,0.0919,0.1022,0.1,0.1138,0.0969,0.0965,0.1008,0.1014,0.1045
2025-03-27,buy_and_hold,Hold,0.0955,0.0912,0.1025,0.1001,0.1144,0.0968,0.0961,0.0991,0.0986,0.1056
2025-03-28,buy_and_hold,Hold,0.0967,0.0915,0.1034,0.0975,0.1148,0.0976,0.0977,0.0959,0.0979,0.1071
2025-03-31,buy_and_hold,Hold,0.0973,0.093,0.1038,0.0954,0.1144,0.0976,0.095,0.0953,0.0984,0.1096
2025-04-01,buy_and_hold,Rebalance,0.1,0.1,0.1,0.1,0.1,0.1,0.1,0.1,0.1,0.1
2025-04-02,buy_and_hold,Hold,0.0999,0.1006,0.0996,0.1018,0.1003,0.1003,0.101,0.0997,0.0998,0.0969
2025-04-03,buy_and_hold,Hold,0.1049,0.1009,0.1043,0.0975,0.0881,0.1013,0.0993,0.1007,0.0994,0.1034
2025-04-04,buy_and_hold,Hold,0.1062,0.1022,0.1019,0.1,0.0807,0.1009,0.1002,0.1042,0.0966,0.1072
2025-04-07,buy_and_hold,Hold,0.1071,0.1026,0.1004,0.103,0.08,0.0997,0.0964,0.1055,0.0983,0.1069
2025-04-08,buy_and_hold,Hold,0.1082,0.1032,0.102,0.1021,0.0764,0.0974,0.0971,0.1059,0.099,0.1087
2025-04-09,buy_and_hold,Hold,0.1031,0.1022,0.1001,0.1063,0.0845,0.0984,0.0948,0.108,0.1001,0.1025
2025-04-10,buy_and_hold,Hold,0.1054,0.1019,0.1038,0.1052,0.077,0.0996,0.0912,0.1085,0.1004,0.1069
2025-04-11,buy_and_hold,Hold,0.1054,0.0997,0.1039,0.1052,0.0778,0.1003,0.0923,0.1094,0.1007,0.1054
2025-04-14,buy_and_hold,Hold,0.1051,0.1005,0.1044,0.1026,0.0778,0.1005,0.0946,0.1096,0.0997,0.1052
2025-04-15,buy_and_hold,Hold,0.1052,0.1011,0.105,0.1021,0.077,0.0988,0.0949,0.1088,0.1001,0.1069
2025-04-16,buy_and_hold,Hold,0.1092,0.1009,0.1053,0.1001,0.0803,0.0983,0.0934,0.1077,0.0975,0.1075
2025-04-17,buy_and_hold,Hold,0.1098,0.0994,0.105,0.0987,0.0838,0.0984,0.0938,0.1057,0.0969,0.1087
2025-04-21,buy_and_hold,Hold,0.1113,0.1005,0.1048,0.0978,0.0824,0.0986,0.0933,0.1056,0.0959,0.1101
2025-04-22,buy_and_hold,Hold,0.1096,0.0992,0.105,0.0983,0.0832,0.0986,0.0912,0.1051,0.1007,0.1091
2025-04-23,buy_and_hold,Hold,0.1074,0.1001,0.1045,0.1019,0.0816,0.0978,0.0915,0.1072,0.0999,0.108
2025-04-24,buy_and_hold,Hold,0.1054,0.0998,0.1037,0.1037,0.0836,0.0979,0.0905,0.1083,0.1005,0.1067
2025-04-25,buy_and_hold,Hold,0.1052,0.1006,0.1027,0.1052,0.0841,0.0974,0.0891,0.1103,0.0995,0.106
2025-04-28,buy_and_hold,Hold,0.1054,0.1002,0.1029,0.1042,0.0849,0.0979,0.0901,0.1091,0.0996,0.1056
2025-04-29,buy_and_hold,Hold,0.1065,0.1023,0.1033,0.1043,0.0835,0.0987,0.0852,0.1091,0.1002,0.1069
2025-04-30,buy_and_hold,Hold,0.1072,0.103,0.1038,0.1031,0.0803,0.0992,0.0856,0.1086,0.1011,0.1081
2025-05-01,buy_and_hold,Rebalance,0.1,0.1,0.1,0.1,0.1,0.1,0.1,0.1,0.1,0.1
2025-05-02,buy_and_hold,Hold,0.1,0.1001,0.1004,0.0984,0.1,0.1005,0.0999,0.1002,0.1015,0.099
2025-05-05,buy_and_hold,Hold,0.1009,0.1019,0.1017,0.0975,0.0951,0.0996,0.0997,0.1014,0.1017,0.1005
2025-05-06,buy_and_hold,Hold,0.1018,0.1013,0.1025,0.0974,0.0971,0.0985,0.0976,0.1014,0.1003,0.1021
2025-05-07,buy_and_hold,Hold,0.1029,0.1024,0.1039,0.0998,0.096,0.0978,0.0985,0.0944,0.1011,0.1033
2025-05-08,buy_and_hold,Hold,0.1016,0.102,0.1019,0.1002,0.099,0.0983,0.0996,0.0949,0.1015,0.101
2025-05-09,buy_and_hold,Hold,0.1008,0.1014,0.1014,0.1005,0.1021,0.0986,0.0999,0.0938,0.1024,0.0992
2025-05-12,buy_and_hold,Hold,0.0975,0.1036,0.0986,0.106,0.1055,0.0981,0.0977,0.0949,0.1054,0.0928
2025-05-13,buy_and_hold,Hold,0.0953,0.1037,0.098,0.1074,0.11,0.0972,0.0953,0.0956,0.1056,0.092
2025-05-14,buy_and_hold,Hold,0.0955,0.1036,0.0975,0.1074,0.1089,0.0969,0.094,0.0996,0.1042,0.0923
2025-05-15,buy_and_hold,Hold,0.0985,0.1039,0.0988,0.1043,0.1058,0.0975,0.0942,0.0982,0.1042,0.0946
2025-05-16,buy_and_hold,Hold,0.0987,0.1013,0.0989,0.1036,0.1039,0.0982,0.0951,0.0987,0.1064,0.0952
2025-05-19,buy_and_hold,Hold,0.099,0.1016,0.0983,0.1036,0.1021,0.0974,0.0964,0.0987,0.1069,0.0959
2025-05-20,buy_and_hold,Hold,0.0994,0.1025,0.0981,0.1032,0.1023,0.0974,0.0946,0.0978,0.1075,0.0972
2025-05-21,buy_and_hold,Hold,0.0994,0.1034,0.0984,0.1034,0.1008,0.0969,0.0914,0.1022,0.106,0.0981
2025-05-22,buy_and_hold,Hold,0.0983,0.103,0.0974,0.1045,0.101,0.0968,0.0914,0.1036,0.1063,0.0978
2025-05-23,buy_and_hold,Hold,0.0987,0.1013,0.0979,0.1039,0.1022,0.0975,0.0909,0.1027,0.1058,0.0991
2025-05-27,buy_and_hold,Hold,0.0981,0.1014,0.097,0.1046,0.1031,0.0974,0.0926,0.1035,0.1052,0.0971
2025-05-28,buy_and_hold,Hold,0.098,0.1022,0.0963,0.1046,0.1029,0.0971,0.0922,0.1039,0.1053,0.0975
2025-05-29,buy_and_hold,Hold,0.098,0.1021,0.0964,0.1044,0.1032,0.0969,0.0937,0.1029,0.1053,0.0969
2025-05-30,buy_and_hold,Hold,0.0986,0.1018,0.0971,0.1041,0.1013,0.099,0.0923,0.1028,0.1044,0.0987
2025-06-02,buy_and_hold,Rebalance,0.1,0.1,0.1,0.1,0.1,0.1,0.1,0.1,0.1,0.1
2025-06-03,buy_and_hold,Hold,0.0995,0.0989,0.0996,0.0989,0.1047,0.101,0.1003,0.0977,0.1005,0.0989
2025-06-04,buy_and_hold,Hold,0.0993,0.1004,0.0988,0.1,0.1032,0.1003,0.1012,0.0992,0.1,0.0976
2025-06-05,buy_and_hold,Hold,0.1004,0.1004,0.0986,0.1007,0.1031,0.0992,0.1,0.0996,0.1,0.098
2025-06-06,buy_and_hold,Hold,0.0988,0.0998,0.0986,0.1021,0.1054,0.0991,0.1001,0.1015,0.0982,0.0965
2025-06-09,buy_and_hold,Hold,0.0983,0.0991,0.0972,0.1034,0.1059,0.0989,0.1015,0.1027,0.097,0.0959
2025-06-10,buy_and_hold,Hold,0.0979,0.0995,0.0961,0.1027,0.1085,0.0986,0.1027,0.1032,0.0966,0.0942
2025-06-11,buy_and_hold,Hold,0.0986,0.0988,0.095,0.1004,0.1101,0.0985,0.1023,0.1022,0.0978,0.0962
2025-06-12,buy_and_hold,Hold,0.0993,0.0983,0.0961,0.1003,0.1119,0.0988,0.102,0.1011,0.0961,0.0961
2025-06-13,buy_and_hold,Hold,0.0989,0.0966,0.0959,0.1,0.1181,0.098,0.1009,0.1008,0.0947,0.0961
2025-06-16,buy_and_hold,Hold,0.0974,0.0971,0.0961,0.1016,0.1149,0.0977,0.1014,0.1017,0.0962,0.0958
2025-06-17,buy_and_hold,Hold,0.0969,0.097,0.0962,0.1017,0.1173,0.0972,0.1001,0.1019,0.095,0.0968
2025-06-18,buy_and_hold,Hold,0.0976,0.0959,0.0973,0.1012,0.1154,0.0973,0.1002,0.1011,0.0958,0.0983
2025-06-20,buy_and_hold,Hold,0.0992,0.0904,0.0992,0.1011,0.1148,0.0967,0.1022,0.0984,0.098,0.0999
2025-06-23,buy_and_hold,Hold,0.0993,0.0934,0.1005,0.1004,0.1056,0.0976,0.1043,0.0974,0.1004,0.101
2025-06-24,buy_and_hold,Hold,0.1015,0.0939,0.0986,0.1011,0.103,0.099,0.1064,0.097,0.1006,0.0987
2025-06-25,buy_and_hold,Hold,0.102,0.0929,0.0979,0.1017,0.1018,0.1003,0.105,0.1002,0.1001,0.0981
2025-06-26,buy_and_hold,Hold,0.0983,0.0924,0.0983,0.1032,0.1045,0.0997,0.1047,0.1009,0.1011,0.0969
2025-06-27,buy_and_hold,Hold,0.0981,0.0916,0.0987,0.1053,0.1044,0.0988,0.1028,0.1031,0.1012,0.0961
2025-06-30,buy_and_hold,Hold,0.0994,0.0928,0.0992,0.1036,0.103,0.0988,0.1037,0.1019,0.1015,0.096
2025-07-01,buy_and_hold,Rebalance,0.1,0.1,0.1,0.1,0.1,0.1,0.1,0.1,0.1,0.1
2025-07-02,buy_and_hold,Hold,0.0978,0.0993,0.0972,0.0991,0.1023,0.101,0.1017,0.1009,0.0995,0.1011
2025-07-03,buy_and_hold,Hold,0.0975,0.0995,0.0977,0.1001,0.1019,0.101,0.102,0.1009,0.0982,0.1013
2025-07-07,buy_and_hold,Hold,0.0978,0.099,0.0969,0.101,0.1021,0.1009,0.1004,0.1002,0.0984,0.1033
2025-07-08,buy_and_hold,Hold,0.0968,0.0992,0.0966,0.0984,0.1071,0.1013,0.1023,0.0981,0.0989,0.1013
2025-07-09,buy_and_hold,Hold,0.0969,0.0974,0.0955,0.1,0.107,0.1022,0.1025,0.0995,0.1005,0.0984
2025-07-10,buy_and_hold,Hold,0.0968,0.0946,0.0955,0.0996,0.1064,0.1018,0.1051,0.0998,0.101,0.0995
2025-07-11,buy_and_hold,Hold,0.0962,0.0927,0.0954,0.1014,0.1055,0.1016,0.1061,0.1018,0.1006,0.0987
2025-07-14,buy_and_hold,Hold,0.0964,0.0925,0.0965,0.1018,0.1022,0.1013,0.105,0.1027,0.1021,0.0994
2025-07-15,buy_and_hold,Hold,0.0974,0.0921,0.0956,0.1032,0.099,0.1009,0.1043,0.104,0.1023,0.1011
2025-07-16,buy_and_hold,Hold,0.0974,0.0932,0.0962,0.1016,0.0961,0.1016,0.1053,0.1044,0.1028,0.1016
2025-07-17,buy_and_hold,Hold,0.0892,0.0943,0.0963,0.102,0.0999,0.1033,0.1063,0.1048,0.1038,0.1001
2025-07-18,buy_and_hold,Hold,0.0915,0.0942,0.0966,0.103,0.0997,0.1038,0.1053,0.1056,0.1,0.1002
2025-07-21,buy_and_hold,Hold,0.0917,0.0938,0.0956,0.104,0.0982,0.1029,0.1051,0.1081,0.0993,0.1013
2025-07-22,buy_and_hold,Hold,0.0917,0.0943,0.0961,0.1021,0.0992,0.1033,0.1072,0.1077,0.0973,0.1012
2025-07-23,buy_and_hold,Hold,0.0913,0.0935,0.0957,0.1019,0.1011,0.1027,0.1096,0.1065,0.0965,0.1012
2025-07-24,buy_and_hold,Hold,0.0913,0.0922,0.0954,0.1038,0.1018,0.1026,0.1085,0.1077,0.0957,0.101
2025-07-25,buy_and_hold,Hold,0.0916,0.0923,0.0959,0.1031,0.1004,0.1029,0.1083,0.1079,0.0966,0.1011
2025-07-28,buy_and_hold,Hold,0.0922,0.0911,0.0944,0.1046,0.1037,0.1025,0.1052,0.1084,0.0979,0.1
2025-07-29,buy_and_hold,Hold,0.093,0.0913,0.0939,0.1033,0.1038,0.1019,0.1052,0.1097,0.0973,0.1006
2025-07-30,buy_and_hold,Hold,0.0941,0.0904,0.0926,0.1037,0.1035,0.1009,0.104,0.111,0.0947,0.1051
2025-07-31,buy_and_hold,Hold,0.0929,0.0886,0.0938,0.1061,0.1031,0.1007,0.1025,0.109,0.0969,0.1064
2025-08-01,buy_and_hold,Rebalance,0.1,0.1,0.1,0.1,0.1,0.1,0.1,0.1,0.1,0.1
2025-08-04,buy_and_hold,Hold,0.101,0.1003,0.0994,0.0975,0.0979,0.101,0.1004,0.102,0.1013,0.0992
2025-08-05,buy_and_hold,Hold,0.1011,0.0953,0.0993,0.098,0.0992,0.1023,0.1013,0.1014,0.1024,0.0997
2025-08-06,buy_and_hold,Hold,0.1013,0.0955,0.1027,0.1019,0.0963,0.101,0.0957,0.1021,0.1028,0.1007
2025-08-07,buy_and_hold,Hold,0.1013,0.0924,0.1018,0.1014,0.1029,0.1,0.0958,0.1014,0.1026,0.1004
2025-08-08,buy_and_hold,Hold,0.1021,0.0906,0.1021,0.1003,0.1049,0.0992,0.0945,0.1031,0.1027,0.1005
2025-08-11,buy_and_hold,Hold,0.1003,0.0908,0.1032,0.1001,0.1048,0.0979,0.0919,0.1033,0.1045,0.1033
2025-08-12,buy_and_hold,Hold,0.0991,0.0897,0.1016,0.0993,0.1066,0.0988,0.0933,0.1035,0.1052,0.1029
2025-08-13,buy_and_hold,Hold,0.097,0.0918,0.1028,0.0997,0.1062,0.0996,0.0941,0.1019,0.1058,0.1011
2025-08-14,buy_and_hold,Hold,0.097,0.092,0.1025,0.1027,0.106,0.099,0.0936,0.1024,0.1036,0.1013
2025-08-15,buy_and_hold,Hold,0.0986,0.0922,0.1024,0.1025,0.1057,0.0983,0.0954,0.1027,0.1006,0.1015
2025-08-18,buy_and_hold,Hold,0.0975,0.0929,0.1027,0.1026,0.1053,0.0974,0.0967,0.1025,0.1008,0.1017
2025-08-19,buy_and_hold,Hold,0.0977,0.095,0.1033,0.1006,0.1039,0.0976,0.0976,0.101,0.1013,0.1021
2025-08-20,buy_and_hold,Hold,0.0985,0.0945,0.1047,0.0986,0.1043,0.0982,0.0965,0.0997,0.1014,0.1035
2025-08-21,buy_and_hold,Hold,0.0981,0.0941,0.1049,0.0978,0.1057,0.0985,0.0963,0.0999,0.1011,0.1036
2025-08-22,buy_and_hold,Hold,0.0963,0.0938,0.1028,0.0985,0.1084,0.0982,0.0984,0.1007,0.1016,0.1013
2025-08-25,buy_and_hold,Hold,0.096,0.093,0.102,0.0984,0.1123,0.0968,0.0981,0.1022,0.1005,0.1006
2025-08-26,buy_and_hold,Hold,0.096,0.0928,0.1029,0.0989,0.1112,0.0969,0.0987,0.1017,0.1011,0.0998
2025-08-27,buy_and_hold,Hold,0.0955,0.0931,0.1018,0.0987,0.1132,0.0967,0.0994,0.1015,0.1007,0.0994
2025-08-28,buy_and_hold,Hold,0.095,0.0924,0.1001,0.0993,0.1146,0.0964,0.0991,0.103,0.1009,0.099
2025-08-29,buy_and_hold,Hold,0.0956,0.0934,0.1005,0.0978,0.1154,0.0957,0.0995,0.1032,0.0992,0.0998
2025-09-02,buy_and_hold,Rebalance,0.1,0.1,0.1,0.1,0.1,0.1,0.1,0.1,0.1,0.1
2025-09-03,buy_and_hold,Hold,0.1002,0.0989,0.1007,0.0999,0.0948,0.0993,0.1004,0.1087,0.0982,0.0989
2025-09-04,buy_and_hold,Hold,0.0993,0.0971,0.1011,0.1028,0.0967,0.0976,0.1007,0.1081,0.0991,0.0975
2025-09-05,buy_and_hold,Hold,0.0996,0.098,0.0997,0.1015,0.094,0.0977,0.1031,0.1095,0.0992,0.0976
2025-09-08,buy_and_hold,Hold,0.0993,0.0986,0.0995,0.1034,0.0922,0.0977,0.1045,0.1095,0.0986,0.0968
2025-09-09,buy_and_hold,Hold,0.0995,0.0975,0.0997,0.1048,0.09,0.0974,0.1025,0.1125,0.0983,0.0977
2025-09-10,buy_and_hold,Hold,0.0976,0.0941,0.1007,0.1014,0.0969,0.0976,0.103,0.1123,0.0987,0.0978
2025-09-11,buy_and_hold,Hold,0.099,0.0935,0.101,0.1001,0.0946,0.0989,0.1028,0.1117,0.1014,0.097
2025-09-12,buy_and_hold,Hold,0.1001,0.0916,0.1017,0.0996,0.0943,0.0986,0.1033,0.1122,0.1007,0.0977
2025-09-15,buy_and_hold,Hold,0.0981,0.0912,0.1008,0.1009,0.0944,0.0973,0.1039,0.1171,0.0998,0.0965
2025-09-16,buy_and_hold,Hold,0.0986,0.0903,0.0995,0.1014,0.1004,0.0952,0.1035,0.1162,0.0991,0.0958
2025-09-17,buy_and_hold,Hold,0.0994,0.0918,0.1008,0.1001,0.0987,0.0969,0.1025,0.1151,0.098,0.0966
2025-09-18,buy_and_hold,Hold,0.0998,0.0911,0.0997,0.1,0.0977,0.0975,0.1053,0.1163,0.0982,0.0943
2025-09-19,buy_and_hold,Hold,0.1008,0.0911,0.0996,0.1,0.0959,0.0967,0.1038,0.1175,0.0989,0.0957
2025-09-22,buy_and_hold,Hold,0.1019,0.0919,0.0997,0.0991,0.0971,0.0965,0.1041,0.1173,0.0978,0.0947
2025-09-23,buy_and_hold,Hold,0.1016,0.0904,0.1007,0.0963,0.0989,0.0931,0.1057,0.1172,0.0996,0.0965
2025-09-24,buy_and_hold,Hold,0.1004,0.092,0.1021,0.0964,0.101,0.0919,0.1047,0.1154,0.0988,0.0972
2025-09-25,buy_and_hold,Hold,0.101,0.0904,0.1032,0.0964,0.1017,0.0906,0.1036,0.1159,0.0988,0.0983
2025-09-26,buy_and_hold,Hold,0.1004,0.0922,0.1042,0.0964,0.1024,0.0903,0.1024,0.1154,0.0979,0.0983
2025-09-29,buy_and_hold,Hold,0.0997,0.0949,0.1038,0.0971,0.1005,0.0912,0.1027,0.1138,0.0983,0.0979
2025-09-30,buy_and_hold,Hold,0.1002,0.0947,0.104,0.0958,0.1002,0.0918,0.1029,0.1132,0.0989,0.0983
2025-10-01,buy_and_hold,Rebalance,0.1,0.1,0.1,0.1,0.1,0.1,0.1,0.1,0.1,0.1
2025-10-02,buy_and_hold,Hold,0.0998,0.1004,0.1,0.101,0.0955,0.1009,0.1005,0.1005,0.102,0.0994
2025-10-03,buy_and_hold,Hold,0.1006,0.1004,0.1011,0.0992,0.0976,0.1007,0.1001,0.0999,0.1014,0.0989
2025-10-06,buy_and_hold,Hold,0.1,0.1016,0.1019,0.0999,0.1,0.1006,0.0957,0.1021,0.0998,0.0984
2025-10-07,buy_and_hold,Hold,0.0996,0.1031,0.102,0.1005,0.1001,0.1008,0.0936,0.1003,0.0996,0.1005
2025-10-08,buy_and_hold,Hold,0.1012,0.1044,0.1016,0.1027,0.0987,0.1005,0.0906,0.1005,0.1006,0.0992
2025-10-09,buy_and_hold,Hold,0.1015,0.1051,0.102,0.1049,0.0959,0.0994,0.0906,0.1002,0.0996,0.1007
2025-10-10,buy_and_hold,Hold,0.1034,0.1029,0.1043,0.1021,0.0911,0.0996,0.0922,0.1006,0.0993,0.1045
2025-10-13,buy_and_hold,Hold,0.1016,0.1032,0.1028,0.103,0.094,0.1002,0.0914,0.1029,0.1,0.1011
2025-10-14,buy_and_hold,Hold,0.1025,0.1028,0.1033,0.1007,0.0938,0.1001,0.0923,0.1029,0.1003,0.1013
2025-10-15,buy_and_hold,Hold,0.1003,0.1013,0.1021,0.1006,0.0955,0.0986,0.094,0.1055,0.1013,0.1008
2025-10-16,buy_and_hold,Hold,0.1002,0.1002,0.1005,0.1014,0.0958,0.0983,0.094,0.1071,0.1013,0.1011
2025-10-17,buy_and_hold,Hold,0.1006,0.1017,0.1011,0.1004,0.0934,0.098,0.0934,0.1075,0.1017,0.102
2025-10-20,buy_and_hold,Hold,0.1004,0.1024,0.1012,0.1011,0.0925,0.0975,0.0947,0.1079,0.1022,0.1001
2025-10-21,buy_and_hold,Hold,0.098,0.105,0.0997,0.1028,0.092,0.0968,0.094,0.1044,0.1091,0.0982
2025-10-22,buy_and_hold,Hold,0.0981,0.1041,0.0992,0.1006,0.0941,0.096,0.0949,0.1047,0.1092,0.099
2025-10-23,buy_and_hold,Hold,0.0958,0.1033,0.0979,0.101,0.1001,0.0956,0.0929,0.1042,0.1109,0.0982
2025-10-24,buy_and_hold,Hold,0.0963,0.1025,0.0977,0.1026,0.097,0.0957,0.0936,0.1071,0.109,0.0984
2025-10-27,buy_and_hold,Hold,0.0962,0.1034,0.0976,0.1034,0.0946,0.0956,0.0937,0.1105,0.1085,0.0966
2025-10-28,buy_and_hold,Hold,0.0979,0.1069,0.099,0.1068,0.0943,0.0973,0.0775,0.1123,0.1099,0.0981
2025-10-29,buy_and_hold,Hold,0.0975,0.1059,0.0994,0.1087,0.0947,0.0963,0.0733,0.1168,0.1099,0.0974
2025-10-30,buy_and_hold,Hold,0.0987,0.1076,0.1015,0.1063,0.0951,0.0958,0.0711,0.1209,0.1123,0.0907
2025-10-31,buy_and_hold,Hold,0.0968,0.1068,0.1007,0.1152,0.0951,0.0939,0.0726,0.1195,0.111,0.0885
2025-11-03,buy_and_hold,Rebalance,0.1,0.1,0.1,0.1,0.1,0.1,0.1,0.1,0.1,0.1
2025-11-04,buy_and_hold,Hold,0.1023,0.0985,0.1024,0.0989,0.0989,0.1013,0.0976,0.0985,0.0997,0.1018
2025-11-05,buy_and_hold,Hold,0.1007,0.0999,0.1041,0.0986,0.0964,0.0994,0.0979,0.1004,0.1015,0.101
2025-11-06,buy_and_hold,Hold,0.0998,0.0961,0.1051,0.0946,0.104,0.1069,0.0944,0.0993,0.0999,0.0999
2025-11-07,buy_and_hold,Hold,0.1,0.0969,0.1045,0.0943,0.1038,0.1063,0.0979,0.0963,0.0996,0.1003
2025-11-10,buy_and_hold,Hold,0.0992,0.096,0.1036,0.0954,0.1056,0.1053,0.0951,0.0998,0.1009,0.0991
2025-11-11,buy_and_hold,Hold,0.0994,0.0946,0.1031,0.0951,0.106,0.1062,0.0955,0.0995,0.1008,0.0999
2025-11-12,buy_and_hold,Hold,0.1012,0.0966,0.1043,0.0936,0.1034,0.1063,0.094,0.0983,0.1027,0.0997
2025-11-13,buy_and_hold,Hold,0.1019,0.0973,0.105,0.0913,0.1072,0.1073,0.0916,0.0959,0.1027,0.0996
2025-11-14,buy_and_hold,Hold,0.1034,0.0968,0.1048,0.0906,0.1081,0.1062,0.0921,0.0955,0.1018,0.1007
2025-11-17,buy_and_hold,Hold,0.104,0.0962,0.104,0.0908,0.1074,0.1047,0.0904,0.0995,0.1014,0.1016
2025-11-18,buy_and_hold,Hold,0.1042,0.0958,0.1037,0.0869,0.1099,0.1045,0.0905,0.0994,0.1019,0.1032
2025-11-19,buy_and_hold,Hold,0.1018,0.097,0.1027,0.0876,0.1069,0.1057,0.0888,0.1031,0.1031,0.1033
2025-11-20,buy_and_hold,Hold,0.1012,0.0979,0.105,0.0864,0.105,0.106,0.0887,0.1031,0.103,0.1037
2025-11-21,buy_and_hold,Hold,0.102,0.1,0.1029,0.0857,0.105,0.1061,0.0901,0.1042,0.1027,0.1013
2025-11-24,buy_and_hold,Hold,0.1007,0.0962,0.1017,0.0874,0.1064,0.1051,0.0902,0.1101,0.103,0.0992
2025-11-25,buy_and_hold,Hold,0.1002,0.0972,0.1016,0.0876,0.1038,0.1048,0.0916,0.1105,0.1029,0.0998
2025-11-26,buy_and_hold,Hold,0.1004,0.0965,0.1005,0.0873,0.1061,0.1046,0.093,0.1091,0.1023,0.1002
2025-11-28,buy_and_hold,Hold,0.1001,0.0967,0.0997,0.0883,0.1067,0.1048,0.0927,0.1085,0.1024,0.1001
2025-12-01,buy_and_hold,Rebalance,0.1,0.1,0.1,0.1,0.1,0.1,0.1,0.1,0.1,0.1
2025-12-02,buy_and_hold,Hold,0.0986,0.1013,0.0993,0.1002,0.1006,0.0984,0.1013,0.1002,0.1006,0.0994
2025-12-03,buy_and_hold,Hold,0.0977,0.1058,0.0993,0.0991,0.1064,0.0996,0.091,0.1013,0.1013,0.0986
2025-12-04,buy_and_hold,Hold,0.0987,0.1054,0.1004,0.0987,0.1064,0.101,0.0884,0.1016,0.1,0.0994
2025-12-05,buy_and_hold,Hold,0.0987,0.1046,0.1007,0.0991,0.1083,0.1009,0.0865,0.103,0.0992,0.099
2025-12-08,buy_and_hold,Hold,0.0986,0.107,0.102,0.1003,0.1069,0.0936,0.0876,0.1031,0.0994,0.1016
2025-12-09,buy_and_hold,Hold,0.0977,0.108,0.1017,0.1005,0.1077,0.0912,0.088,0.1039,0.0999,0.1015
2025-12-10,buy_and_hold,Hold,0.0978,0.108,0.0999,0.1012,0.1064,0.0927,0.0894,0.1039,0.0993,0.1014
2025-12-11,buy_and_hold,Hold,0.0984,0.1073,0.1015,0.1006,0.1049,0.0955,0.0877,0.1015,0.1011,0.1015
2025-12-12,buy_and_hold,Hold,0.0999,0.1075,0.1024,0.0986,0.1046,0.095,0.0895,0.1002,0.101,0.1013
2025-12-15,buy_and_hold,Hold,0.1022,0.1086,0.1036,0.0969,0.1018,0.0956,0.0909,0.0997,0.099,0.1017
2025-12-16,buy_and_hold,Hold,0.1022,0.109,0.1031,0.0982,0.0978,0.0958,0.0912,0.1005,0.0987,0.1035
2025-12-17,buy_and_hold,Hold,0.1019,0.1094,0.1038,0.0974,0.1003,0.0972,0.0922,0.097,0.0979,0.103
2025-12-18,buy_and_hold,Hold,0.1008,0.1081,0.104,0.1,0.0971,0.0963,0.095,0.0991,0.0978,0.1018
2025-12-19,buy_and_hold,Hold,0.101,0.109,0.1038,0.1002,0.0983,0.0948,0.0931,0.1006,0.0979,0.1012
2025-12-22,buy_and_hold,Hold,0.1004,0.1079,0.1031,0.1002,0.0991,0.0963,0.094,0.101,0.0963,0.1017
2025-12-23,buy_and_hold,Hold,0.0996,0.1077,0.1035,0.1016,0.0987,0.0961,0.0927,0.1023,0.0962,0.1017
2025-12-24,buy_and_hold,Hold,0.0996,0.1072,0.1032,0.1015,0.0985,0.0963,0.0938,0.102,0.0961,0.1019
2025-12-26,buy_and_hold,Hold,0.0997,0.1076,0.1025,0.1016,0.0978,0.0969,0.0935,0.1018,0.0972,0.1014
2025-12-29,buy_and_hold,Hold,0.0993,0.1075,0.1024,0.1012,0.0984,0.0969,0.0945,0.1017,0.0968,0.1012
2025-12-30,buy_and_hold,Hold,0.0999,0.1066,0.1028,0.1011,0.0993,0.097,0.0947,0.1014,0.0961,0.1011
2022-01-20,model_Portfolio,Rebalance,0.02,0.02,0.8199,0.02,0.02,0.02,0.02,0.02,0.02,0.02
2022-01-21,model_Portfolio,Hold,0.0205,0.0199,0.8201,0.0191,0.0196,0.02,0.0202,0.0199,0.0202,0.0204
2022-01-24,model_Portfolio,Hold,0.02,0.02,0.8214,0.0192,0.0197,0.0199,0.0199,0.0198,0.0201,0.02
2022-01-25,model_Portfolio,Hold,0.0198,0.0196,0.8224,0.0185,0.0212,0.0195,0.0196,0.0191,0.0201,0.02
2022-01-26,model_Portfolio,Hold,0.0193,0.0193,0.8247,0.0184,0.0212,0.0193,0.0192,0.0194,0.0195,0.0197
2022-01-27,model_Portfolio,Hold,0.0194,0.0196,0.8239,0.0185,0.0212,0.0193,0.0188,0.0195,0.0197,0.0201
2022-01-28,model_Portfolio,Hold,0.02,0.0199,0.8229,0.0189,0.0212,0.0193,0.019,0.0199,0.0187,0.02
2022-01-31,model_Portfolio,Hold,0.0202,0.0204,0.8213,0.0195,0.021,0.0194,0.0194,0.02,0.0189,0.02
2022-02-01,model_Portfolio,Rebalance,0.076,0.0345,0.2277,0.0323,0.23,0.0442,0.0654,0.0364,0.0762,0.1774
2022-02-02,model_Portfolio,Hold,0.0771,0.0348,0.2288,0.0319,0.2286,0.0438,0.0655,0.0389,0.0752,0.1755
2022-02-03,model_Portfolio,Hold,0.0779,0.0338,0.2313,0.0297,0.2293,0.0437,0.0644,0.038,0.0749,0.177
2022-02-04,model_Portfolio,Hold,0.0775,0.0339,0.2343,0.0337,0.2287,0.0409,0.0639,0.038,0.0732,0.1759
2022-02-07,model_Portfolio,Hold,0.0769,0.0337,0.2375,0.0339,0.227,0.0397,0.0632,0.037,0.0737,0.1774
2022-02-08,model_Portfolio,Hold,0.0775,0.034,0.2412,0.0348,0.2197,0.0396,0.0632,0.0372,0.0745,0.1782
2022-02-09,model_Portfolio,Hold,0.0779,0.0347,0.2388,0.0344,0.2212,0.0402,0.064,0.0374,0.0744,0.177
2022-02-10,model_Portfolio,Hold,0.0772,0.0338,0.2399,0.0343,0.2241,0.0396,0.0628,0.0371,0.0735,0.1777
2022-02-11,model_Portfolio,Hold,0.076,0.0326,0.2395,0.0331,0.2291,0.0385,0.063,0.036,0.0735,0.1787
2022-02-14,model_Portfolio,Hold,0.0759,0.0329,0.2406,0.0343,0.2204,0.0391,0.0637,0.0371,0.0744,0.1816
2022-02-15,model_Portfolio,Hold,0.0761,0.0331,0.2417,0.0343,0.2195,0.0396,0.0638,0.0372,0.0736,0.1811
2022-02-16,model_Portfolio,Hold,0.0758,0.0334,0.241,0.0346,0.2201,0.0391,0.0643,0.0374,0.0726,0.1818
2022-02-17,model_Portfolio,Hold,0.0747,0.0327,0.2387,0.0342,0.2225,0.0388,0.0646,0.0364,0.0708,0.1866
2022-02-18,model_Portfolio,Hold,0.0727,0.0327,0.2397,0.0339,0.2219,0.0391,0.0648,0.036,0.0706,0.1887
2022-02-22,model_Portfolio,Hold,0.074,0.033,0.2409,0.0338,0.2167,0.039,0.0662,0.0362,0.071,0.1892
2022-02-23,model_Portfolio,Hold,0.0745,0.0325,0.2385,0.0329,0.2171,0.0387,0.0662,0.0359,0.0705,0.1934
2022-02-24,model_Portfolio,Hold,0.0754,0.0328,0.231,0.0344,0.2277,0.0388,0.0677,0.0374,0.0702,0.1846
2022-02-25,model_Portfolio,Hold,0.0751,0.0323,0.2318,0.0337,0.2292,0.0384,0.0667,0.0366,0.071,0.1852
2022-02-28,model_Portfolio,Hold,0.0737,0.0315,0.2275,0.0335,0.2413,0.0375,0.0649,0.0366,0.0698,0.1836
2022-03-01,model_Portfolio,Rebalance,0.0642,0.0391,0.1372,0.0374,0.2902,0.0741,0.0542,0.033,0.0785,0.1922
2022-03-02,model_Portfolio,Hold,0.0643,0.0393,0.1386,0.0369,0.2894,0.0736,0.0538,0.0325,0.0784,0.1933
2022-03-03,model_Portfolio,Hold,0.0642,0.0391,0.14,0.0357,0.2905,0.0727,0.0541,0.0321,0.0784,0.1933
2022-03-04,model_Portfolio,Hold,0.064,0.0383,0.1368,0.0349,0.2981,0.0712,0.0545,0.0315,0.0772,0.1934
2022-03-07,model_Portfolio,Hold,0.0645,0.0382,0.1382,0.0339,0.2945,0.071,0.0546,0.031,0.0775,0.1965
2022-03-08,model_Portfolio,Hold,0.0632,0.0379,0.1391,0.0336,0.3008,0.0704,0.0551,0.0313,0.0789,0.1898
2022-03-09,model_Portfolio,Hold,0.0636,0.0384,0.1401,0.034,0.2978,0.0721,0.0549,0.0324,0.0786,0.1879
2022-03-10,model_Portfolio,Hold,0.0623,0.0381,0.1378,0.0355,0.3052,0.0716,0.0541,0.0319,0.0764,0.187
2022-03-11,model_Portfolio,Hold,0.0618,0.039,0.1403,0.0359,0.3029,0.0703,0.0542,0.0318,0.0762,0.1876
2022-03-14,model_Portfolio,Hold,0.0632,0.0389,0.1437,0.0353,0.2944,0.0706,0.0547,0.0312,0.0783,0.1896
2022-03-15,model_Portfolio,Hold,0.064,0.0398,0.144,0.0365,0.2861,0.0717,0.0552,0.0318,0.0784,0.1924
2022-03-16,model_Portfolio,Hold,0.0645,0.0405,0.1458,0.0376,0.2846,0.0716,0.0549,0.0325,0.0783,0.1897
2022-03-17,model_Portfolio,Hold,0.0637,0.0388,0.1427,0.0376,0.2966,0.071,0.0541,0.0318,0.0774,0.1862
2022-03-18,model_Portfolio,Hold,0.0642,0.0392,0.1425,0.0385,0.2936,0.0718,0.0545,0.0323,0.0776,0.1858
2022-03-21,model_Portfolio,Hold,0.0628,0.0387,0.1412,0.0379,0.3019,0.0714,0.053,0.0318,0.0765,0.1848
2022-03-22,model_Portfolio,Hold,0.0625,0.0388,0.1426,0.0384,0.2972,0.0717,0.0526,0.0324,0.0766,0.1873
2022-03-23,model_Portfolio,Hold,0.0603,0.0382,0.142,0.0383,0.3007,0.0718,0.0521,0.0323,0.076,0.1883
2022-03-24,model_Portfolio,Hold,0.0603,0.0385,0.1425,0.0381,0.2988,0.0734,0.0521,0.0328,0.0761,0.1874
2022-03-25,model_Portfolio,Hold,0.06,0.0382,0.1426,0.0378,0.2996,0.0735,0.0522,0.0323,0.0756,0.1884
2022-03-28,model_Portfolio,Hold,0.0615,0.0391,0.1443,0.0394,0.2921,0.0752,0.0535,0.0328,0.0763,0.1858
2022-03-29,model_Portfolio,Hold,0.0608,0.0398,0.1426,0.0389,0.2965,0.0754,0.0544,0.0326,0.0767,0.1822
2022-03-30,model_Portfolio,Hold,0.0607,0.0394,0.1426,0.0381,0.2975,0.0755,0.0544,0.0324,0.0762,0.1831
2022-03-31,model_Portfolio,Hold,0.06,0.0395,0.141,0.0376,0.3,0.0754,0.0545,0.0319,0.0753,0.1848
2022-04-01,model_Portfolio,Rebalance,0.02,0.02,0.02,0.02,0.02,0.02,0.02,0.02,0.82,0.02
2022-04-04,model_Portfolio,Hold,0.02,0.0202,0.0196,0.0206,0.0203,0.0203,0.0197,0.0204,0.8188,0.02
2022-04-05,model_Portfolio,Hold,0.0202,0.0202,0.0198,0.0202,0.0198,0.0203,0.0198,0.0202,0.8195,0.0201
2022-04-06,model_Portfolio,Hold,0.0202,0.0199,0.02,0.0194,0.0193,0.02,0.02,0.0195,0.8214,0.0204
2022-04-07,model_Portfolio,Hold,0.0208,0.0201,0.0201,0.0193,0.0194,0.0202,0.0198,0.0194,0.8207,0.0204
2022-04-08,model_Portfolio,Hold,0.0208,0.0199,0.0202,0.0189,0.0204,0.0202,0.0197,0.019,0.8205,0.0205
2022-04-11,model_Portfolio,Hold,0.0203,0.0193,0.0201,0.0185,0.0195,0.0201,0.0193,0.0184,0.8238,0.0207
2022-04-12,model_Portfolio,Hold,0.0202,0.0194,0.0202,0.0186,0.0202,0.0201,0.0194,0.0184,0.8224,0.021
2022-04-13,model_Portfolio,Hold,0.0204,0.0193,0.0202,0.0192,0.0208,0.0202,0.0194,0.0187,0.8208,0.021
2022-04-14,model_Portfolio,Hold,0.0203,0.0191,0.0205,0.0189,0.021,0.0202,0.0194,0.0184,0.8211,0.0212
2022-04-18,model_Portfolio,Hold,0.0202,0.0189,0.0207,0.0191,0.0213,0.0202,0.0193,0.0187,0.8203,0.0212
2022-04-19,model_Portfolio,Hold,0.0203,0.0189,0.0202,0.0193,0.021,0.02,0.0192,0.0185,0.8216,0.0209
2022-04-20,model_Portfolio,Hold,0.0207,0.019,0.0205,0.0188,0.0209,0.0199,0.0194,0.0182,0.8217,0.0209
2022-04-21,model_Portfolio,Hold,0.0207,0.0188,0.02,0.018,0.0199,0.02,0.0192,0.0177,0.8244,0.0213
2022-04-22,model_Portfolio,Hold,0.0205,0.0185,0.0198,0.0179,0.0195,0.0197,0.0192,0.0173,0.8263,0.0213
2022-04-25,model_Portfolio,Hold,0.0206,0.0189,0.0195,0.0181,0.0188,0.0198,0.019,0.0178,0.8261,0.0213
2022-04-26,model_Portfolio,Hold,0.0207,0.0187,0.0196,0.0178,0.0192,0.0198,0.0193,0.0177,0.8255,0.0218
2022-04-27,model_Portfolio,Hold,0.0207,0.0187,0.0196,0.0177,0.0198,0.02,0.019,0.0171,0.8257,0.0218
2022-04-28,model_Portfolio,Hold,0.0205,0.0189,0.0187,0.0181,0.0202,0.0198,0.019,0.0173,0.826,0.0215
2022-04-29,model_Portfolio,Hold,0.0202,0.0186,0.0185,0.016,0.0204,0.0197,0.0186,0.0171,0.8289,0.0221
2022-05-02,model_Portfolio,Rebalance,0.068,0.0395,0.1515,0.0316,0.2207,0.0501,0.1295,0.0436,0.0673,0.1981
2022-05-03,model_Portfolio,Hold,0.0667,0.0389,0.1508,0.031,0.2275,0.0501,0.1292,0.0432,0.0672,0.1953
2022-05-04,model_Portfolio,Hold,0.0664,0.0389,0.1501,0.0304,0.2337,0.0501,0.1274,0.0435,0.0677,0.1919
2022-05-05,model_Portfolio,Hold,0.0676,0.0385,0.1523,0.0293,0.2228,0.0498,0.1293,0.0433,0.0684,0.1987
2022-05-06,model_Portfolio,Hold,0.0662,0.0375,0.1506,0.0285,0.2346,0.0491,0.1256,0.0424,0.0675,0.198
2022-05-09,model_Portfolio,Hold,0.067,0.0386,0.1574,0.0285,0.2109,0.0513,0.1257,0.0435,0.0727,0.2044
2022-05-10,model_Portfolio,Hold,0.0679,0.0394,0.16,0.0291,0.2144,0.0518,0.1251,0.0452,0.0726,0.1947
2022-05-11,model_Portfolio,Hold,0.0673,0.0385,0.1587,0.0282,0.2197,0.0523,0.124,0.0449,0.0713,0.1951
2022-05-12,model_Portfolio,Hold,0.0686,0.0385,0.1564,0.0286,0.2179,0.0519,0.1241,0.0445,0.0727,0.1968
2022-05-13,model_Portfolio,Hold,0.0678,0.0381,0.1523,0.0293,0.2288,0.0509,0.1238,0.0444,0.0705,0.1941
2022-05-16,model_Portfolio,Hold,0.0672,0.0377,0.1509,0.0285,0.2342,0.0503,0.1218,0.0435,0.0705,0.1953
2022-05-17,model_Portfolio,Hold,0.0689,0.0377,0.1521,0.0292,0.234,0.0508,0.1201,0.0435,0.0701,0.1936
2022-05-18,model_Portfolio,Hold,0.0704,0.0368,0.1552,0.0281,0.2276,0.0516,0.1189,0.0434,0.0711,0.197
2022-05-19,model_Portfolio,Hold,0.0708,0.0371,0.1546,0.0284,0.2317,0.052,0.1198,0.0432,0.0715,0.1909
2022-05-20,model_Portfolio,Hold,0.071,0.0373,0.1525,0.0284,0.2354,0.0525,0.1207,0.0424,0.0697,0.19
2022-05-23,model_Portfolio,Hold,0.0703,0.0373,0.1526,0.0276,0.2432,0.0513,0.1184,0.0423,0.0682,0.189
2022-05-24,model_Portfolio,Hold,0.0697,0.0368,0.1545,0.0268,0.2409,0.0512,0.1184,0.0403,0.069,0.1924
2022-05-25,model_Portfolio,Hold,0.0682,0.0363,0.1539,0.0271,0.2475,0.0503,0.1165,0.0396,0.0679,0.1928
2022-05-26,model_Portfolio,Hold,0.0682,0.0372,0.155,0.0277,0.2452,0.0508,0.1168,0.0397,0.0674,0.1919
2022-05-27,model_Portfolio,Hold,0.0676,0.0379,0.1545,0.028,0.2486,0.0512,0.1177,0.0404,0.0669,0.1871
2022-05-31,model_Portfolio,Hold,0.0684,0.0374,0.1558,0.0294,0.2468,0.0506,0.1165,0.0411,0.0672,0.1869
2022-06-01,model_Portfolio,Rebalance,0.02,0.02,0.82,0.02,0.02,0.02,0.02,0.02,0.02,0.02
2022-06-02,model_Portfolio,Hold,0.0204,0.0205,0.8168,0.0206,0.0199,0.0207,0.0203,0.0206,0.0202,0.02
2022-06-03,model_Portfolio,Hold,0.0205,0.0207,0.8161,0.0204,0.0205,0.021,0.0202,0.0204,0.0202,0.0201
2022-06-06,model_Portfolio,Hold,0.0204,0.0205,0.816,0.0206,0.0205,0.0213,0.02,0.0206,0.0201,0.0199
2022-06-07,model_Portfolio,Hold,0.0203,0.0205,0.8157,0.0202,0.0215,0.0214,0.02,0.0205,0.02,0.0199
2022-06-08,model_Portfolio,Hold,0.0202,0.0206,0.8171,0.0202,0.0218,0.021,0.0193,0.0209,0.0202,0.0186
2022-06-09,model_Portfolio,Hold,0.0203,0.0205,0.8168,0.0198,0.0218,0.0216,0.0191,0.0209,0.0204,0.0187
2022-06-10,model_Portfolio,Hold,0.0204,0.0205,0.8165,0.0193,0.0219,0.0218,0.0191,0.0209,0.0201,0.0194
2022-06-13,model_Portfolio,Hold,0.0204,0.0205,0.8175,0.0189,0.0212,0.0221,0.0185,0.0207,0.0207,0.0193
2022-06-14,model_Portfolio,Hold,0.0199,0.0205,0.8185,0.0187,0.0215,0.0218,0.0184,0.0208,0.0205,0.0194
2022-06-15,model_Portfolio,Hold,0.0201,0.0207,0.8184,0.0195,0.0211,0.0216,0.0182,0.0212,0.0202,0.0189
2022-06-16,model_Portfolio,Hold,0.02,0.0205,0.8202,0.0192,0.0198,0.0218,0.018,0.021,0.0202,0.0193
2022-06-17,model_Portfolio,Hold,0.0201,0.0208,0.8203,0.0197,0.0186,0.0219,0.0181,0.0212,0.02,0.0193
2022-06-21,model_Portfolio,Hold,0.0201,0.0209,0.8206,0.0197,0.0187,0.0219,0.0178,0.0216,0.0196,0.019
2022-06-22,model_Portfolio,Hold,0.0204,0.0213,0.8219,0.0199,0.0175,0.022,0.0181,0.0218,0.0198,0.0174
2022-06-23,model_Portfolio,Hold,0.0206,0.0213,0.8199,0.0206,0.0169,0.0222,0.0188,0.022,0.0198,0.0179
2022-06-24,model_Portfolio,Hold,0.0204,0.0215,0.8206,0.0205,0.0164,0.0222,0.0188,0.0222,0.0197,0.0175
2022-06-27,model_Portfolio,Hold,0.0203,0.021,0.8222,0.02,0.0169,0.0217,0.0191,0.0218,0.0195,0.0175
2022-06-28,model_Portfolio,Hold,0.02,0.0205,0.8247,0.019,0.0175,0.0214,0.019,0.0212,0.0192,0.0175
2022-06-29,model_Portfolio,Hold,0.0206,0.0203,0.8247,0.0194,0.0164,0.0217,0.0193,0.0213,0.0192,0.0171
2022-06-30,model_Portfolio,Hold,0.0206,0.0202,0.8259,0.019,0.016,0.0217,0.0194,0.0208,0.0192,0.0171
2022-07-01,model_Portfolio,Rebalance,0.82,0.02,0.02,0.02,0.02,0.02,0.02,0.02,0.02,0.02
2022-07-05,model_Portfolio,Hold,0.8194,0.0198,0.0199,0.0209,0.0187,0.0199,0.0203,0.021,0.0203,0.0199
2022-07-06,model_Portfolio,Hold,0.8187,0.0199,0.0201,0.0211,0.0183,0.0198,0.0205,0.0213,0.0205,0.0197
2022-07-07,model_Portfolio,Hold,0.8172,0.02,0.0201,0.0213,0.0196,0.0195,0.0203,0.0219,0.0203,0.0199
2022-07-08,model_Portfolio,Hold,0.8177,0.02,0.0201,0.0212,0.0198,0.0192,0.0199,0.0221,0.0202,0.0198
2022-07-11,model_Portfolio,Hold,0.8189,0.0198,0.0201,0.0206,0.0196,0.0195,0.0196,0.0215,0.0203,0.0201
2022-07-12,model_Portfolio,Hold,0.8196,0.0198,0.0202,0.0203,0.0187,0.0194,0.0197,0.0213,0.0206,0.0204
2022-07-13,model_Portfolio,Hold,0.818,0.0202,0.0201,0.0209,0.0193,0.0194,0.0197,0.0212,0.0207,0.0206
2022-07-14,model_Portfolio,Hold,0.8203,0.02,0.0197,0.021,0.0185,0.019,0.0193,0.0211,0.0207,0.0205
2022-07-15,model_Portfolio,Hold,0.822,0.0196,0.0195,0.021,0.0183,0.0188,0.0195,0.0208,0.0205,0.0201
2022-07-18,model_Portfolio,Hold,0.82,0.0197,0.0197,0.0213,0.019,0.0189,0.0196,0.0206,0.0206,0.0205
2022-07-19,model_Portfolio,Hold,0.8193,0.02,0.0195,0.0215,0.0194,0.0189,0.0197,0.0209,0.0205,0.0203
2022-07-20,model_Portfolio,Hold,0.8159,0.0203,0.0196,0.0226,0.02,0.0193,0.0201,0.0211,0.0209,0.0202
2022-07-21,model_Portfolio,Hold,0.8186,0.0204,0.0194,0.0225,0.0187,0.0191,0.0198,0.0208,0.0206,0.02
2022-07-22,model_Portfolio,Hold,0.8179,0.0206,0.0197,0.0224,0.0184,0.0194,0.0203,0.0199,0.0209,0.0204
2022-07-25,model_Portfolio,Hold,0.8156,0.0208,0.02,0.0222,0.0197,0.0195,0.0204,0.0199,0.021,0.0209
2022-07-26,model_Portfolio,Hold,0.8167,0.0204,0.0198,0.021,0.0192,0.0194,0.0212,0.0194,0.0219,0.0209
2022-07-27,model_Portfolio,Hold,0.8143,0.0211,0.0197,0.0219,0.0198,0.0194,0.0212,0.0206,0.0214,0.0207
2022-07-28,model_Portfolio,Hold,0.8126,0.0214,0.0198,0.022,0.0199,0.0198,0.0217,0.0207,0.0215,0.0205
2022-07-29,model_Portfolio,Hold,0.8064,0.0217,0.0202,0.0244,0.0209,0.0203,0.0222,0.0212,0.0221,0.0206
2022-08-01,model_Portfolio,Rebalance,0.02,0.02,0.02,0.02,0.02,0.02,0.02,0.02,0.82,0.02
2022-08-02,model_Portfolio,Hold,0.02,0.0201,0.0209,0.02,0.0201,0.0199,0.0196,0.0203,0.8189,0.0201
2022-08-03,model_Portfolio,Hold,0.02,0.0202,0.0208,0.0206,0.0191,0.0198,0.0194,0.0205,0.8196,0.02
2022-08-04,model_Portfolio,Hold,0.0195,0.0198,0.0203,0.0205,0.0166,0.0203,0.0189,0.02,0.8245,0.0195
2022-08-05,model_Portfolio,Hold,0.0195,0.0198,0.0205,0.0203,0.0172,0.0207,0.019,0.02,0.8234,0.0195
2022-08-08,model_Portfolio,Hold,0.0193,0.0198,0.0204,0.02,0.0174,0.0205,0.0192,0.0198,0.8241,0.0195
2022-08-09,model_Portfolio,Hold,0.0192,0.0198,0.0208,0.0198,0.0177,0.0204,0.0192,0.0198,0.8238,0.0196
2022-08-10,model_Portfolio,Hold,0.0194,0.02,0.0209,0.0203,0.0177,0.0207,0.0195,0.0201,0.8219,0.0195
2022-08-11,model_Portfolio,Hold,0.0194,0.0198,0.0212,0.0199,0.0186,0.0206,0.0195,0.0199,0.8215,0.0197
2022-08-12,model_Portfolio,Hold,0.0192,0.0199,0.0213,0.02,0.0182,0.0207,0.0195,0.02,0.8219,0.0193
2022-08-15,model_Portfolio,Hold,0.0194,0.0199,0.0214,0.0201,0.0177,0.021,0.0196,0.0202,0.8212,0.0195
2022-08-16,model_Portfolio,Hold,0.0195,0.0201,0.0215,0.0204,0.0176,0.0211,0.0199,0.0202,0.8198,0.0198
2022-08-17,model_Portfolio,Hold,0.0196,0.0203,0.0219,0.0204,0.0181,0.021,0.0202,0.0202,0.8183,0.02
2022-08-18,model_Portfolio,Hold,0.0195,0.0204,0.0221,0.0205,0.0197,0.0211,0.0196,0.0204,0.8165,0.0201
2022-08-19,model_Portfolio,Hold,0.0196,0.0202,0.0219,0.0199,0.0196,0.0208,0.0194,0.0199,0.8186,0.0201
2022-08-22,model_Portfolio,Hold,0.0196,0.0203,0.0219,0.0197,0.0204,0.0211,0.0195,0.0199,0.8171,0.0206
2022-08-23,model_Portfolio,Hold,0.0193,0.0201,0.0218,0.0197,0.0215,0.0211,0.0191,0.0198,0.817,0.0206
2022-08-24,model_Portfolio,Hold,0.0193,0.0201,0.0218,0.0198,0.0224,0.0213,0.0194,0.0198,0.8153,0.0208
2022-08-25,model_Portfolio,Hold,0.0191,0.0201,0.0218,0.02,0.0222,0.0213,0.0195,0.0201,0.8151,0.0208
2022-08-26,model_Portfolio,Hold,0.02,0.0211,0.0233,0.0208,0.024,0.0229,0.0207,0.0207,0.804,0.0224
2022-08-29,model_Portfolio,Hold,0.0204,0.0212,0.0237,0.021,0.0252,0.0231,0.0208,0.0209,0.801,0.0227
2022-08-30,model_Portfolio,Hold,0.0207,0.0213,0.0237,0.0211,0.0242,0.023,0.0208,0.0211,0.8013,0.0227
2022-08-31,model_Portfolio,Hold,0.0209,0.0211,0.0235,0.0209,0.0242,0.0228,0.0208,0.021,0.8018,0.0228
2022-09-01,model_Portfolio,Rebalance,0.0492,0.0356,0.1523,0.0293,0.4028,0.0448,0.0294,0.0461,0.0384,0.1721
2022-09-02,model_Portfolio,Hold,0.0479,0.0349,0.1515,0.0292,0.4109,0.044,0.0291,0.0452,0.0371,0.1702
2022-09-06,model_Portfolio,Hold,0.0487,0.0353,0.1539,0.0293,0.406,0.0446,0.0299,0.0454,0.036,0.1709
2022-09-07,model_Portfolio,Hold,0.0497,0.0357,0.1575,0.0301,0.3942,0.046,0.0303,0.0465,0.0373,0.1726
2022-09-08,model_Portfolio,Hold,0.0504,0.0357,0.1586,0.03,0.3944,0.0457,0.0306,0.0458,0.0367,0.1722
2022-09-09,model_Portfolio,Hold,0.0502,0.0353,0.1561,0.0302,0.399,0.0454,0.0304,0.0459,0.0371,0.1705
2022-09-12,model_Portfolio,Hold,0.0494,0.035,0.154,0.0302,0.4094,0.0455,0.03,0.0449,0.0366,0.165
2022-09-13,model_Portfolio,Hold,0.0494,0.0345,0.1549,0.029,0.4139,0.0457,0.0297,0.0437,0.0367,0.1624
2022-09-14,model_Portfolio,Hold,0.0483,0.0334,0.1496,0.0287,0.4314,0.0445,0.0287,0.0429,0.035,0.1576
2022-09-15,model_Portfolio,Hold,0.0483,0.0331,0.1493,0.0284,0.4318,0.0436,0.0287,0.0424,0.0349,0.1597
2022-09-16,model_Portfolio,Hold,0.0483,0.0333,0.1508,0.0281,0.4259,0.0439,0.029,0.0428,0.0353,0.1626
2022-09-19,model_Portfolio,Hold,0.0481,0.0334,0.1522,0.0282,0.4236,0.044,0.0285,0.0427,0.0352,0.1641
2022-09-20,model_Portfolio,Hold,0.0479,0.0332,0.1546,0.028,0.4201,0.0438,0.028,0.0424,0.0356,0.1663
2022-09-21,model_Portfolio,Hold,0.048,0.0333,0.1557,0.0277,0.4155,0.044,0.0279,0.0425,0.0357,0.1698
2022-09-22,model_Portfolio,Hold,0.0491,0.0334,0.1554,0.0279,0.4081,0.0442,0.0285,0.0436,0.0361,0.1737
2022-09-23,model_Portfolio,Hold,0.0519,0.0352,0.1624,0.0287,0.3836,0.0467,0.0305,0.0456,0.038,0.1776
2022-09-26,model_Portfolio,Hold,0.0524,0.0355,0.1627,0.0296,0.3784,0.0464,0.0303,0.0462,0.0387,0.18
2022-09-27,model_Portfolio,Hold,0.0514,0.0352,0.1612,0.0293,0.3868,0.0461,0.0298,0.0457,0.0383,0.1763
2022-09-28,model_Portfolio,Hold,0.0499,0.0348,0.1578,0.0292,0.3971,0.0454,0.0295,0.0453,0.0377,0.1732
2022-09-29,model_Portfolio,Hold,0.0499,0.0344,0.1567,0.0285,0.4019,0.0449,0.0293,0.0443,0.0372,0.1729
2022-09-30,model_Portfolio,Hold,0.0499,0.0348,0.158,0.0285,0.3991,0.0461,0.0301,0.0442,0.0371,0.1721
2022-10-03,model_Portfolio,Rebalance,0.1036,0.0484,0.1569,0.0457,0.2374,0.0629,0.0386,0.0508,0.1014,0.1545
2022-10-04,model_Portfolio,Hold,0.1035,0.0483,0.1571,0.0461,0.2406,0.0631,0.0376,0.0505,0.0999,0.1532
2022-10-05,model_Portfolio,Hold,0.1032,0.048,0.1552,0.0458,0.2474,0.0614,0.0363,0.0501,0.0989,0.1536
2022-10-06,model_Portfolio,Hold,0.102,0.0471,0.1535,0.0454,0.2571,0.0602,0.0357,0.05,0.0952,0.1536
2022-10-07,model_Portfolio,Hold,0.1029,0.046,0.1519,0.0439,0.2628,0.0594,0.035,0.0493,0.0935,0.1553
2022-10-10,model_Portfolio,Hold,0.1029,0.046,0.1538,0.0438,0.2562,0.0599,0.0346,0.0492,0.0949,0.1586
2022-10-11,model_Portfolio,Hold,0.1036,0.0452,0.1542,0.0433,0.2522,0.0597,0.0353,0.049,0.0954,0.1621
2022-10-12,model_Portfolio,Hold,0.102,0.0449,0.1525,0.0436,0.2542,0.0593,0.0349,0.0492,0.0956,0.1637
2022-10-13,model_Portfolio,Hold,0.102,0.0449,0.1541,0.0423,0.2536,0.0598,0.0343,0.0485,0.0974,0.1631
2022-10-14,model_Portfolio,Hold,0.1029,0.0452,0.1564,0.0411,0.2479,0.0598,0.0344,0.0485,0.0992,0.1647
2022-10-17,model_Portfolio,Hold,0.1044,0.0464,0.156,0.0433,0.2462,0.0604,0.0347,0.0496,0.0983,0.1606
2022-10-18,model_Portfolio,Hold,0.1052,0.0464,0.1564,0.044,0.2429,0.0613,0.0343,0.0497,0.0995,0.1602
2022-10-19,model_Portfolio,Hold,0.0981,0.0463,0.156,0.0434,0.2552,0.0609,0.0335,0.0491,0.0978,0.1596
2022-10-20,model_Portfolio,Hold,0.0964,0.0465,0.1554,0.0441,0.2576,0.0609,0.0335,0.0499,0.0981,0.1576
2022-10-21,model_Portfolio,Hold,0.0938,0.0466,0.156,0.0444,0.261,0.0601,0.0334,0.0491,0.0987,0.1567
2022-10-24,model_Portfolio,Hold,0.0954,0.0469,0.1558,0.0439,0.2602,0.0598,0.033,0.049,0.0984,0.1575
2022-10-25,model_Portfolio,Hold,0.0937,0.0471,0.1536,0.0435,0.2647,0.0607,0.0343,0.0492,0.097,0.1562
2022-10-26,model_Portfolio,Hold,0.0937,0.0467,0.1529,0.0415,0.2686,0.0605,0.0342,0.0445,0.1,0.1574
2022-10-27,model_Portfolio,Hold,0.093,0.0469,0.156,0.0402,0.2687,0.0603,0.0349,0.0436,0.1009,0.1556
2022-10-28,model_Portfolio,Hold,0.094,0.0477,0.1588,0.0369,0.263,0.0607,0.0353,0.0448,0.1025,0.1563
2022-10-31,model_Portfolio,Hold,0.0938,0.0472,0.1601,0.0367,0.264,0.0599,0.0353,0.0441,0.1021,0.1567
2022-11-01,model_Portfolio,Rebalance,0.02,0.02,0.02,0.02,0.02,0.02,0.02,0.02,0.82,0.02
2022-11-02,model_Portfolio,Hold,0.0202,0.0198,0.0204,0.0194,0.0197,0.0199,0.0201,0.0196,0.8211,0.0198
2022-11-03,model_Portfolio,Hold,0.0198,0.0186,0.0202,0.0189,0.0211,0.0214,0.0202,0.0188,0.8211,0.0199
2022-11-04,model_Portfolio,Hold,0.0198,0.0186,0.0202,0.0189,0.0215,0.022,0.0202,0.0192,0.8198,0.0198
2022-11-07,model_Portfolio,Hold,0.0201,0.0192,0.0203,0.0188,0.0217,0.0221,0.0203,0.0196,0.818,0.0199
2022-11-08,model_Portfolio,Hold,0.02,0.0191,0.0203,0.0186,0.0214,0.0224,0.0201,0.0196,0.8187,0.0198
2022-11-09,model_Portfolio,Hold,0.0203,0.0192,0.0205,0.018,0.0201,0.0225,0.02,0.0195,0.8201,0.0198
2022-11-10,model_Portfolio,Hold,0.0203,0.0198,0.0203,0.0194,0.0199,0.0223,0.0206,0.0201,0.8189,0.0186
2022-11-11,model_Portfolio,Hold,0.0198,0.0195,0.0199,0.0197,0.0201,0.0216,0.0197,0.0201,0.8215,0.0182
2022-11-14,model_Portfolio,Hold,0.0197,0.0197,0.0197,0.0195,0.0197,0.0224,0.0195,0.0203,0.8213,0.0182
2022-11-15,model_Portfolio,Hold,0.0198,0.0198,0.0202,0.0195,0.0204,0.0223,0.0198,0.0208,0.8194,0.0181
2022-11-16,model_Portfolio,Hold,0.0202,0.0201,0.0207,0.0195,0.0201,0.0227,0.0198,0.0212,0.8174,0.0183
2022-11-17,model_Portfolio,Hold,0.0201,0.0198,0.0207,0.0191,0.0199,0.0226,0.0198,0.0211,0.8185,0.0184
2022-11-18,model_Portfolio,Hold,0.0204,0.0198,0.0208,0.019,0.0197,0.0229,0.0202,0.021,0.8175,0.0187
2022-11-21,model_Portfolio,Hold,0.0203,0.0198,0.0208,0.0185,0.0192,0.0228,0.0201,0.0205,0.8192,0.0188
2022-11-22,model_Portfolio,Hold,0.0203,0.02,0.0208,0.0185,0.02,0.0235,0.0203,0.0206,0.8173,0.0188
2022-11-23,model_Portfolio,Hold,0.0206,0.0202,0.0209,0.0187,0.0197,0.0236,0.0202,0.021,0.8164,0.0188
2022-11-25,model_Portfolio,Hold,0.0206,0.0202,0.0209,0.0185,0.0194,0.0235,0.0204,0.0206,0.8174,0.0185
2022-11-28,model_Portfolio,Hold,0.021,0.0204,0.0211,0.0192,0.0194,0.0238,0.0203,0.021,0.8146,0.0193
2022-11-29,model_Portfolio,Hold,0.0207,0.02,0.0208,0.0187,0.0199,0.0234,0.0206,0.0206,0.816,0.0194
2022-11-30,model_Portfolio,Hold,0.0211,0.0208,0.0211,0.0194,0.0199,0.0239,0.0209,0.0217,0.8115,0.0196
2022-12-01,model_Portfolio,Rebalance,0.82,0.02,0.02,0.02,0.02,0.02,0.02,0.02,0.02,0.02
2022-12-02,model_Portfolio,Hold,0.8199,0.0198,0.0201,0.0197,0.0201,0.0204,0.0198,0.0199,0.0201,0.0202
2022-12-05,model_Portfolio,Hold,0.8191,0.0198,0.0202,0.0195,0.02,0.0206,0.0199,0.0202,0.0202,0.0205
2022-12-06,model_Portfolio,Hold,0.8198,0.0196,0.0205,0.0192,0.0195,0.0208,0.0197,0.02,0.0205,0.0204
2022-12-07,model_Portfolio,Hold,0.8211,0.0195,0.0204,0.0191,0.0193,0.0208,0.0194,0.0194,0.0207,0.0203
2022-12-08,model_Portfolio,Hold,0.8234,0.0195,0.0198,0.0192,0.0186,0.0208,0.0195,0.0188,0.0203,0.0202
2022-12-09,model_Portfolio,Hold,0.8254,0.0192,0.0197,0.0189,0.0181,0.0204,0.0195,0.0186,0.0202,0.0201
2022-12-12,model_Portfolio,Hold,0.826,0.0192,0.0196,0.0188,0.0187,0.0203,0.0192,0.0184,0.02,0.0198
2022-12-13,model_Portfolio,Hold,0.8266,0.019,0.0192,0.0189,0.0191,0.0203,0.0192,0.0185,0.0197,0.0194
2022-12-14,model_Portfolio,Hold,0.827,0.0188,0.0192,0.0188,0.0189,0.0204,0.0193,0.0184,0.0196,0.0196
2022-12-15,model_Portfolio,Hold,0.8268,0.0186,0.0193,0.0186,0.0193,0.0203,0.0195,0.018,0.0195,0.02
2022-12-16,model_Portfolio,Hold,0.8271,0.0178,0.0195,0.0187,0.0191,0.0206,0.0191,0.0182,0.0197,0.0202
2022-12-19,model_Portfolio,Hold,0.8282,0.0172,0.0196,0.0182,0.0192,0.0206,0.019,0.0179,0.0198,0.0202
2022-12-20,model_Portfolio,Hold,0.8272,0.0177,0.0201,0.0182,0.0193,0.0205,0.0191,0.018,0.0196,0.0202
2022-12-21,model_Portfolio,Hold,0.8269,0.0179,0.02,0.0183,0.0201,0.0203,0.0191,0.0179,0.0197,0.0199
2022-12-22,model_Portfolio,Hold,0.829,0.0177,0.0199,0.0177,0.0193,0.0202,0.0191,0.0176,0.0195,0.0201
2022-12-23,model_Portfolio,Hold,0.8274,0.0177,0.0201,0.018,0.0204,0.0201,0.0191,0.0178,0.0192,0.0202
2022-12-27,model_Portfolio,Hold,0.8284,0.0176,0.0202,0.0175,0.0205,0.0201,0.019,0.0174,0.0192,0.0203
2022-12-28,model_Portfolio,Hold,0.83,0.0176,0.0201,0.0174,0.0196,0.0201,0.0188,0.0173,0.019,0.0202
2022-12-29,model_Portfolio,Hold,0.831,0.0176,0.0199,0.0175,0.0195,0.0198,0.0188,0.0174,0.019,0.0198
2022-12-30,model_Portfolio,Hold,0.8304,0.0175,0.0199,0.0175,0.0199,0.0198,0.0189,0.0174,0.019,0.0198
2023-01-03,model_Portfolio,Rebalance,0.02,0.02,0.82,0.02,0.02,0.02,0.02,0.02,0.02,0.02
2023-01-04,model_Portfolio,Hold,0.0202,0.0198,0.8208,0.0198,0.0193,0.0199,0.0203,0.0197,0.0204,0.0199
2023-01-05,model_Portfolio,Hold,0.0203,0.0195,0.8222,0.0194,0.0192,0.0198,0.0199,0.0194,0.0202,0.02
2023-01-06,model_Portfolio,Hold,0.02,0.0194,0.8233,0.0195,0.0191,0.0197,0.0199,0.0191,0.0201,0.0199
2023-01-09,model_Portfolio,Hold,0.0205,0.0202,0.8178,0.0203,0.0199,0.0203,0.0203,0.0197,0.0207,0.0202
2023-01-10,model_Portfolio,Hold,0.0206,0.0202,0.8178,0.0208,0.0197,0.0202,0.0203,0.0197,0.0208,0.02
2023-01-11,model_Portfolio,Hold,0.0204,0.0206,0.8148,0.0219,0.0199,0.0202,0.0211,0.0203,0.0209,0.0199
2023-01-12,model_Portfolio,Hold,0.0202,0.0209,0.814,0.022,0.0206,0.02,0.0214,0.0202,0.0209,0.0197
2023-01-13,model_Portfolio,Hold,0.0203,0.0205,0.8152,0.0223,0.0203,0.0198,0.0211,0.0202,0.0207,0.0196
2023-01-17,model_Portfolio,Hold,0.0204,0.0208,0.8155,0.022,0.0203,0.0196,0.0213,0.0201,0.0203,0.0195
2023-01-18,model_Portfolio,Hold,0.0203,0.0205,0.8168,0.0221,0.02,0.0196,0.0214,0.0203,0.0199,0.0192
2023-01-19,model_Portfolio,Hold,0.0206,0.0204,0.8148,0.022,0.0208,0.0197,0.0216,0.021,0.0195,0.0197
2023-01-20,model_Portfolio,Hold,0.0206,0.0208,0.8123,0.0226,0.0208,0.0198,0.0218,0.022,0.0197,0.0197
2023-01-23,model_Portfolio,Hold,0.0207,0.0206,0.8121,0.0225,0.0207,0.0199,0.0219,0.0222,0.0198,0.0195
2023-01-24,model_Portfolio,Hold,0.0202,0.02,0.8171,0.022,0.0199,0.02,0.0216,0.0215,0.0184,0.0193
2023-01-25,model_Portfolio,Hold,0.0199,0.0198,0.8188,0.0221,0.0199,0.0199,0.0213,0.0209,0.018,0.0193
2023-01-26,model_Portfolio,Hold,0.0199,0.0199,0.8171,0.0226,0.0204,0.0202,0.0213,0.0214,0.0181,0.019
2023-01-27,model_Portfolio,Hold,0.0197,0.0201,0.8155,0.0233,0.0206,0.02,0.0218,0.0218,0.0184,0.0189
2023-01-30,model_Portfolio,Hold,0.0197,0.0199,0.8179,0.0229,0.0199,0.02,0.0213,0.0213,0.018,0.0191
2023-01-31,model_Portfolio,Hold,0.0197,0.0201,0.8163,0.0233,0.0198,0.0203,0.0216,0.0215,0.0182,0.0192
2023-02-01,model_Portfolio,Rebalance,0.02,0.02,0.82,0.02,0.02,0.02,0.02,0.02,0.02,0.02
2023-02-02,model_Portfolio,Hold,0.021,0.0217,0.8079,0.0225,0.0205,0.0195,0.0219,0.0225,0.0218,0.0207
2023-02-03,model_Portfolio,Hold,0.0209,0.0213,0.8128,0.0206,0.0203,0.0188,0.0215,0.0219,0.0212,0.0207
2023-02-06,model_Portfolio,Hold,0.0207,0.021,0.8145,0.0203,0.0203,0.0186,0.0214,0.0214,0.021,0.0207
2023-02-07,model_Portfolio,Hold,0.0208,0.0211,0.8135,0.0202,0.0209,0.0186,0.0212,0.0223,0.021,0.0204
2023-02-08,model_Portfolio,Hold,0.0204,0.0208,0.8176,0.0197,0.0201,0.0187,0.0211,0.0205,0.0206,0.0203
2023-02-09,model_Portfolio,Hold,0.0203,0.0211,0.8181,0.0196,0.0199,0.0189,0.0212,0.0199,0.0205,0.0205
2023-02-10,model_Portfolio,Hold,0.0202,0.0209,0.8173,0.0194,0.021,0.0189,0.0212,0.0197,0.0205,0.0208
2023-02-13,model_Portfolio,Hold,0.02,0.021,0.819,0.0195,0.0202,0.0186,0.0211,0.0194,0.0205,0.0207
2023-02-14,model_Portfolio,Hold,0.0201,0.0211,0.8172,0.0199,0.0205,0.0186,0.0212,0.0198,0.0207,0.0209
2023-02-15,model_Portfolio,Hold,0.0201,0.0212,0.8166,0.0202,0.0199,0.0187,0.0212,0.0202,0.0208,0.021
2023-02-16,model_Portfolio,Hold,0.02,0.0209,0.819,0.0197,0.0195,0.0186,0.0209,0.02,0.0206,0.021
2023-02-17,model_Portfolio,Hold,0.0201,0.0205,0.8205,0.0194,0.0184,0.0185,0.0208,0.0197,0.0208,0.0212
2023-02-21,model_Portfolio,Hold,0.0199,0.0203,0.8211,0.0193,0.0188,0.0187,0.0207,0.0196,0.0205,0.0214
2023-02-22,model_Portfolio,Hold,0.0196,0.0203,0.8219,0.0195,0.0186,0.0187,0.0204,0.0195,0.0204,0.0212
2023-02-23,model_Portfolio,Hold,0.0197,0.0205,0.8204,0.0195,0.0193,0.0188,0.0205,0.0194,0.0204,0.0214
2023-02-24,model_Portfolio,Hold,0.0192,0.0201,0.8236,0.019,0.0193,0.0188,0.0198,0.0189,0.0201,0.0212
2023-02-27,model_Portfolio,Hold,0.0191,0.0201,0.8228,0.0191,0.0194,0.0192,0.0199,0.0192,0.0203,0.021
2023-02-28,model_Portfolio,Hold,0.0195,0.0201,0.8228,0.0192,0.019,0.0193,0.0197,0.0192,0.0202,0.0209
2023-03-01,model_Portfolio,Rebalance,0.0202,0.0201,0.8176,0.0201,0.0206,0.0201,0.0201,0.0202,0.0205,0.0206
2023-03-02,model_Portfolio,Hold,0.0207,0.0203,0.815,0.0202,0.0211,0.0205,0.0202,0.0206,0.0205,0.0209
2023-03-03,model_Portfolio,Hold,0.0208,0.0204,0.8148,0.0205,0.0212,0.0204,0.02,0.0207,0.0205,0.0206
2023-03-06,model_Portfolio,Hold,0.0205,0.0205,0.8148,0.0204,0.0208,0.0203,0.0203,0.0211,0.0203,0.021
2023-03-07,model_Portfolio,Hold,0.0203,0.0204,0.815,0.0207,0.0206,0.0206,0.0201,0.0212,0.0201,0.0211
2023-03-08,model_Portfolio,Hold,0.0204,0.0206,0.8127,0.021,0.0205,0.0207,0.0208,0.0215,0.0204,0.0214
2023-03-09,model_Portfolio,Hold,0.0205,0.0207,0.8128,0.021,0.0201,0.0207,0.0204,0.0215,0.0205,0.0218
2023-03-10,model_Portfolio,Hold,0.0206,0.0204,0.8145,0.021,0.0198,0.0208,0.0189,0.0214,0.0205,0.0221
2023-03-13,model_Portfolio,Hold,0.0214,0.0208,0.8103,0.0219,0.0195,0.0213,0.0192,0.0221,0.0209,0.0227
2023-03-14,model_Portfolio,Hold,0.0212,0.0206,0.8111,0.0222,0.0194,0.0213,0.019,0.0224,0.0204,0.0224
2023-03-15,model_Portfolio,Hold,0.0216,0.0206,0.808,0.0231,0.0183,0.0212,0.0196,0.0236,0.021,0.023
2023-03-16,model_Portfolio,Hold,0.0214,0.0208,0.8088,0.0235,0.0184,0.021,0.0188,0.0241,0.0209,0.0223
2023-03-17,model_Portfolio,Hold,0.0214,0.0209,0.808,0.0237,0.0181,0.021,0.0186,0.0249,0.021,0.0222
2023-03-20,model_Portfolio,Hold,0.0209,0.0206,0.8117,0.0227,0.0183,0.0208,0.0183,0.0241,0.0207,0.022
2023-03-21,model_Portfolio,Hold,0.0206,0.0205,0.8121,0.023,0.0191,0.0203,0.0181,0.0245,0.0202,0.0216
2023-03-22,model_Portfolio,Hold,0.0208,0.0207,0.8116,0.0231,0.0191,0.0206,0.0176,0.0247,0.0202,0.0216
2023-03-23,model_Portfolio,Hold,0.021,0.0224,0.8096,0.0232,0.0191,0.0201,0.0176,0.0254,0.0202,0.0214
2023-03-24,model_Portfolio,Hold,0.0211,0.0223,0.8095,0.023,0.0193,0.02,0.0181,0.0252,0.0201,0.0215
2023-03-27,model_Portfolio,Hold,0.0211,0.0223,0.8098,0.0229,0.0197,0.0201,0.0178,0.0244,0.0201,0.0216
2023-03-28,model_Portfolio,Hold,0.0207,0.0223,0.8111,0.0226,0.0199,0.0203,0.0177,0.024,0.0201,0.0215
2023-03-29,model_Portfolio,Hold,0.0208,0.0224,0.8106,0.023,0.0196,0.0202,0.0181,0.0238,0.0201,0.0213
2023-03-30,model_Portfolio,Hold,0.0209,0.0226,0.8099,0.0234,0.0193,0.0205,0.0185,0.0236,0.02,0.0213
2023-03-31,model_Portfolio,Hold,0.0212,0.0227,0.8077,0.0235,0.0196,0.021,0.0186,0.0241,0.0203,0.0212
2023-04-03,model_Portfolio,Rebalance,0.02,0.02,0.8164,0.02,0.02,0.02,0.02,0.02,0.0236,0.02
2023-04-04,model_Portfolio,Hold,0.0205,0.0202,0.8155,0.0205,0.0196,0.0199,0.0202,0.0203,0.0233,0.02
2023-04-05,model_Portfolio,Hold,0.0206,0.0198,0.8175,0.0198,0.0195,0.0197,0.02,0.0201,0.0232,0.0198
2023-04-06,model_Portfolio,Hold,0.0207,0.0197,0.8169,0.02,0.0195,0.0195,0.02,0.0208,0.023,0.0198
2023-04-10,model_Portfolio,Hold,0.0204,0.0196,0.8176,0.0199,0.0199,0.0195,0.0199,0.0203,0.0231,0.0197
2023-04-11,model_Portfolio,Hold,0.0201,0.0198,0.8188,0.0193,0.0201,0.0195,0.0195,0.0199,0.0233,0.0198
2023-04-12,model_Portfolio,Hold,0.0199,0.0196,0.8204,0.0188,0.0199,0.0196,0.0192,0.0198,0.0232,0.0196
2023-04-13,model_Portfolio,Hold,0.0201,0.0196,0.8191,0.0196,0.0202,0.0195,0.0188,0.0201,0.0234,0.0196
2023-04-14,model_Portfolio,Hold,0.0202,0.0192,0.8191,0.0196,0.0204,0.0194,0.0187,0.0204,0.0234,0.0196
2023-04-17,model_Portfolio,Hold,0.0202,0.0192,0.8197,0.0196,0.0197,0.0193,0.0194,0.0198,0.0235,0.0197
2023-04-18,model_Portfolio,Hold,0.02,0.0191,0.8206,0.0194,0.0195,0.0193,0.0193,0.0195,0.0233,0.0199
2023-04-19,model_Portfolio,Hold,0.0215,0.019,0.819,0.0197,0.0192,0.0195,0.0195,0.0193,0.0232,0.02
2023-04-20,model_Portfolio,Hold,0.0213,0.0189,0.8192,0.0198,0.0189,0.0197,0.0194,0.0197,0.0231,0.02
2023-04-21,model_Portfolio,Hold,0.0217,0.019,0.8175,0.0205,0.0188,0.0197,0.0196,0.0198,0.0231,0.0201
2023-04-24,model_Portfolio,Hold,0.0214,0.0191,0.8173,0.0203,0.019,0.0199,0.0195,0.0199,0.0232,0.0203
2023-04-25,model_Portfolio,Hold,0.0215,0.0188,0.8192,0.0198,0.0184,0.0198,0.0191,0.0196,0.0232,0.0206
2023-04-26,model_Portfolio,Hold,0.0214,0.0189,0.8192,0.0203,0.018,0.0196,0.0192,0.0197,0.023,0.0206
2023-04-27,model_Portfolio,Hold,0.0204,0.0182,0.825,0.0202,0.0172,0.019,0.0186,0.0194,0.0224,0.0197
2023-04-28,model_Portfolio,Hold,0.0205,0.0184,0.825,0.0193,0.0177,0.019,0.0187,0.0192,0.0224,0.0198
2023-05-01,model_Portfolio,Rebalance,0.02,0.02,0.82,0.02,0.02,0.02,0.02,0.02,0.02,0.02
2023-05-02,model_Portfolio,Hold,0.0205,0.0203,0.8188,0.0208,0.0191,0.0202,0.0201,0.0201,0.0199,0.0202
2023-05-03,model_Portfolio,Hold,0.0209,0.0205,0.816,0.0211,0.0193,0.0206,0.0207,0.0204,0.0202,0.0202
2023-05-04,model_Portfolio,Hold,0.0209,0.02,0.8169,0.0214,0.0183,0.0206,0.0209,0.0205,0.0202,0.0203
2023-05-05,model_Portfolio,Hold,0.0208,0.0197,0.8166,0.0215,0.0187,0.0208,0.021,0.0204,0.0202,0.0203
2023-05-08,model_Portfolio,Hold,0.0207,0.0196,0.817,0.0215,0.0186,0.0207,0.0208,0.0208,0.02,0.0202
2023-05-09,model_Portfolio,Hold,0.0207,0.0196,0.8179,0.0217,0.0187,0.0197,0.0207,0.0209,0.0198,0.0202
2023-05-10,model_Portfolio,Hold,0.0209,0.0202,0.8148,0.0226,0.0186,0.0199,0.021,0.0219,0.02,0.0202
2023-05-11,model_Portfolio,Hold,0.0208,0.0204,0.814,0.023,0.0188,0.0196,0.0207,0.0228,0.02,0.02
2023-05-12,model_Portfolio,Hold,0.021,0.0209,0.8127,0.0228,0.0189,0.0198,0.0207,0.0231,0.02,0.0202
2023-05-15,model_Portfolio,Hold,0.0209,0.0209,0.8125,0.023,0.0188,0.0199,0.0209,0.0229,0.02,0.0201
2023-05-16,model_Portfolio,Hold,0.0209,0.0212,0.8123,0.0236,0.0182,0.0198,0.0205,0.0237,0.0197,0.0201
2023-05-17,model_Portfolio,Hold,0.0205,0.0213,0.8127,0.0237,0.0185,0.0195,0.0205,0.0236,0.0198,0.0199
2023-05-18,model_Portfolio,Hold,0.0203,0.0213,0.8137,0.024,0.0184,0.0193,0.0199,0.0238,0.0198,0.0196
2023-05-19,model_Portfolio,Hold,0.0203,0.0215,0.8134,0.0236,0.0188,0.0195,0.0197,0.0238,0.0197,0.0197
2023-05-22,model_Portfolio,Hold,0.0203,0.0217,0.8122,0.0234,0.0189,0.0193,0.0201,0.0243,0.0203,0.0196
2023-05-23,model_Portfolio,Hold,0.02,0.0216,0.812,0.0236,0.0193,0.0192,0.0203,0.024,0.0203,0.0197
2023-05-24,model_Portfolio,Hold,0.02,0.0219,0.8098,0.0245,0.0199,0.0196,0.0201,0.0241,0.0199,0.0201
2023-05-25,model_Portfolio,Hold,0.0197,0.0223,0.8108,0.0241,0.0193,0.0197,0.0195,0.0247,0.0199,0.02
2023-05-26,model_Portfolio,Hold,0.0198,0.0232,0.8084,0.0252,0.0194,0.0198,0.0196,0.0249,0.0199,0.02
2023-05-30,model_Portfolio,Hold,0.0194,0.0234,0.8107,0.0253,0.0185,0.0196,0.0196,0.0244,0.0195,0.0197
2023-05-31,model_Portfolio,Hold,0.0197,0.0235,0.8094,0.0254,0.0185,0.0195,0.02,0.0246,0.0192,0.02
2023-06-01,model_Portfolio,Rebalance,0.0601,0.0331,0.3382,0.062,0.1414,0.0373,0.0593,0.0291,0.1207,0.1187
2023-06-02,model_Portfolio,Hold,0.0588,0.0327,0.3365,0.0607,0.1436,0.0371,0.0588,0.0284,0.1268,0.1166
2023-06-05,model_Portfolio,Hold,0.059,0.0322,0.3418,0.0616,0.1421,0.0372,0.0593,0.0289,0.1221,0.1157
2023-06-06,model_Portfolio,Hold,0.058,0.0324,0.3423,0.0619,0.1424,0.0368,0.0603,0.029,0.1218,0.115
2023-06-07,model_Portfolio,Hold,0.0568,0.0323,0.3422,0.0586,0.1453,0.037,0.0615,0.0276,0.1238,0.1149
2023-06-08,model_Portfolio,Hold,0.0565,0.032,0.3421,0.0602,0.1439,0.0372,0.061,0.0276,0.1237,0.1158
2023-06-09,model_Portfolio,Hold,0.057,0.0322,0.346,0.0598,0.1415,0.0365,0.061,0.0276,0.1227,0.1155
2023-06-12,model_Portfolio,Hold,0.0567,0.0324,0.3442,0.0612,0.1397,0.0365,0.0611,0.0279,0.1242,0.1161
2023-06-13,model_Portfolio,Hold,0.0564,0.0324,0.3439,0.0606,0.141,0.0369,0.061,0.0276,0.1247,0.1155
2023-06-14,model_Portfolio,Hold,0.0575,0.0326,0.3426,0.0609,0.1415,0.0376,0.0613,0.0278,0.1244,0.1138
2023-06-15,model_Portfolio,Hold,0.0576,0.033,0.3426,0.0603,0.1437,0.0373,0.06,0.0277,0.1249,0.1127
2023-06-16,model_Portfolio,Hold,0.0586,0.0328,0.3429,0.0599,0.1433,0.0379,0.0575,0.0275,0.1264,0.1132
2023-06-20,model_Portfolio,Hold,0.0599,0.0331,0.3407,0.0611,0.1421,0.038,0.0578,0.0279,0.1259,0.1136
2023-06-21,model_Portfolio,Hold,0.0597,0.0327,0.3394,0.0606,0.1451,0.038,0.0574,0.0273,0.1249,0.1148
2023-06-22,model_Portfolio,Hold,0.061,0.0322,0.3407,0.0634,0.1414,0.038,0.0564,0.028,0.1241,0.1148
2023-06-23,model_Portfolio,Hold,0.0614,0.0315,0.3414,0.0635,0.1398,0.0381,0.056,0.028,0.1254,0.1148
2023-06-26,model_Portfolio,Hold,0.0612,0.0312,0.3413,0.0621,0.1408,0.0378,0.0583,0.0269,0.1242,0.1162
2023-06-27,model_Portfolio,Hold,0.0606,0.0314,0.3448,0.0628,0.1392,0.0384,0.0588,0.0268,0.1211,0.116
2023-06-28,model_Portfolio,Hold,0.0605,0.0315,0.3439,0.0627,0.141,0.0383,0.0571,0.0272,0.1214,0.1164
2023-06-29,model_Portfolio,Hold,0.0599,0.0319,0.3441,0.0615,0.1425,0.0384,0.0576,0.0267,0.121,0.1164
2023-06-30,model_Portfolio,Hold,0.0601,0.0316,0.3443,0.0621,0.1423,0.0389,0.0571,0.0266,0.1209,0.1162
2023-07-03,model_Portfolio,Rebalance,0.8198,0.02,0.0202,0.02,0.02,0.02,0.02,0.02,0.02,0.02
2023-07-05,model_Portfolio,Hold,0.8205,0.0199,0.0201,0.02,0.0202,0.0194,0.0201,0.0203,0.0195,0.02
2023-07-06,model_Portfolio,Hold,0.8216,0.0198,0.0201,0.0198,0.0198,0.0194,0.0202,0.0201,0.0191,0.0201
2023-07-07,model_Portfolio,Hold,0.8197,0.0198,0.0203,0.0201,0.0207,0.0195,0.0203,0.0201,0.0194,0.0202
2023-07-10,model_Portfolio,Hold,0.8216,0.0199,0.0201,0.0196,0.0207,0.0196,0.0201,0.0195,0.0193,0.0197
2023-07-11,model_Portfolio,Hold,0.8193,0.0199,0.0202,0.0197,0.0218,0.0194,0.0203,0.0195,0.0201,0.0198
2023-07-12,model_Portfolio,Hold,0.8174,0.0203,0.0202,0.0201,0.022,0.0198,0.0203,0.0199,0.0201,0.0199
2023-07-13,model_Portfolio,Hold,0.8171,0.0201,0.0198,0.0204,0.0224,0.0199,0.0202,0.0205,0.0201,0.0196
2023-07-14,model_Portfolio,Hold,0.8182,0.0201,0.0197,0.0204,0.0212,0.0198,0.0203,0.0206,0.02,0.0196
2023-07-17,model_Portfolio,Hold,0.8173,0.0205,0.0201,0.0204,0.0212,0.02,0.0201,0.0207,0.02,0.0197
2023-07-18,model_Portfolio,Hold,0.8164,0.0207,0.0203,0.0203,0.0221,0.0199,0.02,0.0205,0.0202,0.0196
2023-07-19,model_Portfolio,Hold,0.8163,0.0204,0.0203,0.0206,0.0221,0.0199,0.0204,0.0202,0.0203,0.0196
2023-07-20,model_Portfolio,Hold,0.8229,0.0193,0.0199,0.0191,0.0215,0.0194,0.02,0.019,0.0198,0.019
2023-07-21,model_Portfolio,Hold,0.8252,0.0191,0.0196,0.0188,0.0215,0.0191,0.0199,0.0188,0.0194,0.0187
2023-07-24,model_Portfolio,Hold,0.8254,0.0189,0.0195,0.0185,0.0218,0.0191,0.0199,0.019,0.0193,0.0186
2023-07-25,model_Portfolio,Hold,0.8216,0.0194,0.0197,0.0188,0.0221,0.0195,0.0202,0.0193,0.0206,0.0188
2023-07-26,model_Portfolio,Hold,0.8213,0.0191,0.0196,0.0184,0.0222,0.0191,0.0206,0.0202,0.0209,0.0186
2023-07-27,model_Portfolio,Hold,0.8201,0.0195,0.0196,0.0187,0.0221,0.0193,0.0205,0.0205,0.0208,0.0188
2023-07-28,model_Portfolio,Hold,0.8189,0.0193,0.0197,0.0192,0.0224,0.0193,0.0206,0.0209,0.0209,0.0187
2023-07-31,model_Portfolio,Hold,0.8168,0.0195,0.0199,0.0196,0.0229,0.0196,0.0207,0.0211,0.0211,0.0189
2023-08-01,model_Portfolio,Rebalance,0.022,0.02,0.02,0.02,0.02,0.02,0.02,0.02,0.818,0.02
2023-08-02,model_Portfolio,Hold,0.0219,0.0201,0.0214,0.0197,0.0197,0.0201,0.0203,0.0198,0.817,0.02
2023-08-03,model_Portfolio,Hold,0.022,0.0203,0.0219,0.0201,0.0213,0.0191,0.0206,0.0201,0.8145,0.0201
2023-08-04,model_Portfolio,Hold,0.0222,0.0202,0.0221,0.022,0.0216,0.0195,0.0206,0.0202,0.8112,0.0202
2023-08-07,model_Portfolio,Hold,0.0224,0.0204,0.0225,0.0224,0.0218,0.0197,0.0211,0.0208,0.8086,0.0203
2023-08-08,model_Portfolio,Hold,0.022,0.0206,0.0224,0.0223,0.0226,0.0197,0.0211,0.021,0.8079,0.0205
2023-08-09,model_Portfolio,Hold,0.022,0.0204,0.0221,0.022,0.0231,0.0199,0.0211,0.0208,0.808,0.0205
2023-08-10,model_Portfolio,Hold,0.0219,0.0203,0.0221,0.0221,0.0231,0.0199,0.021,0.0207,0.8084,0.0204
2023-08-11,model_Portfolio,Hold,0.0219,0.0201,0.0222,0.022,0.0233,0.02,0.0209,0.0206,0.8088,0.0202
2023-08-14,model_Portfolio,Hold,0.0222,0.0205,0.0224,0.0225,0.0234,0.0203,0.0207,0.021,0.8067,0.0203
2023-08-15,model_Portfolio,Hold,0.0225,0.0206,0.0226,0.0225,0.0235,0.0203,0.0206,0.0212,0.8057,0.0205
2023-08-16,model_Portfolio,Hold,0.0225,0.0207,0.0227,0.0222,0.0234,0.0204,0.0207,0.0211,0.8058,0.0204
2023-08-17,model_Portfolio,Hold,0.0224,0.0204,0.0225,0.0218,0.0235,0.0202,0.0204,0.0212,0.8075,0.0202
2023-08-18,model_Portfolio,Hold,0.0222,0.0203,0.0223,0.0218,0.0236,0.0203,0.0203,0.0208,0.808,0.0204
2023-08-21,model_Portfolio,Hold,0.0224,0.0207,0.0224,0.0221,0.0236,0.0204,0.0203,0.0211,0.8065,0.0205
2023-08-22,model_Portfolio,Hold,0.0228,0.021,0.0223,0.0222,0.0231,0.0205,0.0204,0.0214,0.8058,0.0206
2023-08-23,model_Portfolio,Hold,0.0225,0.0212,0.022,0.0222,0.0228,0.0204,0.0207,0.0217,0.8061,0.0206
2023-08-24,model_Portfolio,Hold,0.0225,0.0213,0.0226,0.0218,0.0228,0.0206,0.0207,0.0215,0.8053,0.0209
2023-08-25,model_Portfolio,Hold,0.0224,0.0215,0.0224,0.0219,0.023,0.0207,0.0205,0.0214,0.8052,0.0209
2023-08-28,model_Portfolio,Hold,0.0212,0.0208,0.0216,0.021,0.0222,0.0199,0.0197,0.0207,0.8126,0.0202
2023-08-29,model_Portfolio,Hold,0.0212,0.0207,0.0214,0.021,0.0222,0.0199,0.0197,0.021,0.8129,0.0201
2023-08-30,model_Portfolio,Hold,0.0214,0.0208,0.0215,0.0212,0.0225,0.0202,0.02,0.0214,0.8107,0.0204
2023-08-31,model_Portfolio,Hold,0.0208,0.0205,0.0211,0.0213,0.0221,0.0199,0.0194,0.021,0.814,0.0199
2023-09-01,model_Portfolio,Rebalance,0.02,0.02,0.02,0.02,0.02,0.02,0.02,0.02,0.82,0.02
2023-09-05,model_Portfolio,Hold,0.0197,0.0199,0.0199,0.0199,0.0201,0.0197,0.0199,0.0201,0.8208,0.02
2023-09-06,model_Portfolio,Hold,0.0199,0.02,0.02,0.0197,0.0199,0.0198,0.02,0.02,0.8208,0.0199
2023-09-07,model_Portfolio,Hold,0.0198,0.0202,0.0202,0.0201,0.0199,0.0198,0.0201,0.0201,0.8199,0.02
2023-09-08,model_Portfolio,Hold,0.0197,0.02,0.0201,0.0201,0.0198,0.0202,0.0198,0.0202,0.8199,0.0201
2023-09-11,model_Portfolio,Hold,0.0198,0.0197,0.0201,0.0206,0.0189,0.0202,0.0191,0.02,0.8215,0.02
2023-09-12,model_Portfolio,Hold,0.0199,0.0192,0.0204,0.0204,0.0196,0.0203,0.0191,0.0199,0.8209,0.0203
2023-09-13,model_Portfolio,Hold,0.0209,0.0201,0.0214,0.022,0.0196,0.0213,0.0199,0.0211,0.8124,0.0213
2023-09-14,model_Portfolio,Hold,0.0207,0.02,0.0214,0.0217,0.0198,0.0213,0.0202,0.0211,0.8127,0.0212
2023-09-15,model_Portfolio,Hold,0.0208,0.02,0.0215,0.0213,0.0198,0.0213,0.0204,0.0212,0.8126,0.0212
2023-09-18,model_Portfolio,Hold,0.0206,0.0202,0.0216,0.0213,0.0199,0.0211,0.0202,0.0214,0.8127,0.0211
2023-09-19,model_Portfolio,Hold,0.0207,0.0205,0.0219,0.0211,0.0198,0.0212,0.0202,0.0215,0.8121,0.0211
2023-09-20,model_Portfolio,Hold,0.0209,0.0207,0.0221,0.0209,0.0196,0.0212,0.0205,0.0211,0.8117,0.0213
2023-09-21,model_Portfolio,Hold,0.0209,0.0207,0.0222,0.0204,0.0194,0.021,0.0192,0.0209,0.8137,0.0217
2023-09-22,model_Portfolio,Hold,0.0209,0.0211,0.0223,0.0204,0.0195,0.021,0.0189,0.021,0.8134,0.0215
2023-09-25,model_Portfolio,Hold,0.0211,0.0215,0.0229,0.0212,0.0203,0.0216,0.0192,0.0215,0.809,0.0217
2023-09-26,model_Portfolio,Hold,0.0211,0.0213,0.023,0.0205,0.0205,0.0216,0.019,0.0213,0.8098,0.0219
2023-09-27,model_Portfolio,Hold,0.021,0.0216,0.0232,0.0206,0.0212,0.0216,0.0191,0.0217,0.8081,0.0219
2023-09-28,model_Portfolio,Hold,0.0215,0.0207,0.0235,0.0206,0.0212,0.0217,0.0194,0.022,0.8073,0.0221
2023-09-29,model_Portfolio,Hold,0.0212,0.0211,0.0231,0.0207,0.0205,0.0216,0.0195,0.0217,0.8085,0.022
2023-10-02,model_Portfolio,Rebalance,0.02,0.02,0.82,0.02,0.02,0.02,0.02,0.02,0.02,0.02
2023-10-03,model_Portfolio,Hold,0.0203,0.0201,0.8193,0.0195,0.0203,0.0204,0.0201,0.02,0.0199,0.02
2023-10-04,model_Portfolio,Hold,0.0201,0.0202,0.8201,0.0197,0.0193,0.0205,0.02,0.0203,0.0196,0.0201
2023-10-05,model_Portfolio,Hold,0.0201,0.0201,0.8211,0.0195,0.0191,0.0201,0.02,0.0202,0.0195,0.0202
2023-10-06,model_Portfolio,Hold,0.02,0.02,0.8224,0.0195,0.0188,0.0199,0.0197,0.0203,0.0194,0.02
2023-10-09,model_Portfolio,Hold,0.0198,0.0198,0.8218,0.0194,0.0194,0.02,0.0201,0.0202,0.0194,0.0201
2023-10-10,model_Portfolio,Hold,0.0198,0.0197,0.8224,0.0195,0.0191,0.0201,0.0199,0.02,0.0196,0.0199
2023-10-11,model_Portfolio,Hold,0.0186,0.0196,0.824,0.0196,0.019,0.0201,0.0199,0.0202,0.0193,0.0197
2023-10-12,model_Portfolio,Hold,0.0183,0.0191,0.8261,0.0197,0.0191,0.0197,0.0193,0.02,0.019,0.0196
2023-10-13,model_Portfolio,Hold,0.0183,0.0189,0.8263,0.0192,0.02,0.0196,0.0193,0.0197,0.0189,0.0197
2023-10-16,model_Portfolio,Hold,0.0184,0.0189,0.8257,0.0194,0.0203,0.0195,0.0195,0.0197,0.0189,0.0196
2023-10-17,model_Portfolio,Hold,0.0183,0.019,0.8257,0.0192,0.0203,0.0197,0.0195,0.0197,0.019,0.0197
2023-10-18,model_Portfolio,Hold,0.0192,0.0189,0.8252,0.0189,0.0208,0.0194,0.019,0.0197,0.0188,0.0199
2023-10-19,model_Portfolio,Hold,0.0194,0.0191,0.8247,0.0192,0.0212,0.0194,0.0187,0.0199,0.0187,0.0198
2023-10-20,model_Portfolio,Hold,0.0201,0.0191,0.8223,0.0191,0.0212,0.0197,0.0191,0.02,0.019,0.0203
2023-10-23,model_Portfolio,Hold,0.02,0.0191,0.8227,0.0194,0.0208,0.0196,0.0191,0.0202,0.0189,0.0202
2023-10-24,model_Portfolio,Hold,0.0196,0.019,0.8221,0.0196,0.0206,0.0196,0.0192,0.0204,0.0197,0.0202
2023-10-25,model_Portfolio,Hold,0.0194,0.0188,0.8267,0.0185,0.0206,0.0194,0.0185,0.0184,0.0195,0.0203
2023-10-26,model_Portfolio,Hold,0.0197,0.0189,0.8272,0.0184,0.0205,0.0198,0.0191,0.0181,0.0196,0.0188
2023-10-27,model_Portfolio,Hold,0.0196,0.019,0.8254,0.0198,0.0206,0.0199,0.0188,0.0183,0.0195,0.019
2023-10-30,model_Portfolio,Hold,0.0194,0.0189,0.8249,0.0204,0.0201,0.02,0.0188,0.0184,0.0197,0.0192
2023-10-31,model_Portfolio,Hold,0.0196,0.0191,0.8254,0.0203,0.0199,0.0199,0.0187,0.0182,0.0199,0.019
2023-11-01,model_Portfolio,Rebalance,0.02,0.02,0.02,0.02,0.02,0.02,0.02,0.02,0.82,0.02
2023-11-02,model_Portfolio,Hold,0.0198,0.0201,0.0203,0.0198,0.0197,0.02,0.0207,0.0198,0.8199,0.02
2023-11-03,model_Portfolio,Hold,0.0195,0.0201,0.0201,0.0195,0.0195,0.02,0.0213,0.0197,0.8206,0.0197
2023-11-06,model_Portfolio,Hold,0.0194,0.0202,0.02,0.0198,0.0192,0.0199,0.0211,0.02,0.8208,0.0197
2023-11-07,model_Portfolio,Hold,0.0195,0.0204,0.02,0.0203,0.0188,0.0175,0.0209,0.0202,0.8226,0.0198
2023-11-08,model_Portfolio,Hold,0.0196,0.0208,0.02,0.0204,0.0182,0.018,0.0211,0.0205,0.8216,0.0198
2023-11-09,model_Portfolio,Hold,0.0195,0.0207,0.0203,0.0203,0.0182,0.0184,0.0202,0.0204,0.8221,0.0199
2023-11-10,model_Portfolio,Hold,0.0194,0.0208,0.0202,0.0205,0.0182,0.0183,0.0202,0.0205,0.8223,0.0196
2023-11-13,model_Portfolio,Hold,0.0198,0.0206,0.0202,0.0204,0.0181,0.0183,0.0199,0.0205,0.8226,0.0196
2023-11-14,model_Portfolio,Hold,0.0195,0.0204,0.0199,0.0203,0.0181,0.0181,0.0217,0.0202,0.8224,0.0193
2023-11-15,model_Portfolio,Hold,0.0194,0.0204,0.0192,0.0197,0.0177,0.0182,0.0214,0.02,0.8248,0.0192
2023-11-16,model_Portfolio,Hold,0.0198,0.0204,0.0193,0.0195,0.017,0.0181,0.021,0.0203,0.8254,0.0191
2023-11-17,model_Portfolio,Hold,0.0197,0.0205,0.0196,0.0199,0.0175,0.0179,0.021,0.0201,0.8245,0.0192
2023-11-20,model_Portfolio,Hold,0.0201,0.0207,0.0195,0.0201,0.0176,0.0181,0.0212,0.0203,0.8231,0.0193
2023-11-21,model_Portfolio,Hold,0.0204,0.0209,0.0198,0.02,0.0176,0.0185,0.0212,0.0206,0.8216,0.0194
2023-11-22,model_Portfolio,Hold,0.0203,0.0208,0.0197,0.0201,0.0173,0.0182,0.0211,0.0205,0.8227,0.0194
2023-11-24,model_Portfolio,Hold,0.0202,0.0207,0.0197,0.02,0.0174,0.0181,0.0211,0.0202,0.8233,0.0194
2023-11-27,model_Portfolio,Hold,0.02,0.0204,0.0195,0.0199,0.017,0.0177,0.0209,0.0199,0.8254,0.0192
2023-11-28,model_Portfolio,Hold,0.0196,0.0202,0.0191,0.0196,0.0168,0.0173,0.0212,0.0198,0.8273,0.0191
2023-11-29,model_Portfolio,Hold,0.0199,0.0203,0.019,0.0195,0.0167,0.0172,0.0214,0.0195,0.8273,0.0191
2023-11-30,model_Portfolio,Hold,0.02,0.0201,0.0191,0.0194,0.0165,0.0173,0.0214,0.019,0.828,0.0191
2023-12-01,model_Portfolio,Rebalance,0.026,0.02,0.02,0.02,0.02,0.02,0.814,0.02,0.02,0.02
2023-12-04,model_Portfolio,Hold,0.0258,0.0197,0.0198,0.0195,0.0196,0.0196,0.8165,0.0194,0.0205,0.0197
2023-12-05,model_Portfolio,Hold,0.0257,0.0197,0.0198,0.0198,0.019,0.019,0.8173,0.0197,0.0202,0.0198
2023-12-06,model_Portfolio,Hold,0.0255,0.0194,0.0194,0.0192,0.0184,0.0187,0.821,0.0193,0.0201,0.019
2023-12-07,model_Portfolio,Hold,0.0252,0.0193,0.0194,0.0195,0.0182,0.0188,0.8202,0.0203,0.0202,0.0189
2023-12-08,model_Portfolio,Hold,0.0257,0.0198,0.0198,0.0199,0.0189,0.0192,0.8166,0.0203,0.0205,0.0192
2023-12-11,model_Portfolio,Hold,0.0261,0.0201,0.02,0.0197,0.019,0.0192,0.8161,0.0201,0.0205,0.0193
2023-12-12,model_Portfolio,Hold,0.0267,0.0205,0.0206,0.0202,0.019,0.0198,0.8126,0.0203,0.0207,0.0196
2023-12-13,model_Portfolio,Hold,0.0253,0.0193,0.0193,0.0192,0.0183,0.0188,0.8221,0.0191,0.0198,0.0187
2023-12-14,model_Portfolio,Hold,0.0242,0.0182,0.0177,0.018,0.0177,0.0178,0.8315,0.018,0.0192,0.0177
2023-12-15,model_Portfolio,Hold,0.0246,0.0188,0.018,0.0188,0.018,0.0183,0.8271,0.0186,0.0198,0.0181
2023-12-18,model_Portfolio,Hold,0.0249,0.0187,0.0183,0.0194,0.0183,0.0184,0.8248,0.0191,0.0197,0.0184
2023-12-19,model_Portfolio,Hold,0.0249,0.0187,0.0184,0.0193,0.0184,0.0185,0.8247,0.0192,0.0197,0.0184
2023-12-20,model_Portfolio,Hold,0.0252,0.019,0.0185,0.0195,0.0185,0.0186,0.823,0.0198,0.0196,0.0183
2023-12-21,model_Portfolio,Hold,0.025,0.0191,0.0182,0.0194,0.0184,0.0185,0.824,0.0198,0.0196,0.018
2023-12-22,model_Portfolio,Hold,0.0253,0.0196,0.0184,0.0195,0.0186,0.0187,0.822,0.02,0.0199,0.0181
2023-12-26,model_Portfolio,Hold,0.0251,0.0193,0.0183,0.0193,0.019,0.0186,0.8225,0.0199,0.02,0.0179
2023-12-27,model_Portfolio,Hold,0.0252,0.0193,0.0183,0.0193,0.019,0.0187,0.8227,0.0197,0.0201,0.0178
2023-12-28,model_Portfolio,Hold,0.0252,0.0191,0.0183,0.0192,0.0183,0.0185,0.824,0.0195,0.0202,0.0177
2023-12-29,model_Portfolio,Hold,0.0254,0.0193,0.0186,0.0193,0.0185,0.0188,0.8218,0.0197,0.0204,0.0181
2024-01-02,model_Portfolio,Rebalance,0.0216,0.02,0.2879,0.02,0.02,0.02,0.02,0.02,0.5505,0.02
2024-01-03,model_Portfolio,Hold,0.0218,0.0197,0.2913,0.0201,0.0206,0.0201,0.0196,0.0204,0.5463,0.0202
2024-01-04,model_Portfolio,Hold,0.0222,0.0197,0.2891,0.0196,0.0192,0.0201,0.0198,0.0201,0.5501,0.0203
2024-01-05,model_Portfolio,Hold,0.022,0.0196,0.2895,0.0196,0.0192,0.02,0.0198,0.0199,0.5501,0.0202
2024-01-08,model_Portfolio,Hold,0.0223,0.0198,0.2888,0.0201,0.0188,0.0201,0.0202,0.0203,0.5493,0.0203
2024-01-09,model_Portfolio,Hold,0.0225,0.0201,0.2828,0.0205,0.0185,0.0199,0.0202,0.0207,0.5544,0.0204
2024-01-10,model_Portfolio,Hold,0.0227,0.0201,0.289,0.0208,0.0182,0.0197,0.0202,0.0208,0.5483,0.02
2024-01-11,model_Portfolio,Hold,0.0226,0.0202,0.2883,0.0209,0.0181,0.0195,0.0196,0.0207,0.5498,0.0202
2024-01-12,model_Portfolio,Hold,0.0228,0.0208,0.2895,0.0209,0.0182,0.0195,0.0198,0.0209,0.5476,0.0201
2024-01-16,model_Portfolio,Hold,0.0228,0.0208,0.2901,0.0208,0.0176,0.0194,0.0199,0.021,0.5477,0.02
2024-01-17,model_Portfolio,Hold,0.0231,0.021,0.2935,0.0207,0.0175,0.0195,0.0195,0.021,0.5441,0.0201
2024-01-18,model_Portfolio,Hold,0.023,0.0212,0.2948,0.0209,0.0173,0.0194,0.0192,0.0212,0.5432,0.0198
2024-01-19,model_Portfolio,Hold,0.0229,0.0212,0.2943,0.0209,0.0171,0.0192,0.0193,0.0214,0.5442,0.0196
2024-01-22,model_Portfolio,Hold,0.0227,0.0214,0.2942,0.0208,0.0173,0.0192,0.0192,0.0213,0.5444,0.0196
2024-01-23,model_Portfolio,Hold,0.0241,0.0229,0.3132,0.0223,0.0184,0.0206,0.0202,0.0228,0.5147,0.0208
2024-01-24,model_Portfolio,Hold,0.0238,0.0232,0.3193,0.0227,0.019,0.0204,0.0203,0.0234,0.507,0.0209
2024-01-25,model_Portfolio,Hold,0.0237,0.023,0.3135,0.0225,0.0191,0.0206,0.0204,0.0235,0.5131,0.0207
2024-01-26,model_Portfolio,Hold,0.0236,0.0229,0.3145,0.0226,0.0191,0.0204,0.0205,0.0235,0.5123,0.0206
2024-01-29,model_Portfolio,Hold,0.0239,0.023,0.3116,0.0229,0.019,0.0203,0.0208,0.0237,0.514,0.0208
2024-01-30,model_Portfolio,Hold,0.0239,0.0229,0.316,0.0226,0.0193,0.0202,0.02,0.0234,0.5109,0.0207
2024-01-31,model_Portfolio,Hold,0.0242,0.0228,0.3161,0.0225,0.019,0.0203,0.0203,0.022,0.512,0.0209
2024-02-01,model_Portfolio,Rebalance,0.02,0.02,0.82,0.02,0.02,0.02,0.02,0.02,0.02,0.02
2024-02-02,model_Portfolio,Hold,0.0195,0.02,0.8209,0.0214,0.0195,0.0198,0.0197,0.02,0.0196,0.0197
2024-02-05,model_Portfolio,Hold,0.0196,0.02,0.824,0.0215,0.0194,0.0169,0.0193,0.0204,0.0194,0.0195
2024-02-06,model_Portfolio,Hold,0.0198,0.0196,0.8246,0.0212,0.0197,0.0167,0.0191,0.0203,0.0195,0.0194
2024-02-07,model_Portfolio,Hold,0.0193,0.0193,0.8281,0.0209,0.0194,0.0162,0.0187,0.0201,0.0191,0.0188
2024-02-08,model_Portfolio,Hold,0.0193,0.0195,0.8267,0.021,0.0195,0.0167,0.0189,0.0203,0.0191,0.0189
2024-02-09,model_Portfolio,Hold,0.0192,0.0197,0.8267,0.0215,0.019,0.0166,0.0186,0.0207,0.019,0.0189
2024-02-12,model_Portfolio,Hold,0.0192,0.0194,0.8265,0.0212,0.0194,0.0168,0.0188,0.0205,0.0193,0.019
2024-02-13,model_Portfolio,Hold,0.0192,0.0193,0.8286,0.0209,0.019,0.0165,0.0182,0.0203,0.0191,0.019
2024-02-14,model_Portfolio,Hold,0.0191,0.0195,0.8292,0.021,0.0189,0.0163,0.0181,0.0202,0.0188,0.0189
2024-02-15,model_Portfolio,Hold,0.0191,0.0193,0.8293,0.0205,0.0195,0.0168,0.0187,0.0195,0.0188,0.0185
2024-02-16,model_Portfolio,Hold,0.0193,0.0193,0.8283,0.0206,0.0199,0.0169,0.0189,0.0193,0.0188,0.0187
2024-02-20,model_Portfolio,Hold,0.0198,0.019,0.8284,0.0204,0.0195,0.0171,0.0188,0.0194,0.0189,0.0187
2024-02-21,model_Portfolio,Hold,0.0199,0.0188,0.8282,0.0204,0.0197,0.017,0.0191,0.0195,0.0188,0.0187
2024-02-22,model_Portfolio,Hold,0.02,0.0192,0.8277,0.021,0.0188,0.0171,0.019,0.0196,0.0188,0.0188
2024-02-23,model_Portfolio,Hold,0.0199,0.0194,0.8285,0.0209,0.0185,0.0171,0.0189,0.0194,0.0187,0.0188
2024-02-26,model_Portfolio,Hold,0.0199,0.0195,0.8291,0.0211,0.0185,0.017,0.0187,0.0187,0.0187,0.0187
2024-02-27,model_Portfolio,Hold,0.0199,0.0194,0.829,0.0208,0.0187,0.017,0.019,0.0188,0.0187,0.0187
2024-02-28,model_Portfolio,Hold,0.02,0.0194,0.83,0.0207,0.0185,0.017,0.0189,0.0184,0.0184,0.0187
2024-02-29,model_Portfolio,Hold,0.0197,0.0192,0.8296,0.0211,0.0183,0.0171,0.0193,0.0186,0.0185,0.0186
2024-03-01,model_Portfolio,Rebalance,0.8197,0.02,0.0203,0.02,0.02,0.02,0.02,0.02,0.02,0.02
2024-03-04,model_Portfolio,Hold,0.8223,0.02,0.02,0.0198,0.0196,0.02,0.0201,0.0193,0.0197,0.0193
2024-03-05,model_Portfolio,Hold,0.8205,0.0198,0.0204,0.0196,0.0201,0.0203,0.02,0.0194,0.0202,0.0196
2024-03-06,model_Portfolio,Hold,0.8205,0.0199,0.0206,0.0194,0.02,0.0205,0.0198,0.0191,0.02,0.0202
2024-03-07,model_Portfolio,Hold,0.8212,0.02,0.0204,0.0195,0.0197,0.0204,0.0196,0.0193,0.0198,0.02
2024-03-08,model_Portfolio,Hold,0.8211,0.0195,0.0204,0.0193,0.0199,0.0201,0.0201,0.0194,0.0201,0.0201
2024-03-11,model_Portfolio,Hold,0.8192,0.0193,0.0207,0.019,0.0202,0.0207,0.0201,0.0198,0.0202,0.0206
2024-03-12,model_Portfolio,Hold,0.8185,0.0196,0.0205,0.0193,0.0203,0.0204,0.0199,0.0198,0.0211,0.0207
2024-03-13,model_Portfolio,Hold,0.8157,0.0195,0.0208,0.0195,0.021,0.0206,0.0198,0.02,0.0223,0.0208
2024-03-14,model_Portfolio,Hold,0.8137,0.0197,0.0209,0.0199,0.0212,0.0206,0.0197,0.0207,0.0222,0.0215
2024-03-15,model_Portfolio,Hold,0.81,0.02,0.0216,0.0199,0.0214,0.021,0.0202,0.0209,0.0232,0.0218
2024-03-18,model_Portfolio,Hold,0.8047,0.0203,0.0221,0.0203,0.022,0.0216,0.0206,0.0223,0.0236,0.0226
2024-03-19,model_Portfolio,Hold,0.8051,0.0204,0.0219,0.0203,0.0224,0.0211,0.0205,0.0221,0.0236,0.0225
2024-03-20,model_Portfolio,Hold,0.8011,0.0208,0.0223,0.0208,0.0231,0.0211,0.0211,0.0226,0.0245,0.0228
2024-03-21,model_Portfolio,Hold,0.8026,0.0189,0.0224,0.0208,0.0232,0.0208,0.0216,0.0224,0.0245,0.0229
2024-03-22,model_Portfolio,Hold,0.8025,0.0186,0.0223,0.0211,0.0231,0.0211,0.0212,0.0231,0.0244,0.0226
2024-03-25,model_Portfolio,Hold,0.8011,0.0185,0.0226,0.0213,0.024,0.0212,0.0214,0.0231,0.0241,0.0228
2024-03-26,model_Portfolio,Hold,0.8049,0.0184,0.0224,0.0209,0.0226,0.0211,0.0209,0.023,0.0233,0.0225
2024-03-27,model_Portfolio,Hold,0.8051,0.0184,0.0222,0.0207,0.0228,0.0211,0.0213,0.0226,0.0234,0.0224
2024-03-28,model_Portfolio,Hold,0.8041,0.0186,0.0222,0.0207,0.0231,0.0212,0.0215,0.0225,0.0236,0.0223
2024-04-01,model_Portfolio,Rebalance,0.02,0.02,0.82,0.02,0.02,0.02,0.02,0.02,0.02,0.02
2024-04-02,model_Portfolio,Hold,0.0201,0.0199,0.8206,0.0201,0.02,0.0198,0.0198,0.02,0.0198,0.0199
2024-04-03,model_Portfolio,Hold,0.0199,0.0196,0.8215,0.0202,0.0199,0.0197,0.0197,0.02,0.0199,0.0195
2024-04-04,model_Portfolio,Hold,0.0199,0.0197,0.822,0.0201,0.0202,0.0197,0.0198,0.0196,0.0195,0.0195
2024-04-05,model_Portfolio,Hold,0.0198,0.0196,0.8222,0.0205,0.0202,0.0196,0.0198,0.0196,0.0194,0.0193
2024-04-08,model_Portfolio,Hold,0.0198,0.0196,0.8214,0.0205,0.0198,0.0196,0.0202,0.02,0.0196,0.0195
2024-04-09,model_Portfolio,Hold,0.0205,0.0201,0.8167,0.0209,0.0201,0.0201,0.0211,0.0206,0.0201,0.0199
2024-04-10,model_Portfolio,Hold,0.0203,0.0197,0.8182,0.0211,0.0203,0.0199,0.0201,0.0206,0.0202,0.0198
2024-04-11,model_Portfolio,Hold,0.021,0.0204,0.8115,0.0221,0.0206,0.0205,0.0209,0.0217,0.021,0.0203
2024-04-12,model_Portfolio,Hold,0.0206,0.0197,0.8154,0.0217,0.0201,0.0201,0.0205,0.0214,0.0205,0.02
2024-04-15,model_Portfolio,Hold,0.0206,0.0196,0.8167,0.0215,0.0198,0.0201,0.0201,0.0211,0.0205,0.02
2024-04-16,model_Portfolio,Hold,0.0207,0.0196,0.818,0.0214,0.0194,0.0198,0.0197,0.021,0.0205,0.0199
2024-04-17,model_Portfolio,Hold,0.0201,0.0197,0.8182,0.0212,0.0193,0.0199,0.0197,0.0212,0.0205,0.0201
2024-04-18,model_Portfolio,Hold,0.0198,0.0197,0.8192,0.0208,0.0192,0.0201,0.0195,0.0211,0.0204,0.0201
2024-04-19,model_Portfolio,Hold,0.0198,0.0193,0.8232,0.0198,0.0189,0.0196,0.0189,0.0204,0.0202,0.02
2024-04-22,model_Portfolio,Hold,0.0196,0.0192,0.8223,0.02,0.0189,0.0197,0.0193,0.0206,0.0202,0.0201
2024-04-23,model_Portfolio,Hold,0.0197,0.0191,0.8222,0.0202,0.0186,0.0196,0.0194,0.0208,0.0202,0.0202
2024-04-24,model_Portfolio,Hold,0.0195,0.0188,0.8236,0.0198,0.0185,0.0196,0.0194,0.0208,0.0199,0.0202
2024-04-25,model_Portfolio,Hold,0.0196,0.0187,0.8235,0.0196,0.0188,0.0197,0.0191,0.0205,0.0199,0.0206
2024-04-26,model_Portfolio,Hold,0.0197,0.0186,0.821,0.0203,0.0188,0.0198,0.0189,0.0226,0.0199,0.0205
2024-04-29,model_Portfolio,Hold,0.0194,0.0181,0.8225,0.0202,0.0188,0.0198,0.0192,0.0216,0.0198,0.0205
2024-04-30,model_Portfolio,Hold,0.0194,0.0182,0.8226,0.0198,0.0183,0.0198,0.0189,0.0214,0.021,0.0207
2024-05-01,model_Portfolio,Rebalance,0.02,0.02,0.02,0.02,0.02,0.02,0.02,0.02,0.82,0.02
2024-05-02,model_Portfolio,Hold,0.0202,0.0204,0.0202,0.0209,0.0194,0.0208,0.0205,0.0206,0.8168,0.0203
2024-05-03,model_Portfolio,Hold,0.0201,0.0205,0.0199,0.021,0.0194,0.0209,0.0208,0.0206,0.8167,0.0201
2024-05-06,model_Portfolio,Hold,0.0201,0.0208,0.0203,0.0214,0.0199,0.0211,0.0208,0.0208,0.8148,0.0201
2024-05-07,model_Portfolio,Hold,0.0204,0.0212,0.0205,0.0215,0.0202,0.0214,0.0209,0.0213,0.8121,0.0204
2024-05-08,model_Portfolio,Hold,0.02,0.0212,0.0204,0.0213,0.0203,0.021,0.0205,0.021,0.8138,0.0205
2024-05-09,model_Portfolio,Hold,0.0198,0.0206,0.0203,0.0213,0.0203,0.0212,0.0207,0.0208,0.8144,0.0205
2024-05-10,model_Portfolio,Hold,0.0195,0.0203,0.0202,0.0208,0.0197,0.0209,0.0206,0.0204,0.8171,0.0203
2024-05-13,model_Portfolio,Hold,0.0194,0.0203,0.02,0.0206,0.0195,0.0208,0.0204,0.0204,0.8183,0.0203
2024-05-14,model_Portfolio,Hold,0.0192,0.0202,0.0201,0.0205,0.0194,0.0206,0.0208,0.0204,0.8184,0.0204
2024-05-15,model_Portfolio,Hold,0.0191,0.0201,0.0201,0.0202,0.0194,0.0206,0.0208,0.0205,0.8189,0.0203
2024-05-16,model_Portfolio,Hold,0.0186,0.0195,0.0195,0.0194,0.0189,0.0204,0.02,0.0201,0.8239,0.0198
2024-05-17,model_Portfolio,Hold,0.0184,0.0191,0.0197,0.0194,0.019,0.0208,0.02,0.0202,0.8237,0.0198
2024-05-20,model_Portfolio,Hold,0.0183,0.0192,0.0195,0.0193,0.019,0.0211,0.0199,0.0203,0.8237,0.0197
2024-05-21,model_Portfolio,Hold,0.0185,0.0194,0.0199,0.0196,0.0192,0.0213,0.0202,0.0208,0.8209,0.0202
2024-05-22,model_Portfolio,Hold,0.0191,0.0199,0.0202,0.0198,0.0191,0.0216,0.0204,0.0209,0.8186,0.0205
2024-05-23,model_Portfolio,Hold,0.0192,0.0201,0.0203,0.0199,0.019,0.0217,0.0199,0.0208,0.8187,0.0204
2024-05-24,model_Portfolio,Hold,0.0192,0.0197,0.0205,0.0198,0.0189,0.0218,0.0199,0.0209,0.819,0.0203
2024-05-28,model_Portfolio,Hold,0.019,0.0197,0.0205,0.0201,0.0193,0.022,0.0198,0.0213,0.8178,0.0205
2024-05-29,model_Portfolio,Hold,0.0189,0.0197,0.0207,0.0203,0.0191,0.0219,0.0197,0.0215,0.8176,0.0206
2024-05-30,model_Portfolio,Hold,0.019,0.019,0.0208,0.0199,0.0194,0.0218,0.0198,0.0209,0.8188,0.0206
2024-05-31,model_Portfolio,Hold,0.0188,0.0185,0.0209,0.0193,0.0195,0.0219,0.0199,0.0206,0.8201,0.0206
2024-06-03,model_Portfolio,Rebalance,0.02,0.02,0.82,0.02,0.02,0.02,0.02,0.02,0.02,0.02
2024-06-04,model_Portfolio,Hold,0.0203,0.0206,0.8183,0.0203,0.0198,0.0201,0.0201,0.0202,0.0199,0.0203
2024-06-05,model_Portfolio,Hold,0.0202,0.0207,0.8186,0.0204,0.0198,0.02,0.0199,0.0204,0.0199,0.0201
2024-06-06,model_Portfolio,Hold,0.0203,0.0208,0.8179,0.0208,0.0199,0.02,0.0199,0.0205,0.0198,0.0201
2024-06-07,model_Portfolio,Hold,0.0209,0.0205,0.818,0.0207,0.0196,0.0206,0.0194,0.0201,0.0202,0.02
2024-06-10,model_Portfolio,Hold,0.0209,0.0207,0.8166,0.021,0.02,0.0209,0.0194,0.0203,0.0202,0.02
2024-06-11,model_Portfolio,Hold,0.0208,0.0211,0.815,0.0212,0.0203,0.0209,0.0195,0.0206,0.0205,0.0201
2024-06-12,model_Portfolio,Hold,0.0204,0.0204,0.8167,0.0211,0.02,0.021,0.0197,0.0207,0.0204,0.0198
2024-06-13,model_Portfolio,Hold,0.0204,0.0203,0.8161,0.0209,0.0197,0.0213,0.0202,0.0205,0.0206,0.0199
2024-06-14,model_Portfolio,Hold,0.0205,0.0207,0.8167,0.021,0.0192,0.0207,0.0201,0.0208,0.0206,0.0198
2024-06-17,model_Portfolio,Hold,0.0203,0.0204,0.8184,0.0208,0.0191,0.0203,0.0197,0.0207,0.0203,0.0198
2024-06-18,model_Portfolio,Hold,0.0202,0.0202,0.8201,0.0205,0.019,0.0203,0.0196,0.0202,0.0202,0.0196
2024-06-20,model_Portfolio,Hold,0.0205,0.0215,0.819,0.0207,0.019,0.0199,0.0194,0.0202,0.0202,0.0197
2024-06-21,model_Portfolio,Hold,0.0203,0.0217,0.8179,0.021,0.0189,0.0199,0.0196,0.0206,0.0203,0.0199
2024-06-24,model_Portfolio,Hold,0.0201,0.0214,0.8186,0.0204,0.0196,0.0196,0.0197,0.0204,0.0203,0.02
2024-06-25,model_Portfolio,Hold,0.0202,0.0215,0.8181,0.0206,0.0194,0.0194,0.0195,0.021,0.0202,0.0201
2024-06-26,model_Portfolio,Hold,0.0202,0.0215,0.817,0.0216,0.0193,0.0193,0.0195,0.0211,0.0202,0.0202
2024-06-27,model_Portfolio,Hold,0.0202,0.0214,0.8163,0.022,0.0196,0.0193,0.0196,0.0213,0.0205,0.0198
2024-06-28,model_Portfolio,Hold,0.02,0.0214,0.8173,0.0215,0.0198,0.0189,0.0199,0.0209,0.0203,0.0198
2024-07-01,model_Portfolio,Rebalance,0.02,0.02,0.0261,0.02,0.02,0.02,0.02,0.02,0.8139,0.02
2024-07-02,model_Portfolio,Hold,0.0198,0.0199,0.026,0.0201,0.0196,0.0201,0.02,0.0201,0.8145,0.0198
2024-07-03,model_Portfolio,Hold,0.0197,0.02,0.0259,0.0199,0.0197,0.0203,0.02,0.0201,0.8147,0.0198
2024-07-05,model_Portfolio,Hold,0.02,0.0196,0.0259,0.0202,0.0192,0.0203,0.02,0.0207,0.8141,0.0199
2024-07-08,model_Portfolio,Hold,0.0197,0.0197,0.0258,0.0201,0.0194,0.0205,0.0201,0.0206,0.8142,0.0199
2024-07-09,model_Portfolio,Hold,0.0198,0.0198,0.0263,0.0204,0.0196,0.0207,0.0202,0.0208,0.812,0.0204
2024-07-10,model_Portfolio,Hold,0.0198,0.0193,0.0262,0.0201,0.0192,0.0205,0.02,0.0207,0.8141,0.0202
2024-07-11,model_Portfolio,Hold,0.0197,0.0193,0.0264,0.0193,0.0196,0.0204,0.021,0.0198,0.8145,0.0199
2024-07-12,model_Portfolio,Hold,0.0195,0.02,0.0263,0.0191,0.0196,0.0204,0.0211,0.0196,0.8144,0.0201
2024-07-15,model_Portfolio,Hold,0.0196,0.0206,0.0267,0.0191,0.0207,0.0205,0.0214,0.0199,0.8112,0.0202
2024-07-16,model_Portfolio,Hold,0.0194,0.0209,0.0266,0.019,0.0207,0.021,0.0214,0.0195,0.8111,0.0203
2024-07-17,model_Portfolio,Hold,0.0196,0.0207,0.0265,0.0183,0.0209,0.021,0.0214,0.019,0.8121,0.0206
2024-07-18,model_Portfolio,Hold,0.0188,0.0211,0.0267,0.018,0.021,0.0208,0.0211,0.0188,0.813,0.0207
2024-07-19,model_Portfolio,Hold,0.0192,0.0211,0.0264,0.018,0.0209,0.0206,0.0209,0.0188,0.8133,0.0208
2024-07-22,model_Portfolio,Hold,0.0194,0.0211,0.0266,0.0178,0.0204,0.0193,0.0209,0.0191,0.8149,0.0206
2024-07-23,model_Portfolio,Hold,0.0195,0.0211,0.0266,0.0182,0.0201,0.0199,0.0202,0.0191,0.8148,0.0205
2024-07-24,model_Portfolio,Hold,0.0204,0.0213,0.0269,0.0179,0.0201,0.0205,0.0195,0.0184,0.8142,0.0209
2024-07-25,model_Portfolio,Hold,0.0201,0.0213,0.0269,0.0178,0.0207,0.0204,0.0195,0.0178,0.8144,0.0211
2024-07-26,model_Portfolio,Hold,0.0168,0.0179,0.0228,0.0152,0.0174,0.0173,0.0168,0.015,0.8429,0.018
2024-07-29,model_Portfolio,Hold,0.017,0.018,0.023,0.0154,0.0174,0.0178,0.0168,0.0154,0.8409,0.0182
2024-07-30,model_Portfolio,Hold,0.0168,0.018,0.023,0.0151,0.0173,0.0175,0.0169,0.0153,0.842,0.018
2024-07-31,model_Portfolio,Hold,0.0169,0.0179,0.0228,0.0155,0.0173,0.0174,0.0165,0.0153,0.8428,0.0174
2024-08-01,model_Portfolio,Rebalance,0.02,0.02,0.02,0.02,0.02,0.02,0.02,0.02,0.82,0.02
2024-08-02,model_Portfolio,Hold,0.0205,0.02,0.0198,0.0185,0.0186,0.0199,0.02,0.0198,0.8224,0.0207
2024-08-05,model_Portfolio,Hold,0.0202,0.0195,0.0195,0.0179,0.0181,0.0198,0.0199,0.0191,0.8258,0.0202
2024-08-06,model_Portfolio,Hold,0.0203,0.0198,0.0198,0.0179,0.0178,0.0198,0.0204,0.0189,0.8252,0.0202
2024-08-07,model_Portfolio,Hold,0.0206,0.02,0.0202,0.0183,0.018,0.0199,0.0202,0.0192,0.8229,0.0207
2024-08-08,model_Portfolio,Hold,0.0202,0.0195,0.0201,0.0183,0.0186,0.0197,0.02,0.0193,0.8237,0.0205
2024-08-09,model_Portfolio,Hold,0.0202,0.0197,0.0203,0.0185,0.0186,0.0198,0.0202,0.0196,0.8225,0.0206
2024-08-12,model_Portfolio,Hold,0.0201,0.0197,0.0205,0.0186,0.0193,0.0196,0.0199,0.0195,0.8221,0.0207
2024-08-13,model_Portfolio,Hold,0.0199,0.0197,0.0203,0.0187,0.0188,0.0195,0.02,0.0195,0.8229,0.0207
2024-08-14,model_Portfolio,Hold,0.0201,0.0196,0.0203,0.0186,0.0188,0.0194,0.0198,0.0189,0.8239,0.0206
2024-08-15,model_Portfolio,Hold,0.0201,0.0198,0.0202,0.0193,0.0189,0.019,0.02,0.0189,0.8236,0.0203
2024-08-16,model_Portfolio,Hold,0.0201,0.0199,0.0206,0.0192,0.0188,0.0192,0.0199,0.0191,0.8227,0.0205
2024-08-19,model_Portfolio,Hold,0.0203,0.02,0.0206,0.0193,0.0188,0.019,0.0201,0.0195,0.8219,0.0205
2024-08-20,model_Portfolio,Hold,0.02,0.02,0.0205,0.0193,0.0181,0.0189,0.0199,0.0195,0.8233,0.0204
2024-08-21,model_Portfolio,Hold,0.0199,0.02,0.0205,0.0193,0.0178,0.0189,0.0198,0.0191,0.8244,0.0204
2024-08-22,model_Portfolio,Hold,0.0201,0.0199,0.0208,0.0189,0.0177,0.0189,0.0203,0.019,0.8239,0.0205
2024-08-23,model_Portfolio,Hold,0.0199,0.0198,0.0207,0.0187,0.0178,0.0187,0.0205,0.0189,0.8245,0.0204
2024-08-26,model_Portfolio,Hold,0.0197,0.0197,0.0204,0.0183,0.0179,0.0186,0.0203,0.0187,0.826,0.0202
2024-08-27,model_Portfolio,Hold,0.0198,0.02,0.0205,0.0181,0.0176,0.0186,0.0202,0.0186,0.826,0.0204
2024-08-28,model_Portfolio,Hold,0.0198,0.0198,0.0207,0.0179,0.0177,0.0186,0.02,0.0184,0.8267,0.0205
2024-08-29,model_Portfolio,Hold,0.0196,0.0198,0.0207,0.0179,0.018,0.0184,0.0196,0.0181,0.8276,0.0204
2024-08-30,model_Portfolio,Hold,0.0194,0.0197,0.0206,0.0183,0.0173,0.0183,0.0196,0.0181,0.8285,0.0203
2024-09-03,model_Portfolio,Rebalance,0.02,0.02,0.8195,0.02,0.02,0.02,0.0205,0.02,0.02,0.02
2024-09-04,model_Portfolio,Hold,0.0198,0.0199,0.822,0.0195,0.0192,0.0198,0.0202,0.0197,0.02,0.02
2024-09-05,model_Portfolio,Hold,0.0197,0.0199,0.821,0.0201,0.0193,0.0198,0.0203,0.0199,0.02,0.02
2024-09-06,model_Portfolio,Hold,0.02,0.02,0.8226,0.0196,0.019,0.0196,0.0203,0.0193,0.0198,0.02
2024-09-09,model_Portfolio,Hold,0.0203,0.02,0.8221,0.0199,0.0186,0.0199,0.0205,0.0189,0.0196,0.02
2024-09-10,model_Portfolio,Hold,0.0206,0.0205,0.8202,0.0205,0.018,0.0201,0.0209,0.0191,0.02,0.0201
2024-09-11,model_Portfolio,Hold,0.0206,0.0208,0.8181,0.0212,0.0179,0.0205,0.0212,0.0195,0.0202,0.0199
2024-09-12,model_Portfolio,Hold,0.0205,0.0206,0.8179,0.0214,0.0179,0.0205,0.0213,0.0199,0.0204,0.0196
2024-09-13,model_Portfolio,Hold,0.0203,0.0205,0.8176,0.0212,0.0179,0.0207,0.0216,0.0201,0.0204,0.0196
2024-09-16,model_Portfolio,Hold,0.0203,0.0205,0.8187,0.0208,0.0181,0.0208,0.0214,0.0199,0.0204,0.0193
2024-09-17,model_Portfolio,Hold,0.0205,0.0196,0.8183,0.0211,0.0188,0.021,0.0214,0.0202,0.0203,0.0189
2024-09-18,model_Portfolio,Hold,0.02,0.0197,0.8183,0.0212,0.0188,0.0209,0.0214,0.0203,0.0204,0.0191
2024-09-19,model_Portfolio,Hold,0.0201,0.0198,0.8165,0.0217,0.0191,0.0211,0.0213,0.0208,0.0206,0.0191
2024-09-20,model_Portfolio,Hold,0.02,0.0198,0.8164,0.0219,0.0189,0.0211,0.0211,0.021,0.0207,0.0191
2024-09-23,model_Portfolio,Hold,0.0198,0.0196,0.818,0.0218,0.0188,0.021,0.0209,0.0204,0.0205,0.019
2024-09-24,model_Portfolio,Hold,0.0197,0.0198,0.8162,0.0219,0.0189,0.0214,0.0215,0.0206,0.0209,0.0192
2024-09-25,model_Portfolio,Hold,0.0195,0.0196,0.8181,0.0217,0.0182,0.0213,0.0214,0.0204,0.0207,0.0191
2024-09-26,model_Portfolio,Hold,0.0195,0.0206,0.8183,0.0215,0.0171,0.0215,0.0208,0.0205,0.0211,0.0191
2024-09-27,model_Portfolio,Hold,0.0193,0.0202,0.819,0.021,0.0181,0.0215,0.0207,0.0206,0.0207,0.019
2024-09-30,model_Portfolio,Hold,0.0194,0.0202,0.8206,0.0207,0.0179,0.0211,0.0203,0.0206,0.0204,0.0188
2024-10-01,model_Portfolio,Rebalance,0.02,0.02,0.82,0.02,0.02,0.02,0.02,0.02,0.02,0.02
2024-10-02,model_Portfolio,Hold,0.0198,0.0201,0.8222,0.0198,0.0199,0.0197,0.0197,0.0197,0.0196,0.0197
2024-10-03,model_Portfolio,Hold,0.0197,0.0204,0.8217,0.0196,0.0206,0.0195,0.0196,0.0198,0.0196,0.0195
2024-10-04,model_Portfolio,Hold,0.0195,0.0202,0.823,0.0198,0.0206,0.0192,0.0193,0.0197,0.0194,0.0193
2024-10-07,model_Portfolio,Hold,0.0201,0.0204,0.8183,0.0197,0.0212,0.0216,0.0195,0.0197,0.0198,0.0197
2024-10-08,model_Portfolio,Hold,0.0202,0.0205,0.8192,0.0198,0.0205,0.0213,0.0195,0.0197,0.0197,0.0195
2024-10-09,model_Portfolio,Hold,0.0206,0.021,0.8163,0.0202,0.0207,0.0218,0.0198,0.0196,0.0199,0.0199
2024-10-10,model_Portfolio,Hold,0.0205,0.0207,0.817,0.0203,0.0211,0.0217,0.0198,0.0196,0.0196,0.0196
2024-10-11,model_Portfolio,Hold,0.0203,0.0205,0.818,0.0203,0.021,0.0216,0.02,0.0194,0.0195,0.0194
2024-10-14,model_Portfolio,Hold,0.0204,0.0205,0.8183,0.02,0.0205,0.0217,0.0202,0.0195,0.0196,0.0193
2024-10-15,model_Portfolio,Hold,0.0203,0.0208,0.8188,0.02,0.0191,0.0219,0.0205,0.0196,0.0196,0.0194
2024-10-16,model_Portfolio,Hold,0.0205,0.0209,0.8185,0.0199,0.019,0.0221,0.0206,0.0195,0.0196,0.0194
2024-10-17,model_Portfolio,Hold,0.0205,0.021,0.8195,0.0199,0.019,0.0221,0.0203,0.0191,0.0194,0.0191
2024-10-18,model_Portfolio,Hold,0.0208,0.0211,0.8181,0.0201,0.0193,0.0224,0.0204,0.0193,0.0194,0.0191
2024-10-21,model_Portfolio,Hold,0.0206,0.0214,0.8167,0.0204,0.0195,0.0227,0.0203,0.0196,0.0196,0.0192
2024-10-22,model_Portfolio,Hold,0.0206,0.0212,0.8162,0.0205,0.0198,0.0227,0.0202,0.0198,0.0192,0.0197
2024-10-23,model_Portfolio,Hold,0.0208,0.0212,0.8177,0.02,0.0193,0.0225,0.0205,0.0196,0.0187,0.0196
2024-10-24,model_Portfolio,Hold,0.0207,0.0209,0.8185,0.0203,0.0195,0.0222,0.02,0.0196,0.0186,0.0197
2024-10-25,model_Portfolio,Hold,0.0207,0.0211,0.8165,0.0208,0.02,0.0223,0.0198,0.0203,0.0186,0.02
2024-10-28,model_Portfolio,Hold,0.0206,0.0211,0.8163,0.0208,0.0191,0.0223,0.0197,0.0204,0.0194,0.0202
2024-10-29,model_Portfolio,Hold,0.0205,0.0212,0.8169,0.0211,0.0187,0.0221,0.0195,0.0208,0.0193,0.02
2024-10-30,model_Portfolio,Hold,0.0207,0.0202,0.8168,0.0213,0.0189,0.0219,0.0198,0.0213,0.019,0.0202
2024-10-31,model_Portfolio,Hold,0.0213,0.0209,0.8093,0.0214,0.0197,0.0226,0.0202,0.0218,0.0199,0.0227
2024-11-01,model_Portfolio,Rebalance,0.0622,0.0301,0.0593,0.0269,0.1103,0.0352,0.048,0.0276,0.1048,0.4954
2024-11-04,model_Portfolio,Hold,0.0617,0.0299,0.0592,0.0266,0.1124,0.0348,0.049,0.0273,0.1037,0.4954
2024-11-05,model_Portfolio,Hold,0.0614,0.0299,0.0595,0.027,0.1119,0.0347,0.0491,0.0272,0.1037,0.4956
2024-11-06,model_Portfolio,Hold,0.06,0.0303,0.0602,0.0276,0.1155,0.0342,0.0479,0.0278,0.108,0.4885
2024-11-07,model_Portfolio,Hold,0.0604,0.0313,0.0608,0.0285,0.1045,0.0355,0.0492,0.0291,0.1094,0.4913
2024-11-08,model_Portfolio,Hold,0.0607,0.0307,0.0609,0.0281,0.1032,0.0354,0.0491,0.0285,0.1099,0.4934
2024-11-11,model_Portfolio,Hold,0.0608,0.0309,0.0621,0.0279,0.1051,0.0355,0.0479,0.0289,0.1088,0.4922
2024-11-12,model_Portfolio,Hold,0.0606,0.0312,0.0622,0.0282,0.1036,0.0352,0.0466,0.0291,0.1066,0.4968
2024-11-13,model_Portfolio,Hold,0.0596,0.0317,0.0615,0.0286,0.1033,0.035,0.0464,0.0283,0.1064,0.4991
2024-11-14,model_Portfolio,Hold,0.0591,0.0309,0.0609,0.0282,0.1058,0.0353,0.046,0.0277,0.1069,0.4992
2024-11-15,model_Portfolio,Hold,0.0596,0.0302,0.0618,0.027,0.1047,0.0354,0.0448,0.0272,0.1053,0.5039
2024-11-18,model_Portfolio,Hold,0.0599,0.0299,0.0618,0.0267,0.1044,0.0363,0.0444,0.0275,0.1049,0.5042
2024-11-19,model_Portfolio,Hold,0.0603,0.0302,0.0618,0.0273,0.1027,0.0367,0.0444,0.0282,0.1042,0.5041
2024-11-20,model_Portfolio,Hold,0.0596,0.0305,0.0616,0.0271,0.1037,0.0366,0.0443,0.0278,0.1039,0.5049
2024-11-21,model_Portfolio,Hold,0.0602,0.0308,0.0622,0.0264,0.1049,0.0367,0.0449,0.0264,0.1032,0.5043
2024-11-22,model_Portfolio,Hold,0.0599,0.0303,0.062,0.026,0.1054,0.0366,0.0455,0.0257,0.1031,0.5056
2024-11-25,model_Portfolio,Hold,0.0598,0.0303,0.0621,0.0264,0.1044,0.0367,0.0468,0.0261,0.1041,0.5033
2024-11-26,model_Portfolio,Hold,0.0591,0.0302,0.0619,0.027,0.1026,0.0364,0.0462,0.026,0.1051,0.5055
2024-11-27,model_Portfolio,Hold,0.0596,0.0301,0.062,0.0267,0.1027,0.0362,0.0457,0.026,0.1048,0.5062
2024-11-29,model_Portfolio,Hold,0.0593,0.0301,0.0618,0.0269,0.103,0.0363,0.0455,0.0259,0.1054,0.5058
2024-12-02,model_Portfolio,Rebalance,0.02,0.02,0.6129,0.02,0.02,0.02,0.2236,0.02,0.0235,0.02
2024-12-03,model_Portfolio,Hold,0.0205,0.0201,0.6055,0.0209,0.0207,0.0203,0.227,0.0206,0.0239,0.0205
2024-12-04,model_Portfolio,Hold,0.0206,0.0206,0.6096,0.0215,0.0206,0.0202,0.2216,0.0211,0.0239,0.0204
2024-12-05,model_Portfolio,Hold,0.0204,0.0204,0.6107,0.0216,0.0201,0.0198,0.2214,0.0208,0.0243,0.0205
2024-12-06,model_Portfolio,Hold,0.0205,0.0208,0.6113,0.0223,0.0199,0.0197,0.2192,0.0211,0.0244,0.0208
2024-12-09,model_Portfolio,Hold,0.0205,0.0208,0.6028,0.0224,0.0208,0.0197,0.2271,0.0214,0.0242,0.0204
2024-12-10,model_Portfolio,Hold,0.0208,0.0211,0.6034,0.0225,0.021,0.0198,0.2242,0.0228,0.0241,0.0204
2024-12-11,model_Portfolio,Hold,0.0206,0.0212,0.604,0.023,0.0211,0.0196,0.2221,0.024,0.0242,0.0202
2024-12-12,model_Portfolio,Hold,0.0206,0.021,0.6055,0.0229,0.0217,0.0195,0.2207,0.0236,0.0242,0.0203
2024-12-13,model_Portfolio,Hold,0.0205,0.0209,0.6062,0.0228,0.0216,0.0196,0.2206,0.0234,0.0242,0.0202
2024-12-16,model_Portfolio,Hold,0.0205,0.021,0.6064,0.0235,0.0209,0.0194,0.2194,0.0244,0.0243,0.0203
2024-12-17,model_Portfolio,Hold,0.0207,0.0211,0.6037,0.0234,0.0201,0.0194,0.2228,0.0244,0.0242,0.0202
2024-12-18,model_Portfolio,Hold,0.0211,0.0211,0.6067,0.023,0.0205,0.0193,0.2193,0.0242,0.0244,0.0205
2024-12-19,model_Portfolio,Hold,0.021,0.0225,0.6086,0.0232,0.02,0.0191,0.2167,0.0241,0.0245,0.0202
2024-12-20,model_Portfolio,Hold,0.0211,0.0218,0.6083,0.023,0.0203,0.0189,0.2177,0.0241,0.0246,0.0203
2024-12-23,model_Portfolio,Hold,0.0211,0.0214,0.6086,0.023,0.0208,0.0188,0.2171,0.0245,0.0245,0.0202
2024-12-24,model_Portfolio,Hold,0.021,0.0214,0.6081,0.0233,0.021,0.0189,0.2171,0.0245,0.0247,0.02
2024-12-26,model_Portfolio,Hold,0.0211,0.0213,0.6089,0.023,0.0209,0.0188,0.2169,0.0244,0.0247,0.02
2024-12-27,model_Portfolio,Hold,0.0211,0.0212,0.6107,0.0228,0.0212,0.0187,0.2153,0.0242,0.0247,0.0201
2024-12-30,model_Portfolio,Hold,0.0208,0.021,0.6113,0.0227,0.0217,0.0186,0.2152,0.0241,0.0246,0.02
2024-12-31,model_Portfolio,Hold,0.0208,0.0209,0.6107,0.0224,0.0222,0.0185,0.2163,0.0237,0.0245,0.02
2025-01-02,model_Portfolio,Rebalance,0.02,0.02,0.82,0.02,0.02,0.02,0.02,0.02,0.02,0.02
2025-01-03,model_Portfolio,Hold,0.0199,0.0201,0.8198,0.0202,0.0199,0.0199,0.0202,0.0201,0.0199,0.0201
2025-01-06,model_Portfolio,Hold,0.02,0.0202,0.8177,0.0207,0.0203,0.0201,0.0201,0.0209,0.0201,0.0199
2025-01-07,model_Portfolio,Hold,0.0199,0.0203,0.8193,0.0201,0.0201,0.0201,0.0199,0.0205,0.0204,0.0195
2025-01-08,model_Portfolio,Hold,0.0199,0.0203,0.8201,0.02,0.02,0.0199,0.0197,0.0203,0.0205,0.0194
2025-01-10,model_Portfolio,Hold,0.02,0.0203,0.8179,0.0201,0.0205,0.0209,0.0197,0.0205,0.0205,0.0196
2025-01-13,model_Portfolio,Hold,0.0199,0.02,0.8183,0.0198,0.0208,0.0212,0.02,0.0201,0.0207,0.0193
2025-01-14,model_Portfolio,Hold,0.0197,0.0197,0.819,0.0195,0.021,0.0214,0.0198,0.0198,0.0209,0.0193
2025-01-15,model_Portfolio,Hold,0.0192,0.0196,0.8194,0.0198,0.0212,0.0212,0.0197,0.0202,0.0207,0.019
2025-01-16,model_Portfolio,Hold,0.0195,0.0195,0.8204,0.0194,0.0208,0.0213,0.0198,0.0197,0.0207,0.0188
2025-01-17,model_Portfolio,Hold,0.0193,0.0195,0.82,0.0197,0.0201,0.0216,0.0201,0.0199,0.0209,0.019
2025-01-21,model_Portfolio,Hold,0.0199,0.0197,0.8183,0.0201,0.0195,0.0217,0.0202,0.0201,0.0217,0.0188
2025-01-22,model_Portfolio,Hold,0.0204,0.0202,0.8152,0.0208,0.0197,0.0218,0.0201,0.0204,0.0224,0.0189
2025-01-23,model_Portfolio,Hold,0.0212,0.0203,0.8138,0.0208,0.0198,0.0222,0.02,0.0203,0.0224,0.019
2025-01-24,model_Portfolio,Hold,0.0214,0.0202,0.8135,0.0207,0.0195,0.0225,0.0202,0.0205,0.0223,0.0192
2025-01-27,model_Portfolio,Hold,0.0216,0.0203,0.817,0.0202,0.0191,0.0217,0.0197,0.0191,0.022,0.0192
2025-01-28,model_Portfolio,Hold,0.0214,0.0207,0.8164,0.0206,0.0192,0.0219,0.0189,0.0196,0.0222,0.019
2025-01-29,model_Portfolio,Hold,0.0215,0.0204,0.8174,0.0204,0.019,0.0219,0.0186,0.0196,0.0222,0.019
2025-01-30,model_Portfolio,Hold,0.0215,0.0207,0.8173,0.0201,0.0187,0.0223,0.0185,0.02,0.0224,0.0185
2025-01-31,model_Portfolio,Hold,0.0215,0.021,0.816,0.0205,0.018,0.0225,0.0189,0.0204,0.0223,0.0189
2025-02-03,model_Portfolio,Rebalance,0.8115,0.02,0.0284,0.02,0.02,0.02,0.02,0.02,0.0201,0.02
2025-02-04,model_Portfolio,Hold,0.8106,0.0202,0.0282,0.0203,0.0207,0.0197,0.0198,0.0204,0.0202,0.0198
2025-02-05,model_Portfolio,Hold,0.815,0.0202,0.0279,0.0194,0.0202,0.0193,0.02,0.0186,0.02,0.0194
2025-02-06,model_Portfolio,Hold,0.8124,0.0202,0.0275,0.0202,0.0202,0.0195,0.0205,0.0191,0.0205,0.02
2025-02-07,model_Portfolio,Hold,0.8158,0.02,0.0275,0.0193,0.0202,0.0184,0.0203,0.0184,0.0201,0.0199
2025-02-10,model_Portfolio,Hold,0.8169,0.0198,0.0269,0.0193,0.0211,0.0181,0.0199,0.0183,0.0198,0.0201
2025-02-11,model_Portfolio,Hold,0.8168,0.0199,0.0269,0.0193,0.0213,0.018,0.0197,0.0181,0.0198,0.02
2025-02-12,model_Portfolio,Hold,0.8171,0.02,0.0271,0.0191,0.0206,0.0182,0.02,0.0181,0.0198,0.02
2025-02-13,model_Portfolio,Hold,0.8175,0.0199,0.0272,0.0191,0.0206,0.0183,0.0199,0.0182,0.0196,0.0199
2025-02-14,model_Portfolio,Hold,0.8162,0.0199,0.0272,0.0191,0.0213,0.0185,0.0198,0.0182,0.0198,0.0199
2025-02-18,model_Portfolio,Hold,0.8154,0.02,0.0275,0.0189,0.0218,0.0186,0.0201,0.0181,0.0199,0.0198
2025-02-19,model_Portfolio,Hold,0.817,0.0198,0.0273,0.0187,0.0215,0.0184,0.0197,0.018,0.0198,0.0197
2025-02-20,model_Portfolio,Hold,0.8186,0.0194,0.0271,0.0183,0.0214,0.0181,0.0196,0.0179,0.0195,0.02
2025-02-21,model_Portfolio,Hold,0.8237,0.0183,0.0264,0.0176,0.0205,0.0177,0.0195,0.0173,0.0189,0.0201
2025-02-24,model_Portfolio,Hold,0.8232,0.0182,0.0269,0.0173,0.0206,0.0177,0.0198,0.0172,0.0189,0.0202
2025-02-25,model_Portfolio,Hold,0.8229,0.0181,0.0274,0.0172,0.02,0.018,0.0205,0.0167,0.0189,0.0203
2025-02-26,model_Portfolio,Hold,0.8246,0.0179,0.0272,0.0173,0.0197,0.0178,0.0201,0.0165,0.0191,0.0199
2025-02-27,model_Portfolio,Hold,0.8254,0.0178,0.0276,0.0169,0.0183,0.0178,0.0205,0.0161,0.0195,0.02
2025-02-28,model_Portfolio,Hold,0.8259,0.0171,0.0277,0.0169,0.0183,0.0177,0.0205,0.016,0.0198,0.02
2025-03-03,model_Portfolio,Rebalance,0.8117,0.02,0.0267,0.02,0.02,0.02,0.0216,0.02,0.02,0.02
2025-03-04,model_Portfolio,Hold,0.8108,0.0204,0.0266,0.0202,0.02,0.02,0.0218,0.0208,0.0194,0.02
2025-03-05,model_Portfolio,Hold,0.8094,0.0205,0.0266,0.0206,0.0199,0.0204,0.0221,0.021,0.0195,0.0198
2025-03-06,model_Portfolio,Hold,0.8075,0.0205,0.027,0.0202,0.0205,0.0207,0.0219,0.0213,0.0198,0.0205
2025-03-07,model_Portfolio,Hold,0.8087,0.0202,0.0268,0.0198,0.0203,0.0208,0.0222,0.0212,0.0194,0.0205
2025-03-10,model_Portfolio,Hold,0.8109,0.0198,0.0264,0.0194,0.0205,0.0199,0.0222,0.0203,0.0196,0.021
2025-03-11,model_Portfolio,Hold,0.8069,0.02,0.0271,0.0202,0.0214,0.0202,0.0222,0.0207,0.0202,0.0213
2025-03-12,model_Portfolio,Hold,0.8037,0.02,0.027,0.0207,0.0222,0.0202,0.0224,0.0214,0.0209,0.0215
2025-03-13,model_Portfolio,Hold,0.8057,0.0197,0.0273,0.0203,0.0216,0.0202,0.022,0.0209,0.0204,0.0219
2025-03-14,model_Portfolio,Hold,0.799,0.0201,0.0283,0.021,0.0226,0.0205,0.023,0.0216,0.0214,0.0224
2025-03-17,model_Portfolio,Hold,0.799,0.0204,0.0284,0.0207,0.0229,0.0206,0.0229,0.0213,0.0216,0.0222
2025-03-18,model_Portfolio,Hold,0.7989,0.0205,0.0284,0.0206,0.0233,0.0205,0.0229,0.0211,0.0215,0.0222
2025-03-19,model_Portfolio,Hold,0.7988,0.0204,0.0285,0.0207,0.0239,0.0205,0.0225,0.0213,0.0216,0.0219
2025-03-20,model_Portfolio,Hold,0.7999,0.019,0.0287,0.0207,0.0237,0.0206,0.0225,0.0213,0.0215,0.0221
2025-03-21,model_Portfolio,Hold,0.7994,0.0193,0.0287,0.0209,0.0238,0.0205,0.0224,0.0215,0.0214,0.022
2025-03-24,model_Portfolio,Hold,0.7982,0.0193,0.0288,0.0215,0.0239,0.0205,0.0225,0.0218,0.0216,0.0218
2025-03-25,model_Portfolio,Hold,0.7957,0.0196,0.0291,0.022,0.0242,0.0207,0.0224,0.0224,0.0219,0.022
2025-03-26,model_Portfolio,Hold,0.7972,0.0196,0.0291,0.0214,0.0243,0.0207,0.0223,0.0215,0.0216,0.0223
2025-03-27,model_Portfolio,Hold,0.8037,0.0189,0.0284,0.0208,0.0237,0.0201,0.0215,0.0206,0.0205,0.0219
2025-03-28,model_Portfolio,Hold,0.8059,0.0188,0.0283,0.02,0.0236,0.02,0.0217,0.0197,0.0201,0.022
2025-03-31,model_Portfolio,Hold,0.8068,0.019,0.0283,0.0195,0.0234,0.02,0.021,0.0195,0.0201,0.0224
2025-04-01,model_Portfolio,Rebalance,0.4812,0.02,0.3588,0.02,0.02,0.02,0.02,0.02,0.02,0.02
2025-04-02,model_Portfolio,Hold,0.4817,0.0202,0.358,0.0204,0.0201,0.0201,0.0202,0.02,0.02,0.0194
2025-04-03,model_Portfolio,Hold,0.4867,0.0195,0.3609,0.0188,0.017,0.0195,0.0191,0.0194,0.0192,0.0199
2025-04-04,model_Portfolio,Hold,0.4936,0.0197,0.3533,0.0193,0.0156,0.0195,0.0194,0.0201,0.0187,0.0207
2025-04-07,model_Portfolio,Hold,0.4982,0.0198,0.3485,0.0199,0.0155,0.0193,0.0186,0.0204,0.019,0.0207
2025-04-08,model_Portfolio,Hold,0.4984,0.0198,0.3504,0.0196,0.0146,0.0186,0.0186,0.0203,0.019,0.0208
2025-04-09,model_Portfolio,Hold,0.489,0.0202,0.354,0.021,0.0167,0.0194,0.0187,0.0213,0.0197,0.0202
2025-04-10,model_Portfolio,Hold,0.4887,0.0196,0.3589,0.0203,0.0148,0.0192,0.0176,0.0209,0.0193,0.0206
2025-04-11,model_Portfolio,Hold,0.4884,0.0192,0.3592,0.0203,0.015,0.0193,0.0178,0.0211,0.0194,0.0203
2025-04-14,model_Portfolio,Hold,0.4871,0.0194,0.3607,0.0198,0.015,0.0194,0.0182,0.0211,0.0192,0.0202
2025-04-15,model_Portfolio,Hold,0.4864,0.0194,0.3619,0.0196,0.0148,0.019,0.0182,0.0209,0.0192,0.0205
2025-04-16,model_Portfolio,Hold,0.4954,0.019,0.3564,0.0189,0.0151,0.0185,0.0176,0.0203,0.0184,0.0203
2025-04-17,model_Portfolio,Hold,0.4974,0.0187,0.3547,0.0186,0.0158,0.0185,0.0177,0.0199,0.0182,0.0205
2025-04-21,model_Portfolio,Hold,0.5011,0.0188,0.3521,0.0183,0.0154,0.0185,0.0175,0.0198,0.018,0.0206
2025-04-22,model_Portfolio,Hold,0.4968,0.0187,0.3551,0.0185,0.0157,0.0186,0.0172,0.0198,0.019,0.0206
2025-04-23,model_Portfolio,Hold,0.4924,0.0191,0.3575,0.0194,0.0155,0.0186,0.0174,0.0204,0.019,0.0206
2025-04-24,model_Portfolio,Hold,0.489,0.0192,0.3586,0.02,0.0161,0.0189,0.0174,0.0209,0.0194,0.0206
2025-04-25,model_Portfolio,Hold,0.4899,0.0195,0.3568,0.0204,0.0163,0.0189,0.0172,0.0214,0.0193,0.0205
2025-04-28,model_Portfolio,Hold,0.4901,0.0194,0.3569,0.0201,0.0164,0.0189,0.0174,0.0211,0.0193,0.0204
2025-04-29,model_Portfolio,Hold,0.4921,0.0197,0.356,0.02,0.016,0.019,0.0164,0.021,0.0193,0.0205
2025-04-30,model_Portfolio,Hold,0.4929,0.0197,0.3562,0.0197,0.0153,0.019,0.0164,0.0208,0.0193,0.0207
2025-05-01,model_Portfolio,Rebalance,0.0268,0.0256,0.6558,0.0251,0.0713,0.0279,0.0584,0.0251,0.0244,0.0597
2025-05-02,model_Portfolio,Hold,0.0267,0.0256,0.6571,0.0246,0.0711,0.028,0.0582,0.0251,0.0247,0.059
2025-05-05,model_Portfolio,Hold,0.0268,0.0259,0.6613,0.0242,0.0672,0.0275,0.0577,0.0252,0.0246,0.0595
2025-05-06,model_Portfolio,Hold,0.0269,0.0256,0.6626,0.0241,0.0683,0.0271,0.0562,0.0251,0.0241,0.0601
2025-05-07,model_Portfolio,Hold,0.027,0.0256,0.6659,0.0244,0.0668,0.0266,0.0562,0.0231,0.0241,0.0603
2025-05-08,model_Portfolio,Hold,0.0269,0.0258,0.6605,0.0248,0.0697,0.0271,0.0575,0.0235,0.0245,0.0596
2025-05-09,model_Portfolio,Hold,0.0268,0.0257,0.6587,0.025,0.0721,0.0273,0.0578,0.0233,0.0247,0.0587
2025-05-12,model_Portfolio,Hold,0.0264,0.0268,0.6528,0.0268,0.0759,0.0276,0.0576,0.0241,0.0259,0.056
2025-05-13,model_Portfolio,Hold,0.0259,0.0269,0.651,0.0273,0.0793,0.0274,0.0563,0.0243,0.0261,0.0556
2025-05-14,model_Portfolio,Hold,0.026,0.027,0.6503,0.0274,0.0789,0.0275,0.0558,0.0254,0.0258,0.056
2025-05-15,model_Portfolio,Hold,0.0266,0.0268,0.6536,0.0264,0.0761,0.0274,0.0555,0.0249,0.0256,0.057
2025-05-16,model_Portfolio,Hold,0.0267,0.0262,0.6542,0.0262,0.0747,0.0276,0.056,0.025,0.0261,0.0573
2025-05-19,model_Portfolio,Hold,0.0269,0.0263,0.6528,0.0263,0.0737,0.0275,0.057,0.0251,0.0264,0.058
2025-05-20,model_Portfolio,Hold,0.027,0.0266,0.6525,0.0262,0.0739,0.0275,0.056,0.0249,0.0266,0.0588
2025-05-21,model_Portfolio,Hold,0.027,0.0268,0.6541,0.0263,0.0728,0.0274,0.0541,0.026,0.0262,0.0594
2025-05-22,model_Portfolio,Hold,0.0269,0.0269,0.6515,0.0267,0.0734,0.0275,0.0545,0.0265,0.0264,0.0596
2025-05-23,model_Portfolio,Hold,0.0269,0.0263,0.6524,0.0265,0.074,0.0276,0.0539,0.0262,0.0262,0.0601
2025-05-27,model_Portfolio,Hold,0.0269,0.0265,0.6499,0.0268,0.075,0.0277,0.0552,0.0265,0.0262,0.0592
2025-05-28,model_Portfolio,Hold,0.027,0.0268,0.6481,0.0269,0.0753,0.0278,0.0553,0.0267,0.0263,0.0597
2025-05-29,model_Portfolio,Hold,0.0269,0.0268,0.6482,0.0268,0.0754,0.0277,0.0561,0.0265,0.0263,0.0593
2025-05-30,model_Portfolio,Hold,0.027,0.0266,0.6504,0.0266,0.0737,0.0282,0.0551,0.0263,0.026,0.0602
2025-06-02,model_Portfolio,Rebalance,0.82,0.02,0.02,0.02,0.02,0.02,0.02,0.02,0.02,0.02
2025-06-03,model_Portfolio,Hold,0.8191,0.0199,0.02,0.0199,0.021,0.0203,0.0202,0.0196,0.0202,0.0199
2025-06-04,model_Portfolio,Hold,0.8189,0.0202,0.0199,0.0201,0.0207,0.0202,0.0203,0.02,0.0201,0.0196
2025-06-05,model_Portfolio,Hold,0.8206,0.02,0.0196,0.0201,0.0205,0.0198,0.0199,0.0199,0.0199,0.0195
2025-06-06,model_Portfolio,Hold,0.818,0.0202,0.0199,0.0206,0.0213,0.02,0.0202,0.0205,0.0198,0.0195
2025-06-09,model_Portfolio,Hold,0.8172,0.0201,0.0197,0.021,0.0214,0.02,0.0206,0.0208,0.0197,0.0194
2025-06-10,model_Portfolio,Hold,0.8165,0.0202,0.0195,0.0209,0.0221,0.0201,0.0209,0.021,0.0197,0.0191
2025-06-11,model_Portfolio,Hold,0.8176,0.02,0.0192,0.0203,0.0223,0.0199,0.0207,0.0207,0.0198,0.0194
2025-06-12,model_Portfolio,Hold,0.8188,0.0198,0.0193,0.0202,0.0225,0.0199,0.0205,0.0204,0.0193,0.0193
2025-06-13,model_Portfolio,Hold,0.8182,0.0195,0.0193,0.0202,0.0238,0.0198,0.0204,0.0203,0.0191,0.0194
2025-06-16,model_Portfolio,Hold,0.8157,0.0198,0.0196,0.0207,0.0234,0.02,0.0207,0.0208,0.0197,0.0196
2025-06-17,model_Portfolio,Hold,0.8147,0.0199,0.0197,0.0209,0.024,0.0199,0.0205,0.0209,0.0195,0.0199
2025-06-18,model_Portfolio,Hold,0.8159,0.0196,0.0198,0.0207,0.0235,0.0198,0.0204,0.0206,0.0195,0.02
2025-06-20,model_Portfolio,Hold,0.8187,0.0182,0.02,0.0204,0.0231,0.0195,0.0206,0.0198,0.0197,0.0201
2025-06-23,model_Portfolio,Hold,0.8189,0.0188,0.0202,0.0202,0.0212,0.0196,0.021,0.0196,0.0202,0.0203
2025-06-24,model_Portfolio,Hold,0.8225,0.0186,0.0195,0.02,0.0203,0.0196,0.021,0.0192,0.0199,0.0195
2025-06-25,model_Portfolio,Hold,0.8232,0.0183,0.0193,0.02,0.02,0.0198,0.0207,0.0197,0.0197,0.0193
2025-06-26,model_Portfolio,Hold,0.8171,0.0188,0.0199,0.0209,0.0212,0.0202,0.0212,0.0205,0.0205,0.0196
2025-06-27,model_Portfolio,Hold,0.8168,0.0186,0.02,0.0214,0.0212,0.0201,0.0209,0.021,0.0206,0.0195
2025-06-30,model_Portfolio,Hold,0.819,0.0186,0.0199,0.0208,0.0207,0.0199,0.0208,0.0205,0.0204,0.0193
2025-07-01,model_Portfolio,Rebalance,0.02,0.02,0.82,0.02,0.02,0.02,0.02,0.02,0.02,0.02
2025-07-02,model_Portfolio,Hold,0.02,0.0203,0.8154,0.0203,0.0209,0.0207,0.0208,0.0207,0.0203,0.0207
2025-07-03,model_Portfolio,Hold,0.0199,0.0203,0.8161,0.0204,0.0208,0.0206,0.0208,0.0206,0.02,0.0207
2025-07-07,model_Portfolio,Hold,0.0201,0.0203,0.8148,0.0207,0.0209,0.0207,0.0206,0.0206,0.0202,0.0212
2025-07-08,model_Portfolio,Hold,0.0199,0.0204,0.8142,0.0203,0.022,0.0208,0.021,0.0202,0.0203,0.0208
2025-07-09,model_Portfolio,Hold,0.0201,0.0202,0.8123,0.0208,0.0222,0.0212,0.0213,0.0207,0.0209,0.0204
2025-07-10,model_Portfolio,Hold,0.0201,0.0196,0.8123,0.0207,0.0221,0.0211,0.0218,0.0207,0.021,0.0206
2025-07-11,model_Portfolio,Hold,0.02,0.0193,0.8121,0.0211,0.0219,0.0211,0.022,0.0212,0.0209,0.0205
2025-07-14,model_Portfolio,Hold,0.0198,0.019,0.8142,0.021,0.021,0.0208,0.0216,0.0211,0.021,0.0204
2025-07-15,model_Portfolio,Hold,0.0202,0.0191,0.8125,0.0214,0.0205,0.0209,0.0216,0.0216,0.0212,0.0209
2025-07-16,model_Portfolio,Hold,0.0201,0.0192,0.8136,0.021,0.0198,0.0209,0.0217,0.0215,0.0212,0.0209
2025-07-17,model_Portfolio,Hold,0.0184,0.0194,0.8137,0.021,0.0206,0.0213,0.0219,0.0216,0.0214,0.0206
2025-07-18,model_Portfolio,Hold,0.0188,0.0194,0.8143,0.0212,0.0205,0.0213,0.0216,0.0217,0.0206,0.0206
2025-07-21,model_Portfolio,Hold,0.019,0.0194,0.8125,0.0216,0.0203,0.0213,0.0218,0.0224,0.0206,0.021
2025-07-22,model_Portfolio,Hold,0.0189,0.0195,0.8133,0.0211,0.0205,0.0213,0.0221,0.0222,0.0201,0.0209
2025-07-23,model_Portfolio,Hold,0.0189,0.0194,0.8127,0.0211,0.0209,0.0213,0.0227,0.0221,0.02,0.0209
2025-07-24,model_Portfolio,Hold,0.0189,0.0191,0.8122,0.0216,0.0211,0.0213,0.0225,0.0224,0.0199,0.021
2025-07-25,model_Portfolio,Hold,0.0189,0.0191,0.8131,0.0213,0.0207,0.0213,0.0224,0.0223,0.02,0.0209
2025-07-28,model_Portfolio,Hold,0.0193,0.0191,0.8104,0.0219,0.0217,0.0215,0.022,0.0227,0.0205,0.0209
2025-07-29,model_Portfolio,Hold,0.0196,0.0192,0.8095,0.0217,0.0218,0.0214,0.0221,0.0231,0.0204,0.0211
2025-07-30,model_Portfolio,Hold,0.02,0.0192,0.807,0.0221,0.022,0.0215,0.0221,0.0236,0.0201,0.0223
2025-07-31,model_Portfolio,Hold,0.0196,0.0186,0.8093,0.0223,0.0217,0.0212,0.0216,0.0229,0.0204,0.0224
2025-08-01,model_Portfolio,Rebalance,0.0355,0.0329,0.338,0.0271,0.1739,0.0352,0.2315,0.0285,0.0298,0.0675
2025-08-04,model_Portfolio,Hold,0.036,0.0332,0.3375,0.0266,0.171,0.0357,0.2333,0.0292,0.0303,0.0673
2025-08-05,model_Portfolio,Hold,0.0359,0.0314,0.336,0.0266,0.1726,0.036,0.2346,0.0289,0.0305,0.0674
2025-08-06,model_Portfolio,Hold,0.0362,0.0316,0.3491,0.0278,0.1685,0.0358,0.2227,0.0292,0.0308,0.0683
2025-08-07,model_Portfolio,Hold,0.0359,0.0304,0.3437,0.0275,0.1788,0.0352,0.2214,0.0288,0.0305,0.0677
2025-08-08,model_Portfolio,Hold,0.0362,0.0298,0.3444,0.0271,0.182,0.0348,0.2182,0.0293,0.0305,0.0677
2025-08-11,model_Portfolio,Hold,0.0356,0.0299,0.3484,0.0271,0.1821,0.0344,0.2124,0.0294,0.0311,0.0697
2025-08-12,model_Portfolio,Hold,0.0351,0.0295,0.343,0.0269,0.1851,0.0347,0.2157,0.0294,0.0313,0.0693
2025-08-13,model_Portfolio,Hold,0.0342,0.0301,0.3455,0.0269,0.1837,0.0349,0.2166,0.0288,0.0314,0.0679
2025-08-14,model_Portfolio,Hold,0.0343,0.0302,0.3453,0.0278,0.1837,0.0347,0.2159,0.0291,0.0308,0.0682
2025-08-15,model_Portfolio,Hold,0.0348,0.0302,0.3439,0.0276,0.1827,0.0344,0.2194,0.0291,0.0298,0.0681
2025-08-18,model_Portfolio,Hold,0.0343,0.0303,0.3439,0.0276,0.1814,0.034,0.2218,0.0289,0.0298,0.068
2025-08-19,model_Portfolio,Hold,0.0343,0.0309,0.3452,0.027,0.1787,0.034,0.2234,0.0284,0.0298,0.0682
2025-08-20,model_Portfolio,Hold,0.0345,0.0307,0.3488,0.0264,0.1788,0.0341,0.2201,0.028,0.0298,0.0689
2025-08-21,model_Portfolio,Hold,0.0342,0.0305,0.3487,0.0261,0.1808,0.0341,0.2193,0.028,0.0296,0.0688
2025-08-22,model_Portfolio,Hold,0.0336,0.0304,0.3415,0.0263,0.1852,0.034,0.2239,0.0282,0.0298,0.0672
2025-08-25,model_Portfolio,Hold,0.0334,0.03,0.3383,0.0262,0.1915,0.0334,0.2226,0.0285,0.0294,0.0666
2025-08-26,model_Portfolio,Hold,0.0333,0.0299,0.3404,0.0262,0.1893,0.0334,0.2236,0.0283,0.0295,0.066
2025-08-27,model_Portfolio,Hold,0.0332,0.03,0.3366,0.0262,0.1925,0.0333,0.2251,0.0282,0.0293,0.0656
2025-08-28,model_Portfolio,Hold,0.0331,0.0299,0.3323,0.0264,0.1957,0.0333,0.2253,0.0288,0.0295,0.0656
2025-08-29,model_Portfolio,Hold,0.0332,0.0301,0.3324,0.026,0.1964,0.033,0.2253,0.0288,0.0289,0.0659
2025-09-02,model_Portfolio,Rebalance,0.02,0.02,0.02,0.02,0.02,0.02,0.82,0.02,0.02,0.02
2025-09-03,model_Portfolio,Hold,0.02,0.0197,0.0201,0.0199,0.0189,0.0198,0.8207,0.0217,0.0196,0.0197
2025-09-04,model_Portfolio,Hold,0.0198,0.0193,0.0201,0.0205,0.0192,0.0194,0.8211,0.0215,0.0197,0.0194
2025-09-05,model_Portfolio,Hold,0.0194,0.0191,0.0195,0.0198,0.0183,0.0191,0.8249,0.0214,0.0193,0.019
2025-09-08,model_Portfolio,Hold,0.0192,0.019,0.0192,0.02,0.0178,0.0189,0.827,0.0212,0.019,0.0187
2025-09-09,model_Portfolio,Hold,0.0195,0.0191,0.0196,0.0205,0.0176,0.0191,0.824,0.0221,0.0193,0.0191
2025-09-10,model_Portfolio,Hold,0.0191,0.0184,0.0197,0.0198,0.0189,0.0191,0.8247,0.022,0.0193,0.0191
2025-09-11,model_Portfolio,Hold,0.0194,0.0183,0.0198,0.0196,0.0185,0.0194,0.8244,0.0219,0.0198,0.019
2025-09-12,model_Portfolio,Hold,0.0195,0.0179,0.0199,0.0194,0.0184,0.0192,0.8252,0.0219,0.0196,0.019
2025-09-15,model_Portfolio,Hold,0.019,0.0177,0.0196,0.0196,0.0183,0.0189,0.8261,0.0227,0.0193,0.0187
2025-09-16,model_Portfolio,Hold,0.0192,0.0176,0.0194,0.0197,0.0195,0.0185,0.8255,0.0226,0.0193,0.0186
2025-09-17,model_Portfolio,Hold,0.0195,0.018,0.0198,0.0196,0.0193,0.019,0.824,0.0226,0.0192,0.0189
2025-09-18,model_Portfolio,Hold,0.0191,0.0175,0.0191,0.0192,0.0187,0.0187,0.8284,0.0223,0.0188,0.0181
2025-09-19,model_Portfolio,Hold,0.0196,0.0177,0.0194,0.0194,0.0186,0.0188,0.8259,0.0228,0.0192,0.0186
2025-09-22,model_Portfolio,Hold,0.0197,0.0178,0.0193,0.0192,0.0188,0.0187,0.8265,0.0227,0.0189,0.0183
2025-09-23,model_Portfolio,Hold,0.0194,0.0173,0.0193,0.0184,0.0189,0.0178,0.8289,0.0224,0.0191,0.0185
2025-09-24,model_Portfolio,Hold,0.0194,0.0177,0.0197,0.0186,0.0195,0.0177,0.8274,0.0223,0.0191,0.0187
2025-09-25,model_Portfolio,Hold,0.0196,0.0176,0.0201,0.0188,0.0198,0.0176,0.8257,0.0226,0.0192,0.0191
2025-09-26,model_Portfolio,Hold,0.0197,0.0181,0.0205,0.0189,0.0201,0.0177,0.8239,0.0227,0.0192,0.0193
2025-09-29,model_Portfolio,Hold,0.0195,0.0186,0.0204,0.019,0.0197,0.0178,0.8243,0.0223,0.0192,0.0192
2025-09-30,model_Portfolio,Hold,0.0196,0.0185,0.0204,0.0187,0.0196,0.0179,0.8246,0.0221,0.0193,0.0192
2025-10-01,model_Portfolio,Rebalance,0.02,0.02,0.82,0.02,0.02,0.02,0.02,0.02,0.02,0.02
2025-10-02,model_Portfolio,Hold,0.02,0.0201,0.8201,0.0202,0.0191,0.0202,0.0201,0.0201,0.0204,0.0199
2025-10-03,model_Portfolio,Hold,0.0199,0.0199,0.8218,0.0197,0.0193,0.02,0.0198,0.0198,0.0201,0.0196
2025-10-06,model_Portfolio,Hold,0.0197,0.02,0.8231,0.0197,0.0197,0.0198,0.0188,0.0201,0.0197,0.0194
2025-10-07,model_Portfolio,Hold,0.0196,0.0203,0.8231,0.0198,0.0197,0.0199,0.0184,0.0198,0.0196,0.0198
2025-10-08,model_Portfolio,Hold,0.02,0.0206,0.8226,0.0203,0.0195,0.0199,0.0179,0.0198,0.0199,0.0196
2025-10-09,model_Portfolio,Hold,0.02,0.0207,0.8232,0.0207,0.0189,0.0196,0.0178,0.0197,0.0196,0.0198
2025-10-10,model_Portfolio,Hold,0.02,0.0199,0.8268,0.0198,0.0176,0.0193,0.0178,0.0195,0.0192,0.0202
2025-10-13,model_Portfolio,Hold,0.0199,0.0202,0.8244,0.0202,0.0184,0.0196,0.0179,0.0201,0.0196,0.0198
2025-10-14,model_Portfolio,Hold,0.02,0.02,0.8253,0.0196,0.0183,0.0195,0.018,0.02,0.0195,0.0197
2025-10-15,model_Portfolio,Hold,0.0197,0.0199,0.8234,0.0198,0.0188,0.0194,0.0185,0.0208,0.0199,0.0198
2025-10-16,model_Portfolio,Hold,0.02,0.02,0.8209,0.0202,0.0191,0.0196,0.0187,0.0213,0.0202,0.0201
2025-10-17,model_Portfolio,Hold,0.0199,0.0202,0.8218,0.0199,0.0185,0.0194,0.0185,0.0213,0.0202,0.0202
2025-10-20,model_Portfolio,Hold,0.0199,0.0203,0.8219,0.02,0.0183,0.0193,0.0188,0.0214,0.0203,0.0198
2025-10-21,model_Portfolio,Hold,0.0196,0.021,0.8196,0.0206,0.0184,0.0194,0.0188,0.0209,0.0219,0.0197
2025-10-22,model_Portfolio,Hold,0.0197,0.021,0.8187,0.0203,0.0189,0.0193,0.0191,0.0211,0.022,0.0199
2025-10-23,model_Portfolio,Hold,0.0195,0.021,0.8165,0.0206,0.0204,0.0195,0.0189,0.0212,0.0226,0.02
2025-10-24,model_Portfolio,Hold,0.0196,0.0209,0.8161,0.0209,0.0198,0.0195,0.0191,0.0218,0.0222,0.0201
2025-10-27,model_Portfolio,Hold,0.0196,0.0211,0.8159,0.0211,0.0193,0.0195,0.0191,0.0225,0.0221,0.0197
2025-10-28,model_Portfolio,Hold,0.0197,0.0215,0.8184,0.0215,0.019,0.0196,0.0156,0.0226,0.0222,0.0198
2025-10-29,model_Portfolio,Hold,0.0196,0.0213,0.819,0.0219,0.019,0.0193,0.0147,0.0235,0.0221,0.0196
2025-10-30,model_Portfolio,Hold,0.0195,0.0213,0.8224,0.021,0.0188,0.0189,0.014,0.0239,0.0222,0.0179
2025-10-31,model_Portfolio,Hold,0.0192,0.0212,0.8211,0.0229,0.0189,0.0187,0.0144,0.0238,0.0221,0.0176
2025-11-03,model_Portfolio,Rebalance,0.0266,0.0238,0.7345,0.0221,0.0486,0.0257,0.0348,0.0227,0.0217,0.0395
2025-11-04,model_Portfolio,Hold,0.0268,0.0231,0.7396,0.0215,0.0472,0.0256,0.0334,0.0219,0.0213,0.0396
2025-11-05,model_Portfolio,Hold,0.0261,0.0231,0.7437,0.0212,0.0455,0.0248,0.0332,0.0221,0.0214,0.0388
2025-11-06,model_Portfolio,Hold,0.0256,0.0221,0.7445,0.0202,0.0487,0.0265,0.0317,0.0217,0.0209,0.0381
2025-11-07,model_Portfolio,Hold,0.0258,0.0224,0.743,0.0202,0.0488,0.0264,0.033,0.0211,0.0209,0.0384
2025-11-10,model_Portfolio,Hold,0.0257,0.0223,0.7413,0.0205,0.05,0.0264,0.0323,0.022,0.0213,0.0382
2025-11-11,model_Portfolio,Hold,0.0259,0.022,0.7401,0.0205,0.0503,0.0267,0.0325,0.022,0.0214,0.0386
2025-11-12,model_Portfolio,Hold,0.0262,0.0223,0.743,0.02,0.0487,0.0265,0.0318,0.0216,0.0216,0.0383
2025-11-13,model_Portfolio,Hold,0.0262,0.0224,0.7439,0.0195,0.0502,0.0266,0.0308,0.021,0.0215,0.038
2025-11-14,model_Portfolio,Hold,0.0266,0.0223,0.7432,0.0193,0.0507,0.0263,0.031,0.0209,0.0213,0.0384
2025-11-17,model_Portfolio,Hold,0.0269,0.0223,0.7416,0.0195,0.0506,0.0261,0.0306,0.0219,0.0214,0.039
2025-11-18,model_Portfolio,Hold,0.027,0.0222,0.7404,0.0187,0.0519,0.0261,0.0307,0.0219,0.0215,0.0397
2025-11-19,model_Portfolio,Hold,0.0266,0.0226,0.7392,0.019,0.0508,0.0266,0.0303,0.0229,0.0219,0.04
2025-11-20,model_Portfolio,Hold,0.026,0.0225,0.744,0.0184,0.0492,0.0263,0.0298,0.0225,0.0216,0.0396
2025-11-21,model_Portfolio,Hold,0.0266,0.0233,0.7399,0.0185,0.05,0.0267,0.0307,0.0231,0.0218,0.0392
2025-11-24,model_Portfolio,Hold,0.0265,0.0226,0.7377,0.0191,0.051,0.0267,0.031,0.0246,0.0221,0.0387
2025-11-25,model_Portfolio,Hold,0.0264,0.0229,0.7378,0.0191,0.0498,0.0266,0.0315,0.0247,0.0221,0.039
2025-11-26,model_Portfolio,Hold,0.0266,0.0229,0.7348,0.0192,0.0513,0.0268,0.0323,0.0246,0.0221,0.0394
2025-11-28,model_Portfolio,Hold,0.0267,0.0231,0.733,0.0195,0.0519,0.027,0.0323,0.0246,0.0223,0.0396
2025-12-01,model_Portfolio,Rebalance,0.0206,0.0209,0.0314,0.0204,0.022,0.0209,0.8005,0.0203,0.0202,0.0228
2025-12-02,model_Portfolio,Hold,0.0201,0.0209,0.0308,0.0203,0.0219,0.0204,0.8029,0.0202,0.0201,0.0224
2025-12-03,model_Portfolio,Hold,0.0216,0.0237,0.0335,0.0218,0.0252,0.0224,0.7834,0.0222,0.022,0.0241
2025-12-04,model_Portfolio,Hold,0.0224,0.0242,0.0346,0.0222,0.0258,0.0232,0.7779,0.0227,0.0222,0.0249
2025-12-05,model_Portfolio,Hold,0.0227,0.0244,0.0353,0.0226,0.0267,0.0236,0.7737,0.0234,0.0224,0.0252
2025-12-08,model_Portfolio,Hold,0.0225,0.0247,0.0354,0.0227,0.0261,0.0217,0.7759,0.0232,0.0222,0.0256
2025-12-09,model_Portfolio,Hold,0.0222,0.0249,0.0352,0.0226,0.0262,0.0211,0.7768,0.0233,0.0223,0.0255
2025-12-10,model_Portfolio,Hold,0.022,0.0246,0.0342,0.0225,0.0255,0.0211,0.7801,0.023,0.0219,0.0251
2025-12-11,model_Portfolio,Hold,0.0224,0.0248,0.0352,0.0227,0.0256,0.0221,0.7763,0.0228,0.0226,0.0255
2025-12-12,model_Portfolio,Hold,0.0224,0.0244,0.035,0.0219,0.0251,0.0216,0.7801,0.0222,0.0222,0.0251
2025-12-15,model_Portfolio,Hold,0.0226,0.0244,0.035,0.0213,0.0241,0.0215,0.7829,0.0218,0.0215,0.0249
2025-12-16,model_Portfolio,Hold,0.0226,0.0244,0.0347,0.0215,0.0231,0.0215,0.7836,0.0219,0.0214,0.0253
2025-12-17,model_Portfolio,Hold,0.0223,0.0243,0.0347,0.0212,0.0235,0.0216,0.7854,0.021,0.021,0.0249
2025-12-18,model_Portfolio,Hold,0.0216,0.0235,0.0339,0.0212,0.0222,0.021,0.7911,0.021,0.0205,0.0241
2025-12-19,model_Portfolio,Hold,0.022,0.024,0.0344,0.0216,0.0229,0.021,0.7872,0.0216,0.0209,0.0243
2025-12-22,model_Portfolio,Hold,0.0217,0.0236,0.0339,0.0215,0.0229,0.0211,0.789,0.0215,0.0204,0.0243
2025-12-23,model_Portfolio,Hold,0.0218,0.0238,0.0344,0.022,0.023,0.0213,0.7865,0.022,0.0206,0.0245
2025-12-24,model_Portfolio,Hold,0.0216,0.0235,0.034,0.0218,0.0228,0.0212,0.7888,0.0218,0.0204,0.0244
2025-12-26,model_Portfolio,Hold,0.0216,0.0236,0.0339,0.0218,0.0227,0.0214,0.7883,0.0218,0.0207,0.0243
2025-12-29,model_Portfolio,Hold,0.0214,0.0234,0.0336,0.0216,0.0226,0.0212,0.7901,0.0216,0.0204,0.0241
2025-12-30,model_Portfolio,Hold,0.0215,0.0232,0.0336,0.0215,0.0228,0.0212,0.7905,0.0215,0.0202,0.024
2022-01-20,model_Portfolio,Rebalance,0.02,0.02,0.8199,0.02,0.02,0.02,0.02,0.02,0.02,0.02
2022-01-21,model_Portfolio,Hold,0.0205,0.0199,0.8201,0.0191,0.0196,0.02,0.0202,0.0199,0.0202,0.0204
2022-01-24,model_Portfolio,Hold,0.02,0.02,0.8214,0.0192,0.0197,0.0199,0.0199,0.0198,0.0201,0.02
2022-01-25,model_Portfolio,Hold,0.0198,0.0196,0.8224,0.0185,0.0212,0.0195,0.0196,0.0191,0.0201,0.02
2022-01-26,model_Portfolio,Hold,0.0193,0.0193,0.8247,0.0184,0.0212,0.0193,0.0192,0.0194,0.0195,0.0197
2022-01-27,model_Portfolio,Hold,0.0194,0.0196,0.8239,0.0185,0.0212,0.0193,0.0188,0.0195,0.0197,0.0201
2022-01-28,model_Portfolio,Hold,0.02,0.0199,0.8229,0.0189,0.0212,0.0193,0.019,0.0199,0.0187,0.02
2022-01-31,model_Portfolio,Hold,0.0202,0.0204,0.8213,0.0195,0.021,0.0194,0.0194,0.02,0.0189,0.02
2022-02-01,model_Portfolio,Hold,0.0201,0.0203,0.82,0.0196,0.0219,0.0195,0.0194,0.0203,0.019,0.0198
2022-02-02,model_Portfolio,Hold,0.0203,0.0204,0.82,0.0193,0.0216,0.0193,0.0193,0.0216,0.0187,0.0195
2022-02-03,model_Portfolio,Hold,0.0204,0.0197,0.8236,0.0179,0.0216,0.0191,0.0189,0.021,0.0185,0.0196
2022-02-04,model_Portfolio,Hold,0.02,0.0195,0.8252,0.02,0.0213,0.0177,0.0185,0.0207,0.0178,0.0192
2022-02-07,model_Portfolio,Hold,0.0197,0.0192,0.8281,0.02,0.0209,0.017,0.0181,0.02,0.0178,0.0192
2022-02-08,model_Portfolio,Hold,0.0196,0.0191,0.8299,0.0202,0.02,0.0167,0.0179,0.0199,0.0178,0.019
2022-02-09,model_Portfolio,Hold,0.0198,0.0196,0.8278,0.0201,0.0203,0.0171,0.0182,0.0201,0.0178,0.019
2022-02-10,model_Portfolio,Hold,0.0196,0.0191,0.8296,0.02,0.0205,0.0168,0.0178,0.0199,0.0176,0.0191
2022-02-11,model_Portfolio,Hold,0.0193,0.0185,0.8311,0.0194,0.021,0.0164,0.018,0.0194,0.0177,0.0192
2022-02-14,model_Portfolio,Hold,0.0192,0.0186,0.8304,0.02,0.0201,0.0166,0.0181,0.0199,0.0178,0.0194
2022-02-15,model_Portfolio,Hold,0.0192,0.0186,0.831,0.0199,0.0199,0.0167,0.018,0.0198,0.0175,0.0193
2022-02-16,model_Portfolio,Hold,0.0192,0.0188,0.8304,0.0201,0.02,0.0165,0.0182,0.02,0.0173,0.0194
2022-02-17,model_Portfolio,Hold,0.0191,0.0186,0.83,0.0201,0.0204,0.0165,0.0185,0.0196,0.017,0.0201
2022-02-18,model_Portfolio,Hold,0.0185,0.0185,0.8311,0.0199,0.0203,0.0167,0.0185,0.0193,0.017,0.0203
2022-02-22,model_Portfolio,Hold,0.0187,0.0186,0.8313,0.0197,0.0198,0.0165,0.0188,0.0194,0.017,0.0203
2022-02-23,model_Portfolio,Hold,0.019,0.0185,0.8304,0.0193,0.02,0.0165,0.0189,0.0194,0.017,0.0209
2022-02-24,model_Portfolio,Hold,0.0197,0.0191,0.8237,0.0207,0.0215,0.017,0.0199,0.0206,0.0173,0.0204
2022-02-25,model_Portfolio,Hold,0.0196,0.0188,0.8253,0.0203,0.0216,0.0167,0.0195,0.0202,0.0175,0.0205
2022-02-28,model_Portfolio,Hold,0.0196,0.0187,0.8236,0.0205,0.0231,0.0167,0.0193,0.0205,0.0175,0.0206
2022-03-01,model_Portfolio,Hold,0.0199,0.0191,0.818,0.0209,0.0251,0.0169,0.0199,0.0211,0.0177,0.0215
2022-03-02,model_Portfolio,Hold,0.0198,0.019,0.82,0.0205,0.0248,0.0166,0.0196,0.0207,0.0175,0.0215
2022-03-03,model_Portfolio,Hold,0.0196,0.0188,0.8224,0.0197,0.0247,0.0163,0.0196,0.0203,0.0174,0.0213
2022-03-04,model_Portfolio,Hold,0.0199,0.0188,0.8199,0.0197,0.0259,0.0163,0.0201,0.0203,0.0175,0.0218
2022-03-07,model_Portfolio,Hold,0.0199,0.0186,0.8219,0.0189,0.0254,0.0161,0.02,0.0198,0.0174,0.022
2022-03-08,model_Portfolio,Hold,0.0194,0.0184,0.8231,0.0187,0.0258,0.0159,0.0201,0.0199,0.0176,0.0211
2022-03-09,model_Portfolio,Hold,0.0194,0.0185,0.8233,0.0188,0.0254,0.0162,0.0198,0.0205,0.0174,0.0207
2022-03-10,model_Portfolio,Hold,0.0193,0.0186,0.8212,0.0199,0.0264,0.0163,0.0198,0.0204,0.0172,0.0209
2022-03-11,model_Portfolio,Hold,0.0189,0.0187,0.8238,0.0198,0.0258,0.0158,0.0196,0.0201,0.0169,0.0207
2022-03-14,model_Portfolio,Hold,0.0189,0.0183,0.8274,0.0191,0.0246,0.0155,0.0194,0.0193,0.017,0.0205
2022-03-15,model_Portfolio,Hold,0.0191,0.0187,0.8263,0.0197,0.0238,0.0157,0.0195,0.0196,0.017,0.0207
2022-03-16,model_Portfolio,Hold,0.019,0.0188,0.8273,0.02,0.0234,0.0155,0.0192,0.0198,0.0168,0.0202
2022-03-17,model_Portfolio,Hold,0.0191,0.0184,0.8253,0.0204,0.0249,0.0157,0.0193,0.0198,0.0169,0.0202
2022-03-18,model_Portfolio,Hold,0.0193,0.0186,0.8242,0.0209,0.0246,0.0159,0.0194,0.0201,0.017,0.0202
2022-03-21,model_Portfolio,Hold,0.019,0.0185,0.8242,0.0208,0.0255,0.0159,0.019,0.0199,0.0169,0.0203
2022-03-22,model_Portfolio,Hold,0.0188,0.0184,0.8252,0.0209,0.0249,0.0158,0.0187,0.0202,0.0168,0.0204
2022-03-23,model_Portfolio,Hold,0.0182,0.0182,0.8253,0.0209,0.0253,0.0159,0.0186,0.0202,0.0167,0.0206
2022-03-24,model_Portfolio,Hold,0.0182,0.0182,0.8255,0.0207,0.0251,0.0162,0.0186,0.0204,0.0166,0.0204
2022-03-25,model_Portfolio,Hold,0.018,0.0181,0.8261,0.0206,0.0252,0.0163,0.0186,0.0201,0.0166,0.0205
2022-03-28,model_Portfolio,Hold,0.0183,0.0183,0.8261,0.0212,0.0242,0.0164,0.0188,0.0202,0.0165,0.02
2022-03-29,model_Portfolio,Hold,0.0183,0.0188,0.8242,0.0211,0.0248,0.0167,0.0193,0.0203,0.0167,0.0198
2022-03-30,model_Portfolio,Hold,0.0182,0.0187,0.8247,0.0207,0.0249,0.0167,0.0194,0.0201,0.0166,0.0199
2022-03-31,model_Portfolio,Hold,0.0182,0.0189,0.8235,0.0206,0.0254,0.0168,0.0196,0.02,0.0166,0.0203
2022-04-01,model_Portfolio,Rebalance,0.02,0.02,0.02,0.02,0.02,0.02,0.02,0.02,0.82,0.02
2022-04-04,model_Portfolio,Hold,0.02,0.0202,0.0196,0.0206,0.0203,0.0203,0.0197,0.0204,0.8188,0.02
2022-04-05,model_Portfolio,Hold,0.0202,0.0202,0.0198,0.0202,0.0198,0.0203,0.0198,0.0202,0.8195,0.0201
2022-04-06,model_Portfolio,Hold,0.0202,0.0199,0.02,0.0194,0.0193,0.02,0.02,0.0195,0.8214,0.0204
2022-04-07,model_Portfolio,Hold,0.0208,0.0201,0.0201,0.0193,0.0194,0.0202,0.0198,0.0194,0.8207,0.0204
2022-04-08,model_Portfolio,Hold,0.0208,0.0199,0.0202,0.0189,0.0204,0.0202,0.0197,0.019,0.8205,0.0205
2022-04-11,model_Portfolio,Hold,0.0203,0.0193,0.0201,0.0185,0.0195,0.0201,0.0193,0.0184,0.8238,0.0207
2022-04-12,model_Portfolio,Hold,0.0202,0.0194,0.0202,0.0186,0.0202,0.0201,0.0194,0.0184,0.8224,0.021
2022-04-13,model_Portfolio,Hold,0.0204,0.0193,0.0202,0.0192,0.0208,0.0202,0.0194,0.0187,0.8208,0.021
2022-04-14,model_Portfolio,Hold,0.0203,0.0191,0.0205,0.0189,0.021,0.0202,0.0194,0.0184,0.8211,0.0212
2022-04-18,model_Portfolio,Hold,0.0202,0.0189,0.0207,0.0191,0.0213,0.0202,0.0193,0.0187,0.8203,0.0212
2022-04-19,model_Portfolio,Hold,0.0203,0.0189,0.0202,0.0193,0.021,0.02,0.0192,0.0185,0.8216,0.0209
2022-04-20,model_Portfolio,Hold,0.0207,0.019,0.0205,0.0188,0.0209,0.0199,0.0194,0.0182,0.8217,0.0209
2022-04-21,model_Portfolio,Hold,0.0207,0.0188,0.02,0.018,0.0199,0.02,0.0192,0.0177,0.8244,0.0213
2022-04-22,model_Portfolio,Hold,0.0205,0.0185,0.0198,0.0179,0.0195,0.0197,0.0192,0.0173,0.8263,0.0213
2022-04-25,model_Portfolio,Hold,0.0206,0.0189,0.0195,0.0181,0.0188,0.0198,0.019,0.0178,0.8261,0.0213
2022-04-26,model_Portfolio,Hold,0.0207,0.0187,0.0196,0.0178,0.0192,0.0198,0.0193,0.0177,0.8255,0.0218
2022-04-27,model_Portfolio,Hold,0.0207,0.0187,0.0196,0.0177,0.0198,0.02,0.019,0.0171,0.8257,0.0218
2022-04-28,model_Portfolio,Hold,0.0205,0.0189,0.0187,0.0181,0.0202,0.0198,0.019,0.0173,0.826,0.0215
2022-04-29,model_Portfolio,Hold,0.0202,0.0186,0.0185,0.016,0.0204,0.0197,0.0186,0.0171,0.8289,0.0221
2022-05-02,model_Portfolio,Hold,0.0199,0.0186,0.0184,0.0158,0.02,0.0196,0.018,0.0173,0.8305,0.0218
2022-05-03,model_Portfolio,Hold,0.0195,0.0184,0.0183,0.0156,0.0207,0.0197,0.018,0.0172,0.8312,0.0215
2022-05-04,model_Portfolio,Hold,0.0193,0.0183,0.0181,0.0152,0.0211,0.0196,0.0176,0.0172,0.8325,0.0211
2022-05-05,model_Portfolio,Hold,0.0195,0.0179,0.0182,0.0145,0.02,0.0193,0.0177,0.0169,0.8342,0.0216
2022-05-06,model_Portfolio,Hold,0.0193,0.0177,0.0183,0.0143,0.0213,0.0193,0.0175,0.0168,0.8336,0.0218
2022-05-09,model_Portfolio,Hold,0.0184,0.0171,0.0179,0.0134,0.018,0.0189,0.0164,0.0162,0.8425,0.0212
2022-05-10,model_Portfolio,Hold,0.0186,0.0174,0.0182,0.0137,0.0183,0.0191,0.0163,0.0168,0.8414,0.0201
2022-05-11,model_Portfolio,Hold,0.0188,0.0173,0.0184,0.0135,0.019,0.0196,0.0164,0.017,0.8395,0.0205
2022-05-12,model_Portfolio,Hold,0.0188,0.017,0.0178,0.0134,0.0186,0.0191,0.0162,0.0166,0.8422,0.0203
2022-05-13,model_Portfolio,Hold,0.0191,0.0173,0.0178,0.0142,0.02,0.0192,0.0166,0.017,0.8382,0.0206
2022-05-16,model_Portfolio,Hold,0.0189,0.0172,0.0176,0.0138,0.0205,0.019,0.0163,0.0166,0.8393,0.0207
2022-05-17,model_Portfolio,Hold,0.0195,0.0172,0.0178,0.0142,0.0206,0.0193,0.0161,0.0167,0.8379,0.0207
2022-05-18,model_Portfolio,Hold,0.0197,0.0166,0.018,0.0135,0.0198,0.0194,0.0158,0.0165,0.84,0.0208
2022-05-19,model_Portfolio,Hold,0.0197,0.0167,0.0178,0.0136,0.02,0.0194,0.0158,0.0163,0.8406,0.02
2022-05-20,model_Portfolio,Hold,0.0202,0.0171,0.018,0.0138,0.0208,0.0201,0.0163,0.0164,0.837,0.0204
2022-05-23,model_Portfolio,Hold,0.0203,0.0174,0.0183,0.0137,0.0219,0.02,0.0163,0.0166,0.8347,0.0207
2022-05-24,model_Portfolio,Hold,0.02,0.0171,0.0184,0.0132,0.0215,0.0198,0.0162,0.0157,0.8373,0.0208
2022-05-25,model_Portfolio,Hold,0.0199,0.0171,0.0186,0.0135,0.0224,0.0197,0.0161,0.0157,0.8359,0.0212
2022-05-26,model_Portfolio,Hold,0.0199,0.0176,0.0188,0.0139,0.0223,0.02,0.0163,0.0158,0.8342,0.0212
2022-05-27,model_Portfolio,Hold,0.0199,0.018,0.0189,0.0142,0.0228,0.0203,0.0165,0.0161,0.8326,0.0208
2022-05-31,model_Portfolio,Hold,0.02,0.0177,0.019,0.0148,0.0225,0.0199,0.0162,0.0164,0.8327,0.0207
2022-06-01,model_Portfolio,Hold,0.02,0.018,0.019,0.0153,0.0232,0.0201,0.0163,0.0167,0.8305,0.021
2022-06-02,model_Portfolio,Hold,0.0201,0.0183,0.0188,0.0155,0.0228,0.0206,0.0164,0.017,0.8298,0.0208
2022-06-03,model_Portfolio,Hold,0.0203,0.0184,0.0187,0.0154,0.0235,0.0208,0.0163,0.0168,0.8289,0.0209
2022-06-06,model_Portfolio,Hold,0.0202,0.0184,0.0188,0.0156,0.0236,0.0212,0.0162,0.0171,0.8282,0.0208
2022-06-07,model_Portfolio,Hold,0.0201,0.0184,0.0188,0.0153,0.0248,0.0213,0.0162,0.017,0.8271,0.0208
2022-06-08,model_Portfolio,Hold,0.02,0.0184,0.0188,0.0153,0.025,0.0209,0.0156,0.0172,0.8294,0.0193
2022-06-09,model_Portfolio,Hold,0.0199,0.0181,0.0186,0.0148,0.0248,0.0212,0.0152,0.0171,0.8311,0.0192
2022-06-10,model_Portfolio,Hold,0.0202,0.0183,0.0188,0.0146,0.0252,0.0217,0.0154,0.0173,0.8283,0.0202
2022-06-13,model_Portfolio,Hold,0.0198,0.018,0.0184,0.014,0.0239,0.0215,0.0147,0.0168,0.8332,0.0198
2022-06-14,model_Portfolio,Hold,0.0194,0.018,0.0186,0.0139,0.0243,0.0214,0.0146,0.017,0.8329,0.0199
2022-06-15,model_Portfolio,Hold,0.0198,0.0185,0.0188,0.0147,0.0242,0.0215,0.0147,0.0175,0.8305,0.0197
2022-06-16,model_Portfolio,Hold,0.0198,0.0183,0.0189,0.0146,0.0228,0.0217,0.0146,0.0174,0.8318,0.0201
2022-06-17,model_Portfolio,Hold,0.0201,0.0188,0.0191,0.015,0.0215,0.0219,0.0148,0.0177,0.8309,0.0203
2022-06-21,model_Portfolio,Hold,0.0204,0.0192,0.0194,0.0153,0.0221,0.0223,0.0147,0.0183,0.8281,0.0203
2022-06-22,model_Portfolio,Hold,0.0206,0.0194,0.0193,0.0153,0.0205,0.0223,0.0149,0.0183,0.8309,0.0185
2022-06-23,model_Portfolio,Hold,0.0207,0.0194,0.0192,0.0159,0.0198,0.0224,0.0154,0.0185,0.8298,0.0189
2022-06-24,model_Portfolio,Hold,0.0207,0.0197,0.0193,0.0159,0.0193,0.0226,0.0156,0.0188,0.8294,0.0187
2022-06-27,model_Portfolio,Hold,0.0208,0.0194,0.0196,0.0156,0.0201,0.0223,0.016,0.0187,0.8287,0.0188
2022-06-28,model_Portfolio,Hold,0.0208,0.0192,0.0199,0.0151,0.0211,0.0224,0.0161,0.0184,0.8279,0.0192
2022-06-29,model_Portfolio,Hold,0.0213,0.019,0.0199,0.0154,0.0198,0.0225,0.0163,0.0184,0.8287,0.0186
2022-06-30,model_Portfolio,Hold,0.0213,0.0189,0.0199,0.0151,0.0192,0.0225,0.0165,0.018,0.8298,0.0187
2022-07-01,model_Portfolio,Rebalance,0.82,0.02,0.02,0.02,0.02,0.02,0.02,0.02,0.02,0.02
2022-07-05,model_Portfolio,Hold,0.8194,0.0198,0.0199,0.0209,0.0187,0.0199,0.0203,0.021,0.0203,0.0199
2022-07-06,model_Portfolio,Hold,0.8187,0.0199,0.0201,0.0211,0.0183,0.0198,0.0205,0.0213,0.0205,0.0197
2022-07-07,model_Portfolio,Hold,0.8172,0.02,0.0201,0.0213,0.0196,0.0195,0.0203,0.0219,0.0203,0.0199
2022-07-08,model_Portfolio,Hold,0.8177,0.02,0.0201,0.0212,0.0198,0.0192,0.0199,0.0221,0.0202,0.0198
2022-07-11,model_Portfolio,Hold,0.8189,0.0198,0.0201,0.0206,0.0196,0.0195,0.0196,0.0215,0.0203,0.0201
2022-07-12,model_Portfolio,Hold,0.8196,0.0198,0.0202,0.0203,0.0187,0.0194,0.0197,0.0213,0.0206,0.0204
2022-07-13,model_Portfolio,Hold,0.818,0.0202,0.0201,0.0209,0.0193,0.0194,0.0197,0.0212,0.0207,0.0206
2022-07-14,model_Portfolio,Hold,0.8203,0.02,0.0197,0.021,0.0185,0.019,0.0193,0.0211,0.0207,0.0205
2022-07-15,model_Portfolio,Hold,0.822,0.0196,0.0195,0.021,0.0183,0.0188,0.0195,0.0208,0.0205,0.0201
2022-07-18,model_Portfolio,Hold,0.82,0.0197,0.0197,0.0213,0.019,0.0189,0.0196,0.0206,0.0206,0.0205
2022-07-19,model_Portfolio,Hold,0.8193,0.02,0.0195,0.0215,0.0194,0.0189,0.0197,0.0209,0.0205,0.0203
2022-07-20,model_Portfolio,Hold,0.8159,0.0203,0.0196,0.0226,0.02,0.0193,0.0201,0.0211,0.0209,0.0202
2022-07-21,model_Portfolio,Hold,0.8186,0.0204,0.0194,0.0225,0.0187,0.0191,0.0198,0.0208,0.0206,0.02
2022-07-22,model_Portfolio,Hold,0.8179,0.0206,0.0197,0.0224,0.0184,0.0194,0.0203,0.0199,0.0209,0.0204
2022-07-25,model_Portfolio,Hold,0.8156,0.0208,0.02,0.0222,0.0197,0.0195,0.0204,0.0199,0.021,0.0209
2022-07-26,model_Portfolio,Hold,0.8167,0.0204,0.0198,0.021,0.0192,0.0194,0.0212,0.0194,0.0219,0.0209
2022-07-27,model_Portfolio,Hold,0.8143,0.0211,0.0197,0.0219,0.0198,0.0194,0.0212,0.0206,0.0214,0.0207
2022-07-28,model_Portfolio,Hold,0.8126,0.0214,0.0198,0.022,0.0199,0.0198,0.0217,0.0207,0.0215,0.0205
2022-07-29,model_Portfolio,Hold,0.8064,0.0217,0.0202,0.0244,0.0209,0.0203,0.0222,0.0212,0.0221,0.0206
2022-08-01,model_Portfolio,Hold,0.8084,0.0215,0.0199,0.0244,0.0202,0.0201,0.0219,0.0209,0.022,0.0206
2022-08-02,model_Portfolio,Hold,0.8079,0.0215,0.0208,0.0244,0.0203,0.02,0.0215,0.0211,0.022,0.0206
2022-08-03,model_Portfolio,Hold,0.8079,0.0217,0.0207,0.0251,0.0193,0.02,0.0212,0.0214,0.022,0.0206
2022-08-04,model_Portfolio,Hold,0.8076,0.0219,0.0207,0.0256,0.0172,0.0209,0.0213,0.0214,0.0227,0.0206
2022-08-05,model_Portfolio,Hold,0.8067,0.0219,0.0209,0.0254,0.0178,0.0214,0.0213,0.0214,0.0227,0.0206
2022-08-08,model_Portfolio,Hold,0.8058,0.022,0.021,0.0252,0.0181,0.0213,0.0217,0.0214,0.0229,0.0207
2022-08-09,model_Portfolio,Hold,0.8045,0.0221,0.0214,0.0251,0.0185,0.0213,0.0218,0.0214,0.023,0.0209
2022-08-10,model_Portfolio,Hold,0.8044,0.0221,0.0214,0.0254,0.0184,0.0214,0.022,0.0215,0.0227,0.0207
2022-08-11,model_Portfolio,Hold,0.8041,0.0219,0.0217,0.025,0.0193,0.0213,0.022,0.0213,0.0227,0.0208
2022-08-12,model_Portfolio,Hold,0.803,0.0221,0.0219,0.0253,0.019,0.0215,0.0221,0.0216,0.0228,0.0206
2022-08-15,model_Portfolio,Hold,0.804,0.022,0.0219,0.0251,0.0183,0.0217,0.0221,0.0216,0.0227,0.0206
2022-08-16,model_Portfolio,Hold,0.804,0.022,0.0218,0.0254,0.0181,0.0216,0.0222,0.0215,0.0225,0.0208
2022-08-17,model_Portfolio,Hold,0.8034,0.0222,0.0221,0.0252,0.0186,0.0215,0.0224,0.0214,0.0223,0.0209
2022-08-18,model_Portfolio,Hold,0.8015,0.0223,0.0224,0.0253,0.0202,0.0215,0.0218,0.0216,0.0223,0.0211
2022-08-19,model_Portfolio,Hold,0.8039,0.022,0.0221,0.0247,0.0201,0.0212,0.0215,0.0211,0.0223,0.021
2022-08-22,model_Portfolio,Hold,0.8027,0.0222,0.0221,0.0243,0.0209,0.0215,0.0216,0.021,0.0223,0.0215
2022-08-23,model_Portfolio,Hold,0.8,0.0222,0.0223,0.0246,0.0222,0.0217,0.0215,0.0212,0.0225,0.0218
2022-08-24,model_Portfolio,Hold,0.7982,0.0222,0.0223,0.0248,0.0232,0.0219,0.0218,0.0212,0.0225,0.022
2022-08-25,model_Portfolio,Hold,0.7965,0.0223,0.0224,0.0252,0.0231,0.0221,0.022,0.0216,0.0226,0.0221
2022-08-26,model_Portfolio,Hold,0.7961,0.0223,0.0228,0.025,0.0238,0.0226,0.0223,0.0212,0.0212,0.0227
2022-08-29,model_Portfolio,Hold,0.7967,0.0221,0.0228,0.0248,0.0246,0.0225,0.022,0.0211,0.0208,0.0226
2022-08-30,model_Portfolio,Hold,0.7998,0.0219,0.0225,0.0246,0.0234,0.0221,0.0218,0.021,0.0206,0.0224
2022-08-31,model_Portfolio,Hold,0.8018,0.0216,0.0222,0.0242,0.0232,0.0217,0.0217,0.0208,0.0204,0.0223
2022-09-01,model_Portfolio,Hold,0.8054,0.0212,0.0219,0.024,0.0221,0.0212,0.0211,0.0208,0.0203,0.0221
2022-09-02,model_Portfolio,Hold,0.8031,0.0213,0.0223,0.0244,0.0231,0.0213,0.0213,0.0208,0.0201,0.0223
2022-09-06,model_Portfolio,Hold,0.8049,0.0213,0.0223,0.0241,0.0225,0.0213,0.0216,0.0206,0.0192,0.0221
2022-09-07,model_Portfolio,Hold,0.8055,0.0211,0.0224,0.0243,0.0214,0.0215,0.0215,0.0207,0.0195,0.0219
2022-09-08,model_Portfolio,Hold,0.8084,0.0208,0.0223,0.024,0.0212,0.0211,0.0214,0.0202,0.019,0.0216
2022-09-09,model_Portfolio,Hold,0.8079,0.0207,0.0221,0.0243,0.0215,0.0211,0.0214,0.0203,0.0193,0.0215
2022-09-12,model_Portfolio,Hold,0.8066,0.0209,0.0221,0.0246,0.0224,0.0214,0.0214,0.0201,0.0193,0.0211
2022-09-13,model_Portfolio,Hold,0.8083,0.0206,0.0222,0.0237,0.0227,0.0216,0.0212,0.0196,0.0194,0.0208
2022-09-14,model_Portfolio,Hold,0.8077,0.0204,0.022,0.024,0.0242,0.0215,0.021,0.0197,0.0189,0.0206
2022-09-15,model_Portfolio,Hold,0.8085,0.0202,0.0219,0.0237,0.0243,0.0211,0.021,0.0195,0.0189,0.0209
2022-09-16,model_Portfolio,Hold,0.8079,0.0203,0.0221,0.0234,0.0239,0.0212,0.0211,0.0197,0.0191,0.0213
2022-09-19,model_Portfolio,Hold,0.8072,0.0204,0.0224,0.0236,0.0238,0.0213,0.0209,0.0197,0.019,0.0215
2022-09-20,model_Portfolio,Hold,0.8067,0.0204,0.0229,0.0235,0.0237,0.0213,0.0206,0.0196,0.0193,0.0219
2022-09-21,model_Portfolio,Hold,0.807,0.0204,0.023,0.0232,0.0234,0.0213,0.0205,0.0196,0.0194,0.0223
2022-09-22,model_Portfolio,Hold,0.8089,0.0201,0.0225,0.0229,0.0226,0.0211,0.0205,0.0197,0.0192,0.0224
2022-09-23,model_Portfolio,Hold,0.8125,0.0201,0.0223,0.0224,0.0201,0.0211,0.0209,0.0196,0.0192,0.0218
2022-09-26,model_Portfolio,Hold,0.813,0.0201,0.0222,0.0229,0.0197,0.0208,0.0205,0.0197,0.0194,0.0219
2022-09-27,model_Portfolio,Hold,0.8112,0.0202,0.0223,0.0231,0.0205,0.021,0.0206,0.0198,0.0195,0.0218
2022-09-28,model_Portfolio,Hold,0.808,0.0205,0.0224,0.0236,0.0216,0.0212,0.0209,0.0202,0.0197,0.0219
2022-09-29,model_Portfolio,Hold,0.8094,0.0204,0.0223,0.0231,0.0219,0.021,0.0208,0.0198,0.0195,0.022
2022-09-30,model_Portfolio,Hold,0.8083,0.0206,0.0225,0.0231,0.0217,0.0216,0.0213,0.0197,0.0194,0.0218
2022-10-03,model_Portfolio,Rebalance,0.1036,0.0484,0.1569,0.0457,0.2374,0.0629,0.0386,0.0508,0.1014,0.1545
2022-10-04,model_Portfolio,Hold,0.1035,0.0483,0.1571,0.0461,0.2406,0.0631,0.0376,0.0505,0.0999,0.1532
2022-10-05,model_Portfolio,Hold,0.1032,0.048,0.1552,0.0458,0.2474,0.0614,0.0363,0.0501,0.0989,0.1536
2022-10-06,model_Portfolio,Hold,0.102,0.0471,0.1535,0.0454,0.2571,0.0602,0.0357,0.05,0.0952,0.1536
2022-10-07,model_Portfolio,Hold,0.1029,0.046,0.1519,0.0439,0.2628,0.0594,0.035,0.0493,0.0935,0.1553
2022-10-10,model_Portfolio,Hold,0.1029,0.046,0.1538,0.0438,0.2562,0.0599,0.0346,0.0492,0.0949,0.1586
2022-10-11,model_Portfolio,Hold,0.1036,0.0452,0.1542,0.0433,0.2522,0.0597,0.0353,0.049,0.0954,0.1621
2022-10-12,model_Portfolio,Hold,0.102,0.0449,0.1525,0.0436,0.2542,0.0593,0.0349,0.0492,0.0956,0.1637
2022-10-13,model_Portfolio,Hold,0.102,0.0449,0.1541,0.0423,0.2536,0.0598,0.0343,0.0485,0.0974,0.1631
2022-10-14,model_Portfolio,Hold,0.1029,0.0452,0.1564,0.0411,0.2479,0.0598,0.0344,0.0485,0.0992,0.1647
2022-10-17,model_Portfolio,Hold,0.1044,0.0464,0.156,0.0433,0.2462,0.0604,0.0347,0.0496,0.0983,0.1606
2022-10-18,model_Portfolio,Hold,0.1052,0.0464,0.1564,0.044,0.2429,0.0613,0.0343,0.0497,0.0995,0.1602
2022-10-19,model_Portfolio,Hold,0.0981,0.0463,0.156,0.0434,0.2552,0.0609,0.0335,0.0491,0.0978,0.1596
2022-10-20,model_Portfolio,Hold,0.0964,0.0465,0.1554,0.0441,0.2576,0.0609,0.0335,0.0499,0.0981,0.1576
2022-10-21,model_Portfolio,Hold,0.0938,0.0466,0.156,0.0444,0.261,0.0601,0.0334,0.0491,0.0987,0.1567
2022-10-24,model_Portfolio,Hold,0.0954,0.0469,0.1558,0.0439,0.2602,0.0598,0.033,0.049,0.0984,0.1575
2022-10-25,model_Portfolio,Hold,0.0937,0.0471,0.1536,0.0435,0.2647,0.0607,0.0343,0.0492,0.097,0.1562
2022-10-26,model_Portfolio,Hold,0.0937,0.0467,0.1529,0.0415,0.2686,0.0605,0.0342,0.0445,0.1,0.1574
2022-10-27,model_Portfolio,Hold,0.093,0.0469,0.156,0.0402,0.2687,0.0603,0.0349,0.0436,0.1009,0.1556
2022-10-28,model_Portfolio,Hold,0.094,0.0477,0.1588,0.0369,0.263,0.0607,0.0353,0.0448,0.1025,0.1563
2022-10-31,model_Portfolio,Hold,0.0938,0.0472,0.1601,0.0367,0.264,0.0599,0.0353,0.0441,0.1021,0.1567
2022-11-01,model_Portfolio,Hold,0.094,0.0467,0.1641,0.0346,0.2655,0.0602,0.0351,0.0422,0.1016,0.156
2022-11-02,model_Portfolio,Hold,0.0951,0.0463,0.1678,0.0337,0.2628,0.06,0.0354,0.0415,0.102,0.1553
2022-11-03,model_Portfolio,Hold,0.0922,0.0431,0.1636,0.0322,0.2769,0.0637,0.0351,0.0393,0.1006,0.1533
2022-11-04,model_Portfolio,Hold,0.0915,0.0427,0.1626,0.032,0.28,0.065,0.0349,0.0398,0.0998,0.1516
2022-11-07,model_Portfolio,Hold,0.092,0.0436,0.1626,0.0316,0.2803,0.0647,0.0348,0.0403,0.0987,0.1515
2022-11-08,model_Portfolio,Hold,0.0922,0.0436,0.1631,0.0314,0.2778,0.066,0.0345,0.0405,0.0993,0.1516
2022-11-09,model_Portfolio,Hold,0.0947,0.0445,0.1667,0.0309,0.2656,0.0673,0.0348,0.0409,0.1009,0.1537
2022-11-10,model_Portfolio,Hold,0.0958,0.0463,0.1669,0.0335,0.2647,0.0672,0.0362,0.0425,0.1017,0.1452
2022-11-11,model_Portfolio,Hold,0.0942,0.046,0.165,0.0344,0.2702,0.0658,0.035,0.0429,0.103,0.1434
2022-11-14,model_Portfolio,Hold,0.094,0.0467,0.1642,0.0342,0.2663,0.0685,0.0348,0.0434,0.1033,0.1446
2022-11-15,model_Portfolio,Hold,0.0934,0.0465,0.1658,0.0338,0.2719,0.0673,0.0347,0.0439,0.1017,0.1411
2022-11-16,model_Portfolio,Hold,0.0948,0.0468,0.169,0.0335,0.2657,0.0681,0.0345,0.0445,0.1008,0.1423
2022-11-17,model_Portfolio,Hold,0.0944,0.0463,0.1695,0.0329,0.2646,0.0681,0.0347,0.0446,0.1014,0.1435
2022-11-18,model_Portfolio,Hold,0.0955,0.0462,0.1702,0.0327,0.261,0.0688,0.0354,0.0441,0.101,0.1452
2022-11-21,model_Portfolio,Hold,0.0959,0.0465,0.1719,0.0322,0.2559,0.069,0.0354,0.0434,0.1021,0.1477
2022-11-22,model_Portfolio,Hold,0.0945,0.0463,0.1693,0.0317,0.2638,0.0703,0.0353,0.0431,0.1004,0.1454
2022-11-23,model_Portfolio,Hold,0.096,0.0468,0.1701,0.0322,0.2595,0.0704,0.0352,0.0439,0.1004,0.1456
2022-11-25,model_Portfolio,Hold,0.0968,0.047,0.1712,0.0319,0.2574,0.0708,0.0357,0.0434,0.1012,0.1446
2022-11-28,model_Portfolio,Hold,0.0972,0.047,0.1709,0.0327,0.2541,0.0709,0.0352,0.0436,0.0996,0.1488
2022-11-29,model_Portfolio,Hold,0.0958,0.0461,0.1688,0.0318,0.2604,0.0696,0.0357,0.0428,0.0997,0.1493
2022-11-30,model_Portfolio,Hold,0.0965,0.0473,0.1683,0.0327,0.2574,0.0702,0.0358,0.0446,0.0979,0.1492
2022-12-01,model_Portfolio,Hold,0.0967,0.0476,0.1681,0.0323,0.2564,0.0705,0.0356,0.0446,0.0978,0.1504
2022-12-02,model_Portfolio,Hold,0.0963,0.0469,0.1681,0.0316,0.257,0.0716,0.035,0.044,0.098,0.1515
2022-12-05,model_Portfolio,Hold,0.0958,0.0467,0.1685,0.0312,0.2545,0.0722,0.0351,0.0445,0.0982,0.1532
2022-12-06,model_Portfolio,Hold,0.0963,0.0464,0.172,0.0309,0.2492,0.073,0.0348,0.0443,0.1001,0.153
2022-12-07,model_Portfolio,Hold,0.097,0.0465,0.1719,0.0309,0.2475,0.0737,0.0345,0.0433,0.1013,0.1533
2022-12-08,model_Portfolio,Hold,0.0991,0.0475,0.17,0.0316,0.2428,0.0748,0.0353,0.0428,0.1011,0.1551
2022-12-09,model_Portfolio,Hold,0.1005,0.0473,0.1706,0.0314,0.2397,0.0742,0.0358,0.0427,0.1018,0.156
2022-12-12,model_Portfolio,Hold,0.1003,0.047,0.1693,0.0313,0.2465,0.0739,0.0352,0.0421,0.1007,0.1537
2022-12-13,model_Portfolio,Hold,0.1006,0.0467,0.1662,0.0315,0.2531,0.074,0.0353,0.0425,0.0994,0.1507
2022-12-14,model_Portfolio,Hold,0.101,0.0464,0.1666,0.0314,0.2503,0.0744,0.0356,0.0425,0.0991,0.1527
2022-12-15,model_Portfolio,Hold,0.1,0.0454,0.1667,0.0308,0.2544,0.0736,0.0355,0.0412,0.0977,0.1546
2022-12-16,model_Portfolio,Hold,0.1001,0.0434,0.1686,0.0311,0.2512,0.0748,0.0348,0.0416,0.0987,0.1557
2022-12-19,model_Portfolio,Hold,0.1003,0.0421,0.1692,0.0302,0.2526,0.0745,0.0347,0.041,0.0995,0.1558
2022-12-20,model_Portfolio,Hold,0.0996,0.0429,0.1724,0.0301,0.2527,0.0737,0.0347,0.041,0.0979,0.1551
2022-12-21,model_Portfolio,Hold,0.0988,0.0431,0.1703,0.0299,0.2612,0.0725,0.0344,0.0403,0.0977,0.1518
2022-12-22,model_Portfolio,Hold,0.1004,0.0431,0.1719,0.0294,0.2543,0.0733,0.0348,0.0401,0.0978,0.155
2022-12-23,model_Portfolio,Hold,0.0986,0.0426,0.1707,0.0293,0.2639,0.0718,0.0344,0.0401,0.0949,0.1537
2022-12-27,model_Portfolio,Hold,0.0987,0.0423,0.1714,0.0285,0.2654,0.0716,0.0341,0.0391,0.0947,0.1541
2022-12-28,model_Portfolio,Hold,0.1003,0.0429,0.1735,0.0287,0.2575,0.0727,0.0342,0.0394,0.0953,0.1555
2022-12-29,model_Portfolio,Hold,0.1012,0.0432,0.1726,0.0292,0.2581,0.0721,0.0344,0.04,0.0959,0.1534
2022-12-30,model_Portfolio,Hold,0.1006,0.0429,0.1719,0.029,0.2619,0.0716,0.0345,0.0398,0.0952,0.1526
2023-01-03,model_Portfolio,Rebalance,0.02,0.02,0.82,0.02,0.02,0.02,0.02,0.02,0.02,0.02
2023-01-04,model_Portfolio,Hold,0.0202,0.0198,0.8208,0.0198,0.0193,0.0199,0.0203,0.0197,0.0204,0.0199
2023-01-05,model_Portfolio,Hold,0.0203,0.0195,0.8222,0.0194,0.0192,0.0198,0.0199,0.0194,0.0202,0.02
2023-01-06,model_Portfolio,Hold,0.02,0.0194,0.8233,0.0195,0.0191,0.0197,0.0199,0.0191,0.0201,0.0199
2023-01-09,model_Portfolio,Hold,0.0205,0.0202,0.8178,0.0203,0.0199,0.0203,0.0203,0.0197,0.0207,0.0202
2023-01-10,model_Portfolio,Hold,0.0206,0.0202,0.8178,0.0208,0.0197,0.0202,0.0203,0.0197,0.0208,0.02
2023-01-11,model_Portfolio,Hold,0.0204,0.0206,0.8148,0.0219,0.0199,0.0202,0.0211,0.0203,0.0209,0.0199
2023-01-12,model_Portfolio,Hold,0.0202,0.0209,0.814,0.022,0.0206,0.02,0.0214,0.0202,0.0209,0.0197
2023-01-13,model_Portfolio,Hold,0.0203,0.0205,0.8152,0.0223,0.0203,0.0198,0.0211,0.0202,0.0207,0.0196
2023-01-17,model_Portfolio,Hold,0.0204,0.0208,0.8155,0.022,0.0203,0.0196,0.0213,0.0201,0.0203,0.0195
2023-01-18,model_Portfolio,Hold,0.0203,0.0205,0.8168,0.0221,0.02,0.0196,0.0214,0.0203,0.0199,0.0192
2023-01-19,model_Portfolio,Hold,0.0206,0.0204,0.8148,0.022,0.0208,0.0197,0.0216,0.021,0.0195,0.0197
2023-01-20,model_Portfolio,Hold,0.0206,0.0208,0.8123,0.0226,0.0208,0.0198,0.0218,0.022,0.0197,0.0197
2023-01-23,model_Portfolio,Hold,0.0207,0.0206,0.8121,0.0225,0.0207,0.0199,0.0219,0.0222,0.0198,0.0195
2023-01-24,model_Portfolio,Hold,0.0202,0.02,0.8171,0.022,0.0199,0.02,0.0216,0.0215,0.0184,0.0193
2023-01-25,model_Portfolio,Hold,0.0199,0.0198,0.8188,0.0221,0.0199,0.0199,0.0213,0.0209,0.018,0.0193
2023-01-26,model_Portfolio,Hold,0.0199,0.0199,0.8171,0.0226,0.0204,0.0202,0.0213,0.0214,0.0181,0.019
2023-01-27,model_Portfolio,Hold,0.0197,0.0201,0.8155,0.0233,0.0206,0.02,0.0218,0.0218,0.0184,0.0189
2023-01-30,model_Portfolio,Hold,0.0197,0.0199,0.8179,0.0229,0.0199,0.02,0.0213,0.0213,0.018,0.0191
2023-01-31,model_Portfolio,Hold,0.0197,0.0201,0.8163,0.0233,0.0198,0.0203,0.0216,0.0215,0.0182,0.0192
2023-02-01,model_Portfolio,Hold,0.0199,0.0204,0.814,0.0238,0.0194,0.0201,0.022,0.0219,0.0183,0.0203
2023-02-02,model_Portfolio,Hold,0.0209,0.0222,0.8013,0.0267,0.0198,0.0196,0.0241,0.0246,0.0199,0.021
2023-02-03,model_Portfolio,Hold,0.0208,0.0218,0.8066,0.0244,0.0197,0.0189,0.0236,0.0239,0.0195,0.0209
2023-02-06,model_Portfolio,Hold,0.0206,0.0214,0.8083,0.0241,0.0196,0.0187,0.0235,0.0234,0.0193,0.0209
2023-02-07,model_Portfolio,Hold,0.0207,0.0215,0.8073,0.024,0.0203,0.0187,0.0233,0.0243,0.0192,0.0206
2023-02-08,model_Portfolio,Hold,0.0203,0.0213,0.8116,0.0234,0.0195,0.0188,0.0231,0.0224,0.0189,0.0205
2023-02-09,model_Portfolio,Hold,0.0202,0.0216,0.8121,0.0233,0.0193,0.019,0.0233,0.0217,0.0188,0.0207
2023-02-10,model_Portfolio,Hold,0.0201,0.0214,0.8114,0.0231,0.0204,0.019,0.0233,0.0215,0.0189,0.021
2023-02-13,model_Portfolio,Hold,0.0199,0.0214,0.813,0.0232,0.0196,0.0187,0.0232,0.0212,0.0188,0.021
2023-02-14,model_Portfolio,Hold,0.02,0.0215,0.8112,0.0236,0.0199,0.0187,0.0233,0.0216,0.019,0.0212
2023-02-15,model_Portfolio,Hold,0.02,0.0217,0.8105,0.0239,0.0193,0.0188,0.0233,0.0221,0.019,0.0213
2023-02-16,model_Portfolio,Hold,0.0199,0.0213,0.8129,0.0233,0.0189,0.0187,0.0229,0.0219,0.0189,0.0213
2023-02-17,model_Portfolio,Hold,0.0199,0.021,0.8145,0.0231,0.0179,0.0186,0.0228,0.0216,0.0191,0.0215
2023-02-21,model_Portfolio,Hold,0.0197,0.0208,0.8151,0.0229,0.0182,0.0188,0.0227,0.0214,0.0188,0.0216
2023-02-22,model_Portfolio,Hold,0.0195,0.0207,0.8159,0.0231,0.0181,0.0188,0.0224,0.0213,0.0187,0.0215
2023-02-23,model_Portfolio,Hold,0.0195,0.0209,0.8145,0.0232,0.0188,0.019,0.0225,0.0212,0.0187,0.0217
2023-02-24,model_Portfolio,Hold,0.0191,0.0205,0.8178,0.0225,0.0187,0.019,0.0218,0.0207,0.0185,0.0215
2023-02-27,model_Portfolio,Hold,0.019,0.0205,0.8169,0.0227,0.0188,0.0193,0.0218,0.021,0.0186,0.0212
2023-02-28,model_Portfolio,Hold,0.0194,0.0205,0.817,0.0228,0.0184,0.0194,0.0216,0.021,0.0185,0.0212
2023-03-01,model_Portfolio,Hold,0.0193,0.0204,0.8175,0.0224,0.019,0.0196,0.0207,0.0211,0.019,0.0211
2023-03-02,model_Portfolio,Hold,0.0197,0.0206,0.815,0.0225,0.0194,0.0199,0.0208,0.0216,0.019,0.0214
2023-03-03,model_Portfolio,Hold,0.0198,0.0207,0.8148,0.0228,0.0196,0.0199,0.0206,0.0217,0.019,0.0211
2023-03-06,model_Portfolio,Hold,0.0195,0.0207,0.8147,0.0226,0.0192,0.0198,0.0209,0.0221,0.0189,0.0215
2023-03-07,model_Portfolio,Hold,0.0193,0.0207,0.8148,0.023,0.019,0.02,0.0207,0.0222,0.0187,0.0216
2023-03-08,model_Portfolio,Hold,0.0194,0.0209,0.8125,0.0233,0.0189,0.0202,0.0214,0.0226,0.0189,0.0219
2023-03-09,model_Portfolio,Hold,0.0195,0.021,0.8126,0.0234,0.0186,0.0201,0.021,0.0225,0.019,0.0223
2023-03-10,model_Portfolio,Hold,0.0196,0.0207,0.8143,0.0233,0.0183,0.0202,0.0194,0.0225,0.019,0.0226
2023-03-13,model_Portfolio,Hold,0.0204,0.0211,0.81,0.0244,0.018,0.0207,0.0198,0.0231,0.0194,0.0232
2023-03-14,model_Portfolio,Hold,0.0201,0.0209,0.8107,0.0246,0.0179,0.0208,0.0196,0.0235,0.019,0.0229
2023-03-15,model_Portfolio,Hold,0.0205,0.0209,0.8075,0.0256,0.0169,0.0207,0.0202,0.0247,0.0195,0.0236
2023-03-16,model_Portfolio,Hold,0.0204,0.0211,0.8082,0.0262,0.017,0.0205,0.0193,0.0253,0.0194,0.0228
2023-03-17,model_Portfolio,Hold,0.0203,0.0212,0.8074,0.0264,0.0167,0.0205,0.0192,0.0261,0.0195,0.0228
2023-03-20,model_Portfolio,Hold,0.0199,0.0208,0.8112,0.0253,0.0168,0.0202,0.0188,0.0252,0.0192,0.0225
2023-03-21,model_Portfolio,Hold,0.0196,0.0208,0.8116,0.0255,0.0176,0.0198,0.0186,0.0256,0.0188,0.0221
2023-03-22,model_Portfolio,Hold,0.0198,0.021,0.8111,0.0256,0.0177,0.02,0.0181,0.0259,0.0187,0.0221
2023-03-23,model_Portfolio,Hold,0.02,0.0227,0.809,0.0258,0.0176,0.0195,0.0181,0.0266,0.0188,0.0219
2023-03-24,model_Portfolio,Hold,0.0201,0.0225,0.8089,0.0255,0.0178,0.0195,0.0186,0.0264,0.0187,0.022
2023-03-27,model_Portfolio,Hold,0.0201,0.0226,0.8093,0.0254,0.0182,0.0196,0.0183,0.0256,0.0187,0.0221
2023-03-28,model_Portfolio,Hold,0.0197,0.0226,0.8106,0.0251,0.0183,0.0197,0.0182,0.0251,0.0186,0.022
2023-03-29,model_Portfolio,Hold,0.0198,0.0227,0.8101,0.0255,0.0181,0.0197,0.0187,0.0249,0.0187,0.0218
2023-03-30,model_Portfolio,Hold,0.0198,0.0229,0.8094,0.026,0.0178,0.0199,0.019,0.0247,0.0186,0.0218
2023-03-31,model_Portfolio,Hold,0.0202,0.023,0.8072,0.0261,0.0181,0.0205,0.0191,0.0253,0.0189,0.0217
2023-04-03,model_Portfolio,Rebalance,0.02,0.02,0.8164,0.02,0.02,0.02,0.02,0.02,0.0236,0.02
2023-04-04,model_Portfolio,Hold,0.0205,0.0202,0.8155,0.0205,0.0196,0.0199,0.0202,0.0203,0.0233,0.02
2023-04-05,model_Portfolio,Hold,0.0206,0.0198,0.8175,0.0198,0.0195,0.0197,0.02,0.0201,0.0232,0.0198
2023-04-06,model_Portfolio,Hold,0.0207,0.0197,0.8169,0.02,0.0195,0.0195,0.02,0.0208,0.023,0.0198
2023-04-10,model_Portfolio,Hold,0.0204,0.0196,0.8176,0.0199,0.0199,0.0195,0.0199,0.0203,0.0231,0.0197
2023-04-11,model_Portfolio,Hold,0.0201,0.0198,0.8188,0.0193,0.0201,0.0195,0.0195,0.0199,0.0233,0.0198
2023-04-12,model_Portfolio,Hold,0.0199,0.0196,0.8204,0.0188,0.0199,0.0196,0.0192,0.0198,0.0232,0.0196
2023-04-13,model_Portfolio,Hold,0.0201,0.0196,0.8191,0.0196,0.0202,0.0195,0.0188,0.0201,0.0234,0.0196
2023-04-14,model_Portfolio,Hold,0.0202,0.0192,0.8191,0.0196,0.0204,0.0194,0.0187,0.0204,0.0234,0.0196
2023-04-17,model_Portfolio,Hold,0.0202,0.0192,0.8197,0.0196,0.0197,0.0193,0.0194,0.0198,0.0235,0.0197
2023-04-18,model_Portfolio,Hold,0.02,0.0191,0.8206,0.0194,0.0195,0.0193,0.0193,0.0195,0.0233,0.0199
2023-04-19,model_Portfolio,Hold,0.0215,0.019,0.819,0.0197,0.0192,0.0195,0.0195,0.0193,0.0232,0.02
2023-04-20,model_Portfolio,Hold,0.0213,0.0189,0.8192,0.0198,0.0189,0.0197,0.0194,0.0197,0.0231,0.02
2023-04-21,model_Portfolio,Hold,0.0217,0.019,0.8175,0.0205,0.0188,0.0197,0.0196,0.0198,0.0231,0.0201
2023-04-24,model_Portfolio,Hold,0.0214,0.0191,0.8173,0.0203,0.019,0.0199,0.0195,0.0199,0.0232,0.0203
2023-04-25,model_Portfolio,Hold,0.0215,0.0188,0.8192,0.0198,0.0184,0.0198,0.0191,0.0196,0.0232,0.0206
2023-04-26,model_Portfolio,Hold,0.0214,0.0189,0.8192,0.0203,0.018,0.0196,0.0192,0.0197,0.023,0.0206
2023-04-27,model_Portfolio,Hold,0.0204,0.0182,0.825,0.0202,0.0172,0.019,0.0186,0.0194,0.0224,0.0197
2023-04-28,model_Portfolio,Hold,0.0205,0.0184,0.825,0.0193,0.0177,0.019,0.0187,0.0192,0.0224,0.0198
2023-05-01,model_Portfolio,Hold,0.0205,0.0183,0.8267,0.0185,0.0176,0.0191,0.0182,0.0191,0.0222,0.0198
2023-05-02,model_Portfolio,Hold,0.021,0.0185,0.8255,0.0193,0.0168,0.0193,0.0183,0.0192,0.0221,0.02
2023-05-03,model_Portfolio,Hold,0.0214,0.0187,0.8228,0.0196,0.017,0.0197,0.0189,0.0195,0.0225,0.02
2023-05-04,model_Portfolio,Hold,0.0214,0.0183,0.8235,0.0198,0.0162,0.0197,0.0191,0.0196,0.0224,0.02
2023-05-05,model_Portfolio,Hold,0.0212,0.018,0.8234,0.0199,0.0165,0.0198,0.0192,0.0195,0.0225,0.02
2023-05-08,model_Portfolio,Hold,0.0212,0.0179,0.8237,0.0199,0.0164,0.0197,0.019,0.0199,0.0223,0.02
2023-05-09,model_Portfolio,Hold,0.0211,0.0179,0.8246,0.0202,0.0165,0.0188,0.0189,0.0199,0.022,0.02
2023-05-10,model_Portfolio,Hold,0.0214,0.0184,0.8216,0.021,0.0164,0.019,0.0192,0.0209,0.0222,0.0199
2023-05-11,model_Portfolio,Hold,0.0212,0.0186,0.8209,0.0214,0.0166,0.0187,0.0189,0.0218,0.0222,0.0198
2023-05-12,model_Portfolio,Hold,0.0215,0.0191,0.8196,0.0211,0.0166,0.0189,0.0189,0.0221,0.0222,0.0199
2023-05-15,model_Portfolio,Hold,0.0213,0.0191,0.8194,0.0213,0.0166,0.019,0.0191,0.0219,0.0223,0.0199
2023-05-16,model_Portfolio,Hold,0.0214,0.0194,0.8192,0.0219,0.0161,0.0189,0.0187,0.0227,0.0219,0.0198
2023-05-17,model_Portfolio,Hold,0.021,0.0195,0.8197,0.022,0.0163,0.0186,0.0187,0.0226,0.022,0.0197
2023-05-18,model_Portfolio,Hold,0.0207,0.0195,0.8207,0.0223,0.0162,0.0184,0.0181,0.0227,0.022,0.0193
2023-05-19,model_Portfolio,Hold,0.0208,0.0197,0.8204,0.0219,0.0166,0.0186,0.018,0.0227,0.0219,0.0194
2023-05-22,model_Portfolio,Hold,0.0207,0.0198,0.8192,0.0217,0.0166,0.0184,0.0183,0.0232,0.0226,0.0193
2023-05-23,model_Portfolio,Hold,0.0204,0.0197,0.8191,0.0219,0.017,0.0183,0.0185,0.0229,0.0225,0.0195
2023-05-24,model_Portfolio,Hold,0.0205,0.0201,0.817,0.0227,0.0176,0.0187,0.0183,0.0231,0.0221,0.0199
2023-05-25,model_Portfolio,Hold,0.0201,0.0204,0.8179,0.0224,0.017,0.0188,0.0178,0.0236,0.0222,0.0198
2023-05-26,model_Portfolio,Hold,0.0203,0.0212,0.8157,0.0233,0.0171,0.0189,0.0179,0.0238,0.0221,0.0197
2023-05-30,model_Portfolio,Hold,0.0199,0.0214,0.8179,0.0234,0.0163,0.0187,0.0179,0.0234,0.0217,0.0194
2023-05-31,model_Portfolio,Hold,0.0202,0.0215,0.8167,0.0236,0.0163,0.0186,0.0183,0.0236,0.0214,0.0198
2023-06-01,model_Portfolio,Hold,0.0202,0.0213,0.8168,0.0238,0.0164,0.0188,0.018,0.0236,0.0215,0.0197
2023-06-02,model_Portfolio,Hold,0.0199,0.0211,0.817,0.0234,0.0167,0.0188,0.0179,0.0231,0.0227,0.0195
2023-06-05,model_Portfolio,Hold,0.0197,0.0205,0.8196,0.0235,0.0163,0.0186,0.0178,0.0232,0.0216,0.0191
2023-06-06,model_Portfolio,Hold,0.0194,0.0206,0.8199,0.0236,0.0163,0.0184,0.0181,0.0233,0.0215,0.0189
2023-06-07,model_Portfolio,Hold,0.019,0.0206,0.8213,0.0224,0.0167,0.0185,0.0185,0.0222,0.0219,0.019
2023-06-08,model_Portfolio,Hold,0.0189,0.0204,0.8211,0.023,0.0165,0.0186,0.0184,0.0222,0.0219,0.0191
2023-06-09,model_Portfolio,Hold,0.0189,0.0204,0.8233,0.0226,0.0161,0.0181,0.0182,0.022,0.0215,0.0189
2023-06-12,model_Portfolio,Hold,0.0189,0.0206,0.8217,0.0233,0.016,0.0181,0.0183,0.0223,0.0218,0.019
2023-06-13,model_Portfolio,Hold,0.0188,0.0206,0.8217,0.023,0.0161,0.0184,0.0183,0.0221,0.0219,0.019
2023-06-14,model_Portfolio,Hold,0.0192,0.0208,0.8205,0.0232,0.0162,0.0188,0.0184,0.0223,0.0219,0.0187
2023-06-15,model_Portfolio,Hold,0.0192,0.021,0.8208,0.023,0.0165,0.0186,0.018,0.0222,0.022,0.0186
2023-06-16,model_Portfolio,Hold,0.0196,0.0209,0.8212,0.0228,0.0164,0.0189,0.0173,0.022,0.0223,0.0186
2023-06-20,model_Portfolio,Hold,0.0201,0.0212,0.8191,0.0234,0.0164,0.019,0.0174,0.0224,0.0223,0.0188
2023-06-21,model_Portfolio,Hold,0.0201,0.021,0.8191,0.0233,0.0168,0.0191,0.0174,0.0221,0.0222,0.019
2023-06-22,model_Portfolio,Hold,0.0204,0.0206,0.819,0.0243,0.0163,0.019,0.017,0.0225,0.022,0.019
2023-06-23,model_Portfolio,Hold,0.0205,0.0201,0.8195,0.0243,0.0161,0.019,0.0169,0.0225,0.0222,0.0189
2023-06-26,model_Portfolio,Hold,0.0205,0.0199,0.8202,0.0238,0.0162,0.0189,0.0176,0.0217,0.022,0.0192
2023-06-27,model_Portfolio,Hold,0.0201,0.0199,0.8219,0.0238,0.0159,0.019,0.0176,0.0214,0.0213,0.019
2023-06-28,model_Portfolio,Hold,0.0201,0.02,0.8215,0.0238,0.0161,0.019,0.0171,0.0218,0.0214,0.0191
2023-06-29,model_Portfolio,Hold,0.0199,0.0203,0.822,0.0234,0.0163,0.0191,0.0173,0.0214,0.0213,0.0191
2023-06-30,model_Portfolio,Hold,0.02,0.0201,0.8221,0.0236,0.0163,0.0193,0.0171,0.0213,0.0213,0.0191
2023-07-03,model_Portfolio,Rebalance,0.8198,0.02,0.0202,0.02,0.02,0.02,0.02,0.02,0.02,0.02
2023-07-05,model_Portfolio,Hold,0.8205,0.0199,0.0201,0.02,0.0202,0.0194,0.0201,0.0203,0.0195,0.02
2023-07-06,model_Portfolio,Hold,0.8216,0.0198,0.0201,0.0198,0.0198,0.0194,0.0202,0.0201,0.0191,0.0201
2023-07-07,model_Portfolio,Hold,0.8197,0.0198,0.0203,0.0201,0.0207,0.0195,0.0203,0.0201,0.0194,0.0202
2023-07-10,model_Portfolio,Hold,0.8216,0.0199,0.0201,0.0196,0.0207,0.0196,0.0201,0.0195,0.0193,0.0197
2023-07-11,model_Portfolio,Hold,0.8193,0.0199,0.0202,0.0197,0.0218,0.0194,0.0203,0.0195,0.0201,0.0198
2023-07-12,model_Portfolio,Hold,0.8174,0.0203,0.0202,0.0201,0.022,0.0198,0.0203,0.0199,0.0201,0.0199
2023-07-13,model_Portfolio,Hold,0.8171,0.0201,0.0198,0.0204,0.0224,0.0199,0.0202,0.0205,0.0201,0.0196
2023-07-14,model_Portfolio,Hold,0.8182,0.0201,0.0197,0.0204,0.0212,0.0198,0.0203,0.0206,0.02,0.0196
2023-07-17,model_Portfolio,Hold,0.8173,0.0205,0.0201,0.0204,0.0212,0.02,0.0201,0.0207,0.02,0.0197
2023-07-18,model_Portfolio,Hold,0.8164,0.0207,0.0203,0.0203,0.0221,0.0199,0.02,0.0205,0.0202,0.0196
2023-07-19,model_Portfolio,Hold,0.8163,0.0204,0.0203,0.0206,0.0221,0.0199,0.0204,0.0202,0.0203,0.0196
2023-07-20,model_Portfolio,Hold,0.8229,0.0193,0.0199,0.0191,0.0215,0.0194,0.02,0.019,0.0198,0.019
2023-07-21,model_Portfolio,Hold,0.8252,0.0191,0.0196,0.0188,0.0215,0.0191,0.0199,0.0188,0.0194,0.0187
2023-07-24,model_Portfolio,Hold,0.8254,0.0189,0.0195,0.0185,0.0218,0.0191,0.0199,0.019,0.0193,0.0186
2023-07-25,model_Portfolio,Hold,0.8216,0.0194,0.0197,0.0188,0.0221,0.0195,0.0202,0.0193,0.0206,0.0188
2023-07-26,model_Portfolio,Hold,0.8213,0.0191,0.0196,0.0184,0.0222,0.0191,0.0206,0.0202,0.0209,0.0186
2023-07-27,model_Portfolio,Hold,0.8201,0.0195,0.0196,0.0187,0.0221,0.0193,0.0205,0.0205,0.0208,0.0188
2023-07-28,model_Portfolio,Hold,0.8189,0.0193,0.0197,0.0192,0.0224,0.0193,0.0206,0.0209,0.0209,0.0187
2023-07-31,model_Portfolio,Hold,0.8168,0.0195,0.0199,0.0196,0.0229,0.0196,0.0207,0.0211,0.0211,0.0189
2023-08-01,model_Portfolio,Hold,0.8169,0.0199,0.0199,0.0195,0.0229,0.0196,0.0202,0.0211,0.021,0.0189
2023-08-02,model_Portfolio,Hold,0.8156,0.02,0.0214,0.0192,0.0225,0.0197,0.0206,0.0209,0.021,0.019
2023-08-03,model_Portfolio,Hold,0.8138,0.0202,0.0218,0.0195,0.0243,0.0187,0.0208,0.0211,0.0209,0.019
2023-08-04,model_Portfolio,Hold,0.8134,0.0198,0.0217,0.0211,0.0243,0.0188,0.0205,0.021,0.0205,0.0188
2023-08-07,model_Portfolio,Hold,0.8125,0.0199,0.0219,0.0213,0.0243,0.0189,0.0209,0.0214,0.0203,0.0187
2023-08-08,model_Portfolio,Hold,0.809,0.0203,0.0221,0.0214,0.0255,0.019,0.021,0.0219,0.0205,0.0192
2023-08-09,model_Portfolio,Hold,0.8092,0.0201,0.0218,0.0212,0.0261,0.0192,0.0211,0.0216,0.0205,0.0192
2023-08-10,model_Portfolio,Hold,0.8084,0.0201,0.0219,0.0214,0.0262,0.0194,0.0211,0.0217,0.0206,0.0192
2023-08-11,model_Portfolio,Hold,0.8086,0.0199,0.022,0.0212,0.0265,0.0194,0.021,0.0216,0.0207,0.019
2023-08-14,model_Portfolio,Hold,0.8096,0.02,0.0219,0.0214,0.0262,0.0194,0.0205,0.0218,0.0203,0.0188
2023-08-15,model_Portfolio,Hold,0.8106,0.0199,0.0219,0.0213,0.0261,0.0193,0.0202,0.0218,0.0201,0.0189
2023-08-16,model_Portfolio,Hold,0.8107,0.02,0.022,0.0209,0.026,0.0194,0.0203,0.0217,0.0201,0.0188
2023-08-17,model_Portfolio,Hold,0.8112,0.0198,0.0219,0.0207,0.0262,0.0193,0.0201,0.0218,0.0203,0.0187
2023-08-18,model_Portfolio,Hold,0.8102,0.0199,0.0219,0.0208,0.0266,0.0195,0.0202,0.0216,0.0204,0.019
2023-08-21,model_Portfolio,Hold,0.8105,0.0201,0.0217,0.021,0.0264,0.0195,0.02,0.0218,0.0202,0.0189
2023-08-22,model_Portfolio,Hold,0.813,0.0201,0.0214,0.0207,0.0253,0.0193,0.0198,0.0217,0.0199,0.0187
2023-08-23,model_Portfolio,Hold,0.8114,0.0204,0.0213,0.0209,0.0253,0.0193,0.0203,0.0222,0.0201,0.0189
2023-08-24,model_Portfolio,Hold,0.8103,0.0206,0.0218,0.0206,0.0254,0.0196,0.0203,0.022,0.0201,0.0192
2023-08-25,model_Portfolio,Hold,0.8102,0.0208,0.0217,0.0207,0.0256,0.0196,0.0201,0.0219,0.0201,0.0192
2023-08-28,model_Portfolio,Hold,0.8065,0.0211,0.022,0.0209,0.0259,0.0199,0.0204,0.0223,0.0213,0.0196
2023-08-29,model_Portfolio,Hold,0.8062,0.0211,0.0218,0.0209,0.026,0.02,0.0204,0.0227,0.0214,0.0195
2023-08-30,model_Portfolio,Hold,0.8067,0.021,0.0217,0.0209,0.026,0.02,0.0204,0.0228,0.0211,0.0195
2023-08-31,model_Portfolio,Hold,0.8039,0.0212,0.0219,0.0215,0.0263,0.0202,0.0204,0.0231,0.0218,0.0196
2023-09-01,model_Portfolio,Hold,0.8028,0.0215,0.022,0.0215,0.0271,0.0204,0.0205,0.023,0.0218,0.0195
2023-09-05,model_Portfolio,Hold,0.8003,0.0217,0.0221,0.0218,0.0277,0.0203,0.0207,0.0234,0.0221,0.0198
2023-09-06,model_Portfolio,Hold,0.8024,0.0217,0.0221,0.0214,0.0271,0.0203,0.0205,0.0231,0.022,0.0195
2023-09-07,model_Portfolio,Hold,0.8005,0.0219,0.0223,0.0219,0.0271,0.0203,0.0207,0.0234,0.022,0.0197
2023-09-08,model_Portfolio,Hold,0.8002,0.0217,0.0224,0.0219,0.0271,0.0208,0.0205,0.0235,0.0221,0.0199
2023-09-11,model_Portfolio,Hold,0.8024,0.0214,0.0223,0.0224,0.0258,0.0208,0.0198,0.0233,0.0221,0.0197
2023-09-12,model_Portfolio,Hold,0.8027,0.0207,0.0225,0.0221,0.0267,0.0207,0.0196,0.023,0.0219,0.0199
2023-09-13,model_Portfolio,Hold,0.8046,0.0207,0.0225,0.0227,0.0254,0.0208,0.0195,0.0233,0.0207,0.0199
2023-09-14,model_Portfolio,Hold,0.8027,0.0208,0.0227,0.0226,0.0259,0.021,0.02,0.0235,0.0209,0.02
2023-09-15,model_Portfolio,Hold,0.8033,0.0207,0.0227,0.0222,0.0258,0.0209,0.0201,0.0236,0.0208,0.0199
2023-09-18,model_Portfolio,Hold,0.802,0.0211,0.023,0.0222,0.0261,0.0208,0.02,0.0238,0.021,0.02
2023-09-19,model_Portfolio,Hold,0.8023,0.0212,0.0232,0.0219,0.0259,0.0209,0.02,0.0239,0.0209,0.0199
2023-09-20,model_Portfolio,Hold,0.8035,0.0213,0.0233,0.0217,0.0254,0.0207,0.0202,0.0233,0.0207,0.02
2023-09-21,model_Portfolio,Hold,0.8058,0.0213,0.0233,0.0211,0.0252,0.0205,0.0188,0.0231,0.0207,0.0203
2023-09-22,model_Portfolio,Hold,0.8048,0.0218,0.0235,0.0212,0.0254,0.0206,0.0186,0.0232,0.0208,0.0201
2023-09-25,model_Portfolio,Hold,0.8031,0.0219,0.0238,0.0216,0.026,0.0209,0.0186,0.0235,0.0204,0.0201
2023-09-26,model_Portfolio,Hold,0.8034,0.0218,0.024,0.021,0.0264,0.021,0.0184,0.0233,0.0205,0.0203
2023-09-27,model_Portfolio,Hold,0.801,0.0221,0.0243,0.0211,0.0273,0.021,0.0186,0.0238,0.0205,0.0204
2023-09-28,model_Portfolio,Hold,0.8052,0.0207,0.024,0.0207,0.0267,0.0206,0.0185,0.0236,0.02,0.02
2023-09-29,model_Portfolio,Hold,0.8036,0.0214,0.024,0.0211,0.0262,0.0207,0.0189,0.0236,0.0203,0.0202
2023-10-02,model_Portfolio,Rebalance,0.02,0.02,0.82,0.02,0.02,0.02,0.02,0.02,0.02,0.02
2023-10-03,model_Portfolio,Hold,0.0203,0.0201,0.8193,0.0195,0.0203,0.0204,0.0201,0.02,0.0199,0.02
2023-10-04,model_Portfolio,Hold,0.0201,0.0202,0.8201,0.0197,0.0193,0.0205,0.02,0.0203,0.0196,0.0201
2023-10-05,model_Portfolio,Hold,0.0201,0.0201,0.8211,0.0195,0.0191,0.0201,0.02,0.0202,0.0195,0.0202
2023-10-06,model_Portfolio,Hold,0.02,0.02,0.8224,0.0195,0.0188,0.0199,0.0197,0.0203,0.0194,0.02
2023-10-09,model_Portfolio,Hold,0.0198,0.0198,0.8218,0.0194,0.0194,0.02,0.0201,0.0202,0.0194,0.0201
2023-10-10,model_Portfolio,Hold,0.0198,0.0197,0.8224,0.0195,0.0191,0.0201,0.0199,0.02,0.0196,0.0199
2023-10-11,model_Portfolio,Hold,0.0186,0.0196,0.824,0.0196,0.019,0.0201,0.0199,0.0202,0.0193,0.0197
2023-10-12,model_Portfolio,Hold,0.0183,0.0191,0.8261,0.0197,0.0191,0.0197,0.0193,0.02,0.019,0.0196
2023-10-13,model_Portfolio,Hold,0.0183,0.0189,0.8263,0.0192,0.02,0.0196,0.0193,0.0197,0.0189,0.0197
2023-10-16,model_Portfolio,Hold,0.0184,0.0189,0.8257,0.0194,0.0203,0.0195,0.0195,0.0197,0.0189,0.0196
2023-10-17,model_Portfolio,Hold,0.0183,0.019,0.8257,0.0192,0.0203,0.0197,0.0195,0.0197,0.019,0.0197
2023-10-18,model_Portfolio,Hold,0.0192,0.0189,0.8252,0.0189,0.0208,0.0194,0.019,0.0197,0.0188,0.0199
2023-10-19,model_Portfolio,Hold,0.0194,0.0191,0.8247,0.0192,0.0212,0.0194,0.0187,0.0199,0.0187,0.0198
2023-10-20,model_Portfolio,Hold,0.0201,0.0191,0.8223,0.0191,0.0212,0.0197,0.0191,0.02,0.019,0.0203
2023-10-23,model_Portfolio,Hold,0.02,0.0191,0.8227,0.0194,0.0208,0.0196,0.0191,0.0202,0.0189,0.0202
2023-10-24,model_Portfolio,Hold,0.0196,0.019,0.8221,0.0196,0.0206,0.0196,0.0192,0.0204,0.0197,0.0202
2023-10-25,model_Portfolio,Hold,0.0194,0.0188,0.8267,0.0185,0.0206,0.0194,0.0185,0.0184,0.0195,0.0203
2023-10-26,model_Portfolio,Hold,0.0197,0.0189,0.8272,0.0184,0.0205,0.0198,0.0191,0.0181,0.0196,0.0188
2023-10-27,model_Portfolio,Hold,0.0196,0.019,0.8254,0.0198,0.0206,0.0199,0.0188,0.0183,0.0195,0.019
2023-10-30,model_Portfolio,Hold,0.0194,0.0189,0.8249,0.0204,0.0201,0.02,0.0188,0.0184,0.0197,0.0192
2023-10-31,model_Portfolio,Hold,0.0196,0.0191,0.8254,0.0203,0.0199,0.0199,0.0187,0.0182,0.0199,0.019
2023-11-01,model_Portfolio,Hold,0.0195,0.0191,0.8263,0.0206,0.0197,0.0198,0.0185,0.0184,0.0196,0.0187
2023-11-02,model_Portfolio,Hold,0.0191,0.019,0.8285,0.0202,0.0191,0.0196,0.0189,0.018,0.0193,0.0185
2023-11-03,model_Portfolio,Hold,0.0189,0.0192,0.8275,0.0201,0.0191,0.0197,0.0196,0.0181,0.0195,0.0184
2023-11-06,model_Portfolio,Hold,0.0189,0.0193,0.8266,0.0204,0.0189,0.0198,0.0195,0.0184,0.0196,0.0185
2023-11-07,model_Portfolio,Hold,0.019,0.0196,0.8283,0.021,0.0185,0.0174,0.0194,0.0186,0.0197,0.0186
2023-11-08,model_Portfolio,Hold,0.0191,0.0199,0.8274,0.0211,0.0179,0.0179,0.0196,0.0189,0.0197,0.0186
2023-11-09,model_Portfolio,Hold,0.0188,0.0196,0.8301,0.0208,0.0177,0.0181,0.0184,0.0186,0.0195,0.0185
2023-11-10,model_Portfolio,Hold,0.0187,0.0198,0.8295,0.021,0.0178,0.0181,0.0185,0.0188,0.0195,0.0183
2023-11-13,model_Portfolio,Hold,0.0191,0.0195,0.8298,0.0209,0.0177,0.018,0.0183,0.0187,0.0195,0.0183
2023-11-14,model_Portfolio,Hold,0.0191,0.0196,0.8274,0.0211,0.0179,0.018,0.0201,0.0187,0.0198,0.0182
2023-11-15,model_Portfolio,Hold,0.0196,0.0201,0.824,0.021,0.0181,0.0186,0.0205,0.0191,0.0204,0.0186
2023-11-16,model_Portfolio,Hold,0.0199,0.0201,0.8254,0.0208,0.0172,0.0185,0.02,0.0193,0.0204,0.0185
2023-11-17,model_Portfolio,Hold,0.0196,0.02,0.8264,0.021,0.0176,0.0181,0.0198,0.0189,0.0201,0.0184
2023-11-20,model_Portfolio,Hold,0.02,0.0203,0.8244,0.0213,0.0177,0.0184,0.0201,0.0191,0.0202,0.0185
2023-11-21,model_Portfolio,Hold,0.02,0.0201,0.826,0.0208,0.0174,0.0185,0.0198,0.0191,0.0198,0.0183
2023-11-22,model_Portfolio,Hold,0.0201,0.0202,0.8258,0.0211,0.0173,0.0183,0.0198,0.0192,0.02,0.0184
2023-11-24,model_Portfolio,Hold,0.02,0.0201,0.8264,0.0209,0.0174,0.0182,0.0198,0.0188,0.02,0.0184
2023-11-27,model_Portfolio,Hold,0.02,0.02,0.8267,0.0211,0.0171,0.018,0.0198,0.0188,0.0202,0.0184
2023-11-28,model_Portfolio,Hold,0.02,0.0202,0.8247,0.0211,0.0172,0.0179,0.0204,0.019,0.0207,0.0187
2023-11-29,model_Portfolio,Hold,0.0204,0.0203,0.8238,0.0212,0.0173,0.0179,0.0208,0.0188,0.0208,0.0188
2023-11-30,model_Portfolio,Hold,0.0203,0.0201,0.8255,0.0209,0.017,0.0179,0.0206,0.0183,0.0207,0.0187
2023-12-01,model_Portfolio,Hold,0.0204,0.0203,0.8231,0.021,0.017,0.0181,0.0223,0.0182,0.0208,0.0189
2023-12-04,model_Portfolio,Hold,0.0204,0.0202,0.8233,0.0206,0.0168,0.0179,0.0226,0.0178,0.0215,0.0189
2023-12-05,model_Portfolio,Hold,0.0203,0.0202,0.824,0.021,0.0164,0.0174,0.0226,0.0181,0.0212,0.0189
2023-12-06,model_Portfolio,Hold,0.0206,0.0204,0.823,0.0208,0.0162,0.0175,0.0232,0.0181,0.0216,0.0186
2023-12-07,model_Portfolio,Hold,0.0203,0.0203,0.8225,0.0211,0.016,0.0175,0.0231,0.019,0.0216,0.0185
2023-12-08,model_Portfolio,Hold,0.0203,0.0203,0.8235,0.0211,0.0162,0.0175,0.0225,0.0186,0.0215,0.0184
2023-12-11,model_Portfolio,Hold,0.0205,0.0205,0.8242,0.0207,0.0162,0.0174,0.0224,0.0183,0.0214,0.0183
2023-12-12,model_Portfolio,Hold,0.0204,0.0203,0.8266,0.0207,0.0158,0.0174,0.0217,0.018,0.021,0.0181
2023-12-13,model_Portfolio,Hold,0.0205,0.0203,0.8236,0.0209,0.0161,0.0175,0.0233,0.018,0.0213,0.0184
2023-12-14,model_Portfolio,Hold,0.0213,0.0208,0.8165,0.0212,0.017,0.0181,0.0255,0.0183,0.0225,0.0189
2023-12-15,model_Portfolio,Hold,0.0212,0.0211,0.8159,0.0218,0.0169,0.0182,0.0249,0.0186,0.0226,0.0189
2023-12-18,model_Portfolio,Hold,0.0212,0.0207,0.8164,0.0222,0.0169,0.0181,0.0245,0.0189,0.0222,0.0189
2023-12-19,model_Portfolio,Hold,0.021,0.0205,0.8174,0.0219,0.0169,0.018,0.0244,0.0188,0.0221,0.0189
2023-12-20,model_Portfolio,Hold,0.0212,0.0208,0.8169,0.0221,0.017,0.018,0.0242,0.0194,0.0219,0.0186
2023-12-21,model_Portfolio,Hold,0.0212,0.0212,0.8157,0.0221,0.017,0.0181,0.0245,0.0195,0.0222,0.0185
2023-12-22,model_Portfolio,Hold,0.0213,0.0214,0.8156,0.022,0.017,0.0182,0.0242,0.0196,0.0222,0.0185
2023-12-26,model_Portfolio,Hold,0.0212,0.0213,0.815,0.0219,0.0176,0.0182,0.0243,0.0195,0.0225,0.0184
2023-12-27,model_Portfolio,Hold,0.0213,0.0213,0.8153,0.0219,0.0175,0.0182,0.0243,0.0193,0.0226,0.0183
2023-12-28,model_Portfolio,Hold,0.0214,0.0211,0.8159,0.0218,0.0169,0.0181,0.0245,0.0193,0.0228,0.0182
2023-12-29,model_Portfolio,Hold,0.0213,0.021,0.8173,0.0216,0.0168,0.0181,0.024,0.0191,0.0226,0.0183
2024-01-02,model_Portfolio,Rebalance,0.0216,0.02,0.2879,0.02,0.02,0.02,0.02,0.02,0.5505,0.02
2024-01-03,model_Portfolio,Hold,0.0218,0.0197,0.2913,0.0201,0.0206,0.0201,0.0196,0.0204,0.5463,0.0202
2024-01-04,model_Portfolio,Hold,0.0222,0.0197,0.2891,0.0196,0.0192,0.0201,0.0198,0.0201,0.5501,0.0203
2024-01-05,model_Portfolio,Hold,0.022,0.0196,0.2895,0.0196,0.0192,0.02,0.0198,0.0199,0.5501,0.0202
2024-01-08,model_Portfolio,Hold,0.0223,0.0198,0.2888,0.0201,0.0188,0.0201,0.0202,0.0203,0.5493,0.0203
2024-01-09,model_Portfolio,Hold,0.0225,0.0201,0.2828,0.0205,0.0185,0.0199,0.0202,0.0207,0.5544,0.0204
2024-01-10,model_Portfolio,Hold,0.0227,0.0201,0.289,0.0208,0.0182,0.0197,0.0202,0.0208,0.5483,0.02
2024-01-11,model_Portfolio,Hold,0.0226,0.0202,0.2883,0.0209,0.0181,0.0195,0.0196,0.0207,0.5498,0.0202
2024-01-12,model_Portfolio,Hold,0.0228,0.0208,0.2895,0.0209,0.0182,0.0195,0.0198,0.0209,0.5476,0.0201
2024-01-16,model_Portfolio,Hold,0.0228,0.0208,0.2901,0.0208,0.0176,0.0194,0.0199,0.021,0.5477,0.02
2024-01-17,model_Portfolio,Hold,0.0231,0.021,0.2935,0.0207,0.0175,0.0195,0.0195,0.021,0.5441,0.0201
2024-01-18,model_Portfolio,Hold,0.023,0.0212,0.2948,0.0209,0.0173,0.0194,0.0192,0.0212,0.5432,0.0198
2024-01-19,model_Portfolio,Hold,0.0229,0.0212,0.2943,0.0209,0.0171,0.0192,0.0193,0.0214,0.5442,0.0196
2024-01-22,model_Portfolio,Hold,0.0227,0.0214,0.2942,0.0208,0.0173,0.0192,0.0192,0.0213,0.5444,0.0196
2024-01-23,model_Portfolio,Hold,0.0241,0.0229,0.3132,0.0223,0.0184,0.0206,0.0202,0.0228,0.5147,0.0208
2024-01-24,model_Portfolio,Hold,0.0238,0.0232,0.3193,0.0227,0.019,0.0204,0.0203,0.0234,0.507,0.0209
2024-01-25,model_Portfolio,Hold,0.0237,0.023,0.3135,0.0225,0.0191,0.0206,0.0204,0.0235,0.5131,0.0207
2024-01-26,model_Portfolio,Hold,0.0236,0.0229,0.3145,0.0226,0.0191,0.0204,0.0205,0.0235,0.5123,0.0206
2024-01-29,model_Portfolio,Hold,0.0239,0.023,0.3116,0.0229,0.019,0.0203,0.0208,0.0237,0.514,0.0208
2024-01-30,model_Portfolio,Hold,0.0239,0.0229,0.316,0.0226,0.0193,0.0202,0.02,0.0234,0.5109,0.0207
2024-01-31,model_Portfolio,Hold,0.0242,0.0228,0.3161,0.0225,0.019,0.0203,0.0203,0.022,0.512,0.0209
2024-02-01,model_Portfolio,Hold,0.025,0.0237,0.2913,0.0235,0.019,0.021,0.0209,0.0226,0.5308,0.0222
2024-02-02,model_Portfolio,Hold,0.0245,0.0239,0.2944,0.0254,0.0187,0.0209,0.0208,0.0229,0.5263,0.0221
2024-02-05,model_Portfolio,Hold,0.0249,0.0242,0.2981,0.0257,0.0188,0.018,0.0206,0.0235,0.5242,0.022
2024-02-06,model_Portfolio,Hold,0.0252,0.0236,0.2978,0.0253,0.0191,0.0179,0.0204,0.0234,0.5255,0.0219
2024-02-07,model_Portfolio,Hold,0.0249,0.0236,0.3028,0.0253,0.019,0.0175,0.0201,0.0234,0.5219,0.0215
2024-02-08,model_Portfolio,Hold,0.0248,0.0238,0.3019,0.0253,0.019,0.018,0.0204,0.0236,0.5215,0.0216
2024-02-09,model_Portfolio,Hold,0.0247,0.0241,0.3026,0.026,0.0187,0.018,0.0201,0.0241,0.5202,0.0216
2024-02-12,model_Portfolio,Hold,0.0246,0.0235,0.3003,0.0254,0.0188,0.018,0.0202,0.0236,0.524,0.0216
2024-02-13,model_Portfolio,Hold,0.0247,0.0236,0.3034,0.0253,0.0186,0.0179,0.0196,0.0236,0.5214,0.0218
2024-02-14,model_Portfolio,Hold,0.0248,0.024,0.3057,0.0256,0.0186,0.0178,0.0196,0.0237,0.5183,0.0218
2024-02-15,model_Portfolio,Hold,0.0248,0.0237,0.3058,0.025,0.0193,0.0183,0.0204,0.0228,0.5186,0.0213
2024-02-16,model_Portfolio,Hold,0.0251,0.0238,0.3058,0.0252,0.0196,0.0185,0.0206,0.0227,0.5173,0.0215
2024-02-20,model_Portfolio,Hold,0.0256,0.0233,0.3046,0.0248,0.0192,0.0185,0.0204,0.0227,0.5192,0.0215
2024-02-21,model_Portfolio,Hold,0.0258,0.0231,0.3057,0.0249,0.0195,0.0185,0.0208,0.0229,0.5172,0.0216
2024-02-22,model_Portfolio,Hold,0.0259,0.0237,0.3053,0.0257,0.0186,0.0186,0.0206,0.023,0.517,0.0217
2024-02-23,model_Portfolio,Hold,0.0258,0.0239,0.3065,0.0256,0.0184,0.0186,0.0207,0.0228,0.516,0.0217
2024-02-26,model_Portfolio,Hold,0.0259,0.0241,0.3066,0.0258,0.0183,0.0185,0.0204,0.022,0.5166,0.0217
2024-02-27,model_Portfolio,Hold,0.0259,0.024,0.3068,0.0255,0.0185,0.0186,0.0207,0.0221,0.5162,0.0216
2024-02-28,model_Portfolio,Hold,0.0262,0.0241,0.3093,0.0255,0.0185,0.0188,0.0207,0.0218,0.5135,0.0218
2024-02-29,model_Portfolio,Hold,0.0257,0.0238,0.3083,0.0259,0.0183,0.0188,0.0212,0.022,0.5145,0.0216
2024-03-01,model_Portfolio,Hold,0.0258,0.0242,0.3077,0.0261,0.0187,0.019,0.0211,0.0218,0.5139,0.0216
2024-03-04,model_Portfolio,Hold,0.0262,0.0245,0.3068,0.0262,0.0185,0.0193,0.0216,0.0214,0.5144,0.0211
2024-03-05,model_Portfolio,Hold,0.0256,0.0239,0.3079,0.0254,0.0186,0.0192,0.021,0.021,0.5163,0.021
2024-03-06,model_Portfolio,Hold,0.0257,0.024,0.3113,0.0252,0.0186,0.0194,0.0208,0.0207,0.5126,0.0217
2024-03-07,model_Portfolio,Hold,0.0259,0.0243,0.3108,0.0256,0.0185,0.0195,0.0209,0.0211,0.5117,0.0217
2024-03-08,model_Portfolio,Hold,0.0258,0.0236,0.3082,0.0252,0.0186,0.0191,0.0212,0.0212,0.5155,0.0217
2024-03-11,model_Portfolio,Hold,0.0255,0.0232,0.3105,0.0246,0.0187,0.0195,0.0211,0.0214,0.5136,0.022
2024-03-12,model_Portfolio,Hold,0.025,0.023,0.3019,0.0245,0.0184,0.0187,0.0204,0.021,0.5255,0.0217
2024-03-13,model_Portfolio,Hold,0.024,0.0222,0.2954,0.0239,0.0184,0.0183,0.0196,0.0205,0.5365,0.0211
2024-03-14,model_Portfolio,Hold,0.0239,0.0223,0.2961,0.0243,0.0185,0.0183,0.0195,0.0211,0.5344,0.0217
2024-03-15,model_Portfolio,Hold,0.023,0.0218,0.2959,0.0235,0.018,0.018,0.0193,0.0206,0.5386,0.0213
2024-03-18,model_Portfolio,Hold,0.0224,0.0217,0.2963,0.0235,0.0182,0.0181,0.0192,0.0216,0.5375,0.0216
2024-03-19,model_Portfolio,Hold,0.0225,0.022,0.2949,0.0236,0.0186,0.0178,0.0192,0.0214,0.5385,0.0216
2024-03-20,model_Portfolio,Hold,0.0217,0.0217,0.292,0.0235,0.0186,0.0173,0.0193,0.0213,0.5433,0.0213
2024-03-21,model_Portfolio,Hold,0.0218,0.0198,0.293,0.0235,0.0188,0.0171,0.0197,0.0212,0.5437,0.0214
2024-03-22,model_Portfolio,Hold,0.0218,0.0195,0.2929,0.0239,0.0187,0.0173,0.0194,0.0218,0.5435,0.0211
2024-03-25,model_Portfolio,Hold,0.0219,0.0195,0.2972,0.0242,0.0195,0.0175,0.0197,0.0219,0.5373,0.0214
2024-03-26,model_Portfolio,Hold,0.0224,0.0198,0.3013,0.0243,0.0187,0.0177,0.0196,0.0222,0.5323,0.0216
2024-03-27,model_Portfolio,Hold,0.0225,0.0198,0.2991,0.0241,0.0189,0.0178,0.02,0.0219,0.5343,0.0216
2024-03-28,model_Portfolio,Hold,0.0223,0.0199,0.2971,0.0239,0.0191,0.0177,0.02,0.0217,0.5368,0.0213
2024-04-01,model_Portfolio,Rebalance,0.02,0.02,0.82,0.02,0.02,0.02,0.02,0.02,0.02,0.02
2024-04-02,model_Portfolio,Hold,0.0201,0.0199,0.8206,0.0201,0.02,0.0198,0.0198,0.02,0.0198,0.0199
2024-04-03,model_Portfolio,Hold,0.0199,0.0196,0.8215,0.0202,0.0199,0.0197,0.0197,0.02,0.0199,0.0195
2024-04-04,model_Portfolio,Hold,0.0199,0.0197,0.822,0.0201,0.0202,0.0197,0.0198,0.0196,0.0195,0.0195
2024-04-05,model_Portfolio,Hold,0.0198,0.0196,0.8222,0.0205,0.0202,0.0196,0.0198,0.0196,0.0194,0.0193
2024-04-08,model_Portfolio,Hold,0.0198,0.0196,0.8214,0.0205,0.0198,0.0196,0.0202,0.02,0.0196,0.0195
2024-04-09,model_Portfolio,Hold,0.0205,0.0201,0.8167,0.0209,0.0201,0.0201,0.0211,0.0206,0.0201,0.0199
2024-04-10,model_Portfolio,Hold,0.0203,0.0197,0.8182,0.0211,0.0203,0.0199,0.0201,0.0206,0.0202,0.0198
2024-04-11,model_Portfolio,Hold,0.021,0.0204,0.8115,0.0221,0.0206,0.0205,0.0209,0.0217,0.021,0.0203
2024-04-12,model_Portfolio,Hold,0.0206,0.0197,0.8154,0.0217,0.0201,0.0201,0.0205,0.0214,0.0205,0.02
2024-04-15,model_Portfolio,Hold,0.0206,0.0196,0.8167,0.0215,0.0198,0.0201,0.0201,0.0211,0.0205,0.02
2024-04-16,model_Portfolio,Hold,0.0207,0.0196,0.818,0.0214,0.0194,0.0198,0.0197,0.021,0.0205,0.0199
2024-04-17,model_Portfolio,Hold,0.0201,0.0197,0.8182,0.0212,0.0193,0.0199,0.0197,0.0212,0.0205,0.0201
2024-04-18,model_Portfolio,Hold,0.0198,0.0197,0.8192,0.0208,0.0192,0.0201,0.0195,0.0211,0.0204,0.0201
2024-04-19,model_Portfolio,Hold,0.0198,0.0193,0.8232,0.0198,0.0189,0.0196,0.0189,0.0204,0.0202,0.02
2024-04-22,model_Portfolio,Hold,0.0196,0.0192,0.8223,0.02,0.0189,0.0197,0.0193,0.0206,0.0202,0.0201
2024-04-23,model_Portfolio,Hold,0.0197,0.0191,0.8222,0.0202,0.0186,0.0196,0.0194,0.0208,0.0202,0.0202
2024-04-24,model_Portfolio,Hold,0.0195,0.0188,0.8236,0.0198,0.0185,0.0196,0.0194,0.0208,0.0199,0.0202
2024-04-25,model_Portfolio,Hold,0.0196,0.0187,0.8235,0.0196,0.0188,0.0197,0.0191,0.0205,0.0199,0.0206
2024-04-26,model_Portfolio,Hold,0.0197,0.0186,0.821,0.0203,0.0188,0.0198,0.0189,0.0226,0.0199,0.0205
2024-04-29,model_Portfolio,Hold,0.0194,0.0181,0.8225,0.0202,0.0188,0.0198,0.0192,0.0216,0.0198,0.0205
2024-04-30,model_Portfolio,Hold,0.0194,0.0182,0.8226,0.0198,0.0183,0.0198,0.0189,0.0214,0.021,0.0207
2024-05-01,model_Portfolio,Hold,0.0193,0.0179,0.8236,0.02,0.0176,0.0197,0.0188,0.0213,0.0212,0.0205
2024-05-02,model_Portfolio,Hold,0.0193,0.0181,0.8221,0.0208,0.0169,0.0203,0.0191,0.0218,0.0209,0.0207
2024-05-03,model_Portfolio,Hold,0.0194,0.0184,0.8199,0.0211,0.017,0.0207,0.0197,0.022,0.0212,0.0206
2024-05-06,model_Portfolio,Hold,0.0191,0.0183,0.8219,0.021,0.0171,0.0205,0.0192,0.0218,0.0207,0.0203
2024-05-07,model_Portfolio,Hold,0.0192,0.0185,0.821,0.021,0.0173,0.0206,0.0192,0.0222,0.0205,0.0204
2024-05-08,model_Portfolio,Hold,0.0189,0.0186,0.8216,0.0209,0.0175,0.0204,0.0189,0.0219,0.0206,0.0206
2024-05-09,model_Portfolio,Hold,0.0188,0.0181,0.8216,0.0209,0.0176,0.0206,0.0192,0.0219,0.0207,0.0207
2024-05-10,model_Portfolio,Hold,0.0187,0.018,0.8228,0.0206,0.0172,0.0204,0.0192,0.0216,0.0209,0.0206
2024-05-13,model_Portfolio,Hold,0.0187,0.0181,0.8225,0.0205,0.0171,0.0205,0.0191,0.0217,0.0211,0.0207
2024-05-14,model_Portfolio,Hold,0.0185,0.018,0.8226,0.0205,0.017,0.0202,0.0196,0.0217,0.0211,0.0208
2024-05-15,model_Portfolio,Hold,0.0183,0.0179,0.8235,0.0201,0.017,0.0202,0.0195,0.0217,0.0211,0.0207
2024-05-16,model_Portfolio,Hold,0.0184,0.0179,0.8221,0.0199,0.017,0.0207,0.0194,0.022,0.0219,0.0208
2024-05-17,model_Portfolio,Hold,0.0181,0.0174,0.8235,0.0198,0.017,0.0209,0.0192,0.0219,0.0217,0.0206
2024-05-20,model_Portfolio,Hold,0.018,0.0176,0.8223,0.0198,0.0171,0.0213,0.0192,0.0222,0.0218,0.0207
2024-05-21,model_Portfolio,Hold,0.0179,0.0175,0.8234,0.0197,0.017,0.0211,0.0191,0.0222,0.0213,0.0208
2024-05-22,model_Portfolio,Hold,0.0182,0.0176,0.8239,0.0197,0.0166,0.0211,0.019,0.022,0.021,0.0208
2024-05-23,model_Portfolio,Hold,0.0183,0.0178,0.8245,0.0196,0.0165,0.0212,0.0185,0.0219,0.0209,0.0207
2024-05-24,model_Portfolio,Hold,0.0181,0.0173,0.8261,0.0195,0.0163,0.0212,0.0184,0.0219,0.0208,0.0205
2024-05-28,model_Portfolio,Hold,0.0179,0.0172,0.8257,0.0197,0.0166,0.0213,0.0182,0.0222,0.0207,0.0206
2024-05-29,model_Portfolio,Hold,0.0177,0.017,0.8272,0.0197,0.0163,0.021,0.018,0.0222,0.0205,0.0205
2024-05-30,model_Portfolio,Hold,0.0178,0.0164,0.8288,0.0193,0.0165,0.0208,0.018,0.0216,0.0205,0.0205
2024-05-31,model_Portfolio,Hold,0.0175,0.0159,0.8303,0.0186,0.0166,0.0209,0.0181,0.0212,0.0205,0.0204
2024-06-03,model_Portfolio,Hold,0.0178,0.0161,0.8288,0.019,0.0161,0.0214,0.0181,0.0215,0.0206,0.0207
2024-06-04,model_Portfolio,Hold,0.018,0.0166,0.8272,0.0192,0.016,0.0216,0.0182,0.0217,0.0205,0.021
2024-06-05,model_Portfolio,Hold,0.0179,0.0167,0.8275,0.0194,0.016,0.0215,0.0179,0.0218,0.0205,0.0209
2024-06-06,model_Portfolio,Hold,0.0181,0.0167,0.8268,0.0198,0.0161,0.0214,0.0179,0.022,0.0203,0.0209
2024-06-07,model_Portfolio,Hold,0.0186,0.0164,0.8268,0.0196,0.0158,0.0221,0.0175,0.0216,0.0208,0.0208
2024-06-10,model_Portfolio,Hold,0.0186,0.0166,0.8255,0.02,0.0162,0.0224,0.0175,0.0218,0.0208,0.0207
2024-06-11,model_Portfolio,Hold,0.0184,0.0169,0.824,0.0201,0.0164,0.0224,0.0176,0.0221,0.0211,0.0209
2024-06-12,model_Portfolio,Hold,0.0181,0.0164,0.8255,0.02,0.0161,0.0225,0.0178,0.0221,0.021,0.0205
2024-06-13,model_Portfolio,Hold,0.0181,0.0163,0.8249,0.0198,0.0159,0.0229,0.0182,0.022,0.0212,0.0207
2024-06-14,model_Portfolio,Hold,0.0182,0.0166,0.8255,0.0199,0.0155,0.0221,0.0182,0.0223,0.0212,0.0205
2024-06-17,model_Portfolio,Hold,0.018,0.0164,0.8271,0.0198,0.0154,0.0218,0.0178,0.0222,0.0209,0.0205
2024-06-18,model_Portfolio,Hold,0.0179,0.0162,0.8288,0.0194,0.0153,0.0217,0.0177,0.0217,0.0208,0.0204
2024-06-20,model_Portfolio,Hold,0.0182,0.0173,0.8279,0.0196,0.0153,0.0213,0.0175,0.0216,0.0207,0.0205
2024-06-21,model_Portfolio,Hold,0.0181,0.0174,0.8268,0.0199,0.0152,0.0214,0.0177,0.022,0.0209,0.0206
2024-06-24,model_Portfolio,Hold,0.0178,0.0172,0.8275,0.0194,0.0158,0.021,0.0178,0.0218,0.0209,0.0208
2024-06-25,model_Portfolio,Hold,0.018,0.0173,0.8271,0.0196,0.0157,0.0208,0.0176,0.0225,0.0207,0.0208
2024-06-26,model_Portfolio,Hold,0.018,0.0172,0.826,0.0205,0.0156,0.0207,0.0176,0.0227,0.0208,0.021
2024-06-27,model_Portfolio,Hold,0.0179,0.0172,0.8253,0.0209,0.0158,0.0207,0.0177,0.0228,0.0211,0.0206
2024-06-28,model_Portfolio,Hold,0.0178,0.0172,0.8264,0.0204,0.016,0.0203,0.018,0.0224,0.0209,0.0206
2024-07-01,model_Portfolio,Rebalance,0.02,0.02,0.0261,0.02,0.02,0.02,0.02,0.02,0.8139,0.02
2024-07-02,model_Portfolio,Hold,0.0198,0.0199,0.026,0.0201,0.0196,0.0201,0.02,0.0201,0.8145,0.0198
2024-07-03,model_Portfolio,Hold,0.0197,0.02,0.0259,0.0199,0.0197,0.0203,0.02,0.0201,0.8147,0.0198
2024-07-05,model_Portfolio,Hold,0.02,0.0196,0.0259,0.0202,0.0192,0.0203,0.02,0.0207,0.8141,0.0199
2024-07-08,model_Portfolio,Hold,0.0197,0.0197,0.0258,0.0201,0.0194,0.0205,0.0201,0.0206,0.8142,0.0199
2024-07-09,model_Portfolio,Hold,0.0198,0.0198,0.0263,0.0204,0.0196,0.0207,0.0202,0.0208,0.812,0.0204
2024-07-10,model_Portfolio,Hold,0.0198,0.0193,0.0262,0.0201,0.0192,0.0205,0.02,0.0207,0.8141,0.0202
2024-07-11,model_Portfolio,Hold,0.0197,0.0193,0.0264,0.0193,0.0196,0.0204,0.021,0.0198,0.8145,0.0199
2024-07-12,model_Portfolio,Hold,0.0195,0.02,0.0263,0.0191,0.0196,0.0204,0.0211,0.0196,0.8144,0.0201
2024-07-15,model_Portfolio,Hold,0.0196,0.0206,0.0267,0.0191,0.0207,0.0205,0.0214,0.0199,0.8112,0.0202
2024-07-16,model_Portfolio,Hold,0.0194,0.0209,0.0266,0.019,0.0207,0.021,0.0214,0.0195,0.8111,0.0203
2024-07-17,model_Portfolio,Hold,0.0196,0.0207,0.0265,0.0183,0.0209,0.021,0.0214,0.019,0.8121,0.0206
2024-07-18,model_Portfolio,Hold,0.0188,0.0211,0.0267,0.018,0.021,0.0208,0.0211,0.0188,0.813,0.0207
2024-07-19,model_Portfolio,Hold,0.0192,0.0211,0.0264,0.018,0.0209,0.0206,0.0209,0.0188,0.8133,0.0208
2024-07-22,model_Portfolio,Hold,0.0194,0.0211,0.0266,0.0178,0.0204,0.0193,0.0209,0.0191,0.8149,0.0206
2024-07-23,model_Portfolio,Hold,0.0195,0.0211,0.0266,0.0182,0.0201,0.0199,0.0202,0.0191,0.8148,0.0205
2024-07-24,model_Portfolio,Hold,0.0204,0.0213,0.0269,0.0179,0.0201,0.0205,0.0195,0.0184,0.8142,0.0209
2024-07-25,model_Portfolio,Hold,0.0201,0.0213,0.0269,0.0178,0.0207,0.0204,0.0195,0.0178,0.8144,0.0211
2024-07-26,model_Portfolio,Hold,0.0168,0.0179,0.0228,0.0152,0.0174,0.0173,0.0168,0.015,0.8429,0.018
2024-07-29,model_Portfolio,Hold,0.017,0.018,0.023,0.0154,0.0174,0.0178,0.0168,0.0154,0.8409,0.0182
2024-07-30,model_Portfolio,Hold,0.0168,0.018,0.023,0.0151,0.0173,0.0175,0.0169,0.0153,0.842,0.018
2024-07-31,model_Portfolio,Hold,0.0169,0.0179,0.0228,0.0155,0.0173,0.0174,0.0165,0.0153,0.8428,0.0174
2024-08-01,model_Portfolio,Hold,0.0176,0.0179,0.0244,0.0153,0.0173,0.0191,0.0163,0.0153,0.839,0.0178
2024-08-02,model_Portfolio,Hold,0.018,0.0178,0.0242,0.0141,0.0161,0.0189,0.0162,0.0151,0.841,0.0184
2024-08-05,model_Portfolio,Hold,0.0177,0.0174,0.0239,0.0137,0.0157,0.0189,0.0162,0.0146,0.844,0.0179
2024-08-06,model_Portfolio,Hold,0.0178,0.0177,0.0241,0.0137,0.0154,0.0188,0.0166,0.0145,0.8435,0.0179
2024-08-07,model_Portfolio,Hold,0.0181,0.0179,0.0246,0.014,0.0156,0.019,0.0164,0.0147,0.8413,0.0184
2024-08-08,model_Portfolio,Hold,0.0178,0.0174,0.0246,0.014,0.0161,0.0188,0.0163,0.0147,0.842,0.0182
2024-08-09,model_Portfolio,Hold,0.0177,0.0176,0.0248,0.0142,0.0161,0.0188,0.0164,0.015,0.841,0.0183
2024-08-12,model_Portfolio,Hold,0.0177,0.0176,0.025,0.0143,0.0167,0.0187,0.0162,0.0149,0.8405,0.0184
2024-08-13,model_Portfolio,Hold,0.0175,0.0176,0.0247,0.0143,0.0163,0.0186,0.0163,0.0149,0.8414,0.0184
2024-08-14,model_Portfolio,Hold,0.0177,0.0175,0.0248,0.0142,0.0162,0.0184,0.0161,0.0145,0.8422,0.0183
2024-08-15,model_Portfolio,Hold,0.0177,0.0177,0.0246,0.0148,0.0164,0.0181,0.0163,0.0144,0.842,0.018
2024-08-16,model_Portfolio,Hold,0.0177,0.0178,0.0251,0.0147,0.0163,0.0183,0.0162,0.0146,0.8411,0.0182
2024-08-19,model_Portfolio,Hold,0.0178,0.0179,0.0252,0.0148,0.0163,0.0181,0.0163,0.0149,0.8404,0.0182
2024-08-20,model_Portfolio,Hold,0.0176,0.0179,0.025,0.0148,0.0157,0.018,0.0162,0.0149,0.8417,0.0182
2024-08-21,model_Portfolio,Hold,0.0175,0.0179,0.025,0.0147,0.0154,0.018,0.0161,0.0146,0.8427,0.0181
2024-08-22,model_Portfolio,Hold,0.0177,0.0178,0.0254,0.0145,0.0154,0.018,0.0165,0.0145,0.8421,0.0182
2024-08-23,model_Portfolio,Hold,0.0175,0.0177,0.0252,0.0143,0.0155,0.0178,0.0167,0.0145,0.8427,0.0182
2024-08-26,model_Portfolio,Hold,0.0173,0.0176,0.0249,0.014,0.0155,0.0177,0.0165,0.0143,0.8441,0.018
2024-08-27,model_Portfolio,Hold,0.0174,0.0178,0.0251,0.0139,0.0153,0.0177,0.0164,0.0142,0.844,0.0182
2024-08-28,model_Portfolio,Hold,0.0174,0.0177,0.0253,0.0137,0.0153,0.0177,0.0162,0.0141,0.8445,0.0182
2024-08-29,model_Portfolio,Hold,0.0172,0.0177,0.0253,0.0137,0.0156,0.0175,0.0159,0.0138,0.8453,0.0181
2024-08-30,model_Portfolio,Hold,0.017,0.0175,0.0251,0.014,0.015,0.0174,0.0159,0.0138,0.8461,0.018
2024-09-03,model_Portfolio,Hold,0.0177,0.018,0.0255,0.0142,0.0144,0.0176,0.0162,0.0136,0.844,0.0186
2024-09-04,model_Portfolio,Hold,0.0175,0.018,0.0256,0.0138,0.0139,0.0175,0.016,0.0135,0.8456,0.0187
2024-09-05,model_Portfolio,Hold,0.0174,0.0179,0.0256,0.0143,0.014,0.0175,0.016,0.0136,0.8451,0.0186
2024-09-06,model_Portfolio,Hold,0.0179,0.0182,0.0259,0.014,0.0139,0.0175,0.0162,0.0133,0.8442,0.0188
2024-09-09,model_Portfolio,Hold,0.0183,0.0183,0.026,0.0144,0.0137,0.0179,0.0165,0.0131,0.8429,0.019
2024-09-10,model_Portfolio,Hold,0.0182,0.0184,0.0255,0.0145,0.0129,0.0178,0.0165,0.013,0.8444,0.0187
2024-09-11,model_Portfolio,Hold,0.0181,0.0185,0.0252,0.0149,0.0128,0.0179,0.0166,0.0132,0.8443,0.0184
2024-09-12,model_Portfolio,Hold,0.0179,0.0183,0.025,0.0149,0.0127,0.0178,0.0166,0.0133,0.8454,0.018
2024-09-13,model_Portfolio,Hold,0.0177,0.0181,0.025,0.0148,0.0127,0.0179,0.0168,0.0135,0.8456,0.018
2024-09-16,model_Portfolio,Hold,0.0177,0.0182,0.0251,0.0145,0.0128,0.0181,0.0166,0.0134,0.8459,0.0177
2024-09-17,model_Portfolio,Hold,0.0179,0.0174,0.0251,0.0148,0.0134,0.0183,0.0167,0.0136,0.8455,0.0174
2024-09-18,model_Portfolio,Hold,0.0175,0.0174,0.025,0.0148,0.0133,0.0181,0.0167,0.0137,0.8461,0.0175
2024-09-19,model_Portfolio,Hold,0.0173,0.0173,0.0247,0.015,0.0134,0.0181,0.0164,0.0138,0.8466,0.0173
2024-09-20,model_Portfolio,Hold,0.0171,0.0173,0.0246,0.015,0.0132,0.018,0.0162,0.0139,0.8475,0.0173
2024-09-23,model_Portfolio,Hold,0.0172,0.0173,0.0249,0.0151,0.0133,0.0181,0.0162,0.0136,0.847,0.0174
2024-09-24,model_Portfolio,Hold,0.0168,0.0171,0.0244,0.015,0.0131,0.0182,0.0163,0.0135,0.8483,0.0172
2024-09-25,model_Portfolio,Hold,0.0168,0.0171,0.0247,0.0149,0.0128,0.0183,0.0164,0.0135,0.8484,0.0173
2024-09-26,model_Portfolio,Hold,0.0165,0.0177,0.0243,0.0146,0.0118,0.0182,0.0158,0.0134,0.8508,0.017
2024-09-27,model_Portfolio,Hold,0.0166,0.0176,0.0248,0.0145,0.0127,0.0185,0.0159,0.0136,0.8486,0.0172
2024-09-30,model_Portfolio,Hold,0.0169,0.0179,0.0251,0.0144,0.0127,0.0184,0.0158,0.0138,0.8477,0.0172
2024-10-01,model_Portfolio,Rebalance,0.02,0.02,0.82,0.02,0.02,0.02,0.02,0.02,0.02,0.02
2024-10-02,model_Portfolio,Hold,0.0198,0.0201,0.8222,0.0198,0.0199,0.0197,0.0197,0.0197,0.0196,0.0197
2024-10-03,model_Portfolio,Hold,0.0197,0.0204,0.8217,0.0196,0.0206,0.0195,0.0196,0.0198,0.0196,0.0195
2024-10-04,model_Portfolio,Hold,0.0195,0.0202,0.823,0.0198,0.0206,0.0192,0.0193,0.0197,0.0194,0.0193
2024-10-07,model_Portfolio,Hold,0.0201,0.0204,0.8183,0.0197,0.0212,0.0216,0.0195,0.0197,0.0198,0.0197
2024-10-08,model_Portfolio,Hold,0.0202,0.0205,0.8192,0.0198,0.0205,0.0213,0.0195,0.0197,0.0197,0.0195
2024-10-09,model_Portfolio,Hold,0.0206,0.021,0.8163,0.0202,0.0207,0.0218,0.0198,0.0196,0.0199,0.0199
2024-10-10,model_Portfolio,Hold,0.0205,0.0207,0.817,0.0203,0.0211,0.0217,0.0198,0.0196,0.0196,0.0196
2024-10-11,model_Portfolio,Hold,0.0203,0.0205,0.818,0.0203,0.021,0.0216,0.02,0.0194,0.0195,0.0194
2024-10-14,model_Portfolio,Hold,0.0204,0.0205,0.8183,0.02,0.0205,0.0217,0.0202,0.0195,0.0196,0.0193
2024-10-15,model_Portfolio,Hold,0.0203,0.0208,0.8188,0.02,0.0191,0.0219,0.0205,0.0196,0.0196,0.0194
2024-10-16,model_Portfolio,Hold,0.0205,0.0209,0.8185,0.0199,0.019,0.0221,0.0206,0.0195,0.0196,0.0194
2024-10-17,model_Portfolio,Hold,0.0205,0.021,0.8195,0.0199,0.019,0.0221,0.0203,0.0191,0.0194,0.0191
2024-10-18,model_Portfolio,Hold,0.0208,0.0211,0.8181,0.0201,0.0193,0.0224,0.0204,0.0193,0.0194,0.0191
2024-10-21,model_Portfolio,Hold,0.0206,0.0214,0.8167,0.0204,0.0195,0.0227,0.0203,0.0196,0.0196,0.0192
2024-10-22,model_Portfolio,Hold,0.0206,0.0212,0.8162,0.0205,0.0198,0.0227,0.0202,0.0198,0.0192,0.0197
2024-10-23,model_Portfolio,Hold,0.0208,0.0212,0.8177,0.02,0.0193,0.0225,0.0205,0.0196,0.0187,0.0196
2024-10-24,model_Portfolio,Hold,0.0207,0.0209,0.8185,0.0203,0.0195,0.0222,0.02,0.0196,0.0186,0.0197
2024-10-25,model_Portfolio,Hold,0.0207,0.0211,0.8165,0.0208,0.02,0.0223,0.0198,0.0203,0.0186,0.02
2024-10-28,model_Portfolio,Hold,0.0206,0.0211,0.8163,0.0208,0.0191,0.0223,0.0197,0.0204,0.0194,0.0202
2024-10-29,model_Portfolio,Hold,0.0205,0.0212,0.8169,0.0211,0.0187,0.0221,0.0195,0.0208,0.0193,0.02
2024-10-30,model_Portfolio,Hold,0.0207,0.0202,0.8168,0.0213,0.0189,0.0219,0.0198,0.0213,0.019,0.0202
2024-10-31,model_Portfolio,Hold,0.0213,0.0209,0.8093,0.0214,0.0197,0.0226,0.0202,0.0218,0.0199,0.0227
2024-11-01,model_Portfolio,Hold,0.0223,0.0209,0.8082,0.0227,0.0193,0.0225,0.0201,0.0218,0.0197,0.0225
2024-11-04,model_Portfolio,Hold,0.0221,0.0209,0.8082,0.0225,0.0197,0.0224,0.0205,0.0216,0.0195,0.0225
2024-11-05,model_Portfolio,Hold,0.022,0.0208,0.809,0.0227,0.0196,0.0222,0.0205,0.0214,0.0195,0.0224
2024-11-06,model_Portfolio,Hold,0.0212,0.0209,0.8099,0.023,0.02,0.0216,0.0198,0.0217,0.0201,0.0219
2024-11-07,model_Portfolio,Hold,0.0211,0.0213,0.8094,0.0235,0.0179,0.0223,0.0201,0.0224,0.0201,0.0218
2024-11-08,model_Portfolio,Hold,0.0213,0.0209,0.8107,0.0232,0.0177,0.0221,0.0201,0.022,0.0202,0.0219
2024-11-11,model_Portfolio,Hold,0.021,0.0207,0.8138,0.0227,0.0177,0.0218,0.0193,0.0219,0.0197,0.0215
2024-11-12,model_Portfolio,Hold,0.0209,0.0208,0.8147,0.0229,0.0174,0.0216,0.0187,0.022,0.0193,0.0216
2024-11-13,model_Portfolio,Hold,0.0207,0.0214,0.8131,0.0234,0.0176,0.0218,0.0189,0.0217,0.0194,0.022
2024-11-14,model_Portfolio,Hold,0.0207,0.0211,0.8125,0.0233,0.0181,0.0221,0.0188,0.0214,0.0197,0.0222
2024-11-15,model_Portfolio,Hold,0.0207,0.0204,0.8167,0.0221,0.0178,0.022,0.0182,0.0209,0.0192,0.0222
2024-11-18,model_Portfolio,Hold,0.0208,0.0202,0.8165,0.0219,0.0177,0.0226,0.018,0.0211,0.0191,0.0222
2024-11-19,model_Portfolio,Hold,0.0209,0.0204,0.8155,0.0223,0.0174,0.0227,0.018,0.0215,0.019,0.0221
2024-11-20,model_Portfolio,Hold,0.0208,0.0206,0.8153,0.0222,0.0176,0.0228,0.018,0.0214,0.019,0.0223
2024-11-21,model_Portfolio,Hold,0.0208,0.0207,0.8177,0.0215,0.0177,0.0226,0.0181,0.0201,0.0187,0.022
2024-11-22,model_Portfolio,Hold,0.0208,0.0204,0.8179,0.0212,0.0179,0.0227,0.0184,0.0197,0.0188,0.0222
2024-11-25,model_Portfolio,Hold,0.0207,0.0204,0.8174,0.0215,0.0176,0.0227,0.0189,0.0199,0.0189,0.022
2024-11-26,model_Portfolio,Hold,0.0205,0.0203,0.8172,0.0221,0.0174,0.0226,0.0187,0.0199,0.0191,0.0222
2024-11-27,model_Portfolio,Hold,0.0207,0.0203,0.8177,0.0218,0.0174,0.0224,0.0185,0.0199,0.0191,0.0222
2024-11-29,model_Portfolio,Hold,0.0206,0.0203,0.8171,0.0221,0.0175,0.0225,0.0185,0.0199,0.0192,0.0223
2024-12-02,model_Portfolio,Hold,0.0207,0.0206,0.814,0.0228,0.0176,0.0231,0.0187,0.0206,0.0195,0.0225
2024-12-03,model_Portfolio,Hold,0.0213,0.0209,0.8085,0.0239,0.0183,0.0235,0.0191,0.0213,0.02,0.0232
2024-12-04,model_Portfolio,Hold,0.0212,0.0213,0.8088,0.0244,0.0181,0.0233,0.0186,0.0216,0.0198,0.0229
2024-12-05,model_Portfolio,Hold,0.0211,0.021,0.8099,0.0245,0.0177,0.0228,0.0185,0.0213,0.0201,0.023
2024-12-06,model_Portfolio,Hold,0.0211,0.0214,0.8088,0.0253,0.0174,0.0227,0.0183,0.0216,0.0202,0.0232
2024-12-09,model_Portfolio,Hold,0.0214,0.0216,0.8056,0.0257,0.0184,0.0228,0.0192,0.0221,0.0203,0.023
2024-12-10,model_Portfolio,Hold,0.0216,0.0219,0.804,0.0257,0.0185,0.0229,0.0189,0.0235,0.0201,0.023
2024-12-11,model_Portfolio,Hold,0.0213,0.0219,0.8031,0.0263,0.0186,0.0226,0.0186,0.0247,0.0201,0.0227
2024-12-12,model_Portfolio,Hold,0.0212,0.0217,0.8038,0.0261,0.019,0.0225,0.0185,0.0243,0.0201,0.0228
2024-12-13,model_Portfolio,Hold,0.0211,0.0216,0.8045,0.0259,0.019,0.0226,0.0185,0.024,0.0201,0.0227
2024-12-16,model_Portfolio,Hold,0.0211,0.0216,0.8037,0.0267,0.0183,0.0223,0.0184,0.025,0.0201,0.0228
2024-12-17,model_Portfolio,Hold,0.0215,0.0218,0.8032,0.0267,0.0177,0.0224,0.0187,0.0251,0.0201,0.0228
2024-12-18,model_Portfolio,Hold,0.0217,0.0218,0.8039,0.0261,0.018,0.0222,0.0183,0.0248,0.0202,0.0229
2024-12-19,model_Portfolio,Hold,0.0216,0.0231,0.804,0.0263,0.0175,0.0219,0.0181,0.0246,0.0203,0.0226
2024-12-20,model_Portfolio,Hold,0.0217,0.0224,0.8045,0.0261,0.0178,0.0217,0.0182,0.0246,0.0203,0.0227
2024-12-23,model_Portfolio,Hold,0.0217,0.022,0.8044,0.0261,0.0182,0.0216,0.0181,0.025,0.0203,0.0226
2024-12-24,model_Portfolio,Hold,0.0217,0.022,0.8039,0.0264,0.0184,0.0217,0.0181,0.0251,0.0204,0.0224
2024-12-26,model_Portfolio,Hold,0.0217,0.0219,0.8047,0.0261,0.0183,0.0215,0.0181,0.0249,0.0205,0.0224
2024-12-27,model_Portfolio,Hold,0.0217,0.0217,0.8055,0.0258,0.0186,0.0214,0.0179,0.0247,0.0204,0.0224
2024-12-30,model_Portfolio,Hold,0.0214,0.0216,0.8061,0.0256,0.0189,0.0212,0.0179,0.0246,0.0203,0.0223
2024-12-31,model_Portfolio,Hold,0.0214,0.0214,0.8064,0.0253,0.0194,0.0213,0.018,0.0242,0.0202,0.0223
2025-01-02,model_Portfolio,Rebalance,0.02,0.02,0.82,0.02,0.02,0.02,0.02,0.02,0.02,0.02
2025-01-03,model_Portfolio,Hold,0.0199,0.0201,0.8198,0.0202,0.0199,0.0199,0.0202,0.0201,0.0199,0.0201
2025-01-06,model_Portfolio,Hold,0.02,0.0202,0.8177,0.0207,0.0203,0.0201,0.0201,0.0209,0.0201,0.0199
2025-01-07,model_Portfolio,Hold,0.0199,0.0203,0.8193,0.0201,0.0201,0.0201,0.0199,0.0205,0.0204,0.0195
2025-01-08,model_Portfolio,Hold,0.0199,0.0203,0.8201,0.02,0.02,0.0199,0.0197,0.0203,0.0205,0.0194
2025-01-10,model_Portfolio,Hold,0.02,0.0203,0.8179,0.0201,0.0205,0.0209,0.0197,0.0205,0.0205,0.0196
2025-01-13,model_Portfolio,Hold,0.0199,0.02,0.8183,0.0198,0.0208,0.0212,0.02,0.0201,0.0207,0.0193
2025-01-14,model_Portfolio,Hold,0.0197,0.0197,0.819,0.0195,0.021,0.0214,0.0198,0.0198,0.0209,0.0193
2025-01-15,model_Portfolio,Hold,0.0192,0.0196,0.8194,0.0198,0.0212,0.0212,0.0197,0.0202,0.0207,0.019
2025-01-16,model_Portfolio,Hold,0.0195,0.0195,0.8204,0.0194,0.0208,0.0213,0.0198,0.0197,0.0207,0.0188
2025-01-17,model_Portfolio,Hold,0.0193,0.0195,0.82,0.0197,0.0201,0.0216,0.0201,0.0199,0.0209,0.019
2025-01-21,model_Portfolio,Hold,0.0199,0.0197,0.8183,0.0201,0.0195,0.0217,0.0202,0.0201,0.0217,0.0188
2025-01-22,model_Portfolio,Hold,0.0204,0.0202,0.8152,0.0208,0.0197,0.0218,0.0201,0.0204,0.0224,0.0189
2025-01-23,model_Portfolio,Hold,0.0212,0.0203,0.8138,0.0208,0.0198,0.0222,0.02,0.0203,0.0224,0.019
2025-01-24,model_Portfolio,Hold,0.0214,0.0202,0.8135,0.0207,0.0195,0.0225,0.0202,0.0205,0.0223,0.0192
2025-01-27,model_Portfolio,Hold,0.0216,0.0203,0.817,0.0202,0.0191,0.0217,0.0197,0.0191,0.022,0.0192
2025-01-28,model_Portfolio,Hold,0.0214,0.0207,0.8164,0.0206,0.0192,0.0219,0.0189,0.0196,0.0222,0.019
2025-01-29,model_Portfolio,Hold,0.0215,0.0204,0.8174,0.0204,0.019,0.0219,0.0186,0.0196,0.0222,0.019
2025-01-30,model_Portfolio,Hold,0.0215,0.0207,0.8173,0.0201,0.0187,0.0223,0.0185,0.02,0.0224,0.0185
2025-01-31,model_Portfolio,Hold,0.0215,0.021,0.816,0.0205,0.018,0.0225,0.0189,0.0204,0.0223,0.0189
2025-02-03,model_Portfolio,Hold,0.0217,0.0212,0.8159,0.0206,0.0177,0.0228,0.0185,0.0203,0.0221,0.0192
2025-02-04,model_Portfolio,Hold,0.0218,0.0215,0.8143,0.0209,0.0184,0.0226,0.0184,0.0208,0.0223,0.0191
2025-02-05,model_Portfolio,Hold,0.0222,0.0218,0.8157,0.0204,0.0182,0.0223,0.0189,0.0192,0.0223,0.019
2025-02-06,model_Portfolio,Hold,0.0223,0.0219,0.8112,0.0213,0.0184,0.0228,0.0195,0.0199,0.0231,0.0197
2025-02-07,model_Portfolio,Hold,0.0225,0.0218,0.8145,0.0204,0.0184,0.0215,0.0193,0.0192,0.0227,0.0197
2025-02-10,model_Portfolio,Hold,0.023,0.022,0.8111,0.0209,0.0196,0.0216,0.0193,0.0194,0.0228,0.0202
2025-02-11,model_Portfolio,Hold,0.0229,0.0221,0.8115,0.0208,0.0198,0.0215,0.0192,0.0193,0.0228,0.0202
2025-02-12,model_Portfolio,Hold,0.0228,0.0221,0.8129,0.0205,0.0191,0.0216,0.0193,0.0191,0.0226,0.02
2025-02-13,model_Portfolio,Hold,0.0228,0.0219,0.8136,0.0204,0.019,0.0217,0.0192,0.0192,0.0224,0.0199
2025-02-14,model_Portfolio,Hold,0.0227,0.0219,0.8126,0.0204,0.0196,0.0219,0.0191,0.0192,0.0226,0.0199
2025-02-18,model_Portfolio,Hold,0.0225,0.0217,0.8139,0.0201,0.0199,0.0218,0.0191,0.0189,0.0225,0.0196
2025-02-19,model_Portfolio,Hold,0.0226,0.0217,0.8143,0.0199,0.0197,0.0217,0.0189,0.0189,0.0225,0.0196
2025-02-20,model_Portfolio,Hold,0.0229,0.0215,0.8144,0.0196,0.0198,0.0215,0.019,0.0189,0.0224,0.0201
2025-02-21,model_Portfolio,Hold,0.0236,0.0207,0.8139,0.0195,0.0195,0.0216,0.0194,0.0188,0.0222,0.0207
2025-02-24,model_Portfolio,Hold,0.0233,0.0204,0.8167,0.0188,0.0193,0.0213,0.0194,0.0184,0.022,0.0205
2025-02-25,model_Portfolio,Hold,0.0229,0.0199,0.8195,0.0184,0.0184,0.0214,0.0197,0.0177,0.0216,0.0203
2025-02-26,model_Portfolio,Hold,0.0232,0.0198,0.8195,0.0187,0.0183,0.0213,0.0195,0.0175,0.022,0.0201
2025-02-27,model_Portfolio,Hold,0.0229,0.0195,0.823,0.018,0.0168,0.021,0.0197,0.0169,0.0222,0.0199
2025-02-28,model_Portfolio,Hold,0.0229,0.0188,0.8241,0.018,0.0167,0.0209,0.0196,0.0168,0.0225,0.0199
2025-03-03,model_Portfolio,Hold,0.0232,0.0185,0.827,0.0174,0.0152,0.0204,0.0194,0.0164,0.0222,0.0203
2025-03-04,model_Portfolio,Hold,0.0232,0.019,0.8256,0.0176,0.0153,0.0205,0.0196,0.0172,0.0215,0.0204
2025-03-05,model_Portfolio,Hold,0.0231,0.019,0.825,0.0179,0.0152,0.0208,0.0198,0.0173,0.0217,0.0202
2025-03-06,model_Portfolio,Hold,0.0227,0.0187,0.826,0.0173,0.0154,0.0209,0.0194,0.0173,0.0216,0.0206
2025-03-07,model_Portfolio,Hold,0.023,0.0186,0.8254,0.0171,0.0154,0.0211,0.0199,0.0174,0.0214,0.0208
2025-03-10,model_Portfolio,Hold,0.0233,0.0185,0.8245,0.0169,0.0158,0.0206,0.0201,0.0168,0.0219,0.0215
2025-03-11,model_Portfolio,Hold,0.0227,0.0182,0.8258,0.0172,0.016,0.0203,0.0196,0.0167,0.0221,0.0214
2025-03-12,model_Portfolio,Hold,0.0225,0.0182,0.8235,0.0176,0.0166,0.0203,0.0197,0.0173,0.0227,0.0215
2025-03-13,model_Portfolio,Hold,0.0225,0.0178,0.8263,0.0172,0.0161,0.0202,0.0193,0.0168,0.0221,0.0218
2025-03-14,model_Portfolio,Hold,0.0215,0.0176,0.8276,0.0172,0.0162,0.0197,0.0195,0.0168,0.0223,0.0215
2025-03-17,model_Portfolio,Hold,0.0214,0.0178,0.8281,0.0169,0.0164,0.0198,0.0194,0.0165,0.0225,0.0213
2025-03-18,model_Portfolio,Hold,0.0214,0.0179,0.8282,0.0168,0.0167,0.0197,0.0193,0.0163,0.0224,0.0213
2025-03-19,model_Portfolio,Hold,0.0214,0.0177,0.8284,0.0168,0.0171,0.0197,0.019,0.0164,0.0225,0.0209
2025-03-20,model_Portfolio,Hold,0.0213,0.0164,0.8306,0.0168,0.0169,0.0196,0.0189,0.0163,0.0222,0.021
2025-03-21,model_Portfolio,Hold,0.0213,0.0167,0.8301,0.017,0.017,0.0196,0.0188,0.0165,0.0222,0.0209
2025-03-24,model_Portfolio,Hold,0.0212,0.0166,0.83,0.0174,0.0169,0.0195,0.0188,0.0167,0.0223,0.0206
2025-03-25,model_Portfolio,Hold,0.0209,0.0167,0.8301,0.0176,0.017,0.0194,0.0185,0.0169,0.0223,0.0206
2025-03-26,model_Portfolio,Hold,0.021,0.0167,0.831,0.0171,0.017,0.0195,0.0184,0.0163,0.0221,0.0209
2025-03-27,model_Portfolio,Hold,0.0217,0.0166,0.8315,0.017,0.0171,0.0194,0.0183,0.016,0.0214,0.0211
2025-03-28,model_Portfolio,Hold,0.0218,0.0165,0.8326,0.0165,0.017,0.0194,0.0185,0.0154,0.0211,0.0212
2025-03-31,model_Portfolio,Hold,0.0219,0.0167,0.8332,0.0161,0.0169,0.0194,0.0179,0.0152,0.0212,0.0216
2025-04-01,model_Portfolio,Rebalance,0.4812,0.02,0.3588,0.02,0.02,0.02,0.02,0.02,0.02,0.02
2025-04-02,model_Portfolio,Hold,0.4817,0.0202,0.358,0.0204,0.0201,0.0201,0.0202,0.02,0.02,0.0194
2025-04-03,model_Portfolio,Hold,0.4867,0.0195,0.3609,0.0188,0.017,0.0195,0.0191,0.0194,0.0192,0.0199
2025-04-04,model_Portfolio,Hold,0.4936,0.0197,0.3533,0.0193,0.0156,0.0195,0.0194,0.0201,0.0187,0.0207
2025-04-07,model_Portfolio,Hold,0.4982,0.0198,0.3485,0.0199,0.0155,0.0193,0.0186,0.0204,0.019,0.0207
2025-04-08,model_Portfolio,Hold,0.4984,0.0198,0.3504,0.0196,0.0146,0.0186,0.0186,0.0203,0.019,0.0208
2025-04-09,model_Portfolio,Hold,0.489,0.0202,0.354,0.021,0.0167,0.0194,0.0187,0.0213,0.0197,0.0202
2025-04-10,model_Portfolio,Hold,0.4887,0.0196,0.3589,0.0203,0.0148,0.0192,0.0176,0.0209,0.0193,0.0206
2025-04-11,model_Portfolio,Hold,0.4884,0.0192,0.3592,0.0203,0.015,0.0193,0.0178,0.0211,0.0194,0.0203
2025-04-14,model_Portfolio,Hold,0.4871,0.0194,0.3607,0.0198,0.015,0.0194,0.0182,0.0211,0.0192,0.0202
2025-04-15,model_Portfolio,Hold,0.4864,0.0194,0.3619,0.0196,0.0148,0.019,0.0182,0.0209,0.0192,0.0205
2025-04-16,model_Portfolio,Hold,0.4954,0.019,0.3564,0.0189,0.0151,0.0185,0.0176,0.0203,0.0184,0.0203
2025-04-17,model_Portfolio,Hold,0.4974,0.0187,0.3547,0.0186,0.0158,0.0185,0.0177,0.0199,0.0182,0.0205
2025-04-21,model_Portfolio,Hold,0.5011,0.0188,0.3521,0.0183,0.0154,0.0185,0.0175,0.0198,0.018,0.0206
2025-04-22,model_Portfolio,Hold,0.4968,0.0187,0.3551,0.0185,0.0157,0.0186,0.0172,0.0198,0.019,0.0206
2025-04-23,model_Portfolio,Hold,0.4924,0.0191,0.3575,0.0194,0.0155,0.0186,0.0174,0.0204,0.019,0.0206
2025-04-24,model_Portfolio,Hold,0.489,0.0192,0.3586,0.02,0.0161,0.0189,0.0174,0.0209,0.0194,0.0206
2025-04-25,model_Portfolio,Hold,0.4899,0.0195,0.3568,0.0204,0.0163,0.0189,0.0172,0.0214,0.0193,0.0205
2025-04-28,model_Portfolio,Hold,0.4901,0.0194,0.3569,0.0201,0.0164,0.0189,0.0174,0.0211,0.0193,0.0204
2025-04-29,model_Portfolio,Hold,0.4921,0.0197,0.356,0.02,0.016,0.019,0.0164,0.021,0.0193,0.0205
2025-04-30,model_Portfolio,Hold,0.4929,0.0197,0.3562,0.0197,0.0153,0.019,0.0164,0.0208,0.0193,0.0207
2025-05-01,model_Portfolio,Hold,0.5007,0.0201,0.3443,0.0206,0.0163,0.0193,0.0168,0.0214,0.0195,0.021
2025-05-02,model_Portfolio,Hold,0.5,0.0201,0.3453,0.0203,0.0162,0.0194,0.0168,0.0214,0.0197,0.0208
2025-05-05,model_Portfolio,Hold,0.5001,0.0203,0.3467,0.0199,0.0153,0.0191,0.0166,0.0215,0.0196,0.0209
2025-05-06,model_Portfolio,Hold,0.5013,0.02,0.3469,0.0198,0.0155,0.0187,0.0161,0.0213,0.0192,0.0211
2025-05-07,model_Portfolio,Hold,0.5018,0.02,0.3484,0.0201,0.0152,0.0184,0.0161,0.0197,0.0192,0.0211
2025-05-08,model_Portfolio,Hold,0.5018,0.0202,0.346,0.0204,0.0159,0.0187,0.0165,0.02,0.0195,0.021
2025-05-09,model_Portfolio,Hold,0.5007,0.0202,0.3462,0.0206,0.0165,0.0189,0.0166,0.0199,0.0198,0.0207
2025-05-12,model_Portfolio,Hold,0.4965,0.0212,0.3452,0.0223,0.0175,0.0193,0.0167,0.0207,0.0209,0.0198
2025-05-13,model_Portfolio,Hold,0.4915,0.0215,0.3478,0.0228,0.0184,0.0194,0.0165,0.0211,0.0212,0.0199
2025-05-14,model_Portfolio,Hold,0.4927,0.0214,0.3462,0.0229,0.0182,0.0193,0.0163,0.022,0.0209,0.02
2025-05-15,model_Portfolio,Hold,0.4988,0.0211,0.344,0.0218,0.0174,0.0191,0.016,0.0213,0.0205,0.0201
2025-05-16,model_Portfolio,Hold,0.4991,0.0205,0.3439,0.0216,0.0171,0.0192,0.0161,0.0214,0.0209,0.0202
2025-05-19,model_Portfolio,Hold,0.5009,0.0206,0.3419,0.0216,0.0168,0.019,0.0164,0.0214,0.021,0.0204
2025-05-20,model_Portfolio,Hold,0.5021,0.0208,0.341,0.0215,0.0168,0.019,0.016,0.0211,0.0211,0.0206
2025-05-21,model_Portfolio,Hold,0.5018,0.0209,0.3413,0.0215,0.0165,0.0189,0.0155,0.0221,0.0208,0.0208
2025-05-22,model_Portfolio,Hold,0.5004,0.021,0.3408,0.0219,0.0167,0.019,0.0156,0.0226,0.021,0.0209
2025-05-23,model_Portfolio,Hold,0.5004,0.0206,0.3416,0.0217,0.0168,0.0191,0.0154,0.0223,0.0209,0.0211
2025-05-27,model_Portfolio,Hold,0.5005,0.0207,0.3404,0.022,0.0171,0.0192,0.0158,0.0226,0.0209,0.0208
2025-05-28,model_Portfolio,Hold,0.5016,0.021,0.3387,0.0221,0.0171,0.0192,0.0158,0.0227,0.0209,0.0209
2025-05-29,model_Portfolio,Hold,0.5013,0.0209,0.3391,0.022,0.0171,0.0191,0.0161,0.0225,0.0209,0.0208
2025-05-30,model_Portfolio,Hold,0.5015,0.0208,0.3398,0.0218,0.0167,0.0194,0.0157,0.0224,0.0207,0.0211
2025-06-02,model_Portfolio,Hold,0.5013,0.0206,0.3405,0.022,0.017,0.0194,0.0156,0.022,0.0204,0.0211
2025-06-03,model_Portfolio,Hold,0.5006,0.0205,0.3406,0.0218,0.0179,0.0197,0.0157,0.0216,0.0206,0.0209
2025-06-04,model_Portfolio,Hold,0.5015,0.0208,0.339,0.0222,0.0177,0.0196,0.0159,0.022,0.0205,0.0207
2025-06-05,model_Portfolio,Hold,0.5046,0.0208,0.3366,0.0222,0.0176,0.0193,0.0157,0.022,0.0204,0.0207
2025-06-06,model_Portfolio,Hold,0.5003,0.0208,0.3395,0.0227,0.0182,0.0195,0.0158,0.0226,0.0202,0.0206
2025-06-09,model_Portfolio,Hold,0.5015,0.0208,0.3369,0.0231,0.0183,0.0195,0.0161,0.023,0.0201,0.0206
2025-06-10,model_Portfolio,Hold,0.5024,0.021,0.3349,0.0231,0.0189,0.0196,0.0164,0.0232,0.0201,0.0203
2025-06-11,model_Portfolio,Hold,0.5059,0.0208,0.3313,0.0226,0.0192,0.0196,0.0164,0.023,0.0204,0.0208
2025-06-12,model_Portfolio,Hold,0.506,0.0206,0.3327,0.0224,0.0194,0.0195,0.0162,0.0226,0.0199,0.0206
2025-06-13,model_Portfolio,Hold,0.5055,0.0203,0.3329,0.0224,0.0205,0.0194,0.0161,0.0226,0.0197,0.0207
2025-06-16,model_Portfolio,Hold,0.5011,0.0205,0.3358,0.0229,0.0201,0.0195,0.0162,0.023,0.0201,0.0207
2025-06-17,model_Portfolio,Hold,0.4994,0.0206,0.3369,0.023,0.0206,0.0194,0.0161,0.0231,0.0199,0.021
2025-06-18,model_Portfolio,Hold,0.4995,0.0202,0.3384,0.0227,0.0201,0.0193,0.016,0.0227,0.0199,0.0212
2025-06-20,model_Portfolio,Hold,0.5009,0.0188,0.3401,0.0224,0.0197,0.0189,0.0161,0.0218,0.0201,0.0212
2025-06-23,model_Portfolio,Hold,0.4988,0.0193,0.3431,0.0221,0.018,0.019,0.0163,0.0215,0.0205,0.0213
2025-06-24,model_Portfolio,Hold,0.5078,0.0193,0.3349,0.0222,0.0175,0.0192,0.0166,0.0213,0.0204,0.0208
2025-06-25,model_Portfolio,Hold,0.51,0.0191,0.3325,0.0223,0.0173,0.0194,0.0163,0.022,0.0203,0.0206
2025-06-26,model_Portfolio,Hold,0.4997,0.0193,0.3395,0.023,0.0181,0.0196,0.0166,0.0225,0.0209,0.0207
2025-06-27,model_Portfolio,Hold,0.4985,0.0191,0.3407,0.0235,0.018,0.0194,0.0163,0.023,0.0209,0.0205
2025-06-30,model_Portfolio,Hold,0.5012,0.0192,0.3397,0.0229,0.0177,0.0193,0.0163,0.0226,0.0208,0.0204
2025-07-01,model_Portfolio,Rebalance,0.02,0.02,0.82,0.02,0.02,0.02,0.02,0.02,0.02,0.02
2025-07-02,model_Portfolio,Hold,0.02,0.0203,0.8154,0.0203,0.0209,0.0207,0.0208,0.0207,0.0203,0.0207
2025-07-03,model_Portfolio,Hold,0.0199,0.0203,0.8161,0.0204,0.0208,0.0206,0.0208,0.0206,0.02,0.0207
2025-07-07,model_Portfolio,Hold,0.0201,0.0203,0.8148,0.0207,0.0209,0.0207,0.0206,0.0206,0.0202,0.0212
2025-07-08,model_Portfolio,Hold,0.0199,0.0204,0.8142,0.0203,0.022,0.0208,0.021,0.0202,0.0203,0.0208
2025-07-09,model_Portfolio,Hold,0.0201,0.0202,0.8123,0.0208,0.0222,0.0212,0.0213,0.0207,0.0209,0.0204
2025-07-10,model_Portfolio,Hold,0.0201,0.0196,0.8123,0.0207,0.0221,0.0211,0.0218,0.0207,0.021,0.0206
2025-07-11,model_Portfolio,Hold,0.02,0.0193,0.8121,0.0211,0.0219,0.0211,0.022,0.0212,0.0209,0.0205
2025-07-14,model_Portfolio,Hold,0.0198,0.019,0.8142,0.021,0.021,0.0208,0.0216,0.0211,0.021,0.0204
2025-07-15,model_Portfolio,Hold,0.0202,0.0191,0.8125,0.0214,0.0205,0.0209,0.0216,0.0216,0.0212,0.0209
2025-07-16,model_Portfolio,Hold,0.0201,0.0192,0.8136,0.021,0.0198,0.0209,0.0217,0.0215,0.0212,0.0209
2025-07-17,model_Portfolio,Hold,0.0184,0.0194,0.8137,0.021,0.0206,0.0213,0.0219,0.0216,0.0214,0.0206
2025-07-18,model_Portfolio,Hold,0.0188,0.0194,0.8143,0.0212,0.0205,0.0213,0.0216,0.0217,0.0206,0.0206
2025-07-21,model_Portfolio,Hold,0.019,0.0194,0.8125,0.0216,0.0203,0.0213,0.0218,0.0224,0.0206,0.021
2025-07-22,model_Portfolio,Hold,0.0189,0.0195,0.8133,0.0211,0.0205,0.0213,0.0221,0.0222,0.0201,0.0209
2025-07-23,model_Portfolio,Hold,0.0189,0.0194,0.8127,0.0211,0.0209,0.0213,0.0227,0.0221,0.02,0.0209
2025-07-24,model_Portfolio,Hold,0.0189,0.0191,0.8122,0.0216,0.0211,0.0213,0.0225,0.0224,0.0199,0.021
2025-07-25,model_Portfolio,Hold,0.0189,0.0191,0.8131,0.0213,0.0207,0.0213,0.0224,0.0223,0.02,0.0209
2025-07-28,model_Portfolio,Hold,0.0193,0.0191,0.8104,0.0219,0.0217,0.0215,0.022,0.0227,0.0205,0.0209
2025-07-29,model_Portfolio,Hold,0.0196,0.0192,0.8095,0.0217,0.0218,0.0214,0.0221,0.0231,0.0204,0.0211
2025-07-30,model_Portfolio,Hold,0.02,0.0192,0.807,0.0221,0.022,0.0215,0.0221,0.0236,0.0201,0.0223
2025-07-31,model_Portfolio,Hold,0.0196,0.0186,0.8093,0.0223,0.0217,0.0212,0.0216,0.0229,0.0204,0.0224
2025-08-01,model_Portfolio,Hold,0.02,0.0181,0.8115,0.0208,0.0211,0.0211,0.0218,0.023,0.02,0.0227
2025-08-04,model_Portfolio,Hold,0.0203,0.0182,0.8105,0.0204,0.0207,0.0214,0.022,0.0235,0.0204,0.0226
2025-08-05,model_Portfolio,Hold,0.0204,0.0173,0.8102,0.0205,0.021,0.0217,0.0222,0.0234,0.0206,0.0227
2025-08-06,model_Portfolio,Hold,0.0199,0.0169,0.8159,0.0208,0.0199,0.0208,0.0204,0.023,0.0202,0.0223
2025-08-07,model_Portfolio,Hold,0.02,0.0165,0.8143,0.0208,0.0214,0.0208,0.0206,0.023,0.0203,0.0224
2025-08-08,model_Portfolio,Hold,0.0201,0.0161,0.8148,0.0205,0.0217,0.0205,0.0202,0.0233,0.0202,0.0224
2025-08-11,model_Portfolio,Hold,0.0196,0.016,0.8165,0.0203,0.0216,0.0201,0.0195,0.0231,0.0204,0.0228
2025-08-12,model_Portfolio,Hold,0.0196,0.016,0.8139,0.0204,0.0222,0.0206,0.0201,0.0235,0.0208,0.023
2025-08-13,model_Portfolio,Hold,0.019,0.0163,0.8159,0.0203,0.0219,0.0205,0.02,0.0229,0.0207,0.0224
2025-08-14,model_Portfolio,Hold,0.019,0.0163,0.8154,0.0209,0.0219,0.0204,0.02,0.0231,0.0203,0.0225
2025-08-15,model_Portfolio,Hold,0.0194,0.0164,0.8152,0.0209,0.0219,0.0203,0.0204,0.0232,0.0198,0.0226
2025-08-18,model_Portfolio,Hold,0.0191,0.0165,0.8157,0.0209,0.0217,0.0201,0.0206,0.023,0.0198,0.0226
2025-08-19,model_Portfolio,Hold,0.0191,0.0168,0.8167,0.0204,0.0213,0.02,0.0207,0.0226,0.0198,0.0226
2025-08-20,model_Portfolio,Hold,0.019,0.0165,0.819,0.0198,0.0212,0.0199,0.0202,0.0221,0.0196,0.0226
2025-08-21,model_Portfolio,Hold,0.0189,0.0164,0.8193,0.0196,0.0214,0.02,0.0202,0.0221,0.0195,0.0226
2025-08-22,model_Portfolio,Hold,0.0189,0.0166,0.8159,0.02,0.0223,0.0202,0.021,0.0226,0.0199,0.0225
2025-08-25,model_Portfolio,Hold,0.0189,0.0166,0.8147,0.0201,0.0233,0.0201,0.021,0.0231,0.0198,0.0224
2025-08-26,model_Portfolio,Hold,0.0188,0.0164,0.8161,0.0201,0.0229,0.0199,0.021,0.0228,0.0198,0.0221
2025-08-27,model_Portfolio,Hold,0.0189,0.0166,0.8143,0.0202,0.0235,0.0201,0.0213,0.023,0.0199,0.0222
2025-08-28,model_Portfolio,Hold,0.019,0.0167,0.8115,0.0206,0.0241,0.0203,0.0216,0.0236,0.0202,0.0224
2025-08-29,model_Portfolio,Hold,0.0191,0.0168,0.812,0.0203,0.0242,0.0201,0.0216,0.0236,0.0198,0.0225
2025-09-02,model_Portfolio,Hold,0.0191,0.0168,0.811,0.0202,0.0251,0.0202,0.0214,0.0237,0.0199,0.0227
2025-09-03,model_Portfolio,Hold,0.019,0.0165,0.8121,0.02,0.0237,0.0199,0.0214,0.0256,0.0194,0.0224
2025-09-04,model_Portfolio,Hold,0.0188,0.0161,0.8126,0.0205,0.0241,0.0195,0.0214,0.0254,0.0195,0.022
2025-09-05,model_Portfolio,Hold,0.0191,0.0165,0.8105,0.0205,0.0237,0.0197,0.0221,0.026,0.0197,0.0223
2025-09-08,model_Portfolio,Hold,0.0191,0.0166,0.8101,0.0209,0.0233,0.0198,0.0224,0.0261,0.0197,0.0221
2025-09-09,model_Portfolio,Hold,0.019,0.0164,0.8105,0.0212,0.0227,0.0197,0.022,0.0267,0.0196,0.0223
2025-09-10,model_Portfolio,Hold,0.0185,0.0157,0.8118,0.0203,0.0242,0.0196,0.0219,0.0265,0.0195,0.0221
2025-09-11,model_Portfolio,Hold,0.0188,0.0156,0.8124,0.02,0.0236,0.0198,0.0218,0.0263,0.02,0.0219
2025-09-12,model_Portfolio,Hold,0.0189,0.0152,0.8135,0.0198,0.0234,0.0196,0.0218,0.0262,0.0197,0.0219
2025-09-15,model_Portfolio,Hold,0.0186,0.0152,0.8119,0.0202,0.0236,0.0195,0.0221,0.0275,0.0197,0.0218
2025-09-16,model_Portfolio,Hold,0.0189,0.0152,0.8095,0.0205,0.0253,0.0193,0.0222,0.0276,0.0197,0.0219
2025-09-17,model_Portfolio,Hold,0.0189,0.0153,0.8117,0.02,0.0246,0.0194,0.0218,0.0271,0.0193,0.0218
2025-09-18,model_Portfolio,Hold,0.0191,0.0153,0.8099,0.0202,0.0246,0.0197,0.0226,0.0276,0.0195,0.0215
2025-09-19,model_Portfolio,Hold,0.0193,0.0153,0.8098,0.0202,0.0242,0.0196,0.0222,0.0279,0.0197,0.0218
2025-09-22,model_Portfolio,Hold,0.0195,0.0154,0.81,0.02,0.0244,0.0195,0.0223,0.0278,0.0194,0.0216
2025-09-23,model_Portfolio,Hold,0.0193,0.0151,0.8116,0.0193,0.0247,0.0186,0.0225,0.0276,0.0196,0.0218
2025-09-24,model_Portfolio,Hold,0.0189,0.0152,0.8138,0.0191,0.025,0.0182,0.022,0.0269,0.0193,0.0217
2025-09-25,model_Portfolio,Hold,0.0188,0.0148,0.8156,0.0189,0.0249,0.0178,0.0216,0.0268,0.0191,0.0218
2025-09-26,model_Portfolio,Hold,0.0185,0.0149,0.8172,0.0188,0.0249,0.0176,0.0212,0.0264,0.0188,0.0216
2025-09-29,model_Portfolio,Hold,0.0185,0.0154,0.8167,0.019,0.0245,0.0178,0.0213,0.0262,0.0189,0.0216
2025-09-30,model_Portfolio,Hold,0.0185,0.0154,0.8171,0.0187,0.0244,0.0179,0.0213,0.026,0.019,0.0217
2025-10-01,model_Portfolio,Rebalance,0.02,0.02,0.82,0.02,0.02,0.02,0.02,0.02,0.02,0.02
2025-10-02,model_Portfolio,Hold,0.02,0.0201,0.8201,0.0202,0.0191,0.0202,0.0201,0.0201,0.0204,0.0199
2025-10-03,model_Portfolio,Hold,0.0199,0.0199,0.8218,0.0197,0.0193,0.02,0.0198,0.0198,0.0201,0.0196
2025-10-06,model_Portfolio,Hold,0.0197,0.02,0.8231,0.0197,0.0197,0.0198,0.0188,0.0201,0.0197,0.0194
2025-10-07,model_Portfolio,Hold,0.0196,0.0203,0.8231,0.0198,0.0197,0.0199,0.0184,0.0198,0.0196,0.0198
2025-10-08,model_Portfolio,Hold,0.02,0.0206,0.8226,0.0203,0.0195,0.0199,0.0179,0.0198,0.0199,0.0196
2025-10-09,model_Portfolio,Hold,0.02,0.0207,0.8232,0.0207,0.0189,0.0196,0.0178,0.0197,0.0196,0.0198
2025-10-10,model_Portfolio,Hold,0.02,0.0199,0.8268,0.0198,0.0176,0.0193,0.0178,0.0195,0.0192,0.0202
2025-10-13,model_Portfolio,Hold,0.0199,0.0202,0.8244,0.0202,0.0184,0.0196,0.0179,0.0201,0.0196,0.0198
2025-10-14,model_Portfolio,Hold,0.02,0.02,0.8253,0.0196,0.0183,0.0195,0.018,0.02,0.0195,0.0197
2025-10-15,model_Portfolio,Hold,0.0197,0.0199,0.8234,0.0198,0.0188,0.0194,0.0185,0.0208,0.0199,0.0198
2025-10-16,model_Portfolio,Hold,0.02,0.02,0.8209,0.0202,0.0191,0.0196,0.0187,0.0213,0.0202,0.0201
2025-10-17,model_Portfolio,Hold,0.0199,0.0202,0.8218,0.0199,0.0185,0.0194,0.0185,0.0213,0.0202,0.0202
2025-10-20,model_Portfolio,Hold,0.0199,0.0203,0.8219,0.02,0.0183,0.0193,0.0188,0.0214,0.0203,0.0198
2025-10-21,model_Portfolio,Hold,0.0196,0.021,0.8196,0.0206,0.0184,0.0194,0.0188,0.0209,0.0219,0.0197
2025-10-22,model_Portfolio,Hold,0.0197,0.021,0.8187,0.0203,0.0189,0.0193,0.0191,0.0211,0.022,0.0199
2025-10-23,model_Portfolio,Hold,0.0195,0.021,0.8165,0.0206,0.0204,0.0195,0.0189,0.0212,0.0226,0.02
2025-10-24,model_Portfolio,Hold,0.0196,0.0209,0.8161,0.0209,0.0198,0.0195,0.0191,0.0218,0.0222,0.0201
2025-10-27,model_Portfolio,Hold,0.0196,0.0211,0.8159,0.0211,0.0193,0.0195,0.0191,0.0225,0.0221,0.0197
2025-10-28,model_Portfolio,Hold,0.0197,0.0215,0.8184,0.0215,0.019,0.0196,0.0156,0.0226,0.0222,0.0198
2025-10-29,model_Portfolio,Hold,0.0196,0.0213,0.819,0.0219,0.019,0.0193,0.0147,0.0235,0.0221,0.0196
2025-10-30,model_Portfolio,Hold,0.0195,0.0213,0.8224,0.021,0.0188,0.0189,0.014,0.0239,0.0222,0.0179
2025-10-31,model_Portfolio,Hold,0.0192,0.0212,0.8211,0.0229,0.0189,0.0187,0.0144,0.0238,0.0221,0.0176
2025-11-03,model_Portfolio,Hold,0.0193,0.0211,0.8212,0.0239,0.0188,0.0185,0.0138,0.024,0.0216,0.0177
2025-11-04,model_Portfolio,Hold,0.0194,0.0204,0.8252,0.0232,0.0183,0.0184,0.0132,0.0232,0.0211,0.0177
2025-11-05,model_Portfolio,Hold,0.0188,0.0204,0.8276,0.0228,0.0176,0.0178,0.0131,0.0233,0.0212,0.0173
2025-11-06,model_Portfolio,Hold,0.0185,0.0195,0.8293,0.0217,0.0188,0.019,0.0125,0.0229,0.0207,0.017
2025-11-07,model_Portfolio,Hold,0.0187,0.0198,0.8287,0.0217,0.0189,0.019,0.0131,0.0223,0.0207,0.0172
2025-11-10,model_Portfolio,Hold,0.0186,0.0197,0.8269,0.0222,0.0193,0.0189,0.0128,0.0233,0.0211,0.0171
2025-11-11,model_Portfolio,Hold,0.0187,0.0195,0.8263,0.0222,0.0195,0.0191,0.0129,0.0233,0.0212,0.0173
2025-11-12,model_Portfolio,Hold,0.0189,0.0197,0.828,0.0216,0.0188,0.019,0.0126,0.0229,0.0214,0.0171
2025-11-13,model_Portfolio,Hold,0.0189,0.0198,0.8292,0.021,0.0194,0.0191,0.0122,0.0222,0.0213,0.017
2025-11-14,model_Portfolio,Hold,0.0192,0.0197,0.829,0.0208,0.0196,0.0189,0.0123,0.0221,0.0211,0.0172
2025-11-17,model_Portfolio,Hold,0.0195,0.0197,0.8275,0.021,0.0196,0.0188,0.0121,0.0232,0.0212,0.0175
2025-11-18,model_Portfolio,Hold,0.0196,0.0197,0.8272,0.0202,0.0201,0.0188,0.0122,0.0232,0.0213,0.0178
2025-11-19,model_Portfolio,Hold,0.0192,0.0201,0.8255,0.0205,0.0197,0.0191,0.012,0.0243,0.0217,0.0179
2025-11-20,model_Portfolio,Hold,0.0188,0.0199,0.829,0.0198,0.019,0.0188,0.0118,0.0238,0.0214,0.0177
2025-11-21,model_Portfolio,Hold,0.0193,0.0207,0.8257,0.02,0.0193,0.0192,0.0122,0.0245,0.0216,0.0175
2025-11-24,model_Portfolio,Hold,0.0192,0.02,0.8237,0.0206,0.0197,0.0192,0.0123,0.0261,0.0219,0.0173
2025-11-25,model_Portfolio,Hold,0.0191,0.0203,0.8236,0.0206,0.0193,0.0191,0.0125,0.0262,0.0219,0.0174
2025-11-26,model_Portfolio,Hold,0.0193,0.0203,0.8219,0.0208,0.0199,0.0193,0.0128,0.0261,0.022,0.0177
2025-11-28,model_Portfolio,Hold,0.0194,0.0205,0.8205,0.0211,0.0201,0.0194,0.0128,0.0261,0.0221,0.0178
2025-12-01,model_Portfolio,Hold,0.0194,0.0212,0.8194,0.0213,0.0205,0.0195,0.0128,0.0259,0.0221,0.0179
2025-12-02,model_Portfolio,Hold,0.0192,0.0216,0.8183,0.0215,0.0207,0.0193,0.013,0.0261,0.0223,0.0179
2025-12-03,model_Portfolio,Hold,0.019,0.0226,0.8176,0.0212,0.0219,0.0195,0.0117,0.0263,0.0225,0.0177
2025-12-04,model_Portfolio,Hold,0.019,0.0223,0.8193,0.0209,0.0217,0.0196,0.0112,0.0262,0.022,0.0177
2025-12-05,model_Portfolio,Hold,0.019,0.0221,0.8196,0.021,0.022,0.0196,0.011,0.0265,0.0217,0.0176
2025-12-08,model_Portfolio,Hold,0.0188,0.0223,0.8217,0.021,0.0215,0.018,0.011,0.0262,0.0216,0.0179
2025-12-09,model_Portfolio,Hold,0.0186,0.0226,0.8212,0.0211,0.0217,0.0175,0.0111,0.0265,0.0217,0.0179
2025-12-10,model_Portfolio,Hold,0.0189,0.0229,0.8184,0.0216,0.0218,0.0181,0.0114,0.0269,0.0219,0.0182
2025-12-11,model_Portfolio,Hold,0.0188,0.0225,0.821,0.0212,0.0212,0.0184,0.0111,0.0259,0.022,0.0179
2025-12-12,model_Portfolio,Hold,0.019,0.0224,0.8226,0.0206,0.021,0.0182,0.0112,0.0254,0.0218,0.0178
2025-12-15,model_Portfolio,Hold,0.0192,0.0224,0.8247,0.0201,0.0203,0.0181,0.0113,0.025,0.0212,0.0177
2025-12-16,model_Portfolio,Hold,0.0193,0.0226,0.8239,0.0204,0.0195,0.0182,0.0114,0.0253,0.0212,0.0181
2025-12-17,model_Portfolio,Hold,0.0191,0.0225,0.8252,0.0201,0.0199,0.0184,0.0114,0.0243,0.021,0.0179
2025-12-18,model_Portfolio,Hold,0.0189,0.0222,0.8255,0.0207,0.0193,0.0182,0.0118,0.0248,0.0209,0.0177
2025-12-19,model_Portfolio,Hold,0.019,0.0224,0.8251,0.0207,0.0195,0.0179,0.0115,0.0252,0.0209,0.0176
2025-12-22,model_Portfolio,Hold,0.019,0.0223,0.824,0.0208,0.0198,0.0183,0.0117,0.0255,0.0207,0.0178
2025-12-23,model_Portfolio,Hold,0.0188,0.0222,0.8245,0.0211,0.0197,0.0182,0.0115,0.0257,0.0206,0.0177
2025-12-24,model_Portfolio,Hold,0.0188,0.0222,0.8241,0.0211,0.0197,0.0183,0.0117,0.0257,0.0207,0.0178
2025-12-26,model_Portfolio,Hold,0.0189,0.0224,0.823,0.0212,0.0196,0.0185,0.0117,0.0258,0.021,0.0178
2025-12-29,model_Portfolio,Hold,0.0189,0.0224,0.8229,0.0212,0.0198,0.0186,0.0118,0.0258,0.0209,0.0178
2025-12-30,model_Portfolio,Hold,0.0189,0.0221,0.8236,0.0211,0.0199,0.0185,0.0118,0.0256,0.0207,0.0177
2022-01-20,model_Portfolio,Rebalance,0.02,0.02,0.8199,0.02,0.02,0.02,0.02,0.02,0.02,0.02
2022-01-21,model_Portfolio,Hold,0.0205,0.0199,0.8201,0.0191,0.0196,0.02,0.0202,0.0199,0.0202,0.0204
2022-01-24,model_Portfolio,Hold,0.02,0.02,0.8214,0.0192,0.0197,0.0199,0.0199,0.0198,0.0201,0.02
2022-01-25,model_Portfolio,Hold,0.0198,0.0196,0.8224,0.0185,0.0212,0.0195,0.0196,0.0191,0.0201,0.02
2022-01-26,model_Portfolio,Hold,0.0193,0.0193,0.8247,0.0184,0.0212,0.0193,0.0192,0.0194,0.0195,0.0197
2022-01-27,model_Portfolio,Hold,0.0194,0.0196,0.8239,0.0185,0.0212,0.0193,0.0188,0.0195,0.0197,0.0201
2022-01-28,model_Portfolio,Hold,0.02,0.0199,0.8229,0.0189,0.0212,0.0193,0.019,0.0199,0.0187,0.02
2022-01-31,model_Portfolio,Hold,0.0202,0.0204,0.8213,0.0195,0.021,0.0194,0.0194,0.02,0.0189,0.02
2022-02-01,model_Portfolio,Hold,0.0201,0.0203,0.82,0.0196,0.0219,0.0195,0.0194,0.0203,0.019,0.0198
2022-02-02,model_Portfolio,Hold,0.0203,0.0204,0.82,0.0193,0.0216,0.0193,0.0193,0.0216,0.0187,0.0195
2022-02-03,model_Portfolio,Hold,0.0204,0.0197,0.8236,0.0179,0.0216,0.0191,0.0189,0.021,0.0185,0.0196
2022-02-04,model_Portfolio,Hold,0.02,0.0195,0.8252,0.02,0.0213,0.0177,0.0185,0.0207,0.0178,0.0192
2022-02-07,model_Portfolio,Hold,0.0197,0.0192,0.8281,0.02,0.0209,0.017,0.0181,0.02,0.0178,0.0192
2022-02-08,model_Portfolio,Hold,0.0196,0.0191,0.8299,0.0202,0.02,0.0167,0.0179,0.0199,0.0178,0.019
2022-02-09,model_Portfolio,Hold,0.0198,0.0196,0.8278,0.0201,0.0203,0.0171,0.0182,0.0201,0.0178,0.019
2022-02-10,model_Portfolio,Hold,0.0196,0.0191,0.8296,0.02,0.0205,0.0168,0.0178,0.0199,0.0176,0.0191
2022-02-11,model_Portfolio,Hold,0.0193,0.0185,0.8311,0.0194,0.021,0.0164,0.018,0.0194,0.0177,0.0192
2022-02-14,model_Portfolio,Hold,0.0192,0.0186,0.8304,0.02,0.0201,0.0166,0.0181,0.0199,0.0178,0.0194
2022-02-15,model_Portfolio,Hold,0.0192,0.0186,0.831,0.0199,0.0199,0.0167,0.018,0.0198,0.0175,0.0193
2022-02-16,model_Portfolio,Hold,0.0192,0.0188,0.8304,0.0201,0.02,0.0165,0.0182,0.02,0.0173,0.0194
2022-02-17,model_Portfolio,Hold,0.0191,0.0186,0.83,0.0201,0.0204,0.0165,0.0185,0.0196,0.017,0.0201
2022-02-18,model_Portfolio,Hold,0.0185,0.0185,0.8311,0.0199,0.0203,0.0167,0.0185,0.0193,0.017,0.0203
2022-02-22,model_Portfolio,Hold,0.0187,0.0186,0.8313,0.0197,0.0198,0.0165,0.0188,0.0194,0.017,0.0203
2022-02-23,model_Portfolio,Hold,0.019,0.0185,0.8304,0.0193,0.02,0.0165,0.0189,0.0194,0.017,0.0209
2022-02-24,model_Portfolio,Hold,0.0197,0.0191,0.8237,0.0207,0.0215,0.017,0.0199,0.0206,0.0173,0.0204
2022-02-25,model_Portfolio,Hold,0.0196,0.0188,0.8253,0.0203,0.0216,0.0167,0.0195,0.0202,0.0175,0.0205
2022-02-28,model_Portfolio,Hold,0.0196,0.0187,0.8236,0.0205,0.0231,0.0167,0.0193,0.0205,0.0175,0.0206
2022-03-01,model_Portfolio,Hold,0.0199,0.0191,0.818,0.0209,0.0251,0.0169,0.0199,0.0211,0.0177,0.0215
2022-03-02,model_Portfolio,Hold,0.0198,0.019,0.82,0.0205,0.0248,0.0166,0.0196,0.0207,0.0175,0.0215
2022-03-03,model_Portfolio,Hold,0.0196,0.0188,0.8224,0.0197,0.0247,0.0163,0.0196,0.0203,0.0174,0.0213
2022-03-04,model_Portfolio,Hold,0.0199,0.0188,0.8199,0.0197,0.0259,0.0163,0.0201,0.0203,0.0175,0.0218
2022-03-07,model_Portfolio,Hold,0.0199,0.0186,0.8219,0.0189,0.0254,0.0161,0.02,0.0198,0.0174,0.022
2022-03-08,model_Portfolio,Hold,0.0194,0.0184,0.8231,0.0187,0.0258,0.0159,0.0201,0.0199,0.0176,0.0211
2022-03-09,model_Portfolio,Hold,0.0194,0.0185,0.8233,0.0188,0.0254,0.0162,0.0198,0.0205,0.0174,0.0207
2022-03-10,model_Portfolio,Hold,0.0193,0.0186,0.8212,0.0199,0.0264,0.0163,0.0198,0.0204,0.0172,0.0209
2022-03-11,model_Portfolio,Hold,0.0189,0.0187,0.8238,0.0198,0.0258,0.0158,0.0196,0.0201,0.0169,0.0207
2022-03-14,model_Portfolio,Hold,0.0189,0.0183,0.8274,0.0191,0.0246,0.0155,0.0194,0.0193,0.017,0.0205
2022-03-15,model_Portfolio,Hold,0.0191,0.0187,0.8263,0.0197,0.0238,0.0157,0.0195,0.0196,0.017,0.0207
2022-03-16,model_Portfolio,Hold,0.019,0.0188,0.8273,0.02,0.0234,0.0155,0.0192,0.0198,0.0168,0.0202
2022-03-17,model_Portfolio,Hold,0.0191,0.0184,0.8253,0.0204,0.0249,0.0157,0.0193,0.0198,0.0169,0.0202
2022-03-18,model_Portfolio,Hold,0.0193,0.0186,0.8242,0.0209,0.0246,0.0159,0.0194,0.0201,0.017,0.0202
2022-03-21,model_Portfolio,Hold,0.019,0.0185,0.8242,0.0208,0.0255,0.0159,0.019,0.0199,0.0169,0.0203
2022-03-22,model_Portfolio,Hold,0.0188,0.0184,0.8252,0.0209,0.0249,0.0158,0.0187,0.0202,0.0168,0.0204
2022-03-23,model_Portfolio,Hold,0.0182,0.0182,0.8253,0.0209,0.0253,0.0159,0.0186,0.0202,0.0167,0.0206
2022-03-24,model_Portfolio,Hold,0.0182,0.0182,0.8255,0.0207,0.0251,0.0162,0.0186,0.0204,0.0166,0.0204
2022-03-25,model_Portfolio,Hold,0.018,0.0181,0.8261,0.0206,0.0252,0.0163,0.0186,0.0201,0.0166,0.0205
2022-03-28,model_Portfolio,Hold,0.0183,0.0183,0.8261,0.0212,0.0242,0.0164,0.0188,0.0202,0.0165,0.02
2022-03-29,model_Portfolio,Hold,0.0183,0.0188,0.8242,0.0211,0.0248,0.0167,0.0193,0.0203,0.0167,0.0198
2022-03-30,model_Portfolio,Hold,0.0182,0.0187,0.8247,0.0207,0.0249,0.0167,0.0194,0.0201,0.0166,0.0199
2022-03-31,model_Portfolio,Hold,0.0182,0.0189,0.8235,0.0206,0.0254,0.0168,0.0196,0.02,0.0166,0.0203
2022-04-01,model_Portfolio,Hold,0.0181,0.0189,0.8232,0.0206,0.0258,0.0166,0.0199,0.02,0.0166,0.0203
2022-04-04,model_Portfolio,Hold,0.0184,0.0194,0.819,0.0215,0.0266,0.0171,0.0199,0.0207,0.0168,0.0206
2022-04-05,model_Portfolio,Hold,0.0185,0.0193,0.8209,0.0209,0.0258,0.0171,0.0199,0.0204,0.0167,0.0206
2022-04-06,model_Portfolio,Hold,0.0183,0.0189,0.8247,0.0199,0.0249,0.0167,0.0199,0.0195,0.0166,0.0207
2022-04-07,model_Portfolio,Hold,0.0188,0.0189,0.8247,0.0198,0.0249,0.0167,0.0196,0.0194,0.0166,0.0206
2022-04-08,model_Portfolio,Hold,0.0187,0.0187,0.8252,0.0193,0.026,0.0167,0.0194,0.0189,0.0165,0.0207
2022-04-11,model_Portfolio,Hold,0.0183,0.0182,0.8275,0.019,0.0251,0.0167,0.0192,0.0184,0.0166,0.021
2022-04-12,model_Portfolio,Hold,0.0182,0.0182,0.8269,0.019,0.0258,0.0166,0.0191,0.0183,0.0165,0.0212
2022-04-13,model_Portfolio,Hold,0.0183,0.0182,0.8253,0.0196,0.0266,0.0167,0.0192,0.0186,0.0165,0.0211
2022-04-14,model_Portfolio,Hold,0.018,0.0178,0.8277,0.019,0.0266,0.0165,0.0189,0.0181,0.0163,0.0211
2022-04-18,model_Portfolio,Hold,0.0178,0.0174,0.8286,0.0191,0.0267,0.0164,0.0187,0.0182,0.0161,0.021
2022-04-19,model_Portfolio,Hold,0.0183,0.0178,0.8257,0.0197,0.0269,0.0166,0.019,0.0185,0.0165,0.0211
2022-04-20,model_Portfolio,Hold,0.0184,0.0177,0.8281,0.0189,0.0265,0.0163,0.019,0.0179,0.0163,0.0209
2022-04-21,model_Portfolio,Hold,0.0188,0.0179,0.8271,0.0185,0.0257,0.0167,0.0192,0.0178,0.0167,0.0217
2022-04-22,model_Portfolio,Hold,0.0189,0.0178,0.8265,0.0186,0.0256,0.0167,0.0194,0.0176,0.017,0.022
2022-04-25,model_Portfolio,Hold,0.0192,0.0184,0.8246,0.0191,0.0249,0.0169,0.0194,0.0183,0.0171,0.0221
2022-04-26,model_Portfolio,Hold,0.0192,0.0181,0.8245,0.0187,0.0253,0.0168,0.0197,0.0181,0.0171,0.0226
2022-04-27,model_Portfolio,Hold,0.0191,0.0181,0.8247,0.0185,0.0261,0.017,0.0193,0.0175,0.0171,0.0226
2022-04-28,model_Portfolio,Hold,0.0197,0.019,0.8173,0.0197,0.0276,0.0175,0.02,0.0184,0.0177,0.0231
2022-04-29,model_Portfolio,Hold,0.0196,0.0188,0.818,0.0176,0.0282,0.0176,0.0198,0.0184,0.018,0.0241
2022-05-02,model_Portfolio,Hold,0.0195,0.0191,0.818,0.0176,0.0279,0.0177,0.0194,0.0187,0.0182,0.024
2022-05-03,model_Portfolio,Hold,0.0192,0.0189,0.8178,0.0174,0.0289,0.0178,0.0194,0.0187,0.0182,0.0238
2022-05-04,model_Portfolio,Hold,0.0191,0.0189,0.8172,0.0171,0.0298,0.0178,0.0192,0.0189,0.0184,0.0234
2022-05-05,model_Portfolio,Hold,0.0193,0.0185,0.82,0.0163,0.0281,0.0176,0.0193,0.0185,0.0184,0.024
2022-05-06,model_Portfolio,Hold,0.0191,0.0183,0.8195,0.016,0.0299,0.0175,0.0189,0.0183,0.0184,0.0242
2022-05-09,model_Portfolio,Hold,0.0186,0.0181,0.8249,0.0154,0.0259,0.0176,0.0182,0.0182,0.0191,0.024
2022-05-10,model_Portfolio,Hold,0.0186,0.0182,0.8264,0.0155,0.026,0.0175,0.0179,0.0186,0.0188,0.0226
2022-05-11,model_Portfolio,Hold,0.0186,0.0179,0.826,0.0151,0.0268,0.0178,0.0179,0.0186,0.0186,0.0228
2022-05-12,model_Portfolio,Hold,0.0191,0.0181,0.8233,0.0155,0.0269,0.0179,0.0181,0.0186,0.0192,0.0232
2022-05-13,model_Portfolio,Hold,0.0193,0.0183,0.8194,0.0163,0.0289,0.0179,0.0184,0.019,0.019,0.0234
2022-05-16,model_Portfolio,Hold,0.0193,0.0183,0.8188,0.016,0.0298,0.0179,0.0183,0.0188,0.0191,0.0238
2022-05-17,model_Portfolio,Hold,0.0197,0.0182,0.8196,0.0162,0.0296,0.0179,0.0179,0.0186,0.0189,0.0234
2022-05-18,model_Portfolio,Hold,0.0198,0.0175,0.8231,0.0154,0.0283,0.0179,0.0174,0.0183,0.0189,0.0234
2022-05-19,model_Portfolio,Hold,0.0199,0.0176,0.8222,0.0156,0.0289,0.0181,0.0176,0.0183,0.019,0.0228
2022-05-20,model_Portfolio,Hold,0.0202,0.018,0.8201,0.0157,0.0297,0.0185,0.018,0.0181,0.0187,0.0229
2022-05-23,model_Portfolio,Hold,0.02,0.018,0.821,0.0154,0.0307,0.0181,0.0176,0.0181,0.0184,0.0228
2022-05-24,model_Portfolio,Hold,0.0197,0.0176,0.8239,0.0148,0.0301,0.0179,0.0175,0.0171,0.0184,0.023
2022-05-25,model_Portfolio,Hold,0.0194,0.0174,0.8241,0.015,0.0311,0.0176,0.0173,0.0169,0.0182,0.0231
2022-05-26,model_Portfolio,Hold,0.0192,0.0177,0.8247,0.0152,0.0306,0.0177,0.0172,0.0168,0.018,0.0229
2022-05-27,model_Portfolio,Hold,0.0191,0.0181,0.8237,0.0154,0.0311,0.0179,0.0174,0.0171,0.0178,0.0224
2022-05-31,model_Portfolio,Hold,0.0192,0.0177,0.8245,0.0161,0.0306,0.0175,0.0171,0.0173,0.0178,0.0222
2022-06-01,model_Portfolio,Hold,0.019,0.0179,0.8231,0.0165,0.0314,0.0175,0.017,0.0175,0.0176,0.0224
2022-06-02,model_Portfolio,Hold,0.0194,0.0184,0.8203,0.017,0.0312,0.0182,0.0173,0.0181,0.0178,0.0224
2022-06-03,model_Portfolio,Hold,0.0195,0.0185,0.8193,0.0167,0.0322,0.0184,0.0172,0.0178,0.0178,0.0226
2022-06-06,model_Portfolio,Hold,0.0193,0.0184,0.8193,0.017,0.0322,0.0186,0.017,0.0181,0.0177,0.0224
2022-06-07,model_Portfolio,Hold,0.0192,0.0183,0.8184,0.0166,0.0337,0.0187,0.017,0.018,0.0176,0.0223
2022-06-08,model_Portfolio,Hold,0.0192,0.0184,0.8198,0.0166,0.0342,0.0184,0.0165,0.0183,0.0178,0.0208
2022-06-09,model_Portfolio,Hold,0.0193,0.0184,0.8195,0.0163,0.0342,0.0189,0.0162,0.0183,0.018,0.0209
2022-06-10,model_Portfolio,Hold,0.0194,0.0184,0.8189,0.0159,0.0344,0.0191,0.0163,0.0183,0.0177,0.0217
2022-06-13,model_Portfolio,Hold,0.0194,0.0184,0.8202,0.0156,0.0333,0.0194,0.0158,0.0182,0.0182,0.0217
2022-06-14,model_Portfolio,Hold,0.0189,0.0183,0.821,0.0154,0.0336,0.0191,0.0156,0.0182,0.0181,0.0217
2022-06-15,model_Portfolio,Hold,0.019,0.0186,0.8212,0.016,0.0331,0.0189,0.0155,0.0186,0.0178,0.0212
2022-06-16,model_Portfolio,Hold,0.019,0.0184,0.8235,0.0158,0.031,0.0191,0.0153,0.0184,0.0178,0.0217
2022-06-17,model_Portfolio,Hold,0.0191,0.0187,0.8243,0.0162,0.0292,0.0192,0.0155,0.0186,0.0177,0.0216
2022-06-21,model_Portfolio,Hold,0.0191,0.0188,0.8246,0.0163,0.0294,0.0192,0.0151,0.019,0.0173,0.0214
2022-06-22,model_Portfolio,Hold,0.0194,0.0191,0.8267,0.0164,0.0275,0.0193,0.0154,0.0191,0.0175,0.0195
2022-06-23,model_Portfolio,Hold,0.0196,0.0192,0.8252,0.017,0.0267,0.0195,0.016,0.0193,0.0175,0.0201
2022-06-24,model_Portfolio,Hold,0.0194,0.0193,0.8262,0.017,0.0258,0.0195,0.0161,0.0195,0.0174,0.0197
2022-06-27,model_Portfolio,Hold,0.0194,0.0189,0.8274,0.0165,0.0265,0.019,0.0163,0.0192,0.0172,0.0196
2022-06-28,model_Portfolio,Hold,0.019,0.0184,0.8292,0.0157,0.0275,0.0188,0.0162,0.0186,0.0169,0.0197
2022-06-29,model_Portfolio,Hold,0.0196,0.0183,0.8299,0.016,0.0258,0.019,0.0165,0.0187,0.017,0.0192
2022-06-30,model_Portfolio,Hold,0.0196,0.0182,0.8312,0.0157,0.0251,0.019,0.0166,0.0183,0.017,0.0193
2022-07-01,model_Portfolio,Rebalance,0.82,0.02,0.02,0.02,0.02,0.02,0.02,0.02,0.02,0.02
2022-07-05,model_Portfolio,Hold,0.8194,0.0198,0.0199,0.0209,0.0187,0.0199,0.0203,0.021,0.0203,0.0199
2022-07-06,model_Portfolio,Hold,0.8187,0.0199,0.0201,0.0211,0.0183,0.0198,0.0205,0.0213,0.0205,0.0197
2022-07-07,model_Portfolio,Hold,0.8172,0.02,0.0201,0.0213,0.0196,0.0195,0.0203,0.0219,0.0203,0.0199
2022-07-08,model_Portfolio,Hold,0.8177,0.02,0.0201,0.0212,0.0198,0.0192,0.0199,0.0221,0.0202,0.0198
2022-07-11,model_Portfolio,Hold,0.8189,0.0198,0.0201,0.0206,0.0196,0.0195,0.0196,0.0215,0.0203,0.0201
2022-07-12,model_Portfolio,Hold,0.8196,0.0198,0.0202,0.0203,0.0187,0.0194,0.0197,0.0213,0.0206,0.0204
2022-07-13,model_Portfolio,Hold,0.818,0.0202,0.0201,0.0209,0.0193,0.0194,0.0197,0.0212,0.0207,0.0206
2022-07-14,model_Portfolio,Hold,0.8203,0.02,0.0197,0.021,0.0185,0.019,0.0193,0.0211,0.0207,0.0205
2022-07-15,model_Portfolio,Hold,0.822,0.0196,0.0195,0.021,0.0183,0.0188,0.0195,0.0208,0.0205,0.0201
2022-07-18,model_Portfolio,Hold,0.82,0.0197,0.0197,0.0213,0.019,0.0189,0.0196,0.0206,0.0206,0.0205
2022-07-19,model_Portfolio,Hold,0.8193,0.02,0.0195,0.0215,0.0194,0.0189,0.0197,0.0209,0.0205,0.0203
2022-07-20,model_Portfolio,Hold,0.8159,0.0203,0.0196,0.0226,0.02,0.0193,0.0201,0.0211,0.0209,0.0202
2022-07-21,model_Portfolio,Hold,0.8186,0.0204,0.0194,0.0225,0.0187,0.0191,0.0198,0.0208,0.0206,0.02
2022-07-22,model_Portfolio,Hold,0.8179,0.0206,0.0197,0.0224,0.0184,0.0194,0.0203,0.0199,0.0209,0.0204
2022-07-25,model_Portfolio,Hold,0.8156,0.0208,0.02,0.0222,0.0197,0.0195,0.0204,0.0199,0.021,0.0209
2022-07-26,model_Portfolio,Hold,0.8167,0.0204,0.0198,0.021,0.0192,0.0194,0.0212,0.0194,0.0219,0.0209
2022-07-27,model_Portfolio,Hold,0.8143,0.0211,0.0197,0.0219,0.0198,0.0194,0.0212,0.0206,0.0214,0.0207
2022-07-28,model_Portfolio,Hold,0.8126,0.0214,0.0198,0.022,0.0199,0.0198,0.0217,0.0207,0.0215,0.0205
2022-07-29,model_Portfolio,Hold,0.8064,0.0217,0.0202,0.0244,0.0209,0.0203,0.0222,0.0212,0.0221,0.0206
2022-08-01,model_Portfolio,Hold,0.8084,0.0215,0.0199,0.0244,0.0202,0.0201,0.0219,0.0209,0.022,0.0206
2022-08-02,model_Portfolio,Hold,0.8079,0.0215,0.0208,0.0244,0.0203,0.02,0.0215,0.0211,0.022,0.0206
2022-08-03,model_Portfolio,Hold,0.8079,0.0217,0.0207,0.0251,0.0193,0.02,0.0212,0.0214,0.022,0.0206
2022-08-04,model_Portfolio,Hold,0.8076,0.0219,0.0207,0.0256,0.0172,0.0209,0.0213,0.0214,0.0227,0.0206
2022-08-05,model_Portfolio,Hold,0.8067,0.0219,0.0209,0.0254,0.0178,0.0214,0.0213,0.0214,0.0227,0.0206
2022-08-08,model_Portfolio,Hold,0.8058,0.022,0.021,0.0252,0.0181,0.0213,0.0217,0.0214,0.0229,0.0207
2022-08-09,model_Portfolio,Hold,0.8045,0.0221,0.0214,0.0251,0.0185,0.0213,0.0218,0.0214,0.023,0.0209
2022-08-10,model_Portfolio,Hold,0.8044,0.0221,0.0214,0.0254,0.0184,0.0214,0.022,0.0215,0.0227,0.0207
2022-08-11,model_Portfolio,Hold,0.8041,0.0219,0.0217,0.025,0.0193,0.0213,0.022,0.0213,0.0227,0.0208
2022-08-12,model_Portfolio,Hold,0.803,0.0221,0.0219,0.0253,0.019,0.0215,0.0221,0.0216,0.0228,0.0206
2022-08-15,model_Portfolio,Hold,0.804,0.022,0.0219,0.0251,0.0183,0.0217,0.0221,0.0216,0.0227,0.0206
2022-08-16,model_Portfolio,Hold,0.804,0.022,0.0218,0.0254,0.0181,0.0216,0.0222,0.0215,0.0225,0.0208
2022-08-17,model_Portfolio,Hold,0.8034,0.0222,0.0221,0.0252,0.0186,0.0215,0.0224,0.0214,0.0223,0.0209
2022-08-18,model_Portfolio,Hold,0.8015,0.0223,0.0224,0.0253,0.0202,0.0215,0.0218,0.0216,0.0223,0.0211
2022-08-19,model_Portfolio,Hold,0.8039,0.022,0.0221,0.0247,0.0201,0.0212,0.0215,0.0211,0.0223,0.021
2022-08-22,model_Portfolio,Hold,0.8027,0.0222,0.0221,0.0243,0.0209,0.0215,0.0216,0.021,0.0223,0.0215
2022-08-23,model_Portfolio,Hold,0.8,0.0222,0.0223,0.0246,0.0222,0.0217,0.0215,0.0212,0.0225,0.0218
2022-08-24,model_Portfolio,Hold,0.7982,0.0222,0.0223,0.0248,0.0232,0.0219,0.0218,0.0212,0.0225,0.022
2022-08-25,model_Portfolio,Hold,0.7965,0.0223,0.0224,0.0252,0.0231,0.0221,0.022,0.0216,0.0226,0.0221
2022-08-26,model_Portfolio,Hold,0.7961,0.0223,0.0228,0.025,0.0238,0.0226,0.0223,0.0212,0.0212,0.0227
2022-08-29,model_Portfolio,Hold,0.7967,0.0221,0.0228,0.0248,0.0246,0.0225,0.022,0.0211,0.0208,0.0226
2022-08-30,model_Portfolio,Hold,0.7998,0.0219,0.0225,0.0246,0.0234,0.0221,0.0218,0.021,0.0206,0.0224
2022-08-31,model_Portfolio,Hold,0.8018,0.0216,0.0222,0.0242,0.0232,0.0217,0.0217,0.0208,0.0204,0.0223
2022-09-01,model_Portfolio,Hold,0.8054,0.0212,0.0219,0.024,0.0221,0.0212,0.0211,0.0208,0.0203,0.0221
2022-09-02,model_Portfolio,Hold,0.8031,0.0213,0.0223,0.0244,0.0231,0.0213,0.0213,0.0208,0.0201,0.0223
2022-09-06,model_Portfolio,Hold,0.8049,0.0213,0.0223,0.0241,0.0225,0.0213,0.0216,0.0206,0.0192,0.0221
2022-09-07,model_Portfolio,Hold,0.8055,0.0211,0.0224,0.0243,0.0214,0.0215,0.0215,0.0207,0.0195,0.0219
2022-09-08,model_Portfolio,Hold,0.8084,0.0208,0.0223,0.024,0.0212,0.0211,0.0214,0.0202,0.019,0.0216
2022-09-09,model_Portfolio,Hold,0.8079,0.0207,0.0221,0.0243,0.0215,0.0211,0.0214,0.0203,0.0193,0.0215
2022-09-12,model_Portfolio,Hold,0.8066,0.0209,0.0221,0.0246,0.0224,0.0214,0.0214,0.0201,0.0193,0.0211
2022-09-13,model_Portfolio,Hold,0.8083,0.0206,0.0222,0.0237,0.0227,0.0216,0.0212,0.0196,0.0194,0.0208
2022-09-14,model_Portfolio,Hold,0.8077,0.0204,0.022,0.024,0.0242,0.0215,0.021,0.0197,0.0189,0.0206
2022-09-15,model_Portfolio,Hold,0.8085,0.0202,0.0219,0.0237,0.0243,0.0211,0.021,0.0195,0.0189,0.0209
2022-09-16,model_Portfolio,Hold,0.8079,0.0203,0.0221,0.0234,0.0239,0.0212,0.0211,0.0197,0.0191,0.0213
2022-09-19,model_Portfolio,Hold,0.8072,0.0204,0.0224,0.0236,0.0238,0.0213,0.0209,0.0197,0.019,0.0215
2022-09-20,model_Portfolio,Hold,0.8067,0.0204,0.0229,0.0235,0.0237,0.0213,0.0206,0.0196,0.0193,0.0219
2022-09-21,model_Portfolio,Hold,0.807,0.0204,0.023,0.0232,0.0234,0.0213,0.0205,0.0196,0.0194,0.0223
2022-09-22,model_Portfolio,Hold,0.8089,0.0201,0.0225,0.0229,0.0226,0.0211,0.0205,0.0197,0.0192,0.0224
2022-09-23,model_Portfolio,Hold,0.8125,0.0201,0.0223,0.0224,0.0201,0.0211,0.0209,0.0196,0.0192,0.0218
2022-09-26,model_Portfolio,Hold,0.813,0.0201,0.0222,0.0229,0.0197,0.0208,0.0205,0.0197,0.0194,0.0219
2022-09-27,model_Portfolio,Hold,0.8112,0.0202,0.0223,0.0231,0.0205,0.021,0.0206,0.0198,0.0195,0.0218
2022-09-28,model_Portfolio,Hold,0.808,0.0205,0.0224,0.0236,0.0216,0.0212,0.0209,0.0202,0.0197,0.0219
2022-09-29,model_Portfolio,Hold,0.8094,0.0204,0.0223,0.0231,0.0219,0.021,0.0208,0.0198,0.0195,0.022
2022-09-30,model_Portfolio,Hold,0.8083,0.0206,0.0225,0.0231,0.0217,0.0216,0.0213,0.0197,0.0194,0.0218
2022-10-03,model_Portfolio,Hold,0.8074,0.0206,0.0225,0.023,0.023,0.0215,0.0213,0.0197,0.0193,0.0217
2022-10-04,model_Portfolio,Hold,0.8078,0.0206,0.0225,0.0232,0.0233,0.0216,0.0208,0.0196,0.0191,0.0216
2022-10-05,model_Portfolio,Hold,0.8085,0.0205,0.0223,0.0231,0.0241,0.0211,0.0201,0.0195,0.019,0.0217
2022-10-06,model_Portfolio,Hold,0.8079,0.0203,0.0223,0.0232,0.0253,0.0209,0.02,0.0197,0.0184,0.0219
2022-10-07,model_Portfolio,Hold,0.8107,0.0198,0.022,0.0223,0.0257,0.0205,0.0196,0.0194,0.018,0.0221
2022-10-10,model_Portfolio,Hold,0.8105,0.0198,0.0223,0.0223,0.0251,0.0207,0.0193,0.0193,0.0183,0.0226
2022-10-11,model_Portfolio,Hold,0.8118,0.0193,0.0222,0.0219,0.0245,0.0205,0.0195,0.0191,0.0183,0.0229
2022-10-12,model_Portfolio,Hold,0.8094,0.0194,0.0222,0.0223,0.025,0.0206,0.0196,0.0194,0.0185,0.0234
2022-10-13,model_Portfolio,Hold,0.8098,0.0195,0.0225,0.0216,0.025,0.0208,0.0193,0.0192,0.0189,0.0234
2022-10-14,model_Portfolio,Hold,0.8113,0.0194,0.0227,0.0209,0.0243,0.0207,0.0192,0.019,0.0191,0.0234
2022-10-17,model_Portfolio,Hold,0.8123,0.0197,0.0223,0.0217,0.0238,0.0206,0.0191,0.0192,0.0187,0.0225
2022-10-18,model_Portfolio,Hold,0.8131,0.0196,0.0222,0.0219,0.0233,0.0207,0.0188,0.0191,0.0188,0.0223
2022-10-19,model_Portfolio,Hold,0.8027,0.0207,0.0235,0.0229,0.0259,0.0218,0.0194,0.02,0.0196,0.0236
2022-10-20,model_Portfolio,Hold,0.7994,0.021,0.0237,0.0235,0.0265,0.0221,0.0197,0.0206,0.0199,0.0236
2022-10-21,model_Portfolio,Hold,0.7949,0.0216,0.0243,0.0243,0.0275,0.0223,0.02,0.0207,0.0205,0.024
2022-10-24,model_Portfolio,Hold,0.7982,0.0214,0.0239,0.0237,0.027,0.0219,0.0196,0.0204,0.0201,0.0238
2022-10-25,model_Portfolio,Hold,0.7946,0.0218,0.024,0.0238,0.0279,0.0226,0.0206,0.0208,0.0201,0.0239
2022-10-26,model_Portfolio,Hold,0.7964,0.0217,0.0239,0.0228,0.0284,0.0225,0.0206,0.0188,0.0208,0.0241
2022-10-27,model_Portfolio,Hold,0.7955,0.0219,0.0245,0.0221,0.0285,0.0226,0.0211,0.0185,0.0211,0.024
2022-10-28,model_Portfolio,Hold,0.7975,0.0221,0.0248,0.0202,0.0277,0.0225,0.0212,0.0189,0.0213,0.0239
2022-10-31,model_Portfolio,Hold,0.7976,0.0219,0.025,0.0201,0.0279,0.0223,0.0212,0.0187,0.0212,0.024
2022-11-01,model_Portfolio,Hold,0.7993,0.0217,0.0256,0.0189,0.028,0.0224,0.0211,0.0178,0.0211,0.0239
2022-11-02,model_Portfolio,Hold,0.8015,0.0213,0.026,0.0183,0.0275,0.0222,0.0211,0.0174,0.021,0.0236
2022-11-03,model_Portfolio,Hold,0.7981,0.0203,0.026,0.018,0.0298,0.0241,0.0215,0.0169,0.0213,0.0239
2022-11-04,model_Portfolio,Hold,0.7968,0.0203,0.026,0.018,0.0303,0.0248,0.0215,0.0172,0.0212,0.0238
2022-11-07,model_Portfolio,Hold,0.7976,0.0206,0.0259,0.0177,0.0302,0.0246,0.0214,0.0174,0.0209,0.0237
2022-11-08,model_Portfolio,Hold,0.7977,0.0206,0.0259,0.0175,0.0299,0.025,0.0211,0.0174,0.021,0.0237
2022-11-09,model_Portfolio,Hold,0.8013,0.0205,0.0259,0.0169,0.0279,0.0249,0.0209,0.0172,0.0209,0.0235
2022-11-10,model_Portfolio,Hold,0.8013,0.0211,0.0256,0.0181,0.0275,0.0246,0.0214,0.0177,0.0208,0.0219
2022-11-11,model_Portfolio,Hold,0.7988,0.0213,0.0257,0.0188,0.0285,0.0245,0.021,0.0181,0.0214,0.0219
2022-11-14,model_Portfolio,Hold,0.7976,0.0216,0.0256,0.0187,0.0281,0.0255,0.0209,0.0183,0.0215,0.0222
2022-11-15,model_Portfolio,Hold,0.7971,0.0216,0.026,0.0186,0.0288,0.0252,0.021,0.0186,0.0212,0.0217
2022-11-16,model_Portfolio,Hold,0.7993,0.0215,0.0262,0.0182,0.0278,0.0252,0.0206,0.0187,0.0208,0.0217
2022-11-17,model_Portfolio,Hold,0.7988,0.0214,0.0264,0.018,0.0278,0.0252,0.0208,0.0188,0.021,0.0219
2022-11-18,model_Portfolio,Hold,0.8006,0.0211,0.0262,0.0176,0.0272,0.0253,0.021,0.0184,0.0207,0.022
2022-11-21,model_Portfolio,Hold,0.8011,0.0212,0.0264,0.0173,0.0266,0.0253,0.021,0.0181,0.0209,0.0223
2022-11-22,model_Portfolio,Hold,0.7992,0.0214,0.0263,0.0173,0.0277,0.026,0.0211,0.0181,0.0208,0.0222
2022-11-23,model_Portfolio,Hold,0.8012,0.0213,0.0261,0.0173,0.0269,0.0257,0.0208,0.0182,0.0205,0.0219
2022-11-25,model_Portfolio,Hold,0.8024,0.0213,0.0261,0.017,0.0265,0.0257,0.021,0.0179,0.0205,0.0216
2022-11-28,model_Portfolio,Hold,0.803,0.0212,0.0259,0.0174,0.0261,0.0256,0.0206,0.0179,0.0201,0.0222
2022-11-29,model_Portfolio,Hold,0.8015,0.021,0.0259,0.0172,0.027,0.0255,0.0211,0.0178,0.0204,0.0225
2022-11-30,model_Portfolio,Hold,0.8016,0.0215,0.0257,0.0175,0.0265,0.0255,0.021,0.0184,0.0199,0.0224
2022-12-01,model_Portfolio,Hold,0.802,0.0215,0.0256,0.0173,0.0264,0.0256,0.0209,0.0184,0.0198,0.0225
2022-12-02,model_Portfolio,Hold,0.8017,0.0213,0.0257,0.017,0.0266,0.0261,0.0206,0.0183,0.02,0.0228
2022-12-05,model_Portfolio,Hold,0.8008,0.0213,0.0259,0.0168,0.0264,0.0264,0.0207,0.0185,0.0201,0.0231
2022-12-06,model_Portfolio,Hold,0.8015,0.0211,0.0263,0.0166,0.0257,0.0266,0.0205,0.0183,0.0204,0.023
2022-12-07,model_Portfolio,Hold,0.8028,0.021,0.0261,0.0165,0.0254,0.0267,0.0202,0.0178,0.0205,0.0229
2022-12-08,model_Portfolio,Hold,0.8054,0.0211,0.0254,0.0166,0.0245,0.0266,0.0203,0.0173,0.0201,0.0227
2022-12-09,model_Portfolio,Hold,0.8077,0.0207,0.0252,0.0163,0.0239,0.0261,0.0203,0.0171,0.02,0.0226
2022-12-12,model_Portfolio,Hold,0.8082,0.0206,0.0251,0.0163,0.0247,0.0261,0.0201,0.0169,0.0198,0.0223
2022-12-13,model_Portfolio,Hold,0.8088,0.0205,0.0246,0.0163,0.0253,0.0261,0.0201,0.017,0.0196,0.0219
2022-12-14,model_Portfolio,Hold,0.8093,0.0203,0.0245,0.0162,0.0249,0.0261,0.0202,0.0169,0.0194,0.0221
2022-12-15,model_Portfolio,Hold,0.8088,0.02,0.0248,0.016,0.0255,0.026,0.0203,0.0166,0.0193,0.0225
2022-12-16,model_Portfolio,Hold,0.8091,0.0192,0.025,0.0162,0.0252,0.0265,0.0199,0.0167,0.0195,0.0227
2022-12-19,model_Portfolio,Hold,0.8102,0.0186,0.0251,0.0157,0.0253,0.0264,0.0199,0.0165,0.0197,0.0227
2022-12-20,model_Portfolio,Hold,0.809,0.019,0.0257,0.0157,0.0255,0.0262,0.02,0.0166,0.0194,0.0227
2022-12-21,model_Portfolio,Hold,0.8085,0.0192,0.0256,0.0158,0.0265,0.026,0.0199,0.0164,0.0196,0.0224
2022-12-22,model_Portfolio,Hold,0.8108,0.019,0.0255,0.0153,0.0255,0.0259,0.0199,0.0161,0.0193,0.0226
2022-12-23,model_Portfolio,Hold,0.809,0.019,0.0257,0.0155,0.0269,0.0258,0.02,0.0164,0.019,0.0227
2022-12-27,model_Portfolio,Hold,0.8098,0.0189,0.0258,0.0151,0.027,0.0257,0.0198,0.016,0.019,0.0228
2022-12-28,model_Portfolio,Hold,0.8116,0.019,0.0258,0.015,0.0259,0.0258,0.0196,0.0159,0.0189,0.0227
2022-12-29,model_Portfolio,Hold,0.8128,0.0189,0.0255,0.0151,0.0257,0.0254,0.0196,0.016,0.0188,0.0222
2022-12-30,model_Portfolio,Hold,0.8122,0.0189,0.0255,0.0151,0.0263,0.0253,0.0197,0.016,0.0188,0.0222
2023-01-03,model_Portfolio,Rebalance,0.02,0.02,0.82,0.02,0.02,0.02,0.02,0.02,0.02,0.02
2023-01-04,model_Portfolio,Hold,0.0202,0.0198,0.8208,0.0198,0.0193,0.0199,0.0203,0.0197,0.0204,0.0199
2023-01-05,model_Portfolio,Hold,0.0203,0.0195,0.8222,0.0194,0.0192,0.0198,0.0199,0.0194,0.0202,0.02
2023-01-06,model_Portfolio,Hold,0.02,0.0194,0.8233,0.0195,0.0191,0.0197,0.0199,0.0191,0.0201,0.0199
2023-01-09,model_Portfolio,Hold,0.0205,0.0202,0.8178,0.0203,0.0199,0.0203,0.0203,0.0197,0.0207,0.0202
2023-01-10,model_Portfolio,Hold,0.0206,0.0202,0.8178,0.0208,0.0197,0.0202,0.0203,0.0197,0.0208,0.02
2023-01-11,model_Portfolio,Hold,0.0204,0.0206,0.8148,0.0219,0.0199,0.0202,0.0211,0.0203,0.0209,0.0199
2023-01-12,model_Portfolio,Hold,0.0202,0.0209,0.814,0.022,0.0206,0.02,0.0214,0.0202,0.0209,0.0197
2023-01-13,model_Portfolio,Hold,0.0203,0.0205,0.8152,0.0223,0.0203,0.0198,0.0211,0.0202,0.0207,0.0196
2023-01-17,model_Portfolio,Hold,0.0204,0.0208,0.8155,0.022,0.0203,0.0196,0.0213,0.0201,0.0203,0.0195
2023-01-18,model_Portfolio,Hold,0.0203,0.0205,0.8168,0.0221,0.02,0.0196,0.0214,0.0203,0.0199,0.0192
2023-01-19,model_Portfolio,Hold,0.0206,0.0204,0.8148,0.022,0.0208,0.0197,0.0216,0.021,0.0195,0.0197
2023-01-20,model_Portfolio,Hold,0.0206,0.0208,0.8123,0.0226,0.0208,0.0198,0.0218,0.022,0.0197,0.0197
2023-01-23,model_Portfolio,Hold,0.0207,0.0206,0.8121,0.0225,0.0207,0.0199,0.0219,0.0222,0.0198,0.0195
2023-01-24,model_Portfolio,Hold,0.0202,0.02,0.8171,0.022,0.0199,0.02,0.0216,0.0215,0.0184,0.0193
2023-01-25,model_Portfolio,Hold,0.0199,0.0198,0.8188,0.0221,0.0199,0.0199,0.0213,0.0209,0.018,0.0193
2023-01-26,model_Portfolio,Hold,0.0199,0.0199,0.8171,0.0226,0.0204,0.0202,0.0213,0.0214,0.0181,0.019
2023-01-27,model_Portfolio,Hold,0.0197,0.0201,0.8155,0.0233,0.0206,0.02,0.0218,0.0218,0.0184,0.0189
2023-01-30,model_Portfolio,Hold,0.0197,0.0199,0.8179,0.0229,0.0199,0.02,0.0213,0.0213,0.018,0.0191
2023-01-31,model_Portfolio,Hold,0.0197,0.0201,0.8163,0.0233,0.0198,0.0203,0.0216,0.0215,0.0182,0.0192
2023-02-01,model_Portfolio,Hold,0.0199,0.0204,0.814,0.0238,0.0194,0.0201,0.022,0.0219,0.0183,0.0203
2023-02-02,model_Portfolio,Hold,0.0209,0.0222,0.8013,0.0267,0.0198,0.0196,0.0241,0.0246,0.0199,0.021
2023-02-03,model_Portfolio,Hold,0.0208,0.0218,0.8066,0.0244,0.0197,0.0189,0.0236,0.0239,0.0195,0.0209
2023-02-06,model_Portfolio,Hold,0.0206,0.0214,0.8083,0.0241,0.0196,0.0187,0.0235,0.0234,0.0193,0.0209
2023-02-07,model_Portfolio,Hold,0.0207,0.0215,0.8073,0.024,0.0203,0.0187,0.0233,0.0243,0.0192,0.0206
2023-02-08,model_Portfolio,Hold,0.0203,0.0213,0.8116,0.0234,0.0195,0.0188,0.0231,0.0224,0.0189,0.0205
2023-02-09,model_Portfolio,Hold,0.0202,0.0216,0.8121,0.0233,0.0193,0.019,0.0233,0.0217,0.0188,0.0207
2023-02-10,model_Portfolio,Hold,0.0201,0.0214,0.8114,0.0231,0.0204,0.019,0.0233,0.0215,0.0189,0.021
2023-02-13,model_Portfolio,Hold,0.0199,0.0214,0.813,0.0232,0.0196,0.0187,0.0232,0.0212,0.0188,0.021
2023-02-14,model_Portfolio,Hold,0.02,0.0215,0.8112,0.0236,0.0199,0.0187,0.0233,0.0216,0.019,0.0212
2023-02-15,model_Portfolio,Hold,0.02,0.0217,0.8105,0.0239,0.0193,0.0188,0.0233,0.0221,0.019,0.0213
2023-02-16,model_Portfolio,Hold,0.0199,0.0213,0.8129,0.0233,0.0189,0.0187,0.0229,0.0219,0.0189,0.0213
2023-02-17,model_Portfolio,Hold,0.0199,0.021,0.8145,0.0231,0.0179,0.0186,0.0228,0.0216,0.0191,0.0215
2023-02-21,model_Portfolio,Hold,0.0197,0.0208,0.8151,0.0229,0.0182,0.0188,0.0227,0.0214,0.0188,0.0216
2023-02-22,model_Portfolio,Hold,0.0195,0.0207,0.8159,0.0231,0.0181,0.0188,0.0224,0.0213,0.0187,0.0215
2023-02-23,model_Portfolio,Hold,0.0195,0.0209,0.8145,0.0232,0.0188,0.019,0.0225,0.0212,0.0187,0.0217
2023-02-24,model_Portfolio,Hold,0.0191,0.0205,0.8178,0.0225,0.0187,0.019,0.0218,0.0207,0.0185,0.0215
2023-02-27,model_Portfolio,Hold,0.019,0.0205,0.8169,0.0227,0.0188,0.0193,0.0218,0.021,0.0186,0.0212
2023-02-28,model_Portfolio,Hold,0.0194,0.0205,0.817,0.0228,0.0184,0.0194,0.0216,0.021,0.0185,0.0212
2023-03-01,model_Portfolio,Hold,0.0193,0.0204,0.8175,0.0224,0.019,0.0196,0.0207,0.0211,0.019,0.0211
2023-03-02,model_Portfolio,Hold,0.0197,0.0206,0.815,0.0225,0.0194,0.0199,0.0208,0.0216,0.019,0.0214
2023-03-03,model_Portfolio,Hold,0.0198,0.0207,0.8148,0.0228,0.0196,0.0199,0.0206,0.0217,0.019,0.0211
2023-03-06,model_Portfolio,Hold,0.0195,0.0207,0.8147,0.0226,0.0192,0.0198,0.0209,0.0221,0.0189,0.0215
2023-03-07,model_Portfolio,Hold,0.0193,0.0207,0.8148,0.023,0.019,0.02,0.0207,0.0222,0.0187,0.0216
2023-03-08,model_Portfolio,Hold,0.0194,0.0209,0.8125,0.0233,0.0189,0.0202,0.0214,0.0226,0.0189,0.0219
2023-03-09,model_Portfolio,Hold,0.0195,0.021,0.8126,0.0234,0.0186,0.0201,0.021,0.0225,0.019,0.0223
2023-03-10,model_Portfolio,Hold,0.0196,0.0207,0.8143,0.0233,0.0183,0.0202,0.0194,0.0225,0.019,0.0226
2023-03-13,model_Portfolio,Hold,0.0204,0.0211,0.81,0.0244,0.018,0.0207,0.0198,0.0231,0.0194,0.0232
2023-03-14,model_Portfolio,Hold,0.0201,0.0209,0.8107,0.0246,0.0179,0.0208,0.0196,0.0235,0.019,0.0229
2023-03-15,model_Portfolio,Hold,0.0205,0.0209,0.8075,0.0256,0.0169,0.0207,0.0202,0.0247,0.0195,0.0236
2023-03-16,model_Portfolio,Hold,0.0204,0.0211,0.8082,0.0262,0.017,0.0205,0.0193,0.0253,0.0194,0.0228
2023-03-17,model_Portfolio,Hold,0.0203,0.0212,0.8074,0.0264,0.0167,0.0205,0.0192,0.0261,0.0195,0.0228
2023-03-20,model_Portfolio,Hold,0.0199,0.0208,0.8112,0.0253,0.0168,0.0202,0.0188,0.0252,0.0192,0.0225
2023-03-21,model_Portfolio,Hold,0.0196,0.0208,0.8116,0.0255,0.0176,0.0198,0.0186,0.0256,0.0188,0.0221
2023-03-22,model_Portfolio,Hold,0.0198,0.021,0.8111,0.0256,0.0177,0.02,0.0181,0.0259,0.0187,0.0221
2023-03-23,model_Portfolio,Hold,0.02,0.0227,0.809,0.0258,0.0176,0.0195,0.0181,0.0266,0.0188,0.0219
2023-03-24,model_Portfolio,Hold,0.0201,0.0225,0.8089,0.0255,0.0178,0.0195,0.0186,0.0264,0.0187,0.022
2023-03-27,model_Portfolio,Hold,0.0201,0.0226,0.8093,0.0254,0.0182,0.0196,0.0183,0.0256,0.0187,0.0221
2023-03-28,model_Portfolio,Hold,0.0197,0.0226,0.8106,0.0251,0.0183,0.0197,0.0182,0.0251,0.0186,0.022
2023-03-29,model_Portfolio,Hold,0.0198,0.0227,0.8101,0.0255,0.0181,0.0197,0.0187,0.0249,0.0187,0.0218
2023-03-30,model_Portfolio,Hold,0.0198,0.0229,0.8094,0.026,0.0178,0.0199,0.019,0.0247,0.0186,0.0218
2023-03-31,model_Portfolio,Hold,0.0202,0.023,0.8072,0.0261,0.0181,0.0205,0.0191,0.0253,0.0189,0.0217
2023-04-03,model_Portfolio,Hold,0.0202,0.023,0.8062,0.0258,0.0196,0.0205,0.0189,0.0253,0.0187,0.0218
2023-04-04,model_Portfolio,Hold,0.0206,0.0232,0.8051,0.0265,0.0192,0.0205,0.019,0.0257,0.0185,0.0218
2023-04-05,model_Portfolio,Hold,0.0208,0.0227,0.8073,0.0256,0.019,0.0202,0.0188,0.0255,0.0184,0.0217
2023-04-06,model_Portfolio,Hold,0.0209,0.0227,0.8065,0.0258,0.019,0.0201,0.0189,0.0264,0.0182,0.0216
2023-04-10,model_Portfolio,Hold,0.0205,0.0226,0.8074,0.0257,0.0194,0.0201,0.0187,0.0258,0.0183,0.0215
2023-04-11,model_Portfolio,Hold,0.0202,0.0227,0.8088,0.0249,0.0197,0.02,0.0184,0.0253,0.0185,0.0216
2023-04-12,model_Portfolio,Hold,0.02,0.0226,0.8105,0.0243,0.0195,0.0201,0.0182,0.025,0.0184,0.0214
2023-04-13,model_Portfolio,Hold,0.0202,0.0225,0.809,0.0253,0.0198,0.02,0.0177,0.0255,0.0186,0.0214
2023-04-14,model_Portfolio,Hold,0.0203,0.0221,0.8089,0.0253,0.0199,0.0199,0.0176,0.0259,0.0186,0.0214
2023-04-17,model_Portfolio,Hold,0.0203,0.022,0.8098,0.0253,0.0192,0.0198,0.0183,0.0251,0.0187,0.0215
2023-04-18,model_Portfolio,Hold,0.0202,0.022,0.8107,0.0251,0.0191,0.0199,0.0182,0.0247,0.0185,0.0218
2023-04-19,model_Portfolio,Hold,0.0217,0.0219,0.809,0.0255,0.0188,0.02,0.0184,0.0245,0.0184,0.0219
2023-04-20,model_Portfolio,Hold,0.0215,0.0217,0.8091,0.0255,0.0185,0.0203,0.0183,0.025,0.0183,0.0218
2023-04-21,model_Portfolio,Hold,0.0218,0.0219,0.8072,0.0265,0.0183,0.0202,0.0185,0.0251,0.0184,0.022
2023-04-24,model_Portfolio,Hold,0.0216,0.0219,0.807,0.0262,0.0186,0.0204,0.0184,0.0252,0.0184,0.0222
2023-04-25,model_Portfolio,Hold,0.0216,0.0215,0.8091,0.0255,0.018,0.0203,0.018,0.0249,0.0184,0.0225
2023-04-26,model_Portfolio,Hold,0.0215,0.0217,0.8089,0.0263,0.0176,0.0201,0.0181,0.025,0.0183,0.0225
2023-04-27,model_Portfolio,Hold,0.0205,0.0209,0.8148,0.026,0.0168,0.0195,0.0175,0.0246,0.0177,0.0216
2023-04-28,model_Portfolio,Hold,0.0206,0.0212,0.8151,0.0249,0.0173,0.0196,0.0176,0.0244,0.0178,0.0216
2023-05-01,model_Portfolio,Hold,0.0206,0.021,0.8169,0.024,0.0173,0.0196,0.0172,0.0242,0.0176,0.0216
2023-05-02,model_Portfolio,Hold,0.0212,0.0213,0.8154,0.0249,0.0164,0.0198,0.0173,0.0244,0.0176,0.0218
2023-05-03,model_Portfolio,Hold,0.0216,0.0215,0.8126,0.0253,0.0166,0.0202,0.0178,0.0248,0.0178,0.0219
2023-05-04,model_Portfolio,Hold,0.0216,0.021,0.8134,0.0256,0.0158,0.0202,0.018,0.0248,0.0178,0.0219
2023-05-05,model_Portfolio,Hold,0.0214,0.0207,0.8132,0.0257,0.0161,0.0203,0.0181,0.0247,0.0179,0.0219
2023-05-08,model_Portfolio,Hold,0.0213,0.0206,0.8134,0.0257,0.016,0.0202,0.0179,0.0252,0.0177,0.0218
2023-05-09,model_Portfolio,Hold,0.0213,0.0206,0.8143,0.026,0.0161,0.0192,0.0178,0.0253,0.0175,0.0218
2023-05-10,model_Portfolio,Hold,0.0215,0.0211,0.8109,0.0271,0.0161,0.0194,0.0181,0.0265,0.0176,0.0217
2023-05-11,model_Portfolio,Hold,0.0214,0.0214,0.8098,0.0276,0.0162,0.0191,0.0178,0.0276,0.0176,0.0216
2023-05-12,model_Portfolio,Hold,0.0216,0.0219,0.8085,0.0273,0.0162,0.0194,0.0178,0.028,0.0176,0.0218
2023-05-15,model_Portfolio,Hold,0.0215,0.022,0.8083,0.0275,0.0162,0.0194,0.018,0.0278,0.0177,0.0217
2023-05-16,model_Portfolio,Hold,0.0215,0.0222,0.8077,0.0282,0.0157,0.0193,0.0176,0.0287,0.0173,0.0216
2023-05-17,model_Portfolio,Hold,0.0211,0.0223,0.8082,0.0283,0.0159,0.0191,0.0176,0.0286,0.0175,0.0214
2023-05-18,model_Portfolio,Hold,0.0208,0.0223,0.8091,0.0287,0.0158,0.0188,0.0171,0.0287,0.0175,0.0211
2023-05-19,model_Portfolio,Hold,0.0209,0.0225,0.8088,0.0282,0.0162,0.0191,0.0169,0.0287,0.0174,0.0212
2023-05-22,model_Portfolio,Hold,0.0209,0.0227,0.8077,0.028,0.0162,0.0189,0.0173,0.0294,0.0179,0.0211
2023-05-23,model_Portfolio,Hold,0.0205,0.0226,0.8076,0.0283,0.0166,0.0188,0.0175,0.029,0.0178,0.0213
2023-05-24,model_Portfolio,Hold,0.0206,0.023,0.8052,0.0293,0.0172,0.0191,0.0172,0.0292,0.0175,0.0217
2023-05-25,model_Portfolio,Hold,0.0202,0.0234,0.806,0.0288,0.0166,0.0192,0.0168,0.0298,0.0175,0.0216
2023-05-26,model_Portfolio,Hold,0.0204,0.0243,0.8034,0.0301,0.0167,0.0193,0.0168,0.03,0.0175,0.0215
2023-05-30,model_Portfolio,Hold,0.02,0.0245,0.8056,0.0302,0.0159,0.0191,0.0168,0.0296,0.0172,0.0212
2023-05-31,model_Portfolio,Hold,0.0203,0.0246,0.8043,0.0303,0.0159,0.0191,0.0172,0.0298,0.0169,0.0215
2023-06-01,model_Portfolio,Hold,0.0203,0.0244,0.8044,0.0307,0.0159,0.0192,0.0169,0.0298,0.017,0.0215
2023-06-02,model_Portfolio,Hold,0.02,0.0242,0.8049,0.0302,0.0163,0.0192,0.0169,0.0292,0.018,0.0212
2023-06-05,model_Portfolio,Hold,0.0198,0.0235,0.8074,0.0303,0.0159,0.019,0.0168,0.0293,0.0171,0.0208
2023-06-06,model_Portfolio,Hold,0.0195,0.0236,0.8077,0.0304,0.0159,0.0188,0.0171,0.0294,0.017,0.0206
2023-06-07,model_Portfolio,Hold,0.0191,0.0237,0.8097,0.0288,0.0163,0.0189,0.0174,0.0281,0.0173,0.0207
2023-06-08,model_Portfolio,Hold,0.019,0.0234,0.8093,0.0296,0.0161,0.019,0.0173,0.028,0.0173,0.0208
2023-06-09,model_Portfolio,Hold,0.019,0.0234,0.8116,0.0292,0.0157,0.0185,0.0171,0.0278,0.017,0.0206
2023-06-12,model_Portfolio,Hold,0.019,0.0236,0.8098,0.03,0.0156,0.0186,0.0172,0.0282,0.0173,0.0208
2023-06-13,model_Portfolio,Hold,0.0189,0.0236,0.81,0.0297,0.0157,0.0188,0.0172,0.028,0.0174,0.0207
2023-06-14,model_Portfolio,Hold,0.0193,0.0238,0.8087,0.0299,0.0158,0.0192,0.0173,0.0282,0.0174,0.0204
2023-06-15,model_Portfolio,Hold,0.0194,0.0241,0.809,0.0296,0.0161,0.0191,0.017,0.0281,0.0174,0.0202
2023-06-16,model_Portfolio,Hold,0.0197,0.0239,0.8095,0.0294,0.016,0.0193,0.0163,0.0279,0.0177,0.0203
2023-06-20,model_Portfolio,Hold,0.0202,0.0243,0.8071,0.0301,0.016,0.0195,0.0164,0.0284,0.0176,0.0204
2023-06-21,model_Portfolio,Hold,0.0202,0.0241,0.8073,0.03,0.0164,0.0196,0.0164,0.0279,0.0176,0.0208
2023-06-22,model_Portfolio,Hold,0.0205,0.0236,0.8068,0.0312,0.0159,0.0195,0.016,0.0285,0.0174,0.0207
2023-06-23,model_Portfolio,Hold,0.0206,0.0231,0.8074,0.0312,0.0157,0.0195,0.0159,0.0285,0.0175,0.0206
2023-06-26,model_Portfolio,Hold,0.0206,0.0229,0.8084,0.0306,0.0158,0.0194,0.0166,0.0274,0.0174,0.0209
2023-06-27,model_Portfolio,Hold,0.0203,0.0229,0.81,0.0307,0.0155,0.0195,0.0166,0.0271,0.0168,0.0207
2023-06-28,model_Portfolio,Hold,0.0202,0.023,0.8095,0.0307,0.0157,0.0195,0.0161,0.0275,0.0169,0.0208
2023-06-29,model_Portfolio,Hold,0.0201,0.0232,0.8102,0.0301,0.0159,0.0195,0.0162,0.027,0.0169,0.0208
2023-06-30,model_Portfolio,Hold,0.0201,0.023,0.8102,0.0304,0.0159,0.0198,0.0161,0.0269,0.0168,0.0208
2023-07-03,model_Portfolio,Rebalance,0.8198,0.02,0.0202,0.02,0.02,0.02,0.02,0.02,0.02,0.02
2023-07-05,model_Portfolio,Hold,0.8205,0.0199,0.0201,0.02,0.0202,0.0194,0.0201,0.0203,0.0195,0.02
2023-07-06,model_Portfolio,Hold,0.8216,0.0198,0.0201,0.0198,0.0198,0.0194,0.0202,0.0201,0.0191,0.0201
2023-07-07,model_Portfolio,Hold,0.8197,0.0198,0.0203,0.0201,0.0207,0.0195,0.0203,0.0201,0.0194,0.0202
2023-07-10,model_Portfolio,Hold,0.8216,0.0199,0.0201,0.0196,0.0207,0.0196,0.0201,0.0195,0.0193,0.0197
2023-07-11,model_Portfolio,Hold,0.8193,0.0199,0.0202,0.0197,0.0218,0.0194,0.0203,0.0195,0.0201,0.0198
2023-07-12,model_Portfolio,Hold,0.8174,0.0203,0.0202,0.0201,0.022,0.0198,0.0203,0.0199,0.0201,0.0199
2023-07-13,model_Portfolio,Hold,0.8171,0.0201,0.0198,0.0204,0.0224,0.0199,0.0202,0.0205,0.0201,0.0196
2023-07-14,model_Portfolio,Hold,0.8182,0.0201,0.0197,0.0204,0.0212,0.0198,0.0203,0.0206,0.02,0.0196
2023-07-17,model_Portfolio,Hold,0.8173,0.0205,0.0201,0.0204,0.0212,0.02,0.0201,0.0207,0.02,0.0197
2023-07-18,model_Portfolio,Hold,0.8164,0.0207,0.0203,0.0203,0.0221,0.0199,0.02,0.0205,0.0202,0.0196
2023-07-19,model_Portfolio,Hold,0.8163,0.0204,0.0203,0.0206,0.0221,0.0199,0.0204,0.0202,0.0203,0.0196
2023-07-20,model_Portfolio,Hold,0.8229,0.0193,0.0199,0.0191,0.0215,0.0194,0.02,0.019,0.0198,0.019
2023-07-21,model_Portfolio,Hold,0.8252,0.0191,0.0196,0.0188,0.0215,0.0191,0.0199,0.0188,0.0194,0.0187
2023-07-24,model_Portfolio,Hold,0.8254,0.0189,0.0195,0.0185,0.0218,0.0191,0.0199,0.019,0.0193,0.0186
2023-07-25,model_Portfolio,Hold,0.8216,0.0194,0.0197,0.0188,0.0221,0.0195,0.0202,0.0193,0.0206,0.0188
2023-07-26,model_Portfolio,Hold,0.8213,0.0191,0.0196,0.0184,0.0222,0.0191,0.0206,0.0202,0.0209,0.0186
2023-07-27,model_Portfolio,Hold,0.8201,0.0195,0.0196,0.0187,0.0221,0.0193,0.0205,0.0205,0.0208,0.0188
2023-07-28,model_Portfolio,Hold,0.8189,0.0193,0.0197,0.0192,0.0224,0.0193,0.0206,0.0209,0.0209,0.0187
2023-07-31,model_Portfolio,Hold,0.8168,0.0195,0.0199,0.0196,0.0229,0.0196,0.0207,0.0211,0.0211,0.0189
2023-08-01,model_Portfolio,Hold,0.8169,0.0199,0.0199,0.0195,0.0229,0.0196,0.0202,0.0211,0.021,0.0189
2023-08-02,model_Portfolio,Hold,0.8156,0.02,0.0214,0.0192,0.0225,0.0197,0.0206,0.0209,0.021,0.019
2023-08-03,model_Portfolio,Hold,0.8138,0.0202,0.0218,0.0195,0.0243,0.0187,0.0208,0.0211,0.0209,0.019
2023-08-04,model_Portfolio,Hold,0.8134,0.0198,0.0217,0.0211,0.0243,0.0188,0.0205,0.021,0.0205,0.0188
2023-08-07,model_Portfolio,Hold,0.8125,0.0199,0.0219,0.0213,0.0243,0.0189,0.0209,0.0214,0.0203,0.0187
2023-08-08,model_Portfolio,Hold,0.809,0.0203,0.0221,0.0214,0.0255,0.019,0.021,0.0219,0.0205,0.0192
2023-08-09,model_Portfolio,Hold,0.8092,0.0201,0.0218,0.0212,0.0261,0.0192,0.0211,0.0216,0.0205,0.0192
2023-08-10,model_Portfolio,Hold,0.8084,0.0201,0.0219,0.0214,0.0262,0.0194,0.0211,0.0217,0.0206,0.0192
2023-08-11,model_Portfolio,Hold,0.8086,0.0199,0.022,0.0212,0.0265,0.0194,0.021,0.0216,0.0207,0.019
2023-08-14,model_Portfolio,Hold,0.8096,0.02,0.0219,0.0214,0.0262,0.0194,0.0205,0.0218,0.0203,0.0188
2023-08-15,model_Portfolio,Hold,0.8106,0.0199,0.0219,0.0213,0.0261,0.0193,0.0202,0.0218,0.0201,0.0189
2023-08-16,model_Portfolio,Hold,0.8107,0.02,0.022,0.0209,0.026,0.0194,0.0203,0.0217,0.0201,0.0188
2023-08-17,model_Portfolio,Hold,0.8112,0.0198,0.0219,0.0207,0.0262,0.0193,0.0201,0.0218,0.0203,0.0187
2023-08-18,model_Portfolio,Hold,0.8102,0.0199,0.0219,0.0208,0.0266,0.0195,0.0202,0.0216,0.0204,0.019
2023-08-21,model_Portfolio,Hold,0.8105,0.0201,0.0217,0.021,0.0264,0.0195,0.02,0.0218,0.0202,0.0189
2023-08-22,model_Portfolio,Hold,0.813,0.0201,0.0214,0.0207,0.0253,0.0193,0.0198,0.0217,0.0199,0.0187
2023-08-23,model_Portfolio,Hold,0.8114,0.0204,0.0213,0.0209,0.0253,0.0193,0.0203,0.0222,0.0201,0.0189
2023-08-24,model_Portfolio,Hold,0.8103,0.0206,0.0218,0.0206,0.0254,0.0196,0.0203,0.022,0.0201,0.0192
2023-08-25,model_Portfolio,Hold,0.8102,0.0208,0.0217,0.0207,0.0256,0.0196,0.0201,0.0219,0.0201,0.0192
2023-08-28,model_Portfolio,Hold,0.8065,0.0211,0.022,0.0209,0.0259,0.0199,0.0204,0.0223,0.0213,0.0196
2023-08-29,model_Portfolio,Hold,0.8062,0.0211,0.0218,0.0209,0.026,0.02,0.0204,0.0227,0.0214,0.0195
2023-08-30,model_Portfolio,Hold,0.8067,0.021,0.0217,0.0209,0.026,0.02,0.0204,0.0228,0.0211,0.0195
2023-08-31,model_Portfolio,Hold,0.8039,0.0212,0.0219,0.0215,0.0263,0.0202,0.0204,0.0231,0.0218,0.0196
2023-09-01,model_Portfolio,Hold,0.8028,0.0215,0.022,0.0215,0.0271,0.0204,0.0205,0.023,0.0218,0.0195
2023-09-05,model_Portfolio,Hold,0.8003,0.0217,0.0221,0.0218,0.0277,0.0203,0.0207,0.0234,0.0221,0.0198
2023-09-06,model_Portfolio,Hold,0.8024,0.0217,0.0221,0.0214,0.0271,0.0203,0.0205,0.0231,0.022,0.0195
2023-09-07,model_Portfolio,Hold,0.8005,0.0219,0.0223,0.0219,0.0271,0.0203,0.0207,0.0234,0.022,0.0197
2023-09-08,model_Portfolio,Hold,0.8002,0.0217,0.0224,0.0219,0.0271,0.0208,0.0205,0.0235,0.0221,0.0199
2023-09-11,model_Portfolio,Hold,0.8024,0.0214,0.0223,0.0224,0.0258,0.0208,0.0198,0.0233,0.0221,0.0197
2023-09-12,model_Portfolio,Hold,0.8027,0.0207,0.0225,0.0221,0.0267,0.0207,0.0196,0.023,0.0219,0.0199
2023-09-13,model_Portfolio,Hold,0.8046,0.0207,0.0225,0.0227,0.0254,0.0208,0.0195,0.0233,0.0207,0.0199
2023-09-14,model_Portfolio,Hold,0.8027,0.0208,0.0227,0.0226,0.0259,0.021,0.02,0.0235,0.0209,0.02
2023-09-15,model_Portfolio,Hold,0.8033,0.0207,0.0227,0.0222,0.0258,0.0209,0.0201,0.0236,0.0208,0.0199
2023-09-18,model_Portfolio,Hold,0.802,0.0211,0.023,0.0222,0.0261,0.0208,0.02,0.0238,0.021,0.02
2023-09-19,model_Portfolio,Hold,0.8023,0.0212,0.0232,0.0219,0.0259,0.0209,0.02,0.0239,0.0209,0.0199
2023-09-20,model_Portfolio,Hold,0.8035,0.0213,0.0233,0.0217,0.0254,0.0207,0.0202,0.0233,0.0207,0.02
2023-09-21,model_Portfolio,Hold,0.8058,0.0213,0.0233,0.0211,0.0252,0.0205,0.0188,0.0231,0.0207,0.0203
2023-09-22,model_Portfolio,Hold,0.8048,0.0218,0.0235,0.0212,0.0254,0.0206,0.0186,0.0232,0.0208,0.0201
2023-09-25,model_Portfolio,Hold,0.8031,0.0219,0.0238,0.0216,0.026,0.0209,0.0186,0.0235,0.0204,0.0201
2023-09-26,model_Portfolio,Hold,0.8034,0.0218,0.024,0.021,0.0264,0.021,0.0184,0.0233,0.0205,0.0203
2023-09-27,model_Portfolio,Hold,0.801,0.0221,0.0243,0.0211,0.0273,0.021,0.0186,0.0238,0.0205,0.0204
2023-09-28,model_Portfolio,Hold,0.8052,0.0207,0.024,0.0207,0.0267,0.0206,0.0185,0.0236,0.02,0.02
2023-09-29,model_Portfolio,Hold,0.8036,0.0214,0.024,0.0211,0.0262,0.0207,0.0189,0.0236,0.0203,0.0202
2023-10-02,model_Portfolio,Hold,0.8031,0.0217,0.0241,0.0217,0.0255,0.0206,0.0187,0.0244,0.0198,0.0202
2023-10-03,model_Portfolio,Hold,0.8049,0.0216,0.0238,0.0209,0.0256,0.0209,0.0185,0.0242,0.0195,0.02
2023-10-04,model_Portfolio,Hold,0.8041,0.0218,0.0241,0.0213,0.0246,0.0211,0.0187,0.0247,0.0193,0.0203
2023-10-05,model_Portfolio,Hold,0.8054,0.0218,0.0241,0.0211,0.0243,0.0207,0.0186,0.0246,0.0192,0.0204
2023-10-06,model_Portfolio,Hold,0.8053,0.0218,0.0243,0.0213,0.024,0.0206,0.0185,0.0248,0.0192,0.0203
2023-10-09,model_Portfolio,Hold,0.803,0.0217,0.0244,0.0213,0.025,0.0208,0.0189,0.0249,0.0193,0.0205
2023-10-10,model_Portfolio,Hold,0.8038,0.0216,0.0244,0.0213,0.0247,0.0209,0.0188,0.0247,0.0195,0.0203
2023-10-11,model_Portfolio,Hold,0.7941,0.0226,0.0257,0.0226,0.0257,0.022,0.0197,0.0262,0.0202,0.0211
2023-10-12,model_Portfolio,Hold,0.7923,0.0224,0.0263,0.0231,0.0264,0.022,0.0195,0.0264,0.0203,0.0214
2023-10-13,model_Portfolio,Hold,0.7929,0.0221,0.0262,0.0225,0.0275,0.0218,0.0195,0.0259,0.0201,0.0215
2023-10-16,model_Portfolio,Hold,0.793,0.022,0.0261,0.0227,0.0278,0.0217,0.0196,0.0258,0.0201,0.0213
2023-10-17,model_Portfolio,Hold,0.7921,0.0222,0.0262,0.0225,0.0279,0.0219,0.0196,0.0259,0.0202,0.0214
2023-10-18,model_Portfolio,Hold,0.8003,0.0213,0.0252,0.0213,0.0275,0.0208,0.0185,0.025,0.0192,0.0208
2023-10-19,model_Portfolio,Hold,0.8012,0.0213,0.025,0.0214,0.0278,0.0207,0.018,0.025,0.019,0.0206
2023-10-20,model_Portfolio,Hold,0.8056,0.0207,0.0242,0.0207,0.027,0.0203,0.0179,0.0244,0.0187,0.0205
2023-10-23,model_Portfolio,Hold,0.8051,0.0208,0.0243,0.0211,0.0266,0.0202,0.0179,0.0248,0.0187,0.0204
2023-10-24,model_Portfolio,Hold,0.8015,0.021,0.0246,0.0216,0.0267,0.0205,0.0182,0.0253,0.0198,0.0207
2023-10-25,model_Portfolio,Hold,0.8031,0.0211,0.0251,0.0207,0.0271,0.0207,0.0178,0.0233,0.0199,0.0212
2023-10-26,model_Portfolio,Hold,0.8061,0.021,0.0249,0.0204,0.0267,0.0209,0.0182,0.0227,0.0198,0.0194
2023-10-27,model_Portfolio,Hold,0.8043,0.0211,0.0248,0.022,0.0268,0.021,0.0179,0.0229,0.0197,0.0196
2023-10-30,model_Portfolio,Hold,0.8022,0.0212,0.025,0.0228,0.0263,0.0212,0.0181,0.0232,0.0201,0.02
2023-10-31,model_Portfolio,Hold,0.804,0.0212,0.0249,0.0225,0.026,0.0211,0.0179,0.0228,0.0201,0.0197
2023-11-01,model_Portfolio,Hold,0.8036,0.0213,0.025,0.023,0.0258,0.021,0.0177,0.0231,0.0199,0.0195
2023-11-02,model_Portfolio,Hold,0.802,0.0216,0.0256,0.0229,0.0255,0.0212,0.0185,0.023,0.02,0.0196
2023-11-03,model_Portfolio,Hold,0.7998,0.0219,0.0257,0.023,0.0257,0.0214,0.0193,0.0233,0.0204,0.0196
2023-11-06,model_Portfolio,Hold,0.799,0.0221,0.0256,0.0234,0.0254,0.0215,0.0192,0.0237,0.0204,0.0197
2023-11-07,model_Portfolio,Hold,0.8013,0.0223,0.0256,0.024,0.0248,0.0189,0.019,0.0239,0.0205,0.0197
2023-11-08,model_Portfolio,Hold,0.8018,0.0226,0.0254,0.0239,0.0239,0.0193,0.0191,0.0241,0.0203,0.0196
2023-11-09,model_Portfolio,Hold,0.8012,0.0226,0.0259,0.0239,0.024,0.0198,0.0183,0.0241,0.0204,0.0198
2023-11-10,model_Portfolio,Hold,0.8,0.0228,0.026,0.0243,0.0242,0.0198,0.0184,0.0244,0.0205,0.0196
2023-11-13,model_Portfolio,Hold,0.8039,0.0222,0.0256,0.0238,0.0237,0.0195,0.0179,0.0239,0.0202,0.0193
2023-11-14,model_Portfolio,Hold,0.8021,0.0222,0.0254,0.0239,0.0239,0.0194,0.0196,0.0238,0.0204,0.0192
2023-11-15,model_Portfolio,Hold,0.8031,0.0224,0.0248,0.0233,0.0235,0.0197,0.0196,0.0238,0.0206,0.0192
2023-11-16,model_Portfolio,Hold,0.8071,0.0221,0.0246,0.0229,0.0222,0.0193,0.0189,0.0238,0.0203,0.0189
2023-11-17,model_Portfolio,Hold,0.8054,0.0222,0.0249,0.0233,0.023,0.0191,0.0189,0.0236,0.0204,0.019
2023-11-20,model_Portfolio,Hold,0.8075,0.0221,0.0244,0.0232,0.0227,0.019,0.0188,0.0235,0.02,0.0188
2023-11-21,model_Portfolio,Hold,0.8089,0.022,0.0245,0.0227,0.0224,0.0192,0.0186,0.0235,0.0197,0.0186
2023-11-22,model_Portfolio,Hold,0.8088,0.022,0.0244,0.023,0.0222,0.0189,0.0186,0.0236,0.0198,0.0187
2023-11-24,model_Portfolio,Hold,0.8087,0.022,0.0245,0.0229,0.0223,0.0189,0.0187,0.0232,0.0199,0.0188
2023-11-27,model_Portfolio,Hold,0.8087,0.022,0.0246,0.0231,0.022,0.0188,0.0187,0.0232,0.0202,0.0188
2023-11-28,model_Portfolio,Hold,0.8073,0.0221,0.0245,0.0231,0.0221,0.0186,0.0192,0.0234,0.0206,0.0191
2023-11-29,model_Portfolio,Hold,0.8101,0.0219,0.024,0.0227,0.0218,0.0183,0.0192,0.0228,0.0203,0.0188
2023-11-30,model_Portfolio,Hold,0.8109,0.0217,0.0242,0.0226,0.0215,0.0184,0.0192,0.0223,0.0203,0.0188
2023-12-01,model_Portfolio,Hold,0.8097,0.0219,0.024,0.0226,0.0215,0.0185,0.0206,0.022,0.0203,0.019
2023-12-04,model_Portfolio,Hold,0.8104,0.0217,0.024,0.0222,0.0212,0.0182,0.0209,0.0215,0.021,0.0189
2023-12-05,model_Portfolio,Hold,0.8099,0.0219,0.0241,0.0227,0.0208,0.0178,0.021,0.022,0.0208,0.019
2023-12-06,model_Portfolio,Hold,0.8118,0.0218,0.0238,0.0222,0.0203,0.0177,0.0213,0.0217,0.021,0.0184
2023-12-07,model_Portfolio,Hold,0.8092,0.0219,0.024,0.0227,0.0202,0.0179,0.0214,0.023,0.0212,0.0185
2023-12-08,model_Portfolio,Hold,0.8098,0.0219,0.0241,0.0227,0.0206,0.0179,0.0209,0.0226,0.0211,0.0184
2023-12-11,model_Portfolio,Hold,0.8121,0.022,0.0239,0.0222,0.0204,0.0177,0.0206,0.022,0.0208,0.0182
2023-12-12,model_Portfolio,Hold,0.8129,0.0219,0.0242,0.0223,0.02,0.0179,0.0201,0.0218,0.0206,0.0182
2023-12-13,model_Portfolio,Hold,0.8115,0.0218,0.0239,0.0224,0.0203,0.0179,0.0215,0.0217,0.0208,0.0183
2023-12-14,model_Portfolio,Hold,0.8121,0.0215,0.0229,0.0219,0.0206,0.0178,0.0227,0.0213,0.0211,0.0182
2023-12-15,model_Portfolio,Hold,0.8109,0.0218,0.0229,0.0225,0.0206,0.0179,0.0222,0.0216,0.0213,0.0182
2023-12-18,model_Portfolio,Hold,0.811,0.0215,0.0229,0.023,0.0206,0.0178,0.0219,0.022,0.021,0.0183
2023-12-19,model_Portfolio,Hold,0.8108,0.0214,0.0231,0.0229,0.0207,0.0179,0.0219,0.0221,0.021,0.0183
2023-12-20,model_Portfolio,Hold,0.8115,0.0215,0.0229,0.0228,0.0207,0.0178,0.0216,0.0226,0.0207,0.018
2023-12-21,model_Portfolio,Hold,0.8109,0.0219,0.0228,0.0229,0.0207,0.0178,0.0218,0.0227,0.0208,0.0178
2023-12-22,model_Portfolio,Hold,0.8112,0.0221,0.0228,0.0227,0.0206,0.0178,0.0215,0.0227,0.0209,0.0177
2023-12-26,model_Portfolio,Hold,0.8103,0.022,0.0228,0.0226,0.0213,0.0179,0.0216,0.0227,0.0212,0.0177
2023-12-27,model_Portfolio,Hold,0.8111,0.0219,0.0228,0.0225,0.0211,0.0179,0.0216,0.0224,0.0212,0.0175
2023-12-28,model_Portfolio,Hold,0.8124,0.0217,0.0227,0.0224,0.0204,0.0177,0.0216,0.0223,0.0213,0.0174
2023-12-29,model_Portfolio,Hold,0.8124,0.0217,0.0229,0.0223,0.0204,0.0178,0.0213,0.0223,0.0213,0.0176
2024-01-02,model_Portfolio,Rebalance,0.0216,0.02,0.2879,0.02,0.02,0.02,0.02,0.02,0.5505,0.02
2024-01-03,model_Portfolio,Hold,0.0218,0.0197,0.2913,0.0201,0.0206,0.0201,0.0196,0.0204,0.5463,0.0202
2024-01-04,model_Portfolio,Hold,0.0222,0.0197,0.2891,0.0196,0.0192,0.0201,0.0198,0.0201,0.5501,0.0203
2024-01-05,model_Portfolio,Hold,0.022,0.0196,0.2895,0.0196,0.0192,0.02,0.0198,0.0199,0.5501,0.0202
2024-01-08,model_Portfolio,Hold,0.0223,0.0198,0.2888,0.0201,0.0188,0.0201,0.0202,0.0203,0.5493,0.0203
2024-01-09,model_Portfolio,Hold,0.0225,0.0201,0.2828,0.0205,0.0185,0.0199,0.0202,0.0207,0.5544,0.0204
2024-01-10,model_Portfolio,Hold,0.0227,0.0201,0.289,0.0208,0.0182,0.0197,0.0202,0.0208,0.5483,0.02
2024-01-11,model_Portfolio,Hold,0.0226,0.0202,0.2883,0.0209,0.0181,0.0195,0.0196,0.0207,0.5498,0.0202
2024-01-12,model_Portfolio,Hold,0.0228,0.0208,0.2895,0.0209,0.0182,0.0195,0.0198,0.0209,0.5476,0.0201
2024-01-16,model_Portfolio,Hold,0.0228,0.0208,0.2901,0.0208,0.0176,0.0194,0.0199,0.021,0.5477,0.02
2024-01-17,model_Portfolio,Hold,0.0231,0.021,0.2935,0.0207,0.0175,0.0195,0.0195,0.021,0.5441,0.0201
2024-01-18,model_Portfolio,Hold,0.023,0.0212,0.2948,0.0209,0.0173,0.0194,0.0192,0.0212,0.5432,0.0198
2024-01-19,model_Portfolio,Hold,0.0229,0.0212,0.2943,0.0209,0.0171,0.0192,0.0193,0.0214,0.5442,0.0196
2024-01-22,model_Portfolio,Hold,0.0227,0.0214,0.2942,0.0208,0.0173,0.0192,0.0192,0.0213,0.5444,0.0196
2024-01-23,model_Portfolio,Hold,0.0241,0.0229,0.3132,0.0223,0.0184,0.0206,0.0202,0.0228,0.5147,0.0208
2024-01-24,model_Portfolio,Hold,0.0238,0.0232,0.3193,0.0227,0.019,0.0204,0.0203,0.0234,0.507,0.0209
2024-01-25,model_Portfolio,Hold,0.0237,0.023,0.3135,0.0225,0.0191,0.0206,0.0204,0.0235,0.5131,0.0207
2024-01-26,model_Portfolio,Hold,0.0236,0.0229,0.3145,0.0226,0.0191,0.0204,0.0205,0.0235,0.5123,0.0206
2024-01-29,model_Portfolio,Hold,0.0239,0.023,0.3116,0.0229,0.019,0.0203,0.0208,0.0237,0.514,0.0208
2024-01-30,model_Portfolio,Hold,0.0239,0.0229,0.316,0.0226,0.0193,0.0202,0.02,0.0234,0.5109,0.0207
2024-01-31,model_Portfolio,Hold,0.0242,0.0228,0.3161,0.0225,0.019,0.0203,0.0203,0.022,0.512,0.0209
2024-02-01,model_Portfolio,Hold,0.025,0.0237,0.2913,0.0235,0.019,0.021,0.0209,0.0226,0.5308,0.0222
2024-02-02,model_Portfolio,Hold,0.0245,0.0239,0.2944,0.0254,0.0187,0.0209,0.0208,0.0229,0.5263,0.0221
2024-02-05,model_Portfolio,Hold,0.0249,0.0242,0.2981,0.0257,0.0188,0.018,0.0206,0.0235,0.5242,0.022
2024-02-06,model_Portfolio,Hold,0.0252,0.0236,0.2978,0.0253,0.0191,0.0179,0.0204,0.0234,0.5255,0.0219
2024-02-07,model_Portfolio,Hold,0.0249,0.0236,0.3028,0.0253,0.019,0.0175,0.0201,0.0234,0.5219,0.0215
2024-02-08,model_Portfolio,Hold,0.0248,0.0238,0.3019,0.0253,0.019,0.018,0.0204,0.0236,0.5215,0.0216
2024-02-09,model_Portfolio,Hold,0.0247,0.0241,0.3026,0.026,0.0187,0.018,0.0201,0.0241,0.5202,0.0216
2024-02-12,model_Portfolio,Hold,0.0246,0.0235,0.3003,0.0254,0.0188,0.018,0.0202,0.0236,0.524,0.0216
2024-02-13,model_Portfolio,Hold,0.0247,0.0236,0.3034,0.0253,0.0186,0.0179,0.0196,0.0236,0.5214,0.0218
2024-02-14,model_Portfolio,Hold,0.0248,0.024,0.3057,0.0256,0.0186,0.0178,0.0196,0.0237,0.5183,0.0218
2024-02-15,model_Portfolio,Hold,0.0248,0.0237,0.3058,0.025,0.0193,0.0183,0.0204,0.0228,0.5186,0.0213
2024-02-16,model_Portfolio,Hold,0.0251,0.0238,0.3058,0.0252,0.0196,0.0185,0.0206,0.0227,0.5173,0.0215
2024-02-20,model_Portfolio,Hold,0.0256,0.0233,0.3046,0.0248,0.0192,0.0185,0.0204,0.0227,0.5192,0.0215
2024-02-21,model_Portfolio,Hold,0.0258,0.0231,0.3057,0.0249,0.0195,0.0185,0.0208,0.0229,0.5172,0.0216
2024-02-22,model_Portfolio,Hold,0.0259,0.0237,0.3053,0.0257,0.0186,0.0186,0.0206,0.023,0.517,0.0217
2024-02-23,model_Portfolio,Hold,0.0258,0.0239,0.3065,0.0256,0.0184,0.0186,0.0207,0.0228,0.516,0.0217
2024-02-26,model_Portfolio,Hold,0.0259,0.0241,0.3066,0.0258,0.0183,0.0185,0.0204,0.022,0.5166,0.0217
2024-02-27,model_Portfolio,Hold,0.0259,0.024,0.3068,0.0255,0.0185,0.0186,0.0207,0.0221,0.5162,0.0216
2024-02-28,model_Portfolio,Hold,0.0262,0.0241,0.3093,0.0255,0.0185,0.0188,0.0207,0.0218,0.5135,0.0218
2024-02-29,model_Portfolio,Hold,0.0257,0.0238,0.3083,0.0259,0.0183,0.0188,0.0212,0.022,0.5145,0.0216
2024-03-01,model_Portfolio,Hold,0.0258,0.0242,0.3077,0.0261,0.0187,0.019,0.0211,0.0218,0.5139,0.0216
2024-03-04,model_Portfolio,Hold,0.0262,0.0245,0.3068,0.0262,0.0185,0.0193,0.0216,0.0214,0.5144,0.0211
2024-03-05,model_Portfolio,Hold,0.0256,0.0239,0.3079,0.0254,0.0186,0.0192,0.021,0.021,0.5163,0.021
2024-03-06,model_Portfolio,Hold,0.0257,0.024,0.3113,0.0252,0.0186,0.0194,0.0208,0.0207,0.5126,0.0217
2024-03-07,model_Portfolio,Hold,0.0259,0.0243,0.3108,0.0256,0.0185,0.0195,0.0209,0.0211,0.5117,0.0217
2024-03-08,model_Portfolio,Hold,0.0258,0.0236,0.3082,0.0252,0.0186,0.0191,0.0212,0.0212,0.5155,0.0217
2024-03-11,model_Portfolio,Hold,0.0255,0.0232,0.3105,0.0246,0.0187,0.0195,0.0211,0.0214,0.5136,0.022
2024-03-12,model_Portfolio,Hold,0.025,0.023,0.3019,0.0245,0.0184,0.0187,0.0204,0.021,0.5255,0.0217
2024-03-13,model_Portfolio,Hold,0.024,0.0222,0.2954,0.0239,0.0184,0.0183,0.0196,0.0205,0.5365,0.0211
2024-03-14,model_Portfolio,Hold,0.0239,0.0223,0.2961,0.0243,0.0185,0.0183,0.0195,0.0211,0.5344,0.0217
2024-03-15,model_Portfolio,Hold,0.023,0.0218,0.2959,0.0235,0.018,0.018,0.0193,0.0206,0.5386,0.0213
2024-03-18,model_Portfolio,Hold,0.0224,0.0217,0.2963,0.0235,0.0182,0.0181,0.0192,0.0216,0.5375,0.0216
2024-03-19,model_Portfolio,Hold,0.0225,0.022,0.2949,0.0236,0.0186,0.0178,0.0192,0.0214,0.5385,0.0216
2024-03-20,model_Portfolio,Hold,0.0217,0.0217,0.292,0.0235,0.0186,0.0173,0.0193,0.0213,0.5433,0.0213
2024-03-21,model_Portfolio,Hold,0.0218,0.0198,0.293,0.0235,0.0188,0.0171,0.0197,0.0212,0.5437,0.0214
2024-03-22,model_Portfolio,Hold,0.0218,0.0195,0.2929,0.0239,0.0187,0.0173,0.0194,0.0218,0.5435,0.0211
2024-03-25,model_Portfolio,Hold,0.0219,0.0195,0.2972,0.0242,0.0195,0.0175,0.0197,0.0219,0.5373,0.0214
2024-03-26,model_Portfolio,Hold,0.0224,0.0198,0.3013,0.0243,0.0187,0.0177,0.0196,0.0222,0.5323,0.0216
2024-03-27,model_Portfolio,Hold,0.0225,0.0198,0.2991,0.0241,0.0189,0.0178,0.02,0.0219,0.5343,0.0216
2024-03-28,model_Portfolio,Hold,0.0223,0.0199,0.2971,0.0239,0.0191,0.0177,0.02,0.0217,0.5368,0.0213
2024-04-01,model_Portfolio,Hold,0.0214,0.0189,0.2862,0.0233,0.0191,0.0173,0.0189,0.0217,0.5525,0.0205
2024-04-02,model_Portfolio,Hold,0.0216,0.019,0.2879,0.0235,0.0192,0.0172,0.0189,0.0218,0.5504,0.0206
2024-04-03,model_Portfolio,Hold,0.0214,0.0187,0.2881,0.0237,0.0191,0.0172,0.0188,0.0218,0.5512,0.0201
2024-04-04,model_Portfolio,Hold,0.0216,0.019,0.2912,0.0238,0.0196,0.0173,0.019,0.0216,0.5466,0.0203
2024-04-05,model_Portfolio,Hold,0.0216,0.0189,0.2923,0.0243,0.0196,0.0173,0.0192,0.0217,0.5449,0.0201
2024-04-08,model_Portfolio,Hold,0.0214,0.0188,0.29,0.0242,0.0192,0.0171,0.0194,0.022,0.5478,0.0202
2024-04-09,model_Portfolio,Hold,0.0218,0.019,0.2837,0.0243,0.0191,0.0173,0.0199,0.0222,0.5525,0.0203
2024-04-10,model_Portfolio,Hold,0.0216,0.0185,0.2837,0.0244,0.0192,0.0171,0.0189,0.0222,0.5543,0.0202
2024-04-11,model_Portfolio,Hold,0.0218,0.0187,0.2744,0.025,0.019,0.0172,0.0192,0.0229,0.5616,0.0202
2024-04-12,model_Portfolio,Hold,0.0217,0.0184,0.2799,0.0249,0.0189,0.0171,0.0191,0.0229,0.5569,0.0202
2024-04-15,model_Portfolio,Hold,0.0217,0.0183,0.2804,0.0246,0.0186,0.0171,0.0187,0.0225,0.5579,0.0202
2024-04-16,model_Portfolio,Hold,0.0218,0.0183,0.2816,0.0246,0.0183,0.0169,0.0184,0.0225,0.5575,0.0202
2024-04-17,model_Portfolio,Hold,0.0212,0.0184,0.2815,0.0244,0.0182,0.017,0.0183,0.0227,0.558,0.0204
2024-04-18,model_Portfolio,Hold,0.0209,0.0184,0.2823,0.024,0.0181,0.0172,0.0182,0.0226,0.5578,0.0203
2024-04-19,model_Portfolio,Hold,0.0211,0.0182,0.2866,0.0231,0.018,0.0169,0.0179,0.0221,0.5557,0.0205
2024-04-22,model_Portfolio,Hold,0.0209,0.0182,0.2862,0.0233,0.018,0.017,0.0183,0.0223,0.5552,0.0206
2024-04-23,model_Portfolio,Hold,0.021,0.0181,0.286,0.0235,0.0177,0.0169,0.0183,0.0225,0.5554,0.0207
2024-04-24,model_Portfolio,Hold,0.0209,0.018,0.2891,0.0232,0.0178,0.017,0.0184,0.0227,0.5521,0.0208
2024-04-25,model_Portfolio,Hold,0.021,0.0178,0.2891,0.023,0.0181,0.0172,0.0182,0.0224,0.552,0.0212
2024-04-26,model_Portfolio,Hold,0.0211,0.0177,0.2872,0.0237,0.018,0.0172,0.0179,0.0246,0.5517,0.0211
2024-04-29,model_Portfolio,Hold,0.0209,0.0173,0.2889,0.0237,0.0181,0.0172,0.0183,0.0236,0.5508,0.0212
2024-04-30,model_Portfolio,Hold,0.0203,0.0168,0.2802,0.0225,0.017,0.0168,0.0174,0.0227,0.5655,0.0207
2024-05-01,model_Portfolio,Hold,0.02,0.0165,0.2792,0.0227,0.0163,0.0166,0.0173,0.0225,0.5685,0.0204
2024-05-02,model_Portfolio,Hold,0.0202,0.0167,0.2803,0.0236,0.0157,0.0172,0.0177,0.0231,0.5647,0.0207
2024-05-03,model_Portfolio,Hold,0.0201,0.0169,0.2775,0.0238,0.0158,0.0174,0.0181,0.0232,0.5667,0.0205
2024-05-06,model_Portfolio,Hold,0.02,0.017,0.2818,0.0241,0.0161,0.0174,0.0179,0.0233,0.5619,0.0204
2024-05-07,model_Portfolio,Hold,0.0202,0.0173,0.2831,0.0242,0.0164,0.0176,0.018,0.0238,0.5586,0.0207
2024-05-08,model_Portfolio,Hold,0.0199,0.0173,0.2823,0.024,0.0164,0.0174,0.0177,0.0235,0.5608,0.0208
2024-05-09,model_Portfolio,Hold,0.0197,0.0169,0.2817,0.024,0.0165,0.0175,0.0179,0.0233,0.5617,0.0208
2024-05-10,model_Portfolio,Hold,0.0195,0.0167,0.2809,0.0235,0.016,0.0173,0.0178,0.0229,0.5647,0.0207
2024-05-13,model_Portfolio,Hold,0.0194,0.0167,0.2793,0.0233,0.0159,0.0172,0.0176,0.0229,0.5669,0.0207
2024-05-14,model_Portfolio,Hold,0.0192,0.0166,0.2795,0.0232,0.0158,0.017,0.018,0.023,0.5668,0.0208
2024-05-15,model_Portfolio,Hold,0.0191,0.0165,0.2801,0.0228,0.0158,0.0171,0.018,0.023,0.5669,0.0207
2024-05-16,model_Portfolio,Hold,0.0188,0.0161,0.2737,0.0221,0.0155,0.0171,0.0175,0.0228,0.576,0.0204
2024-05-17,model_Portfolio,Hold,0.0185,0.0158,0.2757,0.0221,0.0156,0.0174,0.0174,0.0229,0.5744,0.0203
2024-05-20,model_Portfolio,Hold,0.0184,0.016,0.2742,0.022,0.0156,0.0176,0.0174,0.023,0.5755,0.0203
2024-05-21,model_Portfolio,Hold,0.0186,0.016,0.2783,0.0222,0.0157,0.0177,0.0175,0.0234,0.5699,0.0207
2024-05-22,model_Portfolio,Hold,0.0191,0.0163,0.2811,0.0224,0.0155,0.0179,0.0176,0.0234,0.5659,0.0209
2024-05-23,model_Portfolio,Hold,0.0192,0.0165,0.2817,0.0224,0.0154,0.018,0.0172,0.0233,0.5656,0.0208
2024-05-24,model_Portfolio,Hold,0.0191,0.0162,0.2836,0.0223,0.0153,0.018,0.0171,0.0234,0.5644,0.0207
2024-05-28,model_Portfolio,Hold,0.0188,0.0161,0.2842,0.0226,0.0156,0.0181,0.017,0.0238,0.5629,0.0208
2024-05-29,model_Portfolio,Hold,0.0188,0.016,0.2863,0.0228,0.0154,0.018,0.0169,0.0239,0.5611,0.0208
2024-05-30,model_Portfolio,Hold,0.0188,0.0154,0.2873,0.0223,0.0156,0.0179,0.017,0.0233,0.5615,0.0209
2024-05-31,model_Portfolio,Hold,0.0186,0.015,0.2881,0.0216,0.0157,0.018,0.017,0.0229,0.5622,0.0208
2024-06-03,model_Portfolio,Hold,0.0188,0.0151,0.2865,0.0219,0.0153,0.0184,0.0169,0.0231,0.563,0.0211
2024-06-04,model_Portfolio,Hold,0.0191,0.0155,0.2862,0.0222,0.0151,0.0185,0.0171,0.0234,0.5614,0.0214
2024-06-05,model_Portfolio,Hold,0.019,0.0156,0.2862,0.0224,0.0151,0.0184,0.0168,0.0235,0.5617,0.0212
2024-06-06,model_Portfolio,Hold,0.0192,0.0157,0.2872,0.0229,0.0153,0.0185,0.0169,0.0238,0.5591,0.0213
2024-06-07,model_Portfolio,Hold,0.0195,0.0153,0.2839,0.0225,0.0148,0.0188,0.0164,0.0231,0.5647,0.021
2024-06-10,model_Portfolio,Hold,0.0195,0.0154,0.2831,0.0228,0.0152,0.019,0.0163,0.0232,0.5645,0.0209
2024-06-11,model_Portfolio,Hold,0.0192,0.0156,0.2801,0.0228,0.0153,0.0189,0.0162,0.0234,0.5676,0.0209
2024-06-12,model_Portfolio,Hold,0.0189,0.0152,0.2819,0.0228,0.0151,0.019,0.0165,0.0235,0.5665,0.0206
2024-06-13,model_Portfolio,Hold,0.0188,0.015,0.2797,0.0225,0.0147,0.0192,0.0167,0.0232,0.5695,0.0206
2024-06-14,model_Portfolio,Hold,0.0189,0.0153,0.2803,0.0226,0.0144,0.0187,0.0167,0.0236,0.569,0.0205
2024-06-17,model_Portfolio,Hold,0.0189,0.0152,0.283,0.0226,0.0145,0.0185,0.0166,0.0236,0.5665,0.0207
2024-06-18,model_Portfolio,Hold,0.0189,0.0152,0.285,0.0223,0.0144,0.0185,0.0165,0.0232,0.5652,0.0206
2024-06-20,model_Portfolio,Hold,0.0192,0.0161,0.2847,0.0225,0.0144,0.0182,0.0163,0.0232,0.5647,0.0207
2024-06-21,model_Portfolio,Hold,0.0189,0.0162,0.2831,0.0228,0.0143,0.0181,0.0164,0.0235,0.566,0.0207
2024-06-24,model_Portfolio,Hold,0.0187,0.016,0.2837,0.0222,0.0148,0.0179,0.0165,0.0233,0.5659,0.0209
2024-06-25,model_Portfolio,Hold,0.0189,0.0161,0.2842,0.0224,0.0147,0.0178,0.0164,0.0241,0.5643,0.0211
2024-06-26,model_Portfolio,Hold,0.0189,0.0161,0.2834,0.0234,0.0146,0.0176,0.0164,0.0242,0.5642,0.0211
2024-06-27,model_Portfolio,Hold,0.0187,0.0158,0.2804,0.0237,0.0147,0.0174,0.0163,0.0242,0.5682,0.0205
2024-06-28,model_Portfolio,Hold,0.0186,0.0159,0.2825,0.0233,0.015,0.0172,0.0167,0.0239,0.5661,0.0207
2024-07-01,model_Portfolio,Rebalance,0.02,0.02,0.0261,0.02,0.02,0.02,0.02,0.02,0.8139,0.02
2024-07-02,model_Portfolio,Hold,0.0198,0.0199,0.026,0.0201,0.0196,0.0201,0.02,0.0201,0.8145,0.0198
2024-07-03,model_Portfolio,Hold,0.0197,0.02,0.0259,0.0199,0.0197,0.0203,0.02,0.0201,0.8147,0.0198
2024-07-05,model_Portfolio,Hold,0.02,0.0196,0.0259,0.0202,0.0192,0.0203,0.02,0.0207,0.8141,0.0199
2024-07-08,model_Portfolio,Hold,0.0197,0.0197,0.0258,0.0201,0.0194,0.0205,0.0201,0.0206,0.8142,0.0199
2024-07-09,model_Portfolio,Hold,0.0198,0.0198,0.0263,0.0204,0.0196,0.0207,0.0202,0.0208,0.812,0.0204
2024-07-10,model_Portfolio,Hold,0.0198,0.0193,0.0262,0.0201,0.0192,0.0205,0.02,0.0207,0.8141,0.0202
2024-07-11,model_Portfolio,Hold,0.0197,0.0193,0.0264,0.0193,0.0196,0.0204,0.021,0.0198,0.8145,0.0199
2024-07-12,model_Portfolio,Hold,0.0195,0.02,0.0263,0.0191,0.0196,0.0204,0.0211,0.0196,0.8144,0.0201
2024-07-15,model_Portfolio,Hold,0.0196,0.0206,0.0267,0.0191,0.0207,0.0205,0.0214,0.0199,0.8112,0.0202
2024-07-16,model_Portfolio,Hold,0.0194,0.0209,0.0266,0.019,0.0207,0.021,0.0214,0.0195,0.8111,0.0203
2024-07-17,model_Portfolio,Hold,0.0196,0.0207,0.0265,0.0183,0.0209,0.021,0.0214,0.019,0.8121,0.0206
2024-07-18,model_Portfolio,Hold,0.0188,0.0211,0.0267,0.018,0.021,0.0208,0.0211,0.0188,0.813,0.0207
2024-07-19,model_Portfolio,Hold,0.0192,0.0211,0.0264,0.018,0.0209,0.0206,0.0209,0.0188,0.8133,0.0208
2024-07-22,model_Portfolio,Hold,0.0194,0.0211,0.0266,0.0178,0.0204,0.0193,0.0209,0.0191,0.8149,0.0206
2024-07-23,model_Portfolio,Hold,0.0195,0.0211,0.0266,0.0182,0.0201,0.0199,0.0202,0.0191,0.8148,0.0205
2024-07-24,model_Portfolio,Hold,0.0204,0.0213,0.0269,0.0179,0.0201,0.0205,0.0195,0.0184,0.8142,0.0209
2024-07-25,model_Portfolio,Hold,0.0201,0.0213,0.0269,0.0178,0.0207,0.0204,0.0195,0.0178,0.8144,0.0211
2024-07-26,model_Portfolio,Hold,0.0168,0.0179,0.0228,0.0152,0.0174,0.0173,0.0168,0.015,0.8429,0.018
2024-07-29,model_Portfolio,Hold,0.017,0.018,0.023,0.0154,0.0174,0.0178,0.0168,0.0154,0.8409,0.0182
2024-07-30,model_Portfolio,Hold,0.0168,0.018,0.023,0.0151,0.0173,0.0175,0.0169,0.0153,0.842,0.018
2024-07-31,model_Portfolio,Hold,0.0169,0.0179,0.0228,0.0155,0.0173,0.0174,0.0165,0.0153,0.8428,0.0174
2024-08-01,model_Portfolio,Hold,0.0176,0.0179,0.0244,0.0153,0.0173,0.0191,0.0163,0.0153,0.839,0.0178
2024-08-02,model_Portfolio,Hold,0.018,0.0178,0.0242,0.0141,0.0161,0.0189,0.0162,0.0151,0.841,0.0184
2024-08-05,model_Portfolio,Hold,0.0177,0.0174,0.0239,0.0137,0.0157,0.0189,0.0162,0.0146,0.844,0.0179
2024-08-06,model_Portfolio,Hold,0.0178,0.0177,0.0241,0.0137,0.0154,0.0188,0.0166,0.0145,0.8435,0.0179
2024-08-07,model_Portfolio,Hold,0.0181,0.0179,0.0246,0.014,0.0156,0.019,0.0164,0.0147,0.8413,0.0184
2024-08-08,model_Portfolio,Hold,0.0178,0.0174,0.0246,0.014,0.0161,0.0188,0.0163,0.0147,0.842,0.0182
2024-08-09,model_Portfolio,Hold,0.0177,0.0176,0.0248,0.0142,0.0161,0.0188,0.0164,0.015,0.841,0.0183
2024-08-12,model_Portfolio,Hold,0.0177,0.0176,0.025,0.0143,0.0167,0.0187,0.0162,0.0149,0.8405,0.0184
2024-08-13,model_Portfolio,Hold,0.0175,0.0176,0.0247,0.0143,0.0163,0.0186,0.0163,0.0149,0.8414,0.0184
2024-08-14,model_Portfolio,Hold,0.0177,0.0175,0.0248,0.0142,0.0162,0.0184,0.0161,0.0145,0.8422,0.0183
2024-08-15,model_Portfolio,Hold,0.0177,0.0177,0.0246,0.0148,0.0164,0.0181,0.0163,0.0144,0.842,0.018
2024-08-16,model_Portfolio,Hold,0.0177,0.0178,0.0251,0.0147,0.0163,0.0183,0.0162,0.0146,0.8411,0.0182
2024-08-19,model_Portfolio,Hold,0.0178,0.0179,0.0252,0.0148,0.0163,0.0181,0.0163,0.0149,0.8404,0.0182
2024-08-20,model_Portfolio,Hold,0.0176,0.0179,0.025,0.0148,0.0157,0.018,0.0162,0.0149,0.8417,0.0182
2024-08-21,model_Portfolio,Hold,0.0175,0.0179,0.025,0.0147,0.0154,0.018,0.0161,0.0146,0.8427,0.0181
2024-08-22,model_Portfolio,Hold,0.0177,0.0178,0.0254,0.0145,0.0154,0.018,0.0165,0.0145,0.8421,0.0182
2024-08-23,model_Portfolio,Hold,0.0175,0.0177,0.0252,0.0143,0.0155,0.0178,0.0167,0.0145,0.8427,0.0182
2024-08-26,model_Portfolio,Hold,0.0173,0.0176,0.0249,0.014,0.0155,0.0177,0.0165,0.0143,0.8441,0.018
2024-08-27,model_Portfolio,Hold,0.0174,0.0178,0.0251,0.0139,0.0153,0.0177,0.0164,0.0142,0.844,0.0182
2024-08-28,model_Portfolio,Hold,0.0174,0.0177,0.0253,0.0137,0.0153,0.0177,0.0162,0.0141,0.8445,0.0182
2024-08-29,model_Portfolio,Hold,0.0172,0.0177,0.0253,0.0137,0.0156,0.0175,0.0159,0.0138,0.8453,0.0181
2024-08-30,model_Portfolio,Hold,0.017,0.0175,0.0251,0.014,0.015,0.0174,0.0159,0.0138,0.8461,0.018
2024-09-03,model_Portfolio,Hold,0.0177,0.018,0.0255,0.0142,0.0144,0.0176,0.0162,0.0136,0.844,0.0186
2024-09-04,model_Portfolio,Hold,0.0175,0.018,0.0256,0.0138,0.0139,0.0175,0.016,0.0135,0.8456,0.0187
2024-09-05,model_Portfolio,Hold,0.0174,0.0179,0.0256,0.0143,0.014,0.0175,0.016,0.0136,0.8451,0.0186
2024-09-06,model_Portfolio,Hold,0.0179,0.0182,0.0259,0.014,0.0139,0.0175,0.0162,0.0133,0.8442,0.0188
2024-09-09,model_Portfolio,Hold,0.0183,0.0183,0.026,0.0144,0.0137,0.0179,0.0165,0.0131,0.8429,0.019
2024-09-10,model_Portfolio,Hold,0.0182,0.0184,0.0255,0.0145,0.0129,0.0178,0.0165,0.013,0.8444,0.0187
2024-09-11,model_Portfolio,Hold,0.0181,0.0185,0.0252,0.0149,0.0128,0.0179,0.0166,0.0132,0.8443,0.0184
2024-09-12,model_Portfolio,Hold,0.0179,0.0183,0.025,0.0149,0.0127,0.0178,0.0166,0.0133,0.8454,0.018
2024-09-13,model_Portfolio,Hold,0.0177,0.0181,0.025,0.0148,0.0127,0.0179,0.0168,0.0135,0.8456,0.018
2024-09-16,model_Portfolio,Hold,0.0177,0.0182,0.0251,0.0145,0.0128,0.0181,0.0166,0.0134,0.8459,0.0177
2024-09-17,model_Portfolio,Hold,0.0179,0.0174,0.0251,0.0148,0.0134,0.0183,0.0167,0.0136,0.8455,0.0174
2024-09-18,model_Portfolio,Hold,0.0175,0.0174,0.025,0.0148,0.0133,0.0181,0.0167,0.0137,0.8461,0.0175
2024-09-19,model_Portfolio,Hold,0.0173,0.0173,0.0247,0.015,0.0134,0.0181,0.0164,0.0138,0.8466,0.0173
2024-09-20,model_Portfolio,Hold,0.0171,0.0173,0.0246,0.015,0.0132,0.018,0.0162,0.0139,0.8475,0.0173
2024-09-23,model_Portfolio,Hold,0.0172,0.0173,0.0249,0.0151,0.0133,0.0181,0.0162,0.0136,0.847,0.0174
2024-09-24,model_Portfolio,Hold,0.0168,0.0171,0.0244,0.015,0.0131,0.0182,0.0163,0.0135,0.8483,0.0172
2024-09-25,model_Portfolio,Hold,0.0168,0.0171,0.0247,0.0149,0.0128,0.0183,0.0164,0.0135,0.8484,0.0173
2024-09-26,model_Portfolio,Hold,0.0165,0.0177,0.0243,0.0146,0.0118,0.0182,0.0158,0.0134,0.8508,0.017
2024-09-27,model_Portfolio,Hold,0.0166,0.0176,0.0248,0.0145,0.0127,0.0185,0.0159,0.0136,0.8486,0.0172
2024-09-30,model_Portfolio,Hold,0.0169,0.0179,0.0251,0.0144,0.0127,0.0184,0.0158,0.0138,0.8477,0.0172
2024-10-01,model_Portfolio,Hold,0.0168,0.0178,0.0253,0.0143,0.0133,0.018,0.0155,0.0139,0.8479,0.0172
2024-10-02,model_Portfolio,Hold,0.017,0.0182,0.0259,0.0144,0.0135,0.0181,0.0156,0.014,0.8462,0.0172
2024-10-03,model_Portfolio,Hold,0.0169,0.0185,0.0258,0.0143,0.0139,0.0179,0.0155,0.014,0.846,0.0171
2024-10-04,model_Portfolio,Hold,0.0169,0.0185,0.0261,0.0145,0.0141,0.0179,0.0154,0.0141,0.8456,0.0171
2024-10-07,model_Portfolio,Hold,0.017,0.0183,0.0254,0.0141,0.0141,0.0196,0.0153,0.0138,0.8454,0.017
2024-10-08,model_Portfolio,Hold,0.0172,0.0185,0.0256,0.0143,0.0138,0.0195,0.0153,0.0139,0.8451,0.0169
2024-10-09,model_Portfolio,Hold,0.0174,0.0187,0.0252,0.0145,0.0138,0.0197,0.0154,0.0136,0.8448,0.0171
2024-10-10,model_Portfolio,Hold,0.0175,0.0187,0.0255,0.0147,0.0142,0.0199,0.0156,0.0138,0.843,0.0171
2024-10-11,model_Portfolio,Hold,0.0174,0.0185,0.0257,0.0147,0.0142,0.0198,0.0158,0.0138,0.8432,0.017
2024-10-14,model_Portfolio,Hold,0.0174,0.0186,0.0257,0.0145,0.0139,0.0199,0.016,0.0138,0.8433,0.0169
2024-10-15,model_Portfolio,Hold,0.0174,0.0188,0.0257,0.0146,0.0129,0.0201,0.0162,0.0138,0.8437,0.0169
2024-10-16,model_Portfolio,Hold,0.0175,0.0189,0.0256,0.0144,0.0128,0.0202,0.0163,0.0138,0.8435,0.0169
2024-10-17,model_Portfolio,Hold,0.0176,0.0191,0.0259,0.0145,0.0129,0.0204,0.0162,0.0136,0.8429,0.0168
2024-10-18,model_Portfolio,Hold,0.0179,0.0192,0.0258,0.0147,0.0131,0.0207,0.0163,0.0137,0.8417,0.0168
2024-10-21,model_Portfolio,Hold,0.0176,0.0193,0.0255,0.0147,0.0131,0.0207,0.016,0.0138,0.8425,0.0167
2024-10-22,model_Portfolio,Hold,0.0178,0.0194,0.0259,0.0151,0.0136,0.0211,0.0161,0.0142,0.8395,0.0174
2024-10-23,model_Portfolio,Hold,0.0184,0.0199,0.0266,0.0151,0.0135,0.0214,0.0168,0.0143,0.8363,0.0177
2024-10-24,model_Portfolio,Hold,0.0185,0.0197,0.0268,0.0154,0.0138,0.0213,0.0165,0.0145,0.8356,0.018
2024-10-25,model_Portfolio,Hold,0.0184,0.0198,0.0266,0.0157,0.014,0.0213,0.0162,0.0149,0.8349,0.0181
2024-10-28,model_Portfolio,Hold,0.0177,0.0191,0.0257,0.0152,0.0129,0.0205,0.0156,0.0145,0.8411,0.0177
2024-10-29,model_Portfolio,Hold,0.0177,0.0193,0.0259,0.0155,0.0128,0.0205,0.0156,0.0148,0.8402,0.0177
2024-10-30,model_Portfolio,Hold,0.0181,0.0187,0.0262,0.0158,0.013,0.0206,0.016,0.0154,0.8382,0.0181
2024-10-31,model_Portfolio,Hold,0.0178,0.0185,0.0248,0.0152,0.013,0.0203,0.0157,0.0151,0.8402,0.0194
2024-11-01,model_Portfolio,Hold,0.0188,0.0187,0.025,0.0163,0.0128,0.0204,0.0157,0.0152,0.8379,0.0193
2024-11-04,model_Portfolio,Hold,0.0188,0.0187,0.0252,0.0162,0.0132,0.0204,0.0161,0.0151,0.8367,0.0195
2024-11-05,model_Portfolio,Hold,0.0187,0.0187,0.0253,0.0165,0.0132,0.0203,0.0162,0.0151,0.8366,0.0195
2024-11-06,model_Portfolio,Hold,0.0177,0.0184,0.0247,0.0162,0.0131,0.0193,0.0152,0.0149,0.8418,0.0186
2024-11-07,model_Portfolio,Hold,0.0176,0.0187,0.0246,0.0166,0.0117,0.0198,0.0154,0.0154,0.8418,0.0184
2024-11-08,model_Portfolio,Hold,0.0176,0.0183,0.0246,0.0163,0.0115,0.0196,0.0154,0.0151,0.8431,0.0185
2024-11-11,model_Portfolio,Hold,0.0178,0.0185,0.0253,0.0163,0.0118,0.0199,0.0151,0.0154,0.8413,0.0186
2024-11-12,model_Portfolio,Hold,0.018,0.019,0.0258,0.0168,0.0119,0.02,0.015,0.0157,0.8387,0.0191
2024-11-13,model_Portfolio,Hold,0.0178,0.0194,0.0255,0.017,0.0119,0.02,0.0149,0.0154,0.8389,0.0192
2024-11-14,model_Portfolio,Hold,0.0176,0.0189,0.0252,0.0168,0.0121,0.0201,0.0148,0.015,0.8404,0.0192
2024-11-15,model_Portfolio,Hold,0.0179,0.0186,0.0259,0.0163,0.0122,0.0204,0.0146,0.0149,0.8395,0.0196
2024-11-18,model_Portfolio,Hold,0.0181,0.0185,0.026,0.0161,0.0122,0.021,0.0145,0.0151,0.8388,0.0197
2024-11-19,model_Portfolio,Hold,0.0183,0.0188,0.0261,0.0166,0.012,0.0213,0.0146,0.0156,0.8369,0.0198
2024-11-20,model_Portfolio,Hold,0.0182,0.0191,0.0261,0.0165,0.0122,0.0214,0.0146,0.0154,0.8368,0.0199
2024-11-21,model_Portfolio,Hold,0.0184,0.0193,0.0266,0.0162,0.0124,0.0215,0.0148,0.0147,0.8361,0.0199
2024-11-22,model_Portfolio,Hold,0.0184,0.0191,0.0265,0.0159,0.0125,0.0215,0.0151,0.0144,0.8367,0.02
2024-11-25,model_Portfolio,Hold,0.0182,0.0189,0.0263,0.0161,0.0122,0.0214,0.0154,0.0144,0.8374,0.0198
2024-11-26,model_Portfolio,Hold,0.0178,0.0187,0.026,0.0163,0.0119,0.021,0.0151,0.0143,0.8391,0.0197
2024-11-27,model_Portfolio,Hold,0.018,0.0187,0.0262,0.0162,0.012,0.021,0.0149,0.0144,0.8389,0.0198
2024-11-29,model_Portfolio,Hold,0.0179,0.0186,0.026,0.0162,0.012,0.0209,0.0148,0.0142,0.8398,0.0197
2024-12-02,model_Portfolio,Hold,0.0177,0.0186,0.0255,0.0165,0.0119,0.0211,0.0148,0.0145,0.8398,0.0196
2024-12-03,model_Portfolio,Hold,0.0178,0.0184,0.0247,0.017,0.0121,0.0211,0.0148,0.0147,0.8397,0.0197
2024-12-04,model_Portfolio,Hold,0.0179,0.0189,0.0249,0.0174,0.012,0.021,0.0144,0.015,0.8389,0.0197
2024-12-05,model_Portfolio,Hold,0.0175,0.0184,0.0246,0.0173,0.0116,0.0202,0.0142,0.0146,0.8421,0.0195
2024-12-06,model_Portfolio,Hold,0.0175,0.0187,0.0246,0.0178,0.0114,0.0201,0.014,0.0148,0.8415,0.0196
2024-12-09,model_Portfolio,Hold,0.0176,0.0187,0.0243,0.0179,0.0119,0.0201,0.0146,0.015,0.8404,0.0193
2024-12-10,model_Portfolio,Hold,0.0179,0.0191,0.0244,0.018,0.0121,0.0203,0.0144,0.016,0.8384,0.0194
2024-12-11,model_Portfolio,Hold,0.0176,0.0192,0.0244,0.0185,0.0121,0.0201,0.0143,0.0169,0.8379,0.0191
2024-12-12,model_Portfolio,Hold,0.0176,0.019,0.0244,0.0184,0.0125,0.02,0.0142,0.0166,0.8382,0.0192
2024-12-13,model_Portfolio,Hold,0.0175,0.0189,0.0244,0.0182,0.0124,0.0201,0.0141,0.0164,0.8387,0.0192
2024-12-16,model_Portfolio,Hold,0.0175,0.0189,0.0243,0.0187,0.0119,0.0198,0.014,0.0171,0.8386,0.0192
2024-12-17,model_Portfolio,Hold,0.0177,0.0191,0.0243,0.0188,0.0116,0.0198,0.0143,0.0171,0.838,0.0192
2024-12-18,model_Portfolio,Hold,0.0179,0.0189,0.0243,0.0183,0.0117,0.0196,0.014,0.0169,0.8391,0.0193
2024-12-19,model_Portfolio,Hold,0.0178,0.02,0.0242,0.0183,0.0114,0.0193,0.0137,0.0167,0.8397,0.019
2024-12-20,model_Portfolio,Hold,0.0178,0.0194,0.0242,0.0181,0.0115,0.0191,0.0138,0.0167,0.8405,0.019
2024-12-23,model_Portfolio,Hold,0.0178,0.0191,0.0242,0.0182,0.0118,0.019,0.0138,0.017,0.8402,0.0189
2024-12-24,model_Portfolio,Hold,0.0177,0.019,0.0241,0.0183,0.0118,0.019,0.0137,0.017,0.8407,0.0187
2024-12-26,model_Portfolio,Hold,0.0177,0.0189,0.0241,0.0181,0.0118,0.0188,0.0136,0.0168,0.8416,0.0186
2024-12-27,model_Portfolio,Hold,0.0178,0.0188,0.0242,0.0179,0.012,0.0188,0.0136,0.0167,0.8415,0.0187
2024-12-30,model_Portfolio,Hold,0.0176,0.0187,0.0243,0.0179,0.0123,0.0187,0.0136,0.0167,0.8414,0.0187
2024-12-31,model_Portfolio,Hold,0.0176,0.0187,0.0244,0.0177,0.0126,0.0188,0.0138,0.0165,0.841,0.0188
2025-01-02,model_Portfolio,Rebalance,0.02,0.02,0.82,0.02,0.02,0.02,0.02,0.02,0.02,0.02
2025-01-03,model_Portfolio,Hold,0.0199,0.0201,0.8198,0.0202,0.0199,0.0199,0.0202,0.0201,0.0199,0.0201
2025-01-06,model_Portfolio,Hold,0.02,0.0202,0.8177,0.0207,0.0203,0.0201,0.0201,0.0209,0.0201,0.0199
2025-01-07,model_Portfolio,Hold,0.0199,0.0203,0.8193,0.0201,0.0201,0.0201,0.0199,0.0205,0.0204,0.0195
2025-01-08,model_Portfolio,Hold,0.0199,0.0203,0.8201,0.02,0.02,0.0199,0.0197,0.0203,0.0205,0.0194
2025-01-10,model_Portfolio,Hold,0.02,0.0203,0.8179,0.0201,0.0205,0.0209,0.0197,0.0205,0.0205,0.0196
2025-01-13,model_Portfolio,Hold,0.0199,0.02,0.8183,0.0198,0.0208,0.0212,0.02,0.0201,0.0207,0.0193
2025-01-14,model_Portfolio,Hold,0.0197,0.0197,0.819,0.0195,0.021,0.0214,0.0198,0.0198,0.0209,0.0193
2025-01-15,model_Portfolio,Hold,0.0192,0.0196,0.8194,0.0198,0.0212,0.0212,0.0197,0.0202,0.0207,0.019
2025-01-16,model_Portfolio,Hold,0.0195,0.0195,0.8204,0.0194,0.0208,0.0213,0.0198,0.0197,0.0207,0.0188
2025-01-17,model_Portfolio,Hold,0.0193,0.0195,0.82,0.0197,0.0201,0.0216,0.0201,0.0199,0.0209,0.019
2025-01-21,model_Portfolio,Hold,0.0199,0.0197,0.8183,0.0201,0.0195,0.0217,0.0202,0.0201,0.0217,0.0188
2025-01-22,model_Portfolio,Hold,0.0204,0.0202,0.8152,0.0208,0.0197,0.0218,0.0201,0.0204,0.0224,0.0189
2025-01-23,model_Portfolio,Hold,0.0212,0.0203,0.8138,0.0208,0.0198,0.0222,0.02,0.0203,0.0224,0.019
2025-01-24,model_Portfolio,Hold,0.0214,0.0202,0.8135,0.0207,0.0195,0.0225,0.0202,0.0205,0.0223,0.0192
2025-01-27,model_Portfolio,Hold,0.0216,0.0203,0.817,0.0202,0.0191,0.0217,0.0197,0.0191,0.022,0.0192
2025-01-28,model_Portfolio,Hold,0.0214,0.0207,0.8164,0.0206,0.0192,0.0219,0.0189,0.0196,0.0222,0.019
2025-01-29,model_Portfolio,Hold,0.0215,0.0204,0.8174,0.0204,0.019,0.0219,0.0186,0.0196,0.0222,0.019
2025-01-30,model_Portfolio,Hold,0.0215,0.0207,0.8173,0.0201,0.0187,0.0223,0.0185,0.02,0.0224,0.0185
2025-01-31,model_Portfolio,Hold,0.0215,0.021,0.816,0.0205,0.018,0.0225,0.0189,0.0204,0.0223,0.0189
2025-02-03,model_Portfolio,Hold,0.0217,0.0212,0.8159,0.0206,0.0177,0.0228,0.0185,0.0203,0.0221,0.0192
2025-02-04,model_Portfolio,Hold,0.0218,0.0215,0.8143,0.0209,0.0184,0.0226,0.0184,0.0208,0.0223,0.0191
2025-02-05,model_Portfolio,Hold,0.0222,0.0218,0.8157,0.0204,0.0182,0.0223,0.0189,0.0192,0.0223,0.019
2025-02-06,model_Portfolio,Hold,0.0223,0.0219,0.8112,0.0213,0.0184,0.0228,0.0195,0.0199,0.0231,0.0197
2025-02-07,model_Portfolio,Hold,0.0225,0.0218,0.8145,0.0204,0.0184,0.0215,0.0193,0.0192,0.0227,0.0197
2025-02-10,model_Portfolio,Hold,0.023,0.022,0.8111,0.0209,0.0196,0.0216,0.0193,0.0194,0.0228,0.0202
2025-02-11,model_Portfolio,Hold,0.0229,0.0221,0.8115,0.0208,0.0198,0.0215,0.0192,0.0193,0.0228,0.0202
2025-02-12,model_Portfolio,Hold,0.0228,0.0221,0.8129,0.0205,0.0191,0.0216,0.0193,0.0191,0.0226,0.02
2025-02-13,model_Portfolio,Hold,0.0228,0.0219,0.8136,0.0204,0.019,0.0217,0.0192,0.0192,0.0224,0.0199
2025-02-14,model_Portfolio,Hold,0.0227,0.0219,0.8126,0.0204,0.0196,0.0219,0.0191,0.0192,0.0226,0.0199
2025-02-18,model_Portfolio,Hold,0.0225,0.0217,0.8139,0.0201,0.0199,0.0218,0.0191,0.0189,0.0225,0.0196
2025-02-19,model_Portfolio,Hold,0.0226,0.0217,0.8143,0.0199,0.0197,0.0217,0.0189,0.0189,0.0225,0.0196
2025-02-20,model_Portfolio,Hold,0.0229,0.0215,0.8144,0.0196,0.0198,0.0215,0.019,0.0189,0.0224,0.0201
2025-02-21,model_Portfolio,Hold,0.0236,0.0207,0.8139,0.0195,0.0195,0.0216,0.0194,0.0188,0.0222,0.0207
2025-02-24,model_Portfolio,Hold,0.0233,0.0204,0.8167,0.0188,0.0193,0.0213,0.0194,0.0184,0.022,0.0205
2025-02-25,model_Portfolio,Hold,0.0229,0.0199,0.8195,0.0184,0.0184,0.0214,0.0197,0.0177,0.0216,0.0203
2025-02-26,model_Portfolio,Hold,0.0232,0.0198,0.8195,0.0187,0.0183,0.0213,0.0195,0.0175,0.022,0.0201
2025-02-27,model_Portfolio,Hold,0.0229,0.0195,0.823,0.018,0.0168,0.021,0.0197,0.0169,0.0222,0.0199
2025-02-28,model_Portfolio,Hold,0.0229,0.0188,0.8241,0.018,0.0167,0.0209,0.0196,0.0168,0.0225,0.0199
2025-03-03,model_Portfolio,Hold,0.0232,0.0185,0.827,0.0174,0.0152,0.0204,0.0194,0.0164,0.0222,0.0203
2025-03-04,model_Portfolio,Hold,0.0232,0.019,0.8256,0.0176,0.0153,0.0205,0.0196,0.0172,0.0215,0.0204
2025-03-05,model_Portfolio,Hold,0.0231,0.019,0.825,0.0179,0.0152,0.0208,0.0198,0.0173,0.0217,0.0202
2025-03-06,model_Portfolio,Hold,0.0227,0.0187,0.826,0.0173,0.0154,0.0209,0.0194,0.0173,0.0216,0.0206
2025-03-07,model_Portfolio,Hold,0.023,0.0186,0.8254,0.0171,0.0154,0.0211,0.0199,0.0174,0.0214,0.0208
2025-03-10,model_Portfolio,Hold,0.0233,0.0185,0.8245,0.0169,0.0158,0.0206,0.0201,0.0168,0.0219,0.0215
2025-03-11,model_Portfolio,Hold,0.0227,0.0182,0.8258,0.0172,0.016,0.0203,0.0196,0.0167,0.0221,0.0214
2025-03-12,model_Portfolio,Hold,0.0225,0.0182,0.8235,0.0176,0.0166,0.0203,0.0197,0.0173,0.0227,0.0215
2025-03-13,model_Portfolio,Hold,0.0225,0.0178,0.8263,0.0172,0.0161,0.0202,0.0193,0.0168,0.0221,0.0218
2025-03-14,model_Portfolio,Hold,0.0215,0.0176,0.8276,0.0172,0.0162,0.0197,0.0195,0.0168,0.0223,0.0215
2025-03-17,model_Portfolio,Hold,0.0214,0.0178,0.8281,0.0169,0.0164,0.0198,0.0194,0.0165,0.0225,0.0213
2025-03-18,model_Portfolio,Hold,0.0214,0.0179,0.8282,0.0168,0.0167,0.0197,0.0193,0.0163,0.0224,0.0213
2025-03-19,model_Portfolio,Hold,0.0214,0.0177,0.8284,0.0168,0.0171,0.0197,0.019,0.0164,0.0225,0.0209
2025-03-20,model_Portfolio,Hold,0.0213,0.0164,0.8306,0.0168,0.0169,0.0196,0.0189,0.0163,0.0222,0.021
2025-03-21,model_Portfolio,Hold,0.0213,0.0167,0.8301,0.017,0.017,0.0196,0.0188,0.0165,0.0222,0.0209
2025-03-24,model_Portfolio,Hold,0.0212,0.0166,0.83,0.0174,0.0169,0.0195,0.0188,0.0167,0.0223,0.0206
2025-03-25,model_Portfolio,Hold,0.0209,0.0167,0.8301,0.0176,0.017,0.0194,0.0185,0.0169,0.0223,0.0206
2025-03-26,model_Portfolio,Hold,0.021,0.0167,0.831,0.0171,0.017,0.0195,0.0184,0.0163,0.0221,0.0209
2025-03-27,model_Portfolio,Hold,0.0217,0.0166,0.8315,0.017,0.0171,0.0194,0.0183,0.016,0.0214,0.0211
2025-03-28,model_Portfolio,Hold,0.0218,0.0165,0.8326,0.0165,0.017,0.0194,0.0185,0.0154,0.0211,0.0212
2025-03-31,model_Portfolio,Hold,0.0219,0.0167,0.8332,0.0161,0.0169,0.0194,0.0179,0.0152,0.0212,0.0216
2025-04-01,model_Portfolio,Hold,0.0215,0.0166,0.8348,0.0161,0.0168,0.0192,0.0175,0.0153,0.0211,0.021
2025-04-02,model_Portfolio,Hold,0.0216,0.0168,0.8343,0.0164,0.0169,0.0193,0.0177,0.0153,0.0211,0.0204
2025-04-03,model_Portfolio,Hold,0.0218,0.0162,0.8409,0.0151,0.0143,0.0188,0.0168,0.0149,0.0202,0.021
2025-04-04,model_Portfolio,Hold,0.0225,0.0167,0.8374,0.0158,0.0134,0.0191,0.0172,0.0157,0.02,0.0222
2025-04-07,model_Portfolio,Hold,0.0229,0.017,0.8352,0.0165,0.0134,0.0191,0.0168,0.0161,0.0206,0.0224
2025-04-08,model_Portfolio,Hold,0.0229,0.0169,0.8374,0.0162,0.0126,0.0184,0.0167,0.0159,0.0205,0.0224
2025-04-09,model_Portfolio,Hold,0.0222,0.017,0.835,0.0171,0.0142,0.0189,0.0165,0.0165,0.0211,0.0215
2025-04-10,model_Portfolio,Hold,0.022,0.0164,0.8402,0.0164,0.0126,0.0185,0.0154,0.0161,0.0205,0.0218
2025-04-11,model_Portfolio,Hold,0.022,0.0161,0.8404,0.0164,0.0127,0.0187,0.0156,0.0162,0.0206,0.0214
2025-04-14,model_Portfolio,Hold,0.0218,0.0161,0.8411,0.0159,0.0126,0.0186,0.0159,0.0162,0.0203,0.0213
2025-04-15,model_Portfolio,Hold,0.0217,0.0162,0.8419,0.0158,0.0124,0.0182,0.0159,0.016,0.0203,0.0216
2025-04-16,model_Portfolio,Hold,0.0225,0.0161,0.8422,0.0154,0.0129,0.0181,0.0156,0.0158,0.0197,0.0216
2025-04-17,model_Portfolio,Hold,0.0227,0.0159,0.8417,0.0153,0.0135,0.0182,0.0157,0.0155,0.0196,0.0219
2025-04-21,model_Portfolio,Hold,0.023,0.0161,0.8414,0.0151,0.0133,0.0182,0.0157,0.0155,0.0194,0.0222
2025-04-22,model_Portfolio,Hold,0.0226,0.0159,0.8416,0.0152,0.0134,0.0182,0.0153,0.0155,0.0204,0.022
2025-04-23,model_Portfolio,Hold,0.0223,0.0161,0.8411,0.0158,0.0132,0.0181,0.0154,0.0158,0.0203,0.0219
2025-04-24,model_Portfolio,Hold,0.022,0.0161,0.84,0.0162,0.0136,0.0182,0.0153,0.0161,0.0206,0.0217
2025-04-25,model_Portfolio,Hold,0.0221,0.0164,0.8387,0.0166,0.0139,0.0183,0.0152,0.0165,0.0205,0.0218
2025-04-28,model_Portfolio,Hold,0.0221,0.0163,0.839,0.0164,0.014,0.0184,0.0154,0.0163,0.0205,0.0217
2025-04-29,model_Portfolio,Hold,0.0223,0.0166,0.8395,0.0163,0.0137,0.0185,0.0145,0.0163,0.0206,0.0219
2025-04-30,model_Portfolio,Hold,0.0223,0.0166,0.8401,0.0161,0.0131,0.0185,0.0145,0.0161,0.0207,0.022
2025-05-01,model_Portfolio,Hold,0.0232,0.0174,0.8321,0.0172,0.0142,0.0193,0.0152,0.017,0.0213,0.0229
2025-05-02,model_Portfolio,Hold,0.0232,0.0173,0.8328,0.0169,0.0142,0.0193,0.0152,0.017,0.0216,0.0226
2025-05-05,model_Portfolio,Hold,0.0231,0.0174,0.8345,0.0166,0.0133,0.0189,0.015,0.017,0.0214,0.0227
2025-05-06,model_Portfolio,Hold,0.0232,0.0172,0.8356,0.0165,0.0135,0.0186,0.0146,0.0169,0.0209,0.023
2025-05-07,model_Portfolio,Hold,0.0232,0.0172,0.8375,0.0167,0.0132,0.0183,0.0145,0.0156,0.0209,0.023
2025-05-08,model_Portfolio,Hold,0.0233,0.0174,0.8348,0.017,0.0139,0.0187,0.0149,0.0159,0.0213,0.0228
2025-05-09,model_Portfolio,Hold,0.0232,0.0174,0.8342,0.0171,0.0144,0.0188,0.0151,0.0158,0.0216,0.0225
2025-05-12,model_Portfolio,Hold,0.0229,0.0182,0.8303,0.0185,0.0152,0.0192,0.0151,0.0164,0.0227,0.0216
2025-05-13,model_Portfolio,Hold,0.0225,0.0183,0.8297,0.0188,0.0159,0.0191,0.0148,0.0165,0.0229,0.0215
2025-05-14,model_Portfolio,Hold,0.0227,0.0184,0.8289,0.0189,0.0158,0.0191,0.0146,0.0173,0.0227,0.0216
2025-05-15,model_Portfolio,Hold,0.0231,0.0182,0.8305,0.0182,0.0152,0.019,0.0145,0.0169,0.0225,0.0219
2025-05-16,model_Portfolio,Hold,0.0232,0.0177,0.8305,0.018,0.0149,0.0191,0.0146,0.017,0.0229,0.022
2025-05-19,model_Portfolio,Hold,0.0233,0.0179,0.8295,0.0181,0.0147,0.0191,0.0149,0.017,0.0231,0.0223
2025-05-20,model_Portfolio,Hold,0.0235,0.0181,0.8291,0.0181,0.0148,0.0191,0.0146,0.0169,0.0233,0.0226
2025-05-21,model_Portfolio,Hold,0.0234,0.0182,0.8294,0.0181,0.0145,0.0189,0.0141,0.0176,0.0229,0.0228
2025-05-22,model_Portfolio,Hold,0.0234,0.0183,0.8279,0.0184,0.0147,0.0191,0.0142,0.018,0.0232,0.0229
2025-05-23,model_Portfolio,Hold,0.0233,0.0179,0.8288,0.0182,0.0148,0.0191,0.0141,0.0178,0.0229,0.0231
2025-05-27,model_Portfolio,Hold,0.0234,0.018,0.8275,0.0185,0.015,0.0193,0.0145,0.0181,0.023,0.0228
2025-05-28,model_Portfolio,Hold,0.0235,0.0183,0.8263,0.0186,0.0151,0.0193,0.0145,0.0182,0.0232,0.0231
2025-05-29,model_Portfolio,Hold,0.0235,0.0183,0.8266,0.0186,0.0151,0.0193,0.0147,0.018,0.0231,0.0229
2025-05-30,model_Portfolio,Hold,0.0235,0.0181,0.8275,0.0184,0.0147,0.0195,0.0144,0.0179,0.0228,0.0232
2025-06-02,model_Portfolio,Hold,0.0234,0.0179,0.8282,0.0185,0.015,0.0195,0.0143,0.0176,0.0225,0.0232
2025-06-03,model_Portfolio,Hold,0.0234,0.0178,0.8277,0.0184,0.0158,0.0198,0.0144,0.0173,0.0226,0.023
2025-06-04,model_Portfolio,Hold,0.0235,0.0182,0.8266,0.0187,0.0156,0.0198,0.0146,0.0176,0.0227,0.0228
2025-06-05,model_Portfolio,Hold,0.0238,0.0182,0.8261,0.0188,0.0156,0.0196,0.0144,0.0177,0.0227,0.023
2025-06-06,model_Portfolio,Hold,0.0234,0.0181,0.8265,0.0191,0.016,0.0196,0.0144,0.0181,0.0223,0.0226
2025-06-09,model_Portfolio,Hold,0.0236,0.0182,0.8243,0.0196,0.0162,0.0197,0.0148,0.0185,0.0223,0.0227
2025-06-10,model_Portfolio,Hold,0.0237,0.0184,0.8226,0.0196,0.0168,0.0199,0.0151,0.0188,0.0224,0.0225
2025-06-11,model_Portfolio,Hold,0.0241,0.0185,0.8207,0.0194,0.0172,0.02,0.0152,0.0188,0.0229,0.0232
2025-06-12,model_Portfolio,Hold,0.024,0.0182,0.8226,0.0192,0.0173,0.0199,0.015,0.0184,0.0223,0.023
2025-06-13,model_Portfolio,Hold,0.024,0.0179,0.8225,0.0192,0.0183,0.0198,0.0149,0.0184,0.022,0.023
2025-06-16,model_Portfolio,Hold,0.0236,0.018,0.8228,0.0194,0.0178,0.0197,0.0149,0.0185,0.0223,0.0229
2025-06-17,model_Portfolio,Hold,0.0234,0.018,0.8229,0.0194,0.0182,0.0196,0.0147,0.0185,0.022,0.0232
2025-06-18,model_Portfolio,Hold,0.0234,0.0176,0.8247,0.0192,0.0177,0.0194,0.0146,0.0182,0.022,0.0233
2025-06-20,model_Portfolio,Hold,0.0234,0.0163,0.8275,0.0188,0.0173,0.019,0.0147,0.0174,0.0222,0.0233
2025-06-23,model_Portfolio,Hold,0.0232,0.0167,0.8293,0.0185,0.0158,0.019,0.0148,0.0171,0.0224,0.0233
2025-06-24,model_Portfolio,Hold,0.0241,0.017,0.8261,0.0189,0.0156,0.0195,0.0153,0.0173,0.0228,0.0231
2025-06-25,model_Portfolio,Hold,0.0243,0.0169,0.825,0.0191,0.0155,0.0199,0.0152,0.018,0.0229,0.0231
2025-06-26,model_Portfolio,Hold,0.0233,0.0168,0.8259,0.0194,0.0159,0.0197,0.0151,0.018,0.023,0.0228
2025-06-27,model_Portfolio,Hold,0.0232,0.0166,0.8265,0.0197,0.0158,0.0195,0.0148,0.0184,0.023,0.0225
2025-06-30,model_Portfolio,Hold,0.0234,0.0168,0.8272,0.0193,0.0156,0.0194,0.0149,0.0181,0.023,0.0224
2025-07-01,model_Portfolio,Rebalance,0.02,0.02,0.82,0.02,0.02,0.02,0.02,0.02,0.02,0.02
2025-07-02,model_Portfolio,Hold,0.02,0.0203,0.8154,0.0203,0.0209,0.0207,0.0208,0.0207,0.0203,0.0207
2025-07-03,model_Portfolio,Hold,0.0199,0.0203,0.8161,0.0204,0.0208,0.0206,0.0208,0.0206,0.02,0.0207
2025-07-07,model_Portfolio,Hold,0.0201,0.0203,0.8148,0.0207,0.0209,0.0207,0.0206,0.0206,0.0202,0.0212
2025-07-08,model_Portfolio,Hold,0.0199,0.0204,0.8142,0.0203,0.022,0.0208,0.021,0.0202,0.0203,0.0208
2025-07-09,model_Portfolio,Hold,0.0201,0.0202,0.8123,0.0208,0.0222,0.0212,0.0213,0.0207,0.0209,0.0204
2025-07-10,model_Portfolio,Hold,0.0201,0.0196,0.8123,0.0207,0.0221,0.0211,0.0218,0.0207,0.021,0.0206
2025-07-11,model_Portfolio,Hold,0.02,0.0193,0.8121,0.0211,0.0219,0.0211,0.022,0.0212,0.0209,0.0205
2025-07-14,model_Portfolio,Hold,0.0198,0.019,0.8142,0.021,0.021,0.0208,0.0216,0.0211,0.021,0.0204
2025-07-15,model_Portfolio,Hold,0.0202,0.0191,0.8125,0.0214,0.0205,0.0209,0.0216,0.0216,0.0212,0.0209
2025-07-16,model_Portfolio,Hold,0.0201,0.0192,0.8136,0.021,0.0198,0.0209,0.0217,0.0215,0.0212,0.0209
2025-07-17,model_Portfolio,Hold,0.0184,0.0194,0.8137,0.021,0.0206,0.0213,0.0219,0.0216,0.0214,0.0206
2025-07-18,model_Portfolio,Hold,0.0188,0.0194,0.8143,0.0212,0.0205,0.0213,0.0216,0.0217,0.0206,0.0206
2025-07-21,model_Portfolio,Hold,0.019,0.0194,0.8125,0.0216,0.0203,0.0213,0.0218,0.0224,0.0206,0.021
2025-07-22,model_Portfolio,Hold,0.0189,0.0195,0.8133,0.0211,0.0205,0.0213,0.0221,0.0222,0.0201,0.0209
2025-07-23,model_Portfolio,Hold,0.0189,0.0194,0.8127,0.0211,0.0209,0.0213,0.0227,0.0221,0.02,0.0209
2025-07-24,model_Portfolio,Hold,0.0189,0.0191,0.8122,0.0216,0.0211,0.0213,0.0225,0.0224,0.0199,0.021
2025-07-25,model_Portfolio,Hold,0.0189,0.0191,0.8131,0.0213,0.0207,0.0213,0.0224,0.0223,0.02,0.0209
2025-07-28,model_Portfolio,Hold,0.0193,0.0191,0.8104,0.0219,0.0217,0.0215,0.022,0.0227,0.0205,0.0209
2025-07-29,model_Portfolio,Hold,0.0196,0.0192,0.8095,0.0217,0.0218,0.0214,0.0221,0.0231,0.0204,0.0211
2025-07-30,model_Portfolio,Hold,0.02,0.0192,0.807,0.0221,0.022,0.0215,0.0221,0.0236,0.0201,0.0223
2025-07-31,model_Portfolio,Hold,0.0196,0.0186,0.8093,0.0223,0.0217,0.0212,0.0216,0.0229,0.0204,0.0224
2025-08-01,model_Portfolio,Hold,0.02,0.0181,0.8115,0.0208,0.0211,0.0211,0.0218,0.023,0.02,0.0227
2025-08-04,model_Portfolio,Hold,0.0203,0.0182,0.8105,0.0204,0.0207,0.0214,0.022,0.0235,0.0204,0.0226
2025-08-05,model_Portfolio,Hold,0.0204,0.0173,0.8102,0.0205,0.021,0.0217,0.0222,0.0234,0.0206,0.0227
2025-08-06,model_Portfolio,Hold,0.0199,0.0169,0.8159,0.0208,0.0199,0.0208,0.0204,0.023,0.0202,0.0223
2025-08-07,model_Portfolio,Hold,0.02,0.0165,0.8143,0.0208,0.0214,0.0208,0.0206,0.023,0.0203,0.0224
2025-08-08,model_Portfolio,Hold,0.0201,0.0161,0.8148,0.0205,0.0217,0.0205,0.0202,0.0233,0.0202,0.0224
2025-08-11,model_Portfolio,Hold,0.0196,0.016,0.8165,0.0203,0.0216,0.0201,0.0195,0.0231,0.0204,0.0228
2025-08-12,model_Portfolio,Hold,0.0196,0.016,0.8139,0.0204,0.0222,0.0206,0.0201,0.0235,0.0208,0.023
2025-08-13,model_Portfolio,Hold,0.019,0.0163,0.8159,0.0203,0.0219,0.0205,0.02,0.0229,0.0207,0.0224
2025-08-14,model_Portfolio,Hold,0.019,0.0163,0.8154,0.0209,0.0219,0.0204,0.02,0.0231,0.0203,0.0225
2025-08-15,model_Portfolio,Hold,0.0194,0.0164,0.8152,0.0209,0.0219,0.0203,0.0204,0.0232,0.0198,0.0226
2025-08-18,model_Portfolio,Hold,0.0191,0.0165,0.8157,0.0209,0.0217,0.0201,0.0206,0.023,0.0198,0.0226
2025-08-19,model_Portfolio,Hold,0.0191,0.0168,0.8167,0.0204,0.0213,0.02,0.0207,0.0226,0.0198,0.0226
2025-08-20,model_Portfolio,Hold,0.019,0.0165,0.819,0.0198,0.0212,0.0199,0.0202,0.0221,0.0196,0.0226
2025-08-21,model_Portfolio,Hold,0.0189,0.0164,0.8193,0.0196,0.0214,0.02,0.0202,0.0221,0.0195,0.0226
2025-08-22,model_Portfolio,Hold,0.0189,0.0166,0.8159,0.02,0.0223,0.0202,0.021,0.0226,0.0199,0.0225
2025-08-25,model_Portfolio,Hold,0.0189,0.0166,0.8147,0.0201,0.0233,0.0201,0.021,0.0231,0.0198,0.0224
2025-08-26,model_Portfolio,Hold,0.0188,0.0164,0.8161,0.0201,0.0229,0.0199,0.021,0.0228,0.0198,0.0221
2025-08-27,model_Portfolio,Hold,0.0189,0.0166,0.8143,0.0202,0.0235,0.0201,0.0213,0.023,0.0199,0.0222
2025-08-28,model_Portfolio,Hold,0.019,0.0167,0.8115,0.0206,0.0241,0.0203,0.0216,0.0236,0.0202,0.0224
2025-08-29,model_Portfolio,Hold,0.0191,0.0168,0.812,0.0203,0.0242,0.0201,0.0216,0.0236,0.0198,0.0225
2025-09-02,model_Portfolio,Hold,0.0191,0.0168,0.811,0.0202,0.0251,0.0202,0.0214,0.0237,0.0199,0.0227
2025-09-03,model_Portfolio,Hold,0.019,0.0165,0.8121,0.02,0.0237,0.0199,0.0214,0.0256,0.0194,0.0224
2025-09-04,model_Portfolio,Hold,0.0188,0.0161,0.8126,0.0205,0.0241,0.0195,0.0214,0.0254,0.0195,0.022
2025-09-05,model_Portfolio,Hold,0.0191,0.0165,0.8105,0.0205,0.0237,0.0197,0.0221,0.026,0.0197,0.0223
2025-09-08,model_Portfolio,Hold,0.0191,0.0166,0.8101,0.0209,0.0233,0.0198,0.0224,0.0261,0.0197,0.0221
2025-09-09,model_Portfolio,Hold,0.019,0.0164,0.8105,0.0212,0.0227,0.0197,0.022,0.0267,0.0196,0.0223
2025-09-10,model_Portfolio,Hold,0.0185,0.0157,0.8118,0.0203,0.0242,0.0196,0.0219,0.0265,0.0195,0.0221
2025-09-11,model_Portfolio,Hold,0.0188,0.0156,0.8124,0.02,0.0236,0.0198,0.0218,0.0263,0.02,0.0219
2025-09-12,model_Portfolio,Hold,0.0189,0.0152,0.8135,0.0198,0.0234,0.0196,0.0218,0.0262,0.0197,0.0219
2025-09-15,model_Portfolio,Hold,0.0186,0.0152,0.8119,0.0202,0.0236,0.0195,0.0221,0.0275,0.0197,0.0218
2025-09-16,model_Portfolio,Hold,0.0189,0.0152,0.8095,0.0205,0.0253,0.0193,0.0222,0.0276,0.0197,0.0219
2025-09-17,model_Portfolio,Hold,0.0189,0.0153,0.8117,0.02,0.0246,0.0194,0.0218,0.0271,0.0193,0.0218
2025-09-18,model_Portfolio,Hold,0.0191,0.0153,0.8099,0.0202,0.0246,0.0197,0.0226,0.0276,0.0195,0.0215
2025-09-19,model_Portfolio,Hold,0.0193,0.0153,0.8098,0.0202,0.0242,0.0196,0.0222,0.0279,0.0197,0.0218
2025-09-22,model_Portfolio,Hold,0.0195,0.0154,0.81,0.02,0.0244,0.0195,0.0223,0.0278,0.0194,0.0216
2025-09-23,model_Portfolio,Hold,0.0193,0.0151,0.8116,0.0193,0.0247,0.0186,0.0225,0.0276,0.0196,0.0218
2025-09-24,model_Portfolio,Hold,0.0189,0.0152,0.8138,0.0191,0.025,0.0182,0.022,0.0269,0.0193,0.0217
2025-09-25,model_Portfolio,Hold,0.0188,0.0148,0.8156,0.0189,0.0249,0.0178,0.0216,0.0268,0.0191,0.0218
2025-09-26,model_Portfolio,Hold,0.0185,0.0149,0.8172,0.0188,0.0249,0.0176,0.0212,0.0264,0.0188,0.0216
2025-09-29,model_Portfolio,Hold,0.0185,0.0154,0.8167,0.019,0.0245,0.0178,0.0213,0.0262,0.0189,0.0216
2025-09-30,model_Portfolio,Hold,0.0185,0.0154,0.8171,0.0187,0.0244,0.0179,0.0213,0.026,0.019,0.0217
2025-10-01,model_Portfolio,Hold,0.0186,0.0153,0.8151,0.0189,0.0253,0.0179,0.0215,0.0263,0.0192,0.0219
2025-10-02,model_Portfolio,Hold,0.0185,0.0154,0.8154,0.0191,0.0242,0.0181,0.0216,0.0265,0.0196,0.0217
2025-10-03,model_Portfolio,Hold,0.0185,0.0152,0.8171,0.0186,0.0245,0.0179,0.0213,0.0261,0.0193,0.0214
2025-10-06,model_Portfolio,Hold,0.0183,0.0153,0.8182,0.0186,0.025,0.0177,0.0202,0.0265,0.0189,0.0212
2025-10-07,model_Portfolio,Hold,0.0182,0.0155,0.8185,0.0187,0.025,0.0178,0.0198,0.026,0.0189,0.0217
2025-10-08,model_Portfolio,Hold,0.0186,0.0158,0.8181,0.0192,0.0247,0.0178,0.0192,0.0261,0.0191,0.0214
2025-10-09,model_Portfolio,Hold,0.0186,0.0158,0.8189,0.0195,0.0239,0.0175,0.0192,0.026,0.0189,0.0217
2025-10-10,model_Portfolio,Hold,0.0186,0.0152,0.8225,0.0187,0.0223,0.0172,0.0192,0.0256,0.0185,0.0221
2025-10-13,model_Portfolio,Hold,0.0185,0.0154,0.8199,0.0191,0.0233,0.0176,0.0192,0.0265,0.0188,0.0217
2025-10-14,model_Portfolio,Hold,0.0186,0.0153,0.8208,0.0186,0.0232,0.0175,0.0193,0.0264,0.0188,0.0216
2025-10-15,model_Portfolio,Hold,0.0183,0.0152,0.8185,0.0187,0.0238,0.0174,0.0199,0.0273,0.0192,0.0217
2025-10-16,model_Portfolio,Hold,0.0185,0.0152,0.8158,0.0191,0.0241,0.0175,0.0201,0.0281,0.0194,0.022
2025-10-17,model_Portfolio,Hold,0.0185,0.0154,0.8169,0.0188,0.0234,0.0174,0.0199,0.0281,0.0194,0.0221
2025-10-20,model_Portfolio,Hold,0.0185,0.0155,0.8171,0.0189,0.0232,0.0173,0.0202,0.0282,0.0195,0.0217
2025-10-21,model_Portfolio,Hold,0.0183,0.0161,0.8151,0.0195,0.0234,0.0174,0.0202,0.0276,0.021,0.0215
2025-10-22,model_Portfolio,Hold,0.0183,0.016,0.814,0.0192,0.024,0.0173,0.0205,0.0278,0.0212,0.0218
2025-10-23,model_Portfolio,Hold,0.0181,0.0161,0.8115,0.0194,0.0258,0.0174,0.0203,0.0279,0.0217,0.0218
2025-10-24,model_Portfolio,Hold,0.0182,0.016,0.811,0.0198,0.025,0.0175,0.0205,0.0287,0.0214,0.0219
2025-10-27,model_Portfolio,Hold,0.0182,0.0161,0.8108,0.0199,0.0244,0.0174,0.0205,0.0297,0.0213,0.0215
2025-10-28,model_Portfolio,Hold,0.0183,0.0165,0.8136,0.0204,0.0241,0.0176,0.0168,0.0298,0.0213,0.0216
2025-10-29,model_Portfolio,Hold,0.0182,0.0163,0.8141,0.0207,0.0241,0.0173,0.0158,0.0309,0.0213,0.0214
2025-10-30,model_Portfolio,Hold,0.0181,0.0163,0.8175,0.0199,0.0238,0.0169,0.0151,0.0315,0.0213,0.0196
2025-10-31,model_Portfolio,Hold,0.0179,0.0162,0.8163,0.0217,0.0239,0.0167,0.0155,0.0313,0.0212,0.0192
2025-11-03,model_Portfolio,Hold,0.018,0.0162,0.8163,0.0226,0.0238,0.0165,0.0149,0.0316,0.0207,0.0194
2025-11-04,model_Portfolio,Hold,0.018,0.0156,0.8204,0.0219,0.0231,0.0164,0.0142,0.0306,0.0203,0.0194
2025-11-05,model_Portfolio,Hold,0.0175,0.0156,0.823,0.0216,0.0222,0.0159,0.0141,0.0307,0.0204,0.019
2025-11-06,model_Portfolio,Hold,0.0172,0.0149,0.8244,0.0205,0.0238,0.017,0.0135,0.0302,0.0199,0.0186
2025-11-07,model_Portfolio,Hold,0.0173,0.0151,0.8239,0.0206,0.0239,0.017,0.014,0.0294,0.02,0.0188
2025-11-10,model_Portfolio,Hold,0.0173,0.0151,0.8219,0.0209,0.0245,0.0169,0.0137,0.0307,0.0203,0.0187
2025-11-11,model_Portfolio,Hold,0.0174,0.0149,0.8211,0.0209,0.0246,0.0171,0.0138,0.0307,0.0204,0.0189
2025-11-12,model_Portfolio,Hold,0.0176,0.0151,0.8232,0.0204,0.0238,0.017,0.0135,0.0301,0.0206,0.0187
2025-11-13,model_Portfolio,Hold,0.0176,0.0151,0.8244,0.0198,0.0246,0.0171,0.0131,0.0292,0.0205,0.0186
2025-11-14,model_Portfolio,Hold,0.0179,0.0151,0.8242,0.0197,0.0248,0.0169,0.0132,0.0291,0.0203,0.0188
2025-11-17,model_Portfolio,Hold,0.0181,0.0151,0.8224,0.0199,0.0248,0.0168,0.013,0.0305,0.0204,0.0191
2025-11-18,model_Portfolio,Hold,0.0182,0.015,0.8219,0.0191,0.0254,0.0168,0.0131,0.0306,0.0205,0.0194
2025-11-19,model_Portfolio,Hold,0.0179,0.0153,0.8201,0.0193,0.0249,0.0171,0.0129,0.0319,0.0209,0.0196
2025-11-20,model_Portfolio,Hold,0.0175,0.0152,0.8238,0.0187,0.0241,0.0168,0.0127,0.0314,0.0205,0.0193
2025-11-21,model_Portfolio,Hold,0.0179,0.0158,0.8205,0.0189,0.0245,0.0171,0.0131,0.0322,0.0208,0.0192
2025-11-24,model_Portfolio,Hold,0.0178,0.0153,0.8179,0.0194,0.025,0.0171,0.0132,0.0343,0.021,0.0189
2025-11-25,model_Portfolio,Hold,0.0177,0.0155,0.8179,0.0195,0.0244,0.0171,0.0134,0.0345,0.021,0.0191
2025-11-26,model_Portfolio,Hold,0.0179,0.0155,0.8161,0.0196,0.0251,0.0172,0.0138,0.0343,0.0211,0.0193
2025-11-28,model_Portfolio,Hold,0.018,0.0157,0.8147,0.02,0.0255,0.0174,0.0138,0.0344,0.0213,0.0194
2025-12-01,model_Portfolio,Hold,0.018,0.0162,0.8138,0.0201,0.0259,0.0174,0.0137,0.034,0.0212,0.0196
2025-12-02,model_Portfolio,Hold,0.0178,0.0165,0.8126,0.0203,0.0262,0.0173,0.014,0.0343,0.0214,0.0196
2025-12-03,model_Portfolio,Hold,0.0176,0.0172,0.8118,0.02,0.0277,0.0174,0.0125,0.0346,0.0216,0.0194
2025-12-04,model_Portfolio,Hold,0.0177,0.017,0.8136,0.0198,0.0275,0.0175,0.0121,0.0344,0.0211,0.0194
2025-12-05,model_Portfolio,Hold,0.0176,0.0168,0.8137,0.0198,0.0279,0.0175,0.0118,0.0348,0.0209,0.0193
2025-12-08,model_Portfolio,Hold,0.0174,0.0171,0.8158,0.0198,0.0273,0.016,0.0118,0.0345,0.0207,0.0196
2025-12-09,model_Portfolio,Hold,0.0173,0.0172,0.8152,0.0199,0.0275,0.0157,0.0119,0.0348,0.0209,0.0196
2025-12-10,model_Portfolio,Hold,0.0176,0.0175,0.8125,0.0204,0.0275,0.0162,0.0123,0.0353,0.021,0.0198
2025-12-11,model_Portfolio,Hold,0.0175,0.0172,0.8154,0.02,0.0268,0.0164,0.0119,0.034,0.0211,0.0196
2025-12-12,model_Portfolio,Hold,0.0176,0.0171,0.8171,0.0195,0.0266,0.0162,0.0121,0.0334,0.021,0.0195
2025-12-15,model_Portfolio,Hold,0.0178,0.0171,0.8194,0.0189,0.0256,0.0162,0.0121,0.033,0.0204,0.0194
2025-12-16,model_Portfolio,Hold,0.0179,0.0172,0.8187,0.0193,0.0247,0.0163,0.0122,0.0333,0.0204,0.0198
2025-12-17,model_Portfolio,Hold,0.0178,0.0172,0.8202,0.019,0.0252,0.0165,0.0123,0.032,0.0202,0.0196
2025-12-18,model_Portfolio,Hold,0.0176,0.017,0.8204,0.0195,0.0244,0.0163,0.0127,0.0327,0.0201,0.0193
2025-12-19,model_Portfolio,Hold,0.0176,0.0171,0.8199,0.0196,0.0247,0.016,0.0124,0.0332,0.0201,0.0192
2025-12-22,model_Portfolio,Hold,0.0176,0.0171,0.8187,0.0197,0.0251,0.0164,0.0126,0.0335,0.0199,0.0194
2025-12-23,model_Portfolio,Hold,0.0174,0.017,0.8191,0.0199,0.0249,0.0163,0.0124,0.0338,0.0198,0.0194
2025-12-24,model_Portfolio,Hold,0.0175,0.0169,0.8187,0.0199,0.0249,0.0164,0.0126,0.0338,0.0199,0.0195
2025-12-26,model_Portfolio,Hold,0.0176,0.0171,0.8177,0.02,0.0248,0.0166,0.0126,0.0339,0.0202,0.0195
2025-12-29,model_Portfolio,Hold,0.0175,0.0171,0.8176,0.02,0.025,0.0166,0.0127,0.0339,0.0201,0.0195
2025-12-30,model_Portfolio,Hold,0.0176,0.0169,0.8182,0.0199,0.0252,0.0165,0.0127,0.0337,0.0199,0.0194
2022-01-20,model_Portfolio,Rebalance,0.02,0.02,0.8199,0.02,0.02,0.02,0.02,0.02,0.02,0.02
2022-01-21,model_Portfolio,Hold,0.0205,0.0199,0.8201,0.0191,0.0196,0.02,0.0202,0.0199,0.0202,0.0204
2022-01-24,model_Portfolio,Hold,0.02,0.02,0.8214,0.0192,0.0197,0.0199,0.0199,0.0198,0.0201,0.02
2022-01-25,model_Portfolio,Hold,0.0198,0.0196,0.8224,0.0185,0.0212,0.0195,0.0196,0.0191,0.0201,0.02
2022-01-26,model_Portfolio,Hold,0.0193,0.0193,0.8247,0.0184,0.0212,0.0193,0.0192,0.0194,0.0195,0.0197
2022-01-27,model_Portfolio,Hold,0.0194,0.0196,0.8239,0.0185,0.0212,0.0193,0.0188,0.0195,0.0197,0.0201
2022-01-28,model_Portfolio,Hold,0.02,0.0199,0.8229,0.0189,0.0212,0.0193,0.019,0.0199,0.0187,0.02
2022-01-31,model_Portfolio,Hold,0.0202,0.0204,0.8213,0.0195,0.021,0.0194,0.0194,0.02,0.0189,0.02
2022-02-01,model_Portfolio,Hold,0.0201,0.0203,0.82,0.0196,0.0219,0.0195,0.0194,0.0203,0.019,0.0198
2022-02-02,model_Portfolio,Hold,0.0203,0.0204,0.82,0.0193,0.0216,0.0193,0.0193,0.0216,0.0187,0.0195
2022-02-03,model_Portfolio,Hold,0.0204,0.0197,0.8236,0.0179,0.0216,0.0191,0.0189,0.021,0.0185,0.0196
2022-02-04,model_Portfolio,Hold,0.02,0.0195,0.8252,0.02,0.0213,0.0177,0.0185,0.0207,0.0178,0.0192
2022-02-07,model_Portfolio,Hold,0.0197,0.0192,0.8281,0.02,0.0209,0.017,0.0181,0.02,0.0178,0.0192
2022-02-08,model_Portfolio,Hold,0.0196,0.0191,0.8299,0.0202,0.02,0.0167,0.0179,0.0199,0.0178,0.019
2022-02-09,model_Portfolio,Hold,0.0198,0.0196,0.8278,0.0201,0.0203,0.0171,0.0182,0.0201,0.0178,0.019
2022-02-10,model_Portfolio,Hold,0.0196,0.0191,0.8296,0.02,0.0205,0.0168,0.0178,0.0199,0.0176,0.0191
2022-02-11,model_Portfolio,Hold,0.0193,0.0185,0.8311,0.0194,0.021,0.0164,0.018,0.0194,0.0177,0.0192
2022-02-14,model_Portfolio,Hold,0.0192,0.0186,0.8304,0.02,0.0201,0.0166,0.0181,0.0199,0.0178,0.0194
2022-02-15,model_Portfolio,Hold,0.0192,0.0186,0.831,0.0199,0.0199,0.0167,0.018,0.0198,0.0175,0.0193
2022-02-16,model_Portfolio,Hold,0.0192,0.0188,0.8304,0.0201,0.02,0.0165,0.0182,0.02,0.0173,0.0194
2022-02-17,model_Portfolio,Hold,0.0191,0.0186,0.83,0.0201,0.0204,0.0165,0.0185,0.0196,0.017,0.0201
2022-02-18,model_Portfolio,Hold,0.0185,0.0185,0.8311,0.0199,0.0203,0.0167,0.0185,0.0193,0.017,0.0203
2022-02-22,model_Portfolio,Hold,0.0187,0.0186,0.8313,0.0197,0.0198,0.0165,0.0188,0.0194,0.017,0.0203
2022-02-23,model_Portfolio,Hold,0.019,0.0185,0.8304,0.0193,0.02,0.0165,0.0189,0.0194,0.017,0.0209
2022-02-24,model_Portfolio,Hold,0.0197,0.0191,0.8237,0.0207,0.0215,0.017,0.0199,0.0206,0.0173,0.0204
2022-02-25,model_Portfolio,Hold,0.0196,0.0188,0.8253,0.0203,0.0216,0.0167,0.0195,0.0202,0.0175,0.0205
2022-02-28,model_Portfolio,Hold,0.0196,0.0187,0.8236,0.0205,0.0231,0.0167,0.0193,0.0205,0.0175,0.0206
2022-03-01,model_Portfolio,Hold,0.0199,0.0191,0.818,0.0209,0.0251,0.0169,0.0199,0.0211,0.0177,0.0215
2022-03-02,model_Portfolio,Hold,0.0198,0.019,0.82,0.0205,0.0248,0.0166,0.0196,0.0207,0.0175,0.0215
2022-03-03,model_Portfolio,Hold,0.0196,0.0188,0.8224,0.0197,0.0247,0.0163,0.0196,0.0203,0.0174,0.0213
2022-03-04,model_Portfolio,Hold,0.0199,0.0188,0.8199,0.0197,0.0259,0.0163,0.0201,0.0203,0.0175,0.0218
2022-03-07,model_Portfolio,Hold,0.0199,0.0186,0.8219,0.0189,0.0254,0.0161,0.02,0.0198,0.0174,0.022
2022-03-08,model_Portfolio,Hold,0.0194,0.0184,0.8231,0.0187,0.0258,0.0159,0.0201,0.0199,0.0176,0.0211
2022-03-09,model_Portfolio,Hold,0.0194,0.0185,0.8233,0.0188,0.0254,0.0162,0.0198,0.0205,0.0174,0.0207
2022-03-10,model_Portfolio,Hold,0.0193,0.0186,0.8212,0.0199,0.0264,0.0163,0.0198,0.0204,0.0172,0.0209
2022-03-11,model_Portfolio,Hold,0.0189,0.0187,0.8238,0.0198,0.0258,0.0158,0.0196,0.0201,0.0169,0.0207
2022-03-14,model_Portfolio,Hold,0.0189,0.0183,0.8274,0.0191,0.0246,0.0155,0.0194,0.0193,0.017,0.0205
2022-03-15,model_Portfolio,Hold,0.0191,0.0187,0.8263,0.0197,0.0238,0.0157,0.0195,0.0196,0.017,0.0207
2022-03-16,model_Portfolio,Hold,0.019,0.0188,0.8273,0.02,0.0234,0.0155,0.0192,0.0198,0.0168,0.0202
2022-03-17,model_Portfolio,Hold,0.0191,0.0184,0.8253,0.0204,0.0249,0.0157,0.0193,0.0198,0.0169,0.0202
2022-03-18,model_Portfolio,Hold,0.0193,0.0186,0.8242,0.0209,0.0246,0.0159,0.0194,0.0201,0.017,0.0202
2022-03-21,model_Portfolio,Hold,0.019,0.0185,0.8242,0.0208,0.0255,0.0159,0.019,0.0199,0.0169,0.0203
2022-03-22,model_Portfolio,Hold,0.0188,0.0184,0.8252,0.0209,0.0249,0.0158,0.0187,0.0202,0.0168,0.0204
2022-03-23,model_Portfolio,Hold,0.0182,0.0182,0.8253,0.0209,0.0253,0.0159,0.0186,0.0202,0.0167,0.0206
2022-03-24,model_Portfolio,Hold,0.0182,0.0182,0.8255,0.0207,0.0251,0.0162,0.0186,0.0204,0.0166,0.0204
2022-03-25,model_Portfolio,Hold,0.018,0.0181,0.8261,0.0206,0.0252,0.0163,0.0186,0.0201,0.0166,0.0205
2022-03-28,model_Portfolio,Hold,0.0183,0.0183,0.8261,0.0212,0.0242,0.0164,0.0188,0.0202,0.0165,0.02
2022-03-29,model_Portfolio,Hold,0.0183,0.0188,0.8242,0.0211,0.0248,0.0167,0.0193,0.0203,0.0167,0.0198
2022-03-30,model_Portfolio,Hold,0.0182,0.0187,0.8247,0.0207,0.0249,0.0167,0.0194,0.0201,0.0166,0.0199
2022-03-31,model_Portfolio,Hold,0.0182,0.0189,0.8235,0.0206,0.0254,0.0168,0.0196,0.02,0.0166,0.0203
2022-04-01,model_Portfolio,Hold,0.0181,0.0189,0.8232,0.0206,0.0258,0.0166,0.0199,0.02,0.0166,0.0203
2022-04-04,model_Portfolio,Hold,0.0184,0.0194,0.819,0.0215,0.0266,0.0171,0.0199,0.0207,0.0168,0.0206
2022-04-05,model_Portfolio,Hold,0.0185,0.0193,0.8209,0.0209,0.0258,0.0171,0.0199,0.0204,0.0167,0.0206
2022-04-06,model_Portfolio,Hold,0.0183,0.0189,0.8247,0.0199,0.0249,0.0167,0.0199,0.0195,0.0166,0.0207
2022-04-07,model_Portfolio,Hold,0.0188,0.0189,0.8247,0.0198,0.0249,0.0167,0.0196,0.0194,0.0166,0.0206
2022-04-08,model_Portfolio,Hold,0.0187,0.0187,0.8252,0.0193,0.026,0.0167,0.0194,0.0189,0.0165,0.0207
2022-04-11,model_Portfolio,Hold,0.0183,0.0182,0.8275,0.019,0.0251,0.0167,0.0192,0.0184,0.0166,0.021
2022-04-12,model_Portfolio,Hold,0.0182,0.0182,0.8269,0.019,0.0258,0.0166,0.0191,0.0183,0.0165,0.0212
2022-04-13,model_Portfolio,Hold,0.0183,0.0182,0.8253,0.0196,0.0266,0.0167,0.0192,0.0186,0.0165,0.0211
2022-04-14,model_Portfolio,Hold,0.018,0.0178,0.8277,0.019,0.0266,0.0165,0.0189,0.0181,0.0163,0.0211
2022-04-18,model_Portfolio,Hold,0.0178,0.0174,0.8286,0.0191,0.0267,0.0164,0.0187,0.0182,0.0161,0.021
2022-04-19,model_Portfolio,Hold,0.0183,0.0178,0.8257,0.0197,0.0269,0.0166,0.019,0.0185,0.0165,0.0211
2022-04-20,model_Portfolio,Hold,0.0184,0.0177,0.8281,0.0189,0.0265,0.0163,0.019,0.0179,0.0163,0.0209
2022-04-21,model_Portfolio,Hold,0.0188,0.0179,0.8271,0.0185,0.0257,0.0167,0.0192,0.0178,0.0167,0.0217
2022-04-22,model_Portfolio,Hold,0.0189,0.0178,0.8265,0.0186,0.0256,0.0167,0.0194,0.0176,0.017,0.022
2022-04-25,model_Portfolio,Hold,0.0192,0.0184,0.8246,0.0191,0.0249,0.0169,0.0194,0.0183,0.0171,0.0221
2022-04-26,model_Portfolio,Hold,0.0192,0.0181,0.8245,0.0187,0.0253,0.0168,0.0197,0.0181,0.0171,0.0226
2022-04-27,model_Portfolio,Hold,0.0191,0.0181,0.8247,0.0185,0.0261,0.017,0.0193,0.0175,0.0171,0.0226
2022-04-28,model_Portfolio,Hold,0.0197,0.019,0.8173,0.0197,0.0276,0.0175,0.02,0.0184,0.0177,0.0231
2022-04-29,model_Portfolio,Hold,0.0196,0.0188,0.818,0.0176,0.0282,0.0176,0.0198,0.0184,0.018,0.0241
2022-05-02,model_Portfolio,Hold,0.0195,0.0191,0.818,0.0176,0.0279,0.0177,0.0194,0.0187,0.0182,0.024
2022-05-03,model_Portfolio,Hold,0.0192,0.0189,0.8178,0.0174,0.0289,0.0178,0.0194,0.0187,0.0182,0.0238
2022-05-04,model_Portfolio,Hold,0.0191,0.0189,0.8172,0.0171,0.0298,0.0178,0.0192,0.0189,0.0184,0.0234
2022-05-05,model_Portfolio,Hold,0.0193,0.0185,0.82,0.0163,0.0281,0.0176,0.0193,0.0185,0.0184,0.024
2022-05-06,model_Portfolio,Hold,0.0191,0.0183,0.8195,0.016,0.0299,0.0175,0.0189,0.0183,0.0184,0.0242
2022-05-09,model_Portfolio,Hold,0.0186,0.0181,0.8249,0.0154,0.0259,0.0176,0.0182,0.0182,0.0191,0.024
2022-05-10,model_Portfolio,Hold,0.0186,0.0182,0.8264,0.0155,0.026,0.0175,0.0179,0.0186,0.0188,0.0226
2022-05-11,model_Portfolio,Hold,0.0186,0.0179,0.826,0.0151,0.0268,0.0178,0.0179,0.0186,0.0186,0.0228
2022-05-12,model_Portfolio,Hold,0.0191,0.0181,0.8233,0.0155,0.0269,0.0179,0.0181,0.0186,0.0192,0.0232
2022-05-13,model_Portfolio,Hold,0.0193,0.0183,0.8194,0.0163,0.0289,0.0179,0.0184,0.019,0.019,0.0234
2022-05-16,model_Portfolio,Hold,0.0193,0.0183,0.8188,0.016,0.0298,0.0179,0.0183,0.0188,0.0191,0.0238
2022-05-17,model_Portfolio,Hold,0.0197,0.0182,0.8196,0.0162,0.0296,0.0179,0.0179,0.0186,0.0189,0.0234
2022-05-18,model_Portfolio,Hold,0.0198,0.0175,0.8231,0.0154,0.0283,0.0179,0.0174,0.0183,0.0189,0.0234
2022-05-19,model_Portfolio,Hold,0.0199,0.0176,0.8222,0.0156,0.0289,0.0181,0.0176,0.0183,0.019,0.0228
2022-05-20,model_Portfolio,Hold,0.0202,0.018,0.8201,0.0157,0.0297,0.0185,0.018,0.0181,0.0187,0.0229
2022-05-23,model_Portfolio,Hold,0.02,0.018,0.821,0.0154,0.0307,0.0181,0.0176,0.0181,0.0184,0.0228
2022-05-24,model_Portfolio,Hold,0.0197,0.0176,0.8239,0.0148,0.0301,0.0179,0.0175,0.0171,0.0184,0.023
2022-05-25,model_Portfolio,Hold,0.0194,0.0174,0.8241,0.015,0.0311,0.0176,0.0173,0.0169,0.0182,0.0231
2022-05-26,model_Portfolio,Hold,0.0192,0.0177,0.8247,0.0152,0.0306,0.0177,0.0172,0.0168,0.018,0.0229
2022-05-27,model_Portfolio,Hold,0.0191,0.0181,0.8237,0.0154,0.0311,0.0179,0.0174,0.0171,0.0178,0.0224
2022-05-31,model_Portfolio,Hold,0.0192,0.0177,0.8245,0.0161,0.0306,0.0175,0.0171,0.0173,0.0178,0.0222
2022-06-01,model_Portfolio,Hold,0.019,0.0179,0.8231,0.0165,0.0314,0.0175,0.017,0.0175,0.0176,0.0224
2022-06-02,model_Portfolio,Hold,0.0194,0.0184,0.8203,0.017,0.0312,0.0182,0.0173,0.0181,0.0178,0.0224
2022-06-03,model_Portfolio,Hold,0.0195,0.0185,0.8193,0.0167,0.0322,0.0184,0.0172,0.0178,0.0178,0.0226
2022-06-06,model_Portfolio,Hold,0.0193,0.0184,0.8193,0.017,0.0322,0.0186,0.017,0.0181,0.0177,0.0224
2022-06-07,model_Portfolio,Hold,0.0192,0.0183,0.8184,0.0166,0.0337,0.0187,0.017,0.018,0.0176,0.0223
2022-06-08,model_Portfolio,Hold,0.0192,0.0184,0.8198,0.0166,0.0342,0.0184,0.0165,0.0183,0.0178,0.0208
2022-06-09,model_Portfolio,Hold,0.0193,0.0184,0.8195,0.0163,0.0342,0.0189,0.0162,0.0183,0.018,0.0209
2022-06-10,model_Portfolio,Hold,0.0194,0.0184,0.8189,0.0159,0.0344,0.0191,0.0163,0.0183,0.0177,0.0217
2022-06-13,model_Portfolio,Hold,0.0194,0.0184,0.8202,0.0156,0.0333,0.0194,0.0158,0.0182,0.0182,0.0217
2022-06-14,model_Portfolio,Hold,0.0189,0.0183,0.821,0.0154,0.0336,0.0191,0.0156,0.0182,0.0181,0.0217
2022-06-15,model_Portfolio,Hold,0.019,0.0186,0.8212,0.016,0.0331,0.0189,0.0155,0.0186,0.0178,0.0212
2022-06-16,model_Portfolio,Hold,0.019,0.0184,0.8235,0.0158,0.031,0.0191,0.0153,0.0184,0.0178,0.0217
2022-06-17,model_Portfolio,Hold,0.0191,0.0187,0.8243,0.0162,0.0292,0.0192,0.0155,0.0186,0.0177,0.0216
2022-06-21,model_Portfolio,Hold,0.0191,0.0188,0.8246,0.0163,0.0294,0.0192,0.0151,0.019,0.0173,0.0214
2022-06-22,model_Portfolio,Hold,0.0194,0.0191,0.8267,0.0164,0.0275,0.0193,0.0154,0.0191,0.0175,0.0195
2022-06-23,model_Portfolio,Hold,0.0196,0.0192,0.8252,0.017,0.0267,0.0195,0.016,0.0193,0.0175,0.0201
2022-06-24,model_Portfolio,Hold,0.0194,0.0193,0.8262,0.017,0.0258,0.0195,0.0161,0.0195,0.0174,0.0197
2022-06-27,model_Portfolio,Hold,0.0194,0.0189,0.8274,0.0165,0.0265,0.019,0.0163,0.0192,0.0172,0.0196
2022-06-28,model_Portfolio,Hold,0.019,0.0184,0.8292,0.0157,0.0275,0.0188,0.0162,0.0186,0.0169,0.0197
2022-06-29,model_Portfolio,Hold,0.0196,0.0183,0.8299,0.016,0.0258,0.019,0.0165,0.0187,0.017,0.0192
2022-06-30,model_Portfolio,Hold,0.0196,0.0182,0.8312,0.0157,0.0251,0.019,0.0166,0.0183,0.017,0.0193
2022-07-01,model_Portfolio,Hold,0.0196,0.0181,0.832,0.0159,0.025,0.0189,0.0167,0.018,0.0166,0.0192
2022-07-05,model_Portfolio,Hold,0.0196,0.018,0.8312,0.0167,0.0234,0.0189,0.017,0.019,0.0169,0.0192
2022-07-06,model_Portfolio,Hold,0.0194,0.0179,0.8327,0.0167,0.0228,0.0186,0.017,0.0191,0.0169,0.0188
2022-07-07,model_Portfolio,Hold,0.0194,0.018,0.831,0.0169,0.0244,0.0183,0.0168,0.0196,0.0168,0.0189
2022-07-08,model_Portfolio,Hold,0.0194,0.018,0.8314,0.0168,0.0246,0.0181,0.0165,0.0197,0.0167,0.0188
2022-07-11,model_Portfolio,Hold,0.0194,0.0178,0.8325,0.0163,0.0243,0.0183,0.0162,0.0192,0.0168,0.0191
2022-07-12,model_Portfolio,Hold,0.0194,0.0178,0.8334,0.0161,0.0232,0.0182,0.0163,0.0191,0.017,0.0194
2022-07-13,model_Portfolio,Hold,0.0194,0.0181,0.8316,0.0165,0.024,0.0183,0.0163,0.019,0.0171,0.0196
2022-07-14,model_Portfolio,Hold,0.0198,0.0183,0.8306,0.0169,0.0235,0.0182,0.0163,0.0192,0.0175,0.0199
2022-07-15,model_Portfolio,Hold,0.02,0.0182,0.8303,0.0171,0.0234,0.0181,0.0166,0.0191,0.0174,0.0197
2022-07-18,model_Portfolio,Hold,0.0198,0.018,0.8305,0.0171,0.0241,0.018,0.0166,0.0187,0.0173,0.0199
2022-07-19,model_Portfolio,Hold,0.02,0.0185,0.8278,0.0175,0.0247,0.0182,0.0168,0.0192,0.0174,0.0199
2022-07-20,model_Portfolio,Hold,0.0197,0.0186,0.8263,0.0182,0.0253,0.0184,0.017,0.0192,0.0176,0.0196
2022-07-21,model_Portfolio,Hold,0.02,0.0189,0.8266,0.0184,0.024,0.0185,0.017,0.0192,0.0176,0.0197
2022-07-22,model_Portfolio,Hold,0.0197,0.0189,0.8288,0.018,0.0233,0.0185,0.0172,0.0181,0.0176,0.0198
2022-07-25,model_Portfolio,Hold,0.0193,0.0187,0.8295,0.0176,0.0245,0.0183,0.0169,0.0178,0.0174,0.0199
2022-07-26,model_Portfolio,Hold,0.0196,0.0186,0.8287,0.0168,0.0242,0.0184,0.0178,0.0175,0.0184,0.0202
2022-07-27,model_Portfolio,Hold,0.0196,0.0192,0.826,0.0175,0.0249,0.0185,0.0178,0.0186,0.0179,0.02
2022-07-28,model_Portfolio,Hold,0.0195,0.0194,0.8251,0.0176,0.025,0.0188,0.0182,0.0187,0.018,0.0198
2022-07-29,model_Portfolio,Hold,0.0189,0.0193,0.8241,0.0191,0.0257,0.0188,0.0182,0.0187,0.018,0.0194
2022-08-01,model_Portfolio,Hold,0.0192,0.0194,0.8235,0.0193,0.0251,0.0189,0.0182,0.0187,0.0182,0.0196
2022-08-02,model_Portfolio,Hold,0.0185,0.0187,0.8297,0.0186,0.0244,0.0181,0.0172,0.0182,0.0175,0.019
2022-08-03,model_Portfolio,Hold,0.0186,0.019,0.8294,0.0193,0.0232,0.0182,0.0171,0.0186,0.0177,0.0191
2022-08-04,model_Portfolio,Hold,0.0186,0.0191,0.8301,0.0197,0.0207,0.019,0.0171,0.0185,0.0182,0.0191
2022-08-05,model_Portfolio,Hold,0.0184,0.0189,0.8304,0.0193,0.0213,0.0193,0.017,0.0184,0.018,0.0189
2022-08-08,model_Portfolio,Hold,0.0183,0.0189,0.8303,0.0191,0.0216,0.0192,0.0173,0.0183,0.0181,0.0189
2022-08-09,model_Portfolio,Hold,0.0179,0.0187,0.8328,0.0187,0.0216,0.0188,0.017,0.018,0.0178,0.0187
2022-08-10,model_Portfolio,Hold,0.0179,0.0187,0.8327,0.0189,0.0215,0.0189,0.0171,0.0181,0.0176,0.0185
2022-08-11,model_Portfolio,Hold,0.0177,0.0183,0.8342,0.0184,0.0223,0.0186,0.0169,0.0177,0.0174,0.0185
2022-08-12,model_Portfolio,Hold,0.0175,0.0183,0.8353,0.0184,0.0217,0.0186,0.0169,0.0178,0.0174,0.0181
2022-08-15,model_Portfolio,Hold,0.0176,0.0183,0.8358,0.0184,0.021,0.0188,0.0169,0.0178,0.0173,0.0181
2022-08-16,model_Portfolio,Hold,0.0176,0.0183,0.8355,0.0186,0.0208,0.0188,0.0171,0.0178,0.0172,0.0183
2022-08-17,model_Portfolio,Hold,0.0174,0.0183,0.8367,0.0183,0.0211,0.0185,0.017,0.0175,0.0169,0.0183
2022-08-18,model_Portfolio,Hold,0.0172,0.0181,0.837,0.0181,0.0227,0.0183,0.0164,0.0174,0.0166,0.0182
2022-08-19,model_Portfolio,Hold,0.0174,0.0181,0.8368,0.0179,0.0228,0.0182,0.0163,0.0172,0.0169,0.0184
2022-08-22,model_Portfolio,Hold,0.0174,0.0182,0.8355,0.0176,0.0237,0.0184,0.0164,0.0172,0.0168,0.0187
2022-08-23,model_Portfolio,Hold,0.0172,0.0181,0.8345,0.0177,0.0251,0.0185,0.0162,0.0171,0.0169,0.0188
2022-08-24,model_Portfolio,Hold,0.0171,0.018,0.8334,0.0177,0.026,0.0186,0.0163,0.0171,0.0168,0.0189
2022-08-25,model_Portfolio,Hold,0.017,0.018,0.8331,0.0179,0.0258,0.0187,0.0164,0.0173,0.0168,0.0189
2022-08-26,model_Portfolio,Hold,0.0167,0.0178,0.8349,0.0175,0.0263,0.0188,0.0164,0.0168,0.0156,0.0192
2022-08-29,model_Portfolio,Hold,0.0167,0.0176,0.8351,0.0174,0.0271,0.0187,0.0162,0.0167,0.0153,0.0192
2022-08-30,model_Portfolio,Hold,0.017,0.0177,0.8358,0.0175,0.0261,0.0186,0.0162,0.0168,0.0152,0.0191
2022-08-31,model_Portfolio,Hold,0.0173,0.0176,0.835,0.0174,0.0262,0.0185,0.0163,0.0169,0.0154,0.0193
2022-09-01,model_Portfolio,Hold,0.0176,0.0176,0.8353,0.0175,0.0254,0.0183,0.0161,0.0171,0.0155,0.0194
2022-09-02,model_Portfolio,Hold,0.0173,0.0174,0.8363,0.0175,0.0261,0.0181,0.016,0.0169,0.0151,0.0193
2022-09-06,model_Portfolio,Hold,0.0173,0.0174,0.838,0.0173,0.0254,0.0181,0.0163,0.0167,0.0144,0.0191
2022-09-07,model_Portfolio,Hold,0.0173,0.0172,0.8393,0.0174,0.0241,0.0183,0.0161,0.0168,0.0146,0.0189
2022-09-08,model_Portfolio,Hold,0.0175,0.0171,0.8404,0.0173,0.024,0.0181,0.0162,0.0164,0.0143,0.0188
2022-09-09,model_Portfolio,Hold,0.0176,0.0171,0.8384,0.0176,0.0246,0.0182,0.0163,0.0167,0.0147,0.0188
2022-09-12,model_Portfolio,Hold,0.0175,0.0172,0.8375,0.0179,0.0256,0.0185,0.0163,0.0165,0.0146,0.0185
2022-09-13,model_Portfolio,Hold,0.0175,0.0169,0.8394,0.0171,0.0258,0.0185,0.0161,0.016,0.0146,0.0181
2022-09-14,model_Portfolio,Hold,0.0176,0.0169,0.837,0.0175,0.0277,0.0186,0.016,0.0162,0.0144,0.0181
2022-09-15,model_Portfolio,Hold,0.0177,0.0167,0.8372,0.0173,0.0278,0.0183,0.0161,0.0161,0.0144,0.0184
2022-09-16,model_Portfolio,Hold,0.0175,0.0167,0.8382,0.017,0.0272,0.0182,0.0161,0.0161,0.0144,0.0186
2022-09-19,model_Portfolio,Hold,0.0173,0.0166,0.8396,0.0169,0.0268,0.0181,0.0157,0.0159,0.0143,0.0186
2022-09-20,model_Portfolio,Hold,0.017,0.0164,0.8422,0.0166,0.0263,0.0178,0.0152,0.0156,0.0142,0.0186
2022-09-21,model_Portfolio,Hold,0.017,0.0163,0.843,0.0163,0.0259,0.0178,0.0151,0.0156,0.0142,0.0189
2022-09-22,model_Portfolio,Hold,0.0174,0.0164,0.8414,0.0164,0.0254,0.0179,0.0154,0.016,0.0144,0.0194
2022-09-23,model_Portfolio,Hold,0.0176,0.0165,0.8434,0.0162,0.0229,0.0181,0.0158,0.016,0.0145,0.019
2022-09-26,model_Portfolio,Hold,0.0177,0.0166,0.8428,0.0167,0.0225,0.0179,0.0157,0.0162,0.0147,0.0192
2022-09-27,model_Portfolio,Hold,0.0175,0.0166,0.8427,0.0166,0.0232,0.018,0.0156,0.0161,0.0147,0.019
2022-09-28,model_Portfolio,Hold,0.0174,0.0167,0.8408,0.0169,0.0243,0.0181,0.0157,0.0163,0.0148,0.019
2022-09-29,model_Portfolio,Hold,0.0175,0.0167,0.8408,0.0167,0.0248,0.018,0.0157,0.0161,0.0147,0.0191
2022-09-30,model_Portfolio,Hold,0.0173,0.0167,0.8413,0.0165,0.0244,0.0183,0.016,0.0159,0.0145,0.0189
2022-10-03,model_Portfolio,Hold,0.0173,0.0167,0.8404,0.0164,0.0258,0.0182,0.016,0.0159,0.0144,0.0187
2022-10-04,model_Portfolio,Hold,0.0173,0.0167,0.8408,0.0166,0.0262,0.0183,0.0156,0.0158,0.0142,0.0186
2022-10-05,model_Portfolio,Hold,0.0174,0.0168,0.8398,0.0166,0.0272,0.018,0.0152,0.0159,0.0142,0.0188
2022-10-06,model_Portfolio,Hold,0.0174,0.0166,0.839,0.0167,0.0286,0.0178,0.0151,0.016,0.0139,0.019
2022-10-07,model_Portfolio,Hold,0.0177,0.0164,0.8384,0.0163,0.0295,0.0177,0.0149,0.0159,0.0137,0.0194
2022-10-10,model_Portfolio,Hold,0.0175,0.0162,0.8402,0.0161,0.0284,0.0177,0.0146,0.0157,0.0138,0.0196
2022-10-11,model_Portfolio,Hold,0.0176,0.0159,0.8407,0.0159,0.0279,0.0176,0.0149,0.0156,0.0138,0.02
2022-10-12,model_Portfolio,Hold,0.0175,0.016,0.8392,0.0161,0.0284,0.0176,0.0148,0.0158,0.014,0.0204
2022-10-13,model_Portfolio,Hold,0.0174,0.0158,0.8412,0.0155,0.0281,0.0177,0.0145,0.0155,0.0141,0.0202
2022-10-14,model_Portfolio,Hold,0.0173,0.0157,0.8434,0.0149,0.0272,0.0175,0.0143,0.0153,0.0142,0.0201
2022-10-17,model_Portfolio,Hold,0.0176,0.0162,0.842,0.0157,0.027,0.0176,0.0145,0.0157,0.0141,0.0196
2022-10-18,model_Portfolio,Hold,0.0177,0.0161,0.8421,0.0159,0.0266,0.0179,0.0143,0.0157,0.0143,0.0195
2022-10-19,model_Portfolio,Hold,0.0165,0.0162,0.8427,0.0157,0.028,0.0178,0.014,0.0155,0.0141,0.0195
2022-10-20,model_Portfolio,Hold,0.0163,0.0163,0.8419,0.016,0.0284,0.0179,0.014,0.0158,0.0141,0.0193
2022-10-21,model_Portfolio,Hold,0.0158,0.0163,0.8428,0.0161,0.0287,0.0176,0.0139,0.0155,0.0142,0.0192
2022-10-24,model_Portfolio,Hold,0.0161,0.0164,0.8427,0.0159,0.0286,0.0175,0.0138,0.0155,0.0142,0.0193
2022-10-25,model_Portfolio,Hold,0.016,0.0166,0.8403,0.016,0.0294,0.018,0.0145,0.0157,0.0141,0.0194
2022-10-26,model_Portfolio,Hold,0.0161,0.0166,0.8409,0.0153,0.03,0.018,0.0145,0.0143,0.0146,0.0196
2022-10-27,model_Portfolio,Hold,0.0157,0.0164,0.8441,0.0146,0.0296,0.0177,0.0146,0.0138,0.0145,0.0191
2022-10-28,model_Portfolio,Hold,0.0156,0.0164,0.8468,0.0132,0.0285,0.0175,0.0145,0.014,0.0145,0.0189
2022-10-31,model_Portfolio,Hold,0.0155,0.0162,0.8483,0.013,0.0284,0.0172,0.0144,0.0137,0.0144,0.0188
2022-11-01,model_Portfolio,Hold,0.0152,0.0157,0.8527,0.0121,0.0281,0.0169,0.0141,0.0128,0.0141,0.0184
2022-11-02,model_Portfolio,Hold,0.0151,0.0153,0.856,0.0115,0.0273,0.0166,0.0139,0.0124,0.0139,0.018
2022-11-03,model_Portfolio,Hold,0.015,0.0145,0.8536,0.0113,0.0294,0.018,0.0141,0.012,0.014,0.0181
2022-11-04,model_Portfolio,Hold,0.015,0.0145,0.8527,0.0113,0.0298,0.0184,0.0141,0.0122,0.0139,0.018
2022-11-07,model_Portfolio,Hold,0.015,0.0148,0.8526,0.0111,0.0299,0.0184,0.0141,0.0124,0.0138,0.018
2022-11-08,model_Portfolio,Hold,0.015,0.0147,0.8529,0.011,0.0295,0.0187,0.0139,0.0124,0.0138,0.018
2022-11-09,model_Portfolio,Hold,0.0152,0.0147,0.8553,0.0107,0.0277,0.0187,0.0138,0.0123,0.0138,0.0179
2022-11-10,model_Portfolio,Hold,0.0153,0.0153,0.854,0.0115,0.0275,0.0186,0.0143,0.0127,0.0139,0.0168
2022-11-11,model_Portfolio,Hold,0.0152,0.0154,0.8527,0.0119,0.0284,0.0184,0.014,0.013,0.0142,0.0168
2022-11-14,model_Portfolio,Hold,0.0152,0.0156,0.8515,0.0119,0.0281,0.0192,0.0139,0.0132,0.0143,0.017
2022-11-15,model_Portfolio,Hold,0.015,0.0154,0.8533,0.0117,0.0284,0.0187,0.0138,0.0132,0.0139,0.0165
2022-11-16,model_Portfolio,Hold,0.015,0.0153,0.8557,0.0114,0.0274,0.0187,0.0135,0.0132,0.0136,0.0163
2022-11-17,model_Portfolio,Hold,0.0149,0.0151,0.8562,0.0112,0.0272,0.0186,0.0136,0.0132,0.0136,0.0164
2022-11-18,model_Portfolio,Hold,0.015,0.015,0.8567,0.011,0.0267,0.0187,0.0138,0.013,0.0135,0.0166
2022-11-21,model_Portfolio,Hold,0.0149,0.015,0.858,0.0108,0.026,0.0187,0.0137,0.0127,0.0136,0.0167
2022-11-22,model_Portfolio,Hold,0.0149,0.0151,0.8561,0.0108,0.0271,0.0192,0.0138,0.0127,0.0135,0.0167
2022-11-23,model_Portfolio,Hold,0.0151,0.0152,0.8564,0.0109,0.0266,0.0192,0.0137,0.0129,0.0135,0.0166
2022-11-25,model_Portfolio,Hold,0.0151,0.0152,0.8571,0.0107,0.0262,0.0192,0.0138,0.0127,0.0135,0.0164
2022-11-28,model_Portfolio,Hold,0.0152,0.0152,0.8568,0.011,0.0259,0.0192,0.0136,0.0128,0.0133,0.0169
2022-11-29,model_Portfolio,Hold,0.0152,0.0151,0.8557,0.0108,0.0268,0.0191,0.014,0.0127,0.0135,0.0172
2022-11-30,model_Portfolio,Hold,0.0153,0.0155,0.8545,0.0111,0.0266,0.0193,0.014,0.0133,0.0132,0.0172
2022-12-01,model_Portfolio,Hold,0.0153,0.0156,0.8544,0.011,0.0265,0.0194,0.014,0.0133,0.0132,0.0173
2022-12-02,model_Portfolio,Hold,0.0153,0.0154,0.8547,0.0108,0.0266,0.0197,0.0137,0.0131,0.0133,0.0175
2022-12-05,model_Portfolio,Hold,0.0152,0.0153,0.855,0.0106,0.0263,0.0198,0.0138,0.0132,0.0133,0.0176
2022-12-06,model_Portfolio,Hold,0.015,0.015,0.8578,0.0103,0.0253,0.0197,0.0134,0.0129,0.0133,0.0173
2022-12-07,model_Portfolio,Hold,0.0151,0.015,0.8578,0.0103,0.0251,0.0199,0.0133,0.0126,0.0135,0.0173
2022-12-08,model_Portfolio,Hold,0.0156,0.0154,0.8556,0.0107,0.0248,0.0204,0.0137,0.0126,0.0135,0.0177
2022-12-09,model_Portfolio,Hold,0.0157,0.0153,0.856,0.0106,0.0244,0.0201,0.0139,0.0125,0.0136,0.0177
2022-12-12,model_Portfolio,Hold,0.0158,0.0153,0.8554,0.0106,0.0253,0.0202,0.0138,0.0124,0.0135,0.0176
2022-12-13,model_Portfolio,Hold,0.0161,0.0155,0.8528,0.0108,0.0264,0.0205,0.014,0.0127,0.0136,0.0175
2022-12-14,model_Portfolio,Hold,0.0161,0.0153,0.8531,0.0108,0.026,0.0206,0.0141,0.0127,0.0135,0.0177
2022-12-15,model_Portfolio,Hold,0.016,0.015,0.8539,0.0106,0.0265,0.0204,0.0141,0.0124,0.0133,0.0179
2022-12-16,model_Portfolio,Hold,0.0159,0.0142,0.8557,0.0106,0.0259,0.0205,0.0136,0.0124,0.0133,0.0179
2022-12-19,model_Portfolio,Hold,0.0158,0.0138,0.8567,0.0102,0.026,0.0204,0.0136,0.0121,0.0134,0.0179
2022-12-20,model_Portfolio,Hold,0.0155,0.0138,0.8593,0.0101,0.0256,0.0199,0.0134,0.012,0.013,0.0175
2022-12-21,model_Portfolio,Hold,0.0155,0.014,0.8581,0.0101,0.0267,0.0198,0.0134,0.0119,0.0131,0.0173
2022-12-22,model_Portfolio,Hold,0.0157,0.0139,0.8591,0.0099,0.0258,0.0198,0.0134,0.0117,0.013,0.0176
2022-12-23,model_Portfolio,Hold,0.0155,0.0138,0.8588,0.0099,0.027,0.0195,0.0134,0.0118,0.0127,0.0175
2022-12-27,model_Portfolio,Hold,0.0155,0.0137,0.8598,0.0096,0.0271,0.0194,0.0132,0.0115,0.0126,0.0175
2022-12-28,model_Portfolio,Hold,0.0155,0.0138,0.861,0.0096,0.026,0.0195,0.0131,0.0114,0.0126,0.0175
2022-12-29,model_Portfolio,Hold,0.0157,0.0139,0.8601,0.0098,0.0261,0.0194,0.0133,0.0117,0.0127,0.0173
2022-12-30,model_Portfolio,Hold,0.0157,0.0138,0.8598,0.0097,0.0266,0.0194,0.0133,0.0116,0.0127,0.0173
2023-01-03,model_Portfolio,Rebalance,0.02,0.02,0.82,0.02,0.02,0.02,0.02,0.02,0.02,0.02
2023-01-04,model_Portfolio,Hold,0.0202,0.0198,0.8208,0.0198,0.0193,0.0199,0.0203,0.0197,0.0204,0.0199
2023-01-05,model_Portfolio,Hold,0.0203,0.0195,0.8222,0.0194,0.0192,0.0198,0.0199,0.0194,0.0202,0.02
2023-01-06,model_Portfolio,Hold,0.02,0.0194,0.8233,0.0195,0.0191,0.0197,0.0199,0.0191,0.0201,0.0199
2023-01-09,model_Portfolio,Hold,0.0205,0.0202,0.8178,0.0203,0.0199,0.0203,0.0203,0.0197,0.0207,0.0202
2023-01-10,model_Portfolio,Hold,0.0206,0.0202,0.8178,0.0208,0.0197,0.0202,0.0203,0.0197,0.0208,0.02
2023-01-11,model_Portfolio,Hold,0.0204,0.0206,0.8148,0.0219,0.0199,0.0202,0.0211,0.0203,0.0209,0.0199
2023-01-12,model_Portfolio,Hold,0.0202,0.0209,0.814,0.022,0.0206,0.02,0.0214,0.0202,0.0209,0.0197
2023-01-13,model_Portfolio,Hold,0.0203,0.0205,0.8152,0.0223,0.0203,0.0198,0.0211,0.0202,0.0207,0.0196
2023-01-17,model_Portfolio,Hold,0.0204,0.0208,0.8155,0.022,0.0203,0.0196,0.0213,0.0201,0.0203,0.0195
2023-01-18,model_Portfolio,Hold,0.0203,0.0205,0.8168,0.0221,0.02,0.0196,0.0214,0.0203,0.0199,0.0192
2023-01-19,model_Portfolio,Hold,0.0206,0.0204,0.8148,0.022,0.0208,0.0197,0.0216,0.021,0.0195,0.0197
2023-01-20,model_Portfolio,Hold,0.0206,0.0208,0.8123,0.0226,0.0208,0.0198,0.0218,0.022,0.0197,0.0197
2023-01-23,model_Portfolio,Hold,0.0207,0.0206,0.8121,0.0225,0.0207,0.0199,0.0219,0.0222,0.0198,0.0195
2023-01-24,model_Portfolio,Hold,0.0202,0.02,0.8171,0.022,0.0199,0.02,0.0216,0.0215,0.0184,0.0193
2023-01-25,model_Portfolio,Hold,0.0199,0.0198,0.8188,0.0221,0.0199,0.0199,0.0213,0.0209,0.018,0.0193
2023-01-26,model_Portfolio,Hold,0.0199,0.0199,0.8171,0.0226,0.0204,0.0202,0.0213,0.0214,0.0181,0.019
2023-01-27,model_Portfolio,Hold,0.0197,0.0201,0.8155,0.0233,0.0206,0.02,0.0218,0.0218,0.0184,0.0189
2023-01-30,model_Portfolio,Hold,0.0197,0.0199,0.8179,0.0229,0.0199,0.02,0.0213,0.0213,0.018,0.0191
2023-01-31,model_Portfolio,Hold,0.0197,0.0201,0.8163,0.0233,0.0198,0.0203,0.0216,0.0215,0.0182,0.0192
2023-02-01,model_Portfolio,Hold,0.0199,0.0204,0.814,0.0238,0.0194,0.0201,0.022,0.0219,0.0183,0.0203
2023-02-02,model_Portfolio,Hold,0.0209,0.0222,0.8013,0.0267,0.0198,0.0196,0.0241,0.0246,0.0199,0.021
2023-02-03,model_Portfolio,Hold,0.0208,0.0218,0.8066,0.0244,0.0197,0.0189,0.0236,0.0239,0.0195,0.0209
2023-02-06,model_Portfolio,Hold,0.0206,0.0214,0.8083,0.0241,0.0196,0.0187,0.0235,0.0234,0.0193,0.0209
2023-02-07,model_Portfolio,Hold,0.0207,0.0215,0.8073,0.024,0.0203,0.0187,0.0233,0.0243,0.0192,0.0206
2023-02-08,model_Portfolio,Hold,0.0203,0.0213,0.8116,0.0234,0.0195,0.0188,0.0231,0.0224,0.0189,0.0205
2023-02-09,model_Portfolio,Hold,0.0202,0.0216,0.8121,0.0233,0.0193,0.019,0.0233,0.0217,0.0188,0.0207
2023-02-10,model_Portfolio,Hold,0.0201,0.0214,0.8114,0.0231,0.0204,0.019,0.0233,0.0215,0.0189,0.021
2023-02-13,model_Portfolio,Hold,0.0199,0.0214,0.813,0.0232,0.0196,0.0187,0.0232,0.0212,0.0188,0.021
2023-02-14,model_Portfolio,Hold,0.02,0.0215,0.8112,0.0236,0.0199,0.0187,0.0233,0.0216,0.019,0.0212
2023-02-15,model_Portfolio,Hold,0.02,0.0217,0.8105,0.0239,0.0193,0.0188,0.0233,0.0221,0.019,0.0213
2023-02-16,model_Portfolio,Hold,0.0199,0.0213,0.8129,0.0233,0.0189,0.0187,0.0229,0.0219,0.0189,0.0213
2023-02-17,model_Portfolio,Hold,0.0199,0.021,0.8145,0.0231,0.0179,0.0186,0.0228,0.0216,0.0191,0.0215
2023-02-21,model_Portfolio,Hold,0.0197,0.0208,0.8151,0.0229,0.0182,0.0188,0.0227,0.0214,0.0188,0.0216
2023-02-22,model_Portfolio,Hold,0.0195,0.0207,0.8159,0.0231,0.0181,0.0188,0.0224,0.0213,0.0187,0.0215
2023-02-23,model_Portfolio,Hold,0.0195,0.0209,0.8145,0.0232,0.0188,0.019,0.0225,0.0212,0.0187,0.0217
2023-02-24,model_Portfolio,Hold,0.0191,0.0205,0.8178,0.0225,0.0187,0.019,0.0218,0.0207,0.0185,0.0215
2023-02-27,model_Portfolio,Hold,0.019,0.0205,0.8169,0.0227,0.0188,0.0193,0.0218,0.021,0.0186,0.0212
2023-02-28,model_Portfolio,Hold,0.0194,0.0205,0.817,0.0228,0.0184,0.0194,0.0216,0.021,0.0185,0.0212
2023-03-01,model_Portfolio,Hold,0.0193,0.0204,0.8175,0.0224,0.019,0.0196,0.0207,0.0211,0.019,0.0211
2023-03-02,model_Portfolio,Hold,0.0197,0.0206,0.815,0.0225,0.0194,0.0199,0.0208,0.0216,0.019,0.0214
2023-03-03,model_Portfolio,Hold,0.0198,0.0207,0.8148,0.0228,0.0196,0.0199,0.0206,0.0217,0.019,0.0211
2023-03-06,model_Portfolio,Hold,0.0195,0.0207,0.8147,0.0226,0.0192,0.0198,0.0209,0.0221,0.0189,0.0215
2023-03-07,model_Portfolio,Hold,0.0193,0.0207,0.8148,0.023,0.019,0.02,0.0207,0.0222,0.0187,0.0216
2023-03-08,model_Portfolio,Hold,0.0194,0.0209,0.8125,0.0233,0.0189,0.0202,0.0214,0.0226,0.0189,0.0219
2023-03-09,model_Portfolio,Hold,0.0195,0.021,0.8126,0.0234,0.0186,0.0201,0.021,0.0225,0.019,0.0223
2023-03-10,model_Portfolio,Hold,0.0196,0.0207,0.8143,0.0233,0.0183,0.0202,0.0194,0.0225,0.019,0.0226
2023-03-13,model_Portfolio,Hold,0.0204,0.0211,0.81,0.0244,0.018,0.0207,0.0198,0.0231,0.0194,0.0232
2023-03-14,model_Portfolio,Hold,0.0201,0.0209,0.8107,0.0246,0.0179,0.0208,0.0196,0.0235,0.019,0.0229
2023-03-15,model_Portfolio,Hold,0.0205,0.0209,0.8075,0.0256,0.0169,0.0207,0.0202,0.0247,0.0195,0.0236
2023-03-16,model_Portfolio,Hold,0.0204,0.0211,0.8082,0.0262,0.017,0.0205,0.0193,0.0253,0.0194,0.0228
2023-03-17,model_Portfolio,Hold,0.0203,0.0212,0.8074,0.0264,0.0167,0.0205,0.0192,0.0261,0.0195,0.0228
2023-03-20,model_Portfolio,Hold,0.0199,0.0208,0.8112,0.0253,0.0168,0.0202,0.0188,0.0252,0.0192,0.0225
2023-03-21,model_Portfolio,Hold,0.0196,0.0208,0.8116,0.0255,0.0176,0.0198,0.0186,0.0256,0.0188,0.0221
2023-03-22,model_Portfolio,Hold,0.0198,0.021,0.8111,0.0256,0.0177,0.02,0.0181,0.0259,0.0187,0.0221
2023-03-23,model_Portfolio,Hold,0.02,0.0227,0.809,0.0258,0.0176,0.0195,0.0181,0.0266,0.0188,0.0219
2023-03-24,model_Portfolio,Hold,0.0201,0.0225,0.8089,0.0255,0.0178,0.0195,0.0186,0.0264,0.0187,0.022
2023-03-27,model_Portfolio,Hold,0.0201,0.0226,0.8093,0.0254,0.0182,0.0196,0.0183,0.0256,0.0187,0.0221
2023-03-28,model_Portfolio,Hold,0.0197,0.0226,0.8106,0.0251,0.0183,0.0197,0.0182,0.0251,0.0186,0.022
2023-03-29,model_Portfolio,Hold,0.0198,0.0227,0.8101,0.0255,0.0181,0.0197,0.0187,0.0249,0.0187,0.0218
2023-03-30,model_Portfolio,Hold,0.0198,0.0229,0.8094,0.026,0.0178,0.0199,0.019,0.0247,0.0186,0.0218
2023-03-31,model_Portfolio,Hold,0.0202,0.023,0.8072,0.0261,0.0181,0.0205,0.0191,0.0253,0.0189,0.0217
2023-04-03,model_Portfolio,Hold,0.0202,0.023,0.8062,0.0258,0.0196,0.0205,0.0189,0.0253,0.0187,0.0218
2023-04-04,model_Portfolio,Hold,0.0206,0.0232,0.8051,0.0265,0.0192,0.0205,0.019,0.0257,0.0185,0.0218
2023-04-05,model_Portfolio,Hold,0.0208,0.0227,0.8073,0.0256,0.019,0.0202,0.0188,0.0255,0.0184,0.0217
2023-04-06,model_Portfolio,Hold,0.0209,0.0227,0.8065,0.0258,0.019,0.0201,0.0189,0.0264,0.0182,0.0216
2023-04-10,model_Portfolio,Hold,0.0205,0.0226,0.8074,0.0257,0.0194,0.0201,0.0187,0.0258,0.0183,0.0215
2023-04-11,model_Portfolio,Hold,0.0202,0.0227,0.8088,0.0249,0.0197,0.02,0.0184,0.0253,0.0185,0.0216
2023-04-12,model_Portfolio,Hold,0.02,0.0226,0.8105,0.0243,0.0195,0.0201,0.0182,0.025,0.0184,0.0214
2023-04-13,model_Portfolio,Hold,0.0202,0.0225,0.809,0.0253,0.0198,0.02,0.0177,0.0255,0.0186,0.0214
2023-04-14,model_Portfolio,Hold,0.0203,0.0221,0.8089,0.0253,0.0199,0.0199,0.0176,0.0259,0.0186,0.0214
2023-04-17,model_Portfolio,Hold,0.0203,0.022,0.8098,0.0253,0.0192,0.0198,0.0183,0.0251,0.0187,0.0215
2023-04-18,model_Portfolio,Hold,0.0202,0.022,0.8107,0.0251,0.0191,0.0199,0.0182,0.0247,0.0185,0.0218
2023-04-19,model_Portfolio,Hold,0.0217,0.0219,0.809,0.0255,0.0188,0.02,0.0184,0.0245,0.0184,0.0219
2023-04-20,model_Portfolio,Hold,0.0215,0.0217,0.8091,0.0255,0.0185,0.0203,0.0183,0.025,0.0183,0.0218
2023-04-21,model_Portfolio,Hold,0.0218,0.0219,0.8072,0.0265,0.0183,0.0202,0.0185,0.0251,0.0184,0.022
2023-04-24,model_Portfolio,Hold,0.0216,0.0219,0.807,0.0262,0.0186,0.0204,0.0184,0.0252,0.0184,0.0222
2023-04-25,model_Portfolio,Hold,0.0216,0.0215,0.8091,0.0255,0.018,0.0203,0.018,0.0249,0.0184,0.0225
2023-04-26,model_Portfolio,Hold,0.0215,0.0217,0.8089,0.0263,0.0176,0.0201,0.0181,0.025,0.0183,0.0225
2023-04-27,model_Portfolio,Hold,0.0205,0.0209,0.8148,0.026,0.0168,0.0195,0.0175,0.0246,0.0177,0.0216
2023-04-28,model_Portfolio,Hold,0.0206,0.0212,0.8151,0.0249,0.0173,0.0196,0.0176,0.0244,0.0178,0.0216
2023-05-01,model_Portfolio,Hold,0.0206,0.021,0.8169,0.024,0.0173,0.0196,0.0172,0.0242,0.0176,0.0216
2023-05-02,model_Portfolio,Hold,0.0212,0.0213,0.8154,0.0249,0.0164,0.0198,0.0173,0.0244,0.0176,0.0218
2023-05-03,model_Portfolio,Hold,0.0216,0.0215,0.8126,0.0253,0.0166,0.0202,0.0178,0.0248,0.0178,0.0219
2023-05-04,model_Portfolio,Hold,0.0216,0.021,0.8134,0.0256,0.0158,0.0202,0.018,0.0248,0.0178,0.0219
2023-05-05,model_Portfolio,Hold,0.0214,0.0207,0.8132,0.0257,0.0161,0.0203,0.0181,0.0247,0.0179,0.0219
2023-05-08,model_Portfolio,Hold,0.0213,0.0206,0.8134,0.0257,0.016,0.0202,0.0179,0.0252,0.0177,0.0218
2023-05-09,model_Portfolio,Hold,0.0213,0.0206,0.8143,0.026,0.0161,0.0192,0.0178,0.0253,0.0175,0.0218
2023-05-10,model_Portfolio,Hold,0.0215,0.0211,0.8109,0.0271,0.0161,0.0194,0.0181,0.0265,0.0176,0.0217
2023-05-11,model_Portfolio,Hold,0.0214,0.0214,0.8098,0.0276,0.0162,0.0191,0.0178,0.0276,0.0176,0.0216
2023-05-12,model_Portfolio,Hold,0.0216,0.0219,0.8085,0.0273,0.0162,0.0194,0.0178,0.028,0.0176,0.0218
2023-05-15,model_Portfolio,Hold,0.0215,0.022,0.8083,0.0275,0.0162,0.0194,0.018,0.0278,0.0177,0.0217
2023-05-16,model_Portfolio,Hold,0.0215,0.0222,0.8077,0.0282,0.0157,0.0193,0.0176,0.0287,0.0173,0.0216
2023-05-17,model_Portfolio,Hold,0.0211,0.0223,0.8082,0.0283,0.0159,0.0191,0.0176,0.0286,0.0175,0.0214
2023-05-18,model_Portfolio,Hold,0.0208,0.0223,0.8091,0.0287,0.0158,0.0188,0.0171,0.0287,0.0175,0.0211
2023-05-19,model_Portfolio,Hold,0.0209,0.0225,0.8088,0.0282,0.0162,0.0191,0.0169,0.0287,0.0174,0.0212
2023-05-22,model_Portfolio,Hold,0.0209,0.0227,0.8077,0.028,0.0162,0.0189,0.0173,0.0294,0.0179,0.0211
2023-05-23,model_Portfolio,Hold,0.0205,0.0226,0.8076,0.0283,0.0166,0.0188,0.0175,0.029,0.0178,0.0213
2023-05-24,model_Portfolio,Hold,0.0206,0.023,0.8052,0.0293,0.0172,0.0191,0.0172,0.0292,0.0175,0.0217
2023-05-25,model_Portfolio,Hold,0.0202,0.0234,0.806,0.0288,0.0166,0.0192,0.0168,0.0298,0.0175,0.0216
2023-05-26,model_Portfolio,Hold,0.0204,0.0243,0.8034,0.0301,0.0167,0.0193,0.0168,0.03,0.0175,0.0215
2023-05-30,model_Portfolio,Hold,0.02,0.0245,0.8056,0.0302,0.0159,0.0191,0.0168,0.0296,0.0172,0.0212
2023-05-31,model_Portfolio,Hold,0.0203,0.0246,0.8043,0.0303,0.0159,0.0191,0.0172,0.0298,0.0169,0.0215
2023-06-01,model_Portfolio,Hold,0.0203,0.0244,0.8044,0.0307,0.0159,0.0192,0.0169,0.0298,0.017,0.0215
2023-06-02,model_Portfolio,Hold,0.02,0.0242,0.8049,0.0302,0.0163,0.0192,0.0169,0.0292,0.018,0.0212
2023-06-05,model_Portfolio,Hold,0.0198,0.0235,0.8074,0.0303,0.0159,0.019,0.0168,0.0293,0.0171,0.0208
2023-06-06,model_Portfolio,Hold,0.0195,0.0236,0.8077,0.0304,0.0159,0.0188,0.0171,0.0294,0.017,0.0206
2023-06-07,model_Portfolio,Hold,0.0191,0.0237,0.8097,0.0288,0.0163,0.0189,0.0174,0.0281,0.0173,0.0207
2023-06-08,model_Portfolio,Hold,0.019,0.0234,0.8093,0.0296,0.0161,0.019,0.0173,0.028,0.0173,0.0208
2023-06-09,model_Portfolio,Hold,0.019,0.0234,0.8116,0.0292,0.0157,0.0185,0.0171,0.0278,0.017,0.0206
2023-06-12,model_Portfolio,Hold,0.019,0.0236,0.8098,0.03,0.0156,0.0186,0.0172,0.0282,0.0173,0.0208
2023-06-13,model_Portfolio,Hold,0.0189,0.0236,0.81,0.0297,0.0157,0.0188,0.0172,0.028,0.0174,0.0207
2023-06-14,model_Portfolio,Hold,0.0193,0.0238,0.8087,0.0299,0.0158,0.0192,0.0173,0.0282,0.0174,0.0204
2023-06-15,model_Portfolio,Hold,0.0194,0.0241,0.809,0.0296,0.0161,0.0191,0.017,0.0281,0.0174,0.0202
2023-06-16,model_Portfolio,Hold,0.0197,0.0239,0.8095,0.0294,0.016,0.0193,0.0163,0.0279,0.0177,0.0203
2023-06-20,model_Portfolio,Hold,0.0202,0.0243,0.8071,0.0301,0.016,0.0195,0.0164,0.0284,0.0176,0.0204
2023-06-21,model_Portfolio,Hold,0.0202,0.0241,0.8073,0.03,0.0164,0.0196,0.0164,0.0279,0.0176,0.0208
2023-06-22,model_Portfolio,Hold,0.0205,0.0236,0.8068,0.0312,0.0159,0.0195,0.016,0.0285,0.0174,0.0207
2023-06-23,model_Portfolio,Hold,0.0206,0.0231,0.8074,0.0312,0.0157,0.0195,0.0159,0.0285,0.0175,0.0206
2023-06-26,model_Portfolio,Hold,0.0206,0.0229,0.8084,0.0306,0.0158,0.0194,0.0166,0.0274,0.0174,0.0209
2023-06-27,model_Portfolio,Hold,0.0203,0.0229,0.81,0.0307,0.0155,0.0195,0.0166,0.0271,0.0168,0.0207
2023-06-28,model_Portfolio,Hold,0.0202,0.023,0.8095,0.0307,0.0157,0.0195,0.0161,0.0275,0.0169,0.0208
2023-06-29,model_Portfolio,Hold,0.0201,0.0232,0.8102,0.0301,0.0159,0.0195,0.0162,0.027,0.0169,0.0208
2023-06-30,model_Portfolio,Hold,0.0201,0.023,0.8102,0.0304,0.0159,0.0198,0.0161,0.0269,0.0168,0.0208
2023-07-03,model_Portfolio,Hold,0.0197,0.0231,0.8107,0.0302,0.0157,0.0195,0.0164,0.0268,0.0169,0.021
2023-07-05,model_Portfolio,Hold,0.0198,0.0231,0.8103,0.0304,0.0159,0.019,0.0166,0.0273,0.0166,0.0211
2023-07-06,model_Portfolio,Hold,0.0198,0.0231,0.8111,0.03,0.0157,0.0191,0.0166,0.0271,0.0163,0.0212
2023-07-07,model_Portfolio,Hold,0.0196,0.0228,0.8116,0.0302,0.0162,0.0189,0.0166,0.0268,0.0163,0.021
2023-07-10,model_Portfolio,Hold,0.0198,0.0231,0.8116,0.0298,0.0164,0.0193,0.0165,0.0263,0.0164,0.0207
2023-07-11,model_Portfolio,Hold,0.0197,0.0229,0.8111,0.0298,0.0172,0.0189,0.0166,0.0261,0.017,0.0207
2023-07-12,model_Portfolio,Hold,0.0196,0.0233,0.8094,0.0303,0.0173,0.0193,0.0166,0.0265,0.017,0.0208
2023-07-13,model_Portfolio,Hold,0.0198,0.0234,0.8058,0.0311,0.0178,0.0196,0.0167,0.0278,0.0172,0.0207
2023-07-14,model_Portfolio,Hold,0.02,0.0236,0.8055,0.0313,0.017,0.0197,0.0169,0.0281,0.0172,0.0208
2023-07-17,model_Portfolio,Hold,0.0196,0.0237,0.808,0.0308,0.0167,0.0196,0.0165,0.0277,0.0169,0.0206
2023-07-18,model_Portfolio,Hold,0.0195,0.0237,0.8087,0.0304,0.0173,0.0193,0.0163,0.0273,0.017,0.0204
2023-07-19,model_Portfolio,Hold,0.0194,0.0233,0.8091,0.0309,0.0173,0.0193,0.0166,0.0268,0.017,0.0203
2023-07-20,model_Portfolio,Hold,0.02,0.0226,0.812,0.0293,0.0172,0.0192,0.0166,0.0259,0.0169,0.0202
2023-07-21,model_Portfolio,Hold,0.0204,0.0227,0.8109,0.0293,0.0174,0.0193,0.0169,0.026,0.0169,0.0202
2023-07-24,model_Portfolio,Hold,0.0205,0.0226,0.8108,0.029,0.0177,0.0192,0.0168,0.0263,0.0169,0.0202
2023-07-25,model_Portfolio,Hold,0.0201,0.0229,0.8096,0.029,0.0178,0.0194,0.0169,0.0264,0.0178,0.0201
2023-07-26,model_Portfolio,Hold,0.0202,0.0227,0.8083,0.0286,0.0179,0.0192,0.0173,0.0278,0.0181,0.02
2023-07-27,model_Portfolio,Hold,0.0202,0.023,0.8073,0.0289,0.0178,0.0193,0.0172,0.0281,0.018,0.0202
2023-07-28,model_Portfolio,Hold,0.0201,0.0227,0.8065,0.0296,0.018,0.0192,0.0172,0.0286,0.0181,0.02
2023-07-31,model_Portfolio,Hold,0.0198,0.0227,0.8062,0.0299,0.0182,0.0194,0.0171,0.0286,0.018,0.02
2023-08-01,model_Portfolio,Hold,0.0197,0.0232,0.807,0.0296,0.0181,0.0193,0.0167,0.0285,0.0179,0.02
2023-08-02,model_Portfolio,Hold,0.0186,0.022,0.8181,0.0276,0.0169,0.0183,0.016,0.0267,0.0169,0.0189
2023-08-03,model_Portfolio,Hold,0.0183,0.0218,0.8199,0.0276,0.0179,0.0171,0.0159,0.0265,0.0165,0.0186
2023-08-04,model_Portfolio,Hold,0.0183,0.0214,0.8183,0.0299,0.018,0.0172,0.0157,0.0264,0.0163,0.0185
2023-08-07,model_Portfolio,Hold,0.0182,0.0214,0.8184,0.03,0.0178,0.0172,0.0159,0.0267,0.016,0.0183
2023-08-08,model_Portfolio,Hold,0.0179,0.0216,0.8176,0.0298,0.0185,0.0171,0.0159,0.027,0.016,0.0185
2023-08-09,model_Portfolio,Hold,0.0181,0.0217,0.8155,0.0299,0.0192,0.0175,0.0161,0.027,0.0162,0.0188
2023-08-10,model_Portfolio,Hold,0.018,0.0216,0.8157,0.03,0.0192,0.0176,0.016,0.027,0.0162,0.0187
2023-08-11,model_Portfolio,Hold,0.018,0.0213,0.8168,0.0297,0.0193,0.0176,0.0159,0.0268,0.0162,0.0185
2023-08-14,model_Portfolio,Hold,0.0181,0.0214,0.8166,0.0301,0.0192,0.0176,0.0156,0.0271,0.016,0.0183
2023-08-15,model_Portfolio,Hold,0.0181,0.0214,0.8174,0.0299,0.0191,0.0175,0.0154,0.0271,0.0158,0.0184
2023-08-16,model_Portfolio,Hold,0.018,0.0214,0.8185,0.0293,0.019,0.0176,0.0154,0.0269,0.0158,0.0182
2023-08-17,model_Portfolio,Hold,0.0181,0.0213,0.818,0.0291,0.0192,0.0175,0.0154,0.0272,0.016,0.0182
2023-08-18,model_Portfolio,Hold,0.0181,0.0213,0.8173,0.0292,0.0195,0.0177,0.0154,0.0269,0.0161,0.0185
2023-08-21,model_Portfolio,Hold,0.0182,0.0217,0.8162,0.0297,0.0194,0.0178,0.0153,0.0272,0.016,0.0185
2023-08-22,model_Portfolio,Hold,0.0185,0.022,0.8151,0.0298,0.019,0.0179,0.0154,0.0276,0.016,0.0187
2023-08-23,model_Portfolio,Hold,0.0185,0.0225,0.8129,0.0301,0.0189,0.018,0.0158,0.0283,0.0162,0.0188
2023-08-24,model_Portfolio,Hold,0.0181,0.0222,0.8168,0.029,0.0186,0.0178,0.0155,0.0275,0.0158,0.0187
2023-08-25,model_Portfolio,Hold,0.0182,0.0225,0.8158,0.0293,0.0188,0.0179,0.0154,0.0275,0.0159,0.0188
2023-08-28,model_Portfolio,Hold,0.0178,0.0225,0.8154,0.0291,0.0188,0.0179,0.0154,0.0276,0.0166,0.0189
2023-08-29,model_Portfolio,Hold,0.018,0.0226,0.8134,0.0294,0.019,0.0181,0.0155,0.0282,0.0168,0.0189
2023-08-30,model_Portfolio,Hold,0.018,0.0226,0.813,0.0294,0.0191,0.0182,0.0156,0.0285,0.0166,0.019
2023-08-31,model_Portfolio,Hold,0.0178,0.0226,0.8123,0.03,0.0191,0.0182,0.0154,0.0285,0.017,0.0189
2023-09-01,model_Portfolio,Hold,0.0177,0.0228,0.812,0.03,0.0196,0.0183,0.0154,0.0284,0.017,0.0188
2023-09-05,model_Portfolio,Hold,0.0175,0.0229,0.8116,0.03,0.0199,0.0181,0.0155,0.0286,0.0171,0.0189
2023-09-06,model_Portfolio,Hold,0.0177,0.0229,0.8126,0.0296,0.0196,0.0182,0.0154,0.0283,0.017,0.0187
2023-09-07,model_Portfolio,Hold,0.0174,0.0229,0.813,0.03,0.0194,0.018,0.0154,0.0284,0.0169,0.0187
2023-09-08,model_Portfolio,Hold,0.0174,0.0227,0.8129,0.03,0.0193,0.0184,0.0152,0.0285,0.0169,0.0188
2023-09-11,model_Portfolio,Hold,0.0175,0.0225,0.8134,0.0308,0.0185,0.0184,0.0147,0.0284,0.017,0.0188
2023-09-12,model_Portfolio,Hold,0.0174,0.0216,0.8156,0.0302,0.0189,0.0183,0.0145,0.0279,0.0168,0.0189
2023-09-13,model_Portfolio,Hold,0.0174,0.0215,0.8166,0.0309,0.018,0.0183,0.0144,0.0281,0.0158,0.0188
2023-09-14,model_Portfolio,Hold,0.0172,0.0215,0.817,0.0306,0.0182,0.0183,0.0147,0.0281,0.0158,0.0187
2023-09-15,model_Portfolio,Hold,0.0173,0.0214,0.8174,0.03,0.0182,0.0183,0.0148,0.0283,0.0158,0.0187
2023-09-18,model_Portfolio,Hold,0.0171,0.0216,0.8183,0.0298,0.0182,0.018,0.0145,0.0283,0.0157,0.0185
2023-09-19,model_Portfolio,Hold,0.0169,0.0216,0.8201,0.0291,0.0179,0.0179,0.0144,0.0282,0.0155,0.0183
2023-09-20,model_Portfolio,Hold,0.017,0.0216,0.8215,0.0288,0.0176,0.0178,0.0145,0.0274,0.0154,0.0184
2023-09-21,model_Portfolio,Hold,0.017,0.0216,0.8237,0.0279,0.0174,0.0176,0.0135,0.0272,0.0154,0.0186
2023-09-22,model_Portfolio,Hold,0.0168,0.0219,0.8244,0.0279,0.0174,0.0175,0.0133,0.0271,0.0153,0.0184
2023-09-25,model_Portfolio,Hold,0.0166,0.0218,0.8248,0.0282,0.0176,0.0176,0.0132,0.0271,0.0149,0.0182
2023-09-26,model_Portfolio,Hold,0.0165,0.0215,0.8266,0.0272,0.0178,0.0175,0.0129,0.0268,0.0148,0.0182
2023-09-27,model_Portfolio,Hold,0.0163,0.0217,0.8269,0.027,0.0182,0.0173,0.0129,0.027,0.0147,0.0181
2023-09-28,model_Portfolio,Hold,0.0166,0.0206,0.8279,0.0268,0.018,0.0173,0.013,0.0271,0.0145,0.018
2023-09-29,model_Portfolio,Hold,0.0166,0.0212,0.8265,0.0273,0.0177,0.0174,0.0133,0.0271,0.0147,0.0182
2023-10-02,model_Portfolio,Hold,0.0164,0.0214,0.8266,0.028,0.0171,0.0172,0.0131,0.0279,0.0143,0.0181
2023-10-03,model_Portfolio,Hold,0.0167,0.0215,0.8262,0.0273,0.0174,0.0176,0.0131,0.0279,0.0142,0.0181
2023-10-04,model_Portfolio,Hold,0.0165,0.0216,0.8267,0.0276,0.0165,0.0176,0.0131,0.0283,0.014,0.0182
2023-10-05,model_Portfolio,Hold,0.0165,0.0215,0.8277,0.0273,0.0164,0.0173,0.0131,0.0281,0.0139,0.0183
2023-10-06,model_Portfolio,Hold,0.0164,0.0214,0.8287,0.0273,0.0161,0.0171,0.0128,0.0283,0.0138,0.018
2023-10-09,model_Portfolio,Hold,0.0163,0.0212,0.8283,0.0271,0.0166,0.0171,0.0131,0.0282,0.0138,0.0182
2023-10-10,model_Portfolio,Hold,0.0163,0.0211,0.829,0.0272,0.0164,0.0172,0.013,0.0279,0.0139,0.0179
2023-10-11,model_Portfolio,Hold,0.0153,0.0209,0.8302,0.0274,0.0162,0.0172,0.013,0.0281,0.0137,0.0178
2023-10-12,model_Portfolio,Hold,0.015,0.0204,0.832,0.0275,0.0164,0.017,0.0126,0.0279,0.0136,0.0177
2023-10-13,model_Portfolio,Hold,0.0151,0.0202,0.8326,0.0269,0.0171,0.0169,0.0126,0.0274,0.0135,0.0178
2023-10-16,model_Portfolio,Hold,0.0151,0.0202,0.8321,0.0272,0.0173,0.0168,0.0127,0.0275,0.0135,0.0177
2023-10-17,model_Portfolio,Hold,0.015,0.0203,0.8321,0.0269,0.0174,0.0169,0.0127,0.0275,0.0135,0.0177
2023-10-18,model_Portfolio,Hold,0.0158,0.0203,0.8317,0.0265,0.0178,0.0167,0.0124,0.0275,0.0134,0.0179
2023-10-19,model_Portfolio,Hold,0.0159,0.0204,0.831,0.0268,0.0181,0.0167,0.0122,0.0277,0.0133,0.0179
2023-10-20,model_Portfolio,Hold,0.0165,0.0204,0.829,0.0267,0.0182,0.0169,0.0125,0.0279,0.0135,0.0183
2023-10-23,model_Portfolio,Hold,0.0164,0.0204,0.829,0.0272,0.0178,0.0168,0.0125,0.0282,0.0134,0.0182
2023-10-24,model_Portfolio,Hold,0.0161,0.0203,0.8285,0.0274,0.0176,0.0168,0.0125,0.0285,0.014,0.0182
2023-10-25,model_Portfolio,Hold,0.0159,0.0201,0.8338,0.0258,0.0176,0.0167,0.0121,0.0258,0.0139,0.0183
2023-10-26,model_Portfolio,Hold,0.0162,0.0203,0.8346,0.0257,0.0175,0.017,0.0125,0.0253,0.014,0.017
2023-10-27,model_Portfolio,Hold,0.0161,0.0203,0.8321,0.0278,0.0176,0.0171,0.0123,0.0256,0.0139,0.0172
2023-10-30,model_Portfolio,Hold,0.016,0.0203,0.8315,0.0285,0.0172,0.0172,0.0123,0.0257,0.0141,0.0174
2023-10-31,model_Portfolio,Hold,0.0161,0.0204,0.832,0.0283,0.017,0.0171,0.0122,0.0254,0.0142,0.0172
2023-11-01,model_Portfolio,Hold,0.016,0.0204,0.8325,0.0288,0.0168,0.017,0.012,0.0256,0.0139,0.0169
2023-11-02,model_Portfolio,Hold,0.0156,0.0203,0.8349,0.0282,0.0163,0.0168,0.0123,0.0251,0.0138,0.0167
2023-11-03,model_Portfolio,Hold,0.0155,0.0205,0.8342,0.0281,0.0163,0.0169,0.0128,0.0252,0.0139,0.0166
2023-11-06,model_Portfolio,Hold,0.0155,0.0206,0.833,0.0286,0.0162,0.017,0.0128,0.0257,0.014,0.0167
2023-11-07,model_Portfolio,Hold,0.0156,0.0209,0.834,0.0294,0.0158,0.0149,0.0126,0.026,0.014,0.0168
2023-11-08,model_Portfolio,Hold,0.0157,0.0212,0.8331,0.0294,0.0153,0.0154,0.0128,0.0263,0.014,0.0167
2023-11-09,model_Portfolio,Hold,0.0154,0.0209,0.8356,0.029,0.0151,0.0155,0.012,0.0259,0.0138,0.0166
2023-11-10,model_Portfolio,Hold,0.0154,0.0211,0.8348,0.0294,0.0152,0.0155,0.0121,0.0261,0.0139,0.0165
2023-11-13,model_Portfolio,Hold,0.0157,0.0209,0.8353,0.0292,0.0151,0.0155,0.0119,0.0261,0.0139,0.0165
2023-11-14,model_Portfolio,Hold,0.0157,0.0209,0.8334,0.0295,0.0153,0.0155,0.0131,0.0261,0.0141,0.0164
2023-11-15,model_Portfolio,Hold,0.0161,0.0215,0.8303,0.0294,0.0154,0.016,0.0134,0.0266,0.0145,0.0168
2023-11-16,model_Portfolio,Hold,0.0163,0.0215,0.8314,0.0291,0.0147,0.0159,0.013,0.0269,0.0145,0.0167
2023-11-17,model_Portfolio,Hold,0.0161,0.0214,0.8323,0.0294,0.015,0.0156,0.0129,0.0264,0.0143,0.0166
2023-11-20,model_Portfolio,Hold,0.0164,0.0217,0.8304,0.0297,0.0152,0.0158,0.0131,0.0267,0.0144,0.0167
2023-11-21,model_Portfolio,Hold,0.0164,0.0215,0.832,0.0291,0.0149,0.0159,0.0129,0.0266,0.0141,0.0165
2023-11-22,model_Portfolio,Hold,0.0165,0.0215,0.8316,0.0294,0.0148,0.0157,0.0129,0.0268,0.0142,0.0166
2023-11-24,model_Portfolio,Hold,0.0164,0.0215,0.8324,0.0293,0.0148,0.0156,0.0129,0.0263,0.0142,0.0166
2023-11-27,model_Portfolio,Hold,0.0164,0.0214,0.8326,0.0295,0.0146,0.0154,0.0129,0.0262,0.0144,0.0166
2023-11-28,model_Portfolio,Hold,0.0164,0.0215,0.8309,0.0295,0.0147,0.0154,0.0133,0.0266,0.0147,0.0169
2023-11-29,model_Portfolio,Hold,0.0167,0.0217,0.8302,0.0296,0.0148,0.0154,0.0136,0.0263,0.0148,0.017
2023-11-30,model_Portfolio,Hold,0.0167,0.0215,0.8321,0.0292,0.0145,0.0154,0.0135,0.0255,0.0147,0.0169
2023-12-01,model_Portfolio,Hold,0.0167,0.0218,0.8302,0.0294,0.0146,0.0155,0.0145,0.0254,0.0148,0.0171
2023-12-04,model_Portfolio,Hold,0.0168,0.0217,0.8309,0.0289,0.0144,0.0154,0.0147,0.0249,0.0153,0.0171
2023-12-05,model_Portfolio,Hold,0.0167,0.0217,0.8311,0.0294,0.014,0.0149,0.0147,0.0252,0.0151,0.0171
2023-12-06,model_Portfolio,Hold,0.0169,0.0218,0.8305,0.0292,0.0139,0.015,0.0152,0.0253,0.0154,0.0168
2023-12-07,model_Portfolio,Hold,0.0167,0.0217,0.8295,0.0295,0.0137,0.015,0.0151,0.0265,0.0154,0.0167
2023-12-08,model_Portfolio,Hold,0.0167,0.0217,0.8305,0.0295,0.0139,0.015,0.0147,0.026,0.0154,0.0166
2023-12-11,model_Portfolio,Hold,0.0169,0.0219,0.8313,0.029,0.0139,0.015,0.0146,0.0255,0.0152,0.0165
2023-12-12,model_Portfolio,Hold,0.0167,0.0217,0.8335,0.029,0.0135,0.015,0.0141,0.0251,0.015,0.0163
2023-12-13,model_Portfolio,Hold,0.0168,0.0218,0.8311,0.0293,0.0138,0.0151,0.0152,0.0251,0.0152,0.0166
2023-12-14,model_Portfolio,Hold,0.0175,0.0223,0.8249,0.0297,0.0145,0.0156,0.0167,0.0256,0.016,0.0171
2023-12-15,model_Portfolio,Hold,0.0174,0.0226,0.8239,0.0305,0.0145,0.0157,0.0163,0.026,0.0162,0.0171
2023-12-18,model_Portfolio,Hold,0.0174,0.0222,0.824,0.031,0.0145,0.0156,0.016,0.0264,0.0159,0.0171
2023-12-19,model_Portfolio,Hold,0.0173,0.022,0.8249,0.0307,0.0145,0.0155,0.0159,0.0263,0.0158,0.017
2023-12-20,model_Portfolio,Hold,0.0174,0.0222,0.8241,0.0309,0.0145,0.0155,0.0158,0.027,0.0156,0.0168
2023-12-21,model_Portfolio,Hold,0.0175,0.0226,0.823,0.031,0.0146,0.0156,0.016,0.0272,0.0158,0.0167
2023-12-22,model_Portfolio,Hold,0.0175,0.0229,0.8229,0.0308,0.0146,0.0156,0.0158,0.0274,0.0159,0.0167
2023-12-26,model_Portfolio,Hold,0.0175,0.0228,0.8225,0.0307,0.015,0.0157,0.0159,0.0273,0.0161,0.0166
2023-12-27,model_Portfolio,Hold,0.0175,0.0228,0.8229,0.0306,0.015,0.0157,0.0159,0.027,0.0161,0.0165
2023-12-28,model_Portfolio,Hold,0.0176,0.0226,0.8235,0.0306,0.0145,0.0156,0.016,0.0269,0.0163,0.0165
2023-12-29,model_Portfolio,Hold,0.0175,0.0225,0.8248,0.0302,0.0144,0.0156,0.0157,0.0267,0.0161,0.0165
2024-01-02,model_Portfolio,Rebalance,0.0216,0.02,0.2879,0.02,0.02,0.02,0.02,0.02,0.5505,0.02
2024-01-03,model_Portfolio,Hold,0.0218,0.0197,0.2913,0.0201,0.0206,0.0201,0.0196,0.0204,0.5463,0.0202
2024-01-04,model_Portfolio,Hold,0.0222,0.0197,0.2891,0.0196,0.0192,0.0201,0.0198,0.0201,0.5501,0.0203
2024-01-05,model_Portfolio,Hold,0.022,0.0196,0.2895,0.0196,0.0192,0.02,0.0198,0.0199,0.5501,0.0202
2024-01-08,model_Portfolio,Hold,0.0223,0.0198,0.2888,0.0201,0.0188,0.0201,0.0202,0.0203,0.5493,0.0203
2024-01-09,model_Portfolio,Hold,0.0225,0.0201,0.2828,0.0205,0.0185,0.0199,0.0202,0.0207,0.5544,0.0204
2024-01-10,model_Portfolio,Hold,0.0227,0.0201,0.289,0.0208,0.0182,0.0197,0.0202,0.0208,0.5483,0.02
2024-01-11,model_Portfolio,Hold,0.0226,0.0202,0.2883,0.0209,0.0181,0.0195,0.0196,0.0207,0.5498,0.0202
2024-01-12,model_Portfolio,Hold,0.0228,0.0208,0.2895,0.0209,0.0182,0.0195,0.0198,0.0209,0.5476,0.0201
2024-01-16,model_Portfolio,Hold,0.0228,0.0208,0.2901,0.0208,0.0176,0.0194,0.0199,0.021,0.5477,0.02
2024-01-17,model_Portfolio,Hold,0.0231,0.021,0.2935,0.0207,0.0175,0.0195,0.0195,0.021,0.5441,0.0201
2024-01-18,model_Portfolio,Hold,0.023,0.0212,0.2948,0.0209,0.0173,0.0194,0.0192,0.0212,0.5432,0.0198
2024-01-19,model_Portfolio,Hold,0.0229,0.0212,0.2943,0.0209,0.0171,0.0192,0.0193,0.0214,0.5442,0.0196
2024-01-22,model_Portfolio,Hold,0.0227,0.0214,0.2942,0.0208,0.0173,0.0192,0.0192,0.0213,0.5444,0.0196
2024-01-23,model_Portfolio,Hold,0.0241,0.0229,0.3132,0.0223,0.0184,0.0206,0.0202,0.0228,0.5147,0.0208
2024-01-24,model_Portfolio,Hold,0.0238,0.0232,0.3193,0.0227,0.019,0.0204,0.0203,0.0234,0.507,0.0209
2024-01-25,model_Portfolio,Hold,0.0237,0.023,0.3135,0.0225,0.0191,0.0206,0.0204,0.0235,0.5131,0.0207
2024-01-26,model_Portfolio,Hold,0.0236,0.0229,0.3145,0.0226,0.0191,0.0204,0.0205,0.0235,0.5123,0.0206
2024-01-29,model_Portfolio,Hold,0.0239,0.023,0.3116,0.0229,0.019,0.0203,0.0208,0.0237,0.514,0.0208
2024-01-30,model_Portfolio,Hold,0.0239,0.0229,0.316,0.0226,0.0193,0.0202,0.02,0.0234,0.5109,0.0207
2024-01-31,model_Portfolio,Hold,0.0242,0.0228,0.3161,0.0225,0.019,0.0203,0.0203,0.022,0.512,0.0209
2024-02-01,model_Portfolio,Hold,0.025,0.0237,0.2913,0.0235,0.019,0.021,0.0209,0.0226,0.5308,0.0222
2024-02-02,model_Portfolio,Hold,0.0245,0.0239,0.2944,0.0254,0.0187,0.0209,0.0208,0.0229,0.5263,0.0221
2024-02-05,model_Portfolio,Hold,0.0249,0.0242,0.2981,0.0257,0.0188,0.018,0.0206,0.0235,0.5242,0.022
2024-02-06,model_Portfolio,Hold,0.0252,0.0236,0.2978,0.0253,0.0191,0.0179,0.0204,0.0234,0.5255,0.0219
2024-02-07,model_Portfolio,Hold,0.0249,0.0236,0.3028,0.0253,0.019,0.0175,0.0201,0.0234,0.5219,0.0215
2024-02-08,model_Portfolio,Hold,0.0248,0.0238,0.3019,0.0253,0.019,0.018,0.0204,0.0236,0.5215,0.0216
2024-02-09,model_Portfolio,Hold,0.0247,0.0241,0.3026,0.026,0.0187,0.018,0.0201,0.0241,0.5202,0.0216
2024-02-12,model_Portfolio,Hold,0.0246,0.0235,0.3003,0.0254,0.0188,0.018,0.0202,0.0236,0.524,0.0216
2024-02-13,model_Portfolio,Hold,0.0247,0.0236,0.3034,0.0253,0.0186,0.0179,0.0196,0.0236,0.5214,0.0218
2024-02-14,model_Portfolio,Hold,0.0248,0.024,0.3057,0.0256,0.0186,0.0178,0.0196,0.0237,0.5183,0.0218
2024-02-15,model_Portfolio,Hold,0.0248,0.0237,0.3058,0.025,0.0193,0.0183,0.0204,0.0228,0.5186,0.0213
2024-02-16,model_Portfolio,Hold,0.0251,0.0238,0.3058,0.0252,0.0196,0.0185,0.0206,0.0227,0.5173,0.0215
2024-02-20,model_Portfolio,Hold,0.0256,0.0233,0.3046,0.0248,0.0192,0.0185,0.0204,0.0227,0.5192,0.0215
2024-02-21,model_Portfolio,Hold,0.0258,0.0231,0.3057,0.0249,0.0195,0.0185,0.0208,0.0229,0.5172,0.0216
2024-02-22,model_Portfolio,Hold,0.0259,0.0237,0.3053,0.0257,0.0186,0.0186,0.0206,0.023,0.517,0.0217
2024-02-23,model_Portfolio,Hold,0.0258,0.0239,0.3065,0.0256,0.0184,0.0186,0.0207,0.0228,0.516,0.0217
2024-02-26,model_Portfolio,Hold,0.0259,0.0241,0.3066,0.0258,0.0183,0.0185,0.0204,0.022,0.5166,0.0217
2024-02-27,model_Portfolio,Hold,0.0259,0.024,0.3068,0.0255,0.0185,0.0186,0.0207,0.0221,0.5162,0.0216
2024-02-28,model_Portfolio,Hold,0.0262,0.0241,0.3093,0.0255,0.0185,0.0188,0.0207,0.0218,0.5135,0.0218
2024-02-29,model_Portfolio,Hold,0.0257,0.0238,0.3083,0.0259,0.0183,0.0188,0.0212,0.022,0.5145,0.0216
2024-03-01,model_Portfolio,Hold,0.0258,0.0242,0.3077,0.0261,0.0187,0.019,0.0211,0.0218,0.5139,0.0216
2024-03-04,model_Portfolio,Hold,0.0262,0.0245,0.3068,0.0262,0.0185,0.0193,0.0216,0.0214,0.5144,0.0211
2024-03-05,model_Portfolio,Hold,0.0256,0.0239,0.3079,0.0254,0.0186,0.0192,0.021,0.021,0.5163,0.021
2024-03-06,model_Portfolio,Hold,0.0257,0.024,0.3113,0.0252,0.0186,0.0194,0.0208,0.0207,0.5126,0.0217
2024-03-07,model_Portfolio,Hold,0.0259,0.0243,0.3108,0.0256,0.0185,0.0195,0.0209,0.0211,0.5117,0.0217
2024-03-08,model_Portfolio,Hold,0.0258,0.0236,0.3082,0.0252,0.0186,0.0191,0.0212,0.0212,0.5155,0.0217
2024-03-11,model_Portfolio,Hold,0.0255,0.0232,0.3105,0.0246,0.0187,0.0195,0.0211,0.0214,0.5136,0.022
2024-03-12,model_Portfolio,Hold,0.025,0.023,0.3019,0.0245,0.0184,0.0187,0.0204,0.021,0.5255,0.0217
2024-03-13,model_Portfolio,Hold,0.024,0.0222,0.2954,0.0239,0.0184,0.0183,0.0196,0.0205,0.5365,0.0211
2024-03-14,model_Portfolio,Hold,0.0239,0.0223,0.2961,0.0243,0.0185,0.0183,0.0195,0.0211,0.5344,0.0217
2024-03-15,model_Portfolio,Hold,0.023,0.0218,0.2959,0.0235,0.018,0.018,0.0193,0.0206,0.5386,0.0213
2024-03-18,model_Portfolio,Hold,0.0224,0.0217,0.2963,0.0235,0.0182,0.0181,0.0192,0.0216,0.5375,0.0216
2024-03-19,model_Portfolio,Hold,0.0225,0.022,0.2949,0.0236,0.0186,0.0178,0.0192,0.0214,0.5385,0.0216
2024-03-20,model_Portfolio,Hold,0.0217,0.0217,0.292,0.0235,0.0186,0.0173,0.0193,0.0213,0.5433,0.0213
2024-03-21,model_Portfolio,Hold,0.0218,0.0198,0.293,0.0235,0.0188,0.0171,0.0197,0.0212,0.5437,0.0214
2024-03-22,model_Portfolio,Hold,0.0218,0.0195,0.2929,0.0239,0.0187,0.0173,0.0194,0.0218,0.5435,0.0211
2024-03-25,model_Portfolio,Hold,0.0219,0.0195,0.2972,0.0242,0.0195,0.0175,0.0197,0.0219,0.5373,0.0214
2024-03-26,model_Portfolio,Hold,0.0224,0.0198,0.3013,0.0243,0.0187,0.0177,0.0196,0.0222,0.5323,0.0216
2024-03-27,model_Portfolio,Hold,0.0225,0.0198,0.2991,0.0241,0.0189,0.0178,0.02,0.0219,0.5343,0.0216
2024-03-28,model_Portfolio,Hold,0.0223,0.0199,0.2971,0.0239,0.0191,0.0177,0.02,0.0217,0.5368,0.0213
2024-04-01,model_Portfolio,Hold,0.0214,0.0189,0.2862,0.0233,0.0191,0.0173,0.0189,0.0217,0.5525,0.0205
2024-04-02,model_Portfolio,Hold,0.0216,0.019,0.2879,0.0235,0.0192,0.0172,0.0189,0.0218,0.5504,0.0206
2024-04-03,model_Portfolio,Hold,0.0214,0.0187,0.2881,0.0237,0.0191,0.0172,0.0188,0.0218,0.5512,0.0201
2024-04-04,model_Portfolio,Hold,0.0216,0.019,0.2912,0.0238,0.0196,0.0173,0.019,0.0216,0.5466,0.0203
2024-04-05,model_Portfolio,Hold,0.0216,0.0189,0.2923,0.0243,0.0196,0.0173,0.0192,0.0217,0.5449,0.0201
2024-04-08,model_Portfolio,Hold,0.0214,0.0188,0.29,0.0242,0.0192,0.0171,0.0194,0.022,0.5478,0.0202
2024-04-09,model_Portfolio,Hold,0.0218,0.019,0.2837,0.0243,0.0191,0.0173,0.0199,0.0222,0.5525,0.0203
2024-04-10,model_Portfolio,Hold,0.0216,0.0185,0.2837,0.0244,0.0192,0.0171,0.0189,0.0222,0.5543,0.0202
2024-04-11,model_Portfolio,Hold,0.0218,0.0187,0.2744,0.025,0.019,0.0172,0.0192,0.0229,0.5616,0.0202
2024-04-12,model_Portfolio,Hold,0.0217,0.0184,0.2799,0.0249,0.0189,0.0171,0.0191,0.0229,0.5569,0.0202
2024-04-15,model_Portfolio,Hold,0.0217,0.0183,0.2804,0.0246,0.0186,0.0171,0.0187,0.0225,0.5579,0.0202
2024-04-16,model_Portfolio,Hold,0.0218,0.0183,0.2816,0.0246,0.0183,0.0169,0.0184,0.0225,0.5575,0.0202
2024-04-17,model_Portfolio,Hold,0.0212,0.0184,0.2815,0.0244,0.0182,0.017,0.0183,0.0227,0.558,0.0204
2024-04-18,model_Portfolio,Hold,0.0209,0.0184,0.2823,0.024,0.0181,0.0172,0.0182,0.0226,0.5578,0.0203
2024-04-19,model_Portfolio,Hold,0.0211,0.0182,0.2866,0.0231,0.018,0.0169,0.0179,0.0221,0.5557,0.0205
2024-04-22,model_Portfolio,Hold,0.0209,0.0182,0.2862,0.0233,0.018,0.017,0.0183,0.0223,0.5552,0.0206
2024-04-23,model_Portfolio,Hold,0.021,0.0181,0.286,0.0235,0.0177,0.0169,0.0183,0.0225,0.5554,0.0207
2024-04-24,model_Portfolio,Hold,0.0209,0.018,0.2891,0.0232,0.0178,0.017,0.0184,0.0227,0.5521,0.0208
2024-04-25,model_Portfolio,Hold,0.021,0.0178,0.2891,0.023,0.0181,0.0172,0.0182,0.0224,0.552,0.0212
2024-04-26,model_Portfolio,Hold,0.0211,0.0177,0.2872,0.0237,0.018,0.0172,0.0179,0.0246,0.5517,0.0211
2024-04-29,model_Portfolio,Hold,0.0209,0.0173,0.2889,0.0237,0.0181,0.0172,0.0183,0.0236,0.5508,0.0212
2024-04-30,model_Portfolio,Hold,0.0203,0.0168,0.2802,0.0225,0.017,0.0168,0.0174,0.0227,0.5655,0.0207
2024-05-01,model_Portfolio,Hold,0.02,0.0165,0.2792,0.0227,0.0163,0.0166,0.0173,0.0225,0.5685,0.0204
2024-05-02,model_Portfolio,Hold,0.0202,0.0167,0.2803,0.0236,0.0157,0.0172,0.0177,0.0231,0.5647,0.0207
2024-05-03,model_Portfolio,Hold,0.0201,0.0169,0.2775,0.0238,0.0158,0.0174,0.0181,0.0232,0.5667,0.0205
2024-05-06,model_Portfolio,Hold,0.02,0.017,0.2818,0.0241,0.0161,0.0174,0.0179,0.0233,0.5619,0.0204
2024-05-07,model_Portfolio,Hold,0.0202,0.0173,0.2831,0.0242,0.0164,0.0176,0.018,0.0238,0.5586,0.0207
2024-05-08,model_Portfolio,Hold,0.0199,0.0173,0.2823,0.024,0.0164,0.0174,0.0177,0.0235,0.5608,0.0208
2024-05-09,model_Portfolio,Hold,0.0197,0.0169,0.2817,0.024,0.0165,0.0175,0.0179,0.0233,0.5617,0.0208
2024-05-10,model_Portfolio,Hold,0.0195,0.0167,0.2809,0.0235,0.016,0.0173,0.0178,0.0229,0.5647,0.0207
2024-05-13,model_Portfolio,Hold,0.0194,0.0167,0.2793,0.0233,0.0159,0.0172,0.0176,0.0229,0.5669,0.0207
2024-05-14,model_Portfolio,Hold,0.0192,0.0166,0.2795,0.0232,0.0158,0.017,0.018,0.023,0.5668,0.0208
2024-05-15,model_Portfolio,Hold,0.0191,0.0165,0.2801,0.0228,0.0158,0.0171,0.018,0.023,0.5669,0.0207
2024-05-16,model_Portfolio,Hold,0.0188,0.0161,0.2737,0.0221,0.0155,0.0171,0.0175,0.0228,0.576,0.0204
2024-05-17,model_Portfolio,Hold,0.0185,0.0158,0.2757,0.0221,0.0156,0.0174,0.0174,0.0229,0.5744,0.0203
2024-05-20,model_Portfolio,Hold,0.0184,0.016,0.2742,0.022,0.0156,0.0176,0.0174,0.023,0.5755,0.0203
2024-05-21,model_Portfolio,Hold,0.0186,0.016,0.2783,0.0222,0.0157,0.0177,0.0175,0.0234,0.5699,0.0207
2024-05-22,model_Portfolio,Hold,0.0191,0.0163,0.2811,0.0224,0.0155,0.0179,0.0176,0.0234,0.5659,0.0209
2024-05-23,model_Portfolio,Hold,0.0192,0.0165,0.2817,0.0224,0.0154,0.018,0.0172,0.0233,0.5656,0.0208
2024-05-24,model_Portfolio,Hold,0.0191,0.0162,0.2836,0.0223,0.0153,0.018,0.0171,0.0234,0.5644,0.0207
2024-05-28,model_Portfolio,Hold,0.0188,0.0161,0.2842,0.0226,0.0156,0.0181,0.017,0.0238,0.5629,0.0208
2024-05-29,model_Portfolio,Hold,0.0188,0.016,0.2863,0.0228,0.0154,0.018,0.0169,0.0239,0.5611,0.0208
2024-05-30,model_Portfolio,Hold,0.0188,0.0154,0.2873,0.0223,0.0156,0.0179,0.017,0.0233,0.5615,0.0209
2024-05-31,model_Portfolio,Hold,0.0186,0.015,0.2881,0.0216,0.0157,0.018,0.017,0.0229,0.5622,0.0208
2024-06-03,model_Portfolio,Hold,0.0188,0.0151,0.2865,0.0219,0.0153,0.0184,0.0169,0.0231,0.563,0.0211
2024-06-04,model_Portfolio,Hold,0.0191,0.0155,0.2862,0.0222,0.0151,0.0185,0.0171,0.0234,0.5614,0.0214
2024-06-05,model_Portfolio,Hold,0.019,0.0156,0.2862,0.0224,0.0151,0.0184,0.0168,0.0235,0.5617,0.0212
2024-06-06,model_Portfolio,Hold,0.0192,0.0157,0.2872,0.0229,0.0153,0.0185,0.0169,0.0238,0.5591,0.0213
2024-06-07,model_Portfolio,Hold,0.0195,0.0153,0.2839,0.0225,0.0148,0.0188,0.0164,0.0231,0.5647,0.021
2024-06-10,model_Portfolio,Hold,0.0195,0.0154,0.2831,0.0228,0.0152,0.019,0.0163,0.0232,0.5645,0.0209
2024-06-11,model_Portfolio,Hold,0.0192,0.0156,0.2801,0.0228,0.0153,0.0189,0.0162,0.0234,0.5676,0.0209
2024-06-12,model_Portfolio,Hold,0.0189,0.0152,0.2819,0.0228,0.0151,0.019,0.0165,0.0235,0.5665,0.0206
2024-06-13,model_Portfolio,Hold,0.0188,0.015,0.2797,0.0225,0.0147,0.0192,0.0167,0.0232,0.5695,0.0206
2024-06-14,model_Portfolio,Hold,0.0189,0.0153,0.2803,0.0226,0.0144,0.0187,0.0167,0.0236,0.569,0.0205
2024-06-17,model_Portfolio,Hold,0.0189,0.0152,0.283,0.0226,0.0145,0.0185,0.0166,0.0236,0.5665,0.0207
2024-06-18,model_Portfolio,Hold,0.0189,0.0152,0.285,0.0223,0.0144,0.0185,0.0165,0.0232,0.5652,0.0206
2024-06-20,model_Portfolio,Hold,0.0192,0.0161,0.2847,0.0225,0.0144,0.0182,0.0163,0.0232,0.5647,0.0207
2024-06-21,model_Portfolio,Hold,0.0189,0.0162,0.2831,0.0228,0.0143,0.0181,0.0164,0.0235,0.566,0.0207
2024-06-24,model_Portfolio,Hold,0.0187,0.016,0.2837,0.0222,0.0148,0.0179,0.0165,0.0233,0.5659,0.0209
2024-06-25,model_Portfolio,Hold,0.0189,0.0161,0.2842,0.0224,0.0147,0.0178,0.0164,0.0241,0.5643,0.0211
2024-06-26,model_Portfolio,Hold,0.0189,0.0161,0.2834,0.0234,0.0146,0.0176,0.0164,0.0242,0.5642,0.0211
2024-06-27,model_Portfolio,Hold,0.0187,0.0158,0.2804,0.0237,0.0147,0.0174,0.0163,0.0242,0.5682,0.0205
2024-06-28,model_Portfolio,Hold,0.0186,0.0159,0.2825,0.0233,0.015,0.0172,0.0167,0.0239,0.5661,0.0207
2024-07-01,model_Portfolio,Hold,0.0187,0.016,0.2845,0.024,0.0152,0.0167,0.0167,0.0242,0.5628,0.0211
2024-07-02,model_Portfolio,Hold,0.0186,0.016,0.2834,0.0242,0.015,0.0169,0.0168,0.0243,0.564,0.021
2024-07-03,model_Portfolio,Hold,0.0184,0.0161,0.2827,0.0239,0.015,0.017,0.0168,0.0244,0.5647,0.0209
2024-07-05,model_Portfolio,Hold,0.0187,0.0158,0.283,0.0242,0.0146,0.017,0.0168,0.0251,0.5638,0.021
2024-07-08,model_Portfolio,Hold,0.0185,0.0158,0.2822,0.0242,0.0148,0.0172,0.0168,0.025,0.5644,0.0211
2024-07-09,model_Portfolio,Hold,0.0185,0.0159,0.2854,0.0244,0.0149,0.0173,0.0168,0.0251,0.5602,0.0215
2024-07-10,model_Portfolio,Hold,0.0185,0.0155,0.2849,0.0241,0.0146,0.0171,0.0167,0.025,0.5623,0.0213
2024-07-11,model_Portfolio,Hold,0.0184,0.0154,0.2871,0.0231,0.0149,0.017,0.0175,0.0239,0.5617,0.021
2024-07-12,model_Portfolio,Hold,0.0182,0.016,0.286,0.0229,0.0149,0.0171,0.0176,0.0237,0.5625,0.0212
2024-07-15,model_Portfolio,Hold,0.0182,0.0164,0.2894,0.0228,0.0157,0.0171,0.0178,0.024,0.5575,0.0212
2024-07-16,model_Portfolio,Hold,0.0181,0.0167,0.2886,0.0227,0.0157,0.0175,0.0178,0.0235,0.5581,0.0213
2024-07-17,model_Portfolio,Hold,0.0182,0.0166,0.2875,0.0219,0.0158,0.0175,0.0178,0.0229,0.56,0.0217
2024-07-18,model_Portfolio,Hold,0.0175,0.0168,0.2896,0.0215,0.0159,0.0174,0.0175,0.0226,0.5594,0.0218
2024-07-19,model_Portfolio,Hold,0.018,0.0169,0.2867,0.0216,0.0159,0.0172,0.0175,0.0227,0.5616,0.0219
2024-07-22,model_Portfolio,Hold,0.0181,0.0169,0.2887,0.0213,0.0155,0.0161,0.0174,0.023,0.5615,0.0217
2024-07-23,model_Portfolio,Hold,0.0181,0.0169,0.2887,0.0218,0.0152,0.0166,0.0168,0.0231,0.5613,0.0216
2024-07-24,model_Portfolio,Hold,0.0189,0.0169,0.2912,0.0213,0.0152,0.0171,0.0161,0.0221,0.5592,0.0219
2024-07-25,model_Portfolio,Hold,0.0187,0.017,0.291,0.0212,0.0157,0.0169,0.0162,0.0214,0.5598,0.0221
2024-07-26,model_Portfolio,Hold,0.0164,0.015,0.259,0.019,0.0138,0.0151,0.0147,0.0189,0.6083,0.0198
2024-07-29,model_Portfolio,Hold,0.0165,0.015,0.2609,0.0193,0.0138,0.0155,0.0146,0.0194,0.6049,0.02
2024-07-30,model_Portfolio,Hold,0.0164,0.015,0.2605,0.0189,0.0137,0.0153,0.0147,0.0193,0.6063,0.0198
2024-07-31,model_Portfolio,Hold,0.0164,0.015,0.2595,0.0194,0.0138,0.0152,0.0144,0.0193,0.6078,0.0192
2024-08-01,model_Portfolio,Hold,0.0169,0.0147,0.2729,0.0188,0.0135,0.0164,0.0139,0.019,0.5946,0.0193
2024-08-02,model_Portfolio,Hold,0.0173,0.0147,0.2707,0.0175,0.0126,0.0163,0.014,0.0188,0.5982,0.02
2024-08-05,model_Portfolio,Hold,0.0171,0.0144,0.2684,0.017,0.0124,0.0163,0.014,0.0182,0.6027,0.0196
2024-08-06,model_Portfolio,Hold,0.0171,0.0146,0.2707,0.017,0.0121,0.0162,0.0143,0.018,0.6005,0.0195
2024-08-07,model_Portfolio,Hold,0.0174,0.0147,0.2748,0.0172,0.0121,0.0163,0.014,0.0182,0.5954,0.0199
2024-08-08,model_Portfolio,Hold,0.017,0.0143,0.2745,0.0172,0.0125,0.0161,0.0139,0.0183,0.5964,0.0197
2024-08-09,model_Portfolio,Hold,0.0169,0.0144,0.2764,0.0174,0.0125,0.0161,0.014,0.0185,0.5939,0.0198
2024-08-12,model_Portfolio,Hold,0.0169,0.0144,0.2776,0.0175,0.013,0.0159,0.0138,0.0184,0.5927,0.0198
2024-08-13,model_Portfolio,Hold,0.0167,0.0144,0.2757,0.0176,0.0127,0.0159,0.0139,0.0184,0.5948,0.0199
2024-08-14,model_Portfolio,Hold,0.0169,0.0144,0.2759,0.0175,0.0126,0.0158,0.0138,0.0179,0.5954,0.0198
2024-08-15,model_Portfolio,Hold,0.0169,0.0145,0.2745,0.0181,0.0128,0.0155,0.0139,0.0179,0.5962,0.0195
2024-08-16,model_Portfolio,Hold,0.0168,0.0145,0.2789,0.018,0.0126,0.0156,0.0138,0.018,0.5922,0.0196
2024-08-19,model_Portfolio,Hold,0.0169,0.0146,0.2795,0.0181,0.0126,0.0154,0.0139,0.0183,0.5911,0.0196
2024-08-20,model_Portfolio,Hold,0.0168,0.0146,0.278,0.0181,0.0122,0.0154,0.0138,0.0184,0.5932,0.0196
2024-08-21,model_Portfolio,Hold,0.0167,0.0146,0.2779,0.018,0.0119,0.0153,0.0137,0.018,0.5942,0.0195
2024-08-22,model_Portfolio,Hold,0.0168,0.0145,0.2813,0.0176,0.0119,0.0153,0.014,0.0178,0.5913,0.0195
2024-08-23,model_Portfolio,Hold,0.0167,0.0144,0.2798,0.0175,0.012,0.0152,0.0142,0.0178,0.593,0.0195
2024-08-26,model_Portfolio,Hold,0.0165,0.0144,0.2774,0.0172,0.0121,0.0152,0.0141,0.0177,0.5961,0.0194
2024-08-27,model_Portfolio,Hold,0.0166,0.0146,0.2784,0.017,0.0119,0.0152,0.014,0.0176,0.5952,0.0196
2024-08-28,model_Portfolio,Hold,0.0165,0.0144,0.2805,0.0167,0.0119,0.015,0.0138,0.0173,0.5943,0.0196
2024-08-29,model_Portfolio,Hold,0.0164,0.0144,0.2802,0.0167,0.0121,0.0149,0.0135,0.017,0.5952,0.0195
2024-08-30,model_Portfolio,Hold,0.0163,0.0143,0.279,0.0171,0.0116,0.0149,0.0136,0.017,0.5967,0.0194
2024-09-03,model_Portfolio,Hold,0.0168,0.0147,0.2819,0.0173,0.0111,0.015,0.0138,0.0168,0.5926,0.02
2024-09-04,model_Portfolio,Hold,0.0166,0.0146,0.2831,0.0169,0.0107,0.0148,0.0135,0.0165,0.5932,0.02
2024-09-05,model_Portfolio,Hold,0.0165,0.0146,0.2825,0.0174,0.0108,0.0149,0.0136,0.0167,0.5931,0.02
2024-09-06,model_Portfolio,Hold,0.0169,0.0148,0.2853,0.017,0.0107,0.0149,0.0137,0.0163,0.5904,0.0201
2024-09-09,model_Portfolio,Hold,0.0173,0.0148,0.2861,0.0174,0.0105,0.0151,0.0139,0.0161,0.5886,0.0202
2024-09-10,model_Portfolio,Hold,0.0173,0.015,0.282,0.0177,0.01,0.0151,0.014,0.016,0.5928,0.0201
2024-09-11,model_Portfolio,Hold,0.0172,0.0151,0.2796,0.0182,0.0099,0.0153,0.0141,0.0163,0.5944,0.0198
2024-09-12,model_Portfolio,Hold,0.0171,0.015,0.2783,0.0183,0.0099,0.0152,0.0141,0.0165,0.5963,0.0194
2024-09-13,model_Portfolio,Hold,0.0169,0.0148,0.2778,0.0181,0.0099,0.0153,0.0143,0.0166,0.5969,0.0194
2024-09-16,model_Portfolio,Hold,0.0169,0.0149,0.2787,0.0178,0.01,0.0154,0.0142,0.0165,0.5967,0.0191
2024-09-17,model_Portfolio,Hold,0.0171,0.0142,0.279,0.0181,0.0104,0.0156,0.0142,0.0168,0.596,0.0187
2024-09-18,model_Portfolio,Hold,0.0167,0.0142,0.2783,0.0181,0.0103,0.0155,0.0142,0.0169,0.5969,0.0188
2024-09-19,model_Portfolio,Hold,0.0166,0.0142,0.2757,0.0184,0.0105,0.0155,0.014,0.0171,0.5993,0.0187
2024-09-20,model_Portfolio,Hold,0.0164,0.0142,0.2746,0.0185,0.0103,0.0155,0.0139,0.0172,0.6008,0.0187
2024-09-23,model_Portfolio,Hold,0.0164,0.0142,0.2771,0.0185,0.0103,0.0155,0.0138,0.0168,0.5986,0.0187
2024-09-24,model_Portfolio,Hold,0.0161,0.0141,0.2734,0.0184,0.0102,0.0156,0.014,0.0168,0.6025,0.0187
2024-09-25,model_Portfolio,Hold,0.016,0.014,0.2754,0.0183,0.01,0.0157,0.014,0.0167,0.6011,0.0187
2024-09-26,model_Portfolio,Hold,0.0158,0.0146,0.2727,0.018,0.0093,0.0157,0.0135,0.0166,0.6053,0.0184
2024-09-27,model_Portfolio,Hold,0.0159,0.0145,0.2762,0.0178,0.0099,0.0158,0.0136,0.0169,0.6008,0.0186
2024-09-30,model_Portfolio,Hold,0.0161,0.0146,0.2791,0.0177,0.0098,0.0157,0.0135,0.0171,0.5979,0.0186
2024-10-01,model_Portfolio,Hold,0.016,0.0145,0.2805,0.0175,0.0103,0.0154,0.0132,0.0171,0.597,0.0185
2024-10-02,model_Portfolio,Hold,0.0161,0.0148,0.2851,0.0175,0.0104,0.0154,0.0132,0.0171,0.5922,0.0184
2024-10-03,model_Portfolio,Hold,0.016,0.015,0.2848,0.0173,0.0107,0.0152,0.0132,0.0172,0.5924,0.0183
2024-10-04,model_Portfolio,Hold,0.0159,0.015,0.287,0.0176,0.0108,0.0151,0.013,0.0172,0.5902,0.0182
2024-10-07,model_Portfolio,Hold,0.0162,0.0149,0.2814,0.0173,0.0109,0.0167,0.013,0.0169,0.5944,0.0183
2024-10-08,model_Portfolio,Hold,0.0163,0.015,0.2827,0.0174,0.0106,0.0166,0.013,0.0171,0.5931,0.0181
2024-10-09,model_Portfolio,Hold,0.0166,0.0152,0.2795,0.0177,0.0107,0.0168,0.0131,0.0168,0.5953,0.0184
2024-10-10,model_Portfolio,Hold,0.0166,0.0152,0.2823,0.0179,0.011,0.0169,0.0132,0.0169,0.5916,0.0183
2024-10-11,model_Portfolio,Hold,0.0165,0.015,0.2835,0.0179,0.0109,0.0168,0.0134,0.0169,0.5909,0.0182
2024-10-14,model_Portfolio,Hold,0.0165,0.0151,0.2835,0.0177,0.0107,0.0169,0.0135,0.0169,0.5911,0.0181
2024-10-15,model_Portfolio,Hold,0.0165,0.0153,0.2834,0.0177,0.01,0.0171,0.0137,0.017,0.5914,0.0181
2024-10-16,model_Portfolio,Hold,0.0166,0.0154,0.2832,0.0176,0.0099,0.0172,0.0138,0.0169,0.5915,0.0181
2024-10-17,model_Portfolio,Hold,0.0167,0.0155,0.2851,0.0176,0.01,0.0173,0.0137,0.0167,0.5895,0.018
2024-10-18,model_Portfolio,Hold,0.0169,0.0156,0.2847,0.0178,0.0101,0.0175,0.0138,0.0168,0.5888,0.018
2024-10-21,model_Portfolio,Hold,0.0167,0.0157,0.2822,0.018,0.0101,0.0176,0.0136,0.017,0.5913,0.0179
2024-10-22,model_Portfolio,Hold,0.0168,0.0157,0.285,0.0183,0.0104,0.0178,0.0136,0.0173,0.5865,0.0185
2024-10-23,model_Portfolio,Hold,0.0173,0.016,0.2902,0.0181,0.0103,0.0179,0.0141,0.0174,0.5799,0.0188
2024-10-24,model_Portfolio,Hold,0.0173,0.0158,0.292,0.0184,0.0105,0.0178,0.0138,0.0175,0.5778,0.019
2024-10-25,model_Portfolio,Hold,0.0172,0.0159,0.2904,0.0189,0.0107,0.0179,0.0136,0.0181,0.5783,0.0192
2024-10-28,model_Portfolio,Hold,0.0168,0.0155,0.2832,0.0184,0.01,0.0174,0.0132,0.0178,0.5888,0.0189
2024-10-29,model_Portfolio,Hold,0.0167,0.0157,0.2849,0.0188,0.0098,0.0173,0.0131,0.0181,0.5866,0.0189
2024-10-30,model_Portfolio,Hold,0.017,0.0151,0.2871,0.0191,0.01,0.0173,0.0134,0.0188,0.583,0.0192
2024-10-31,model_Portfolio,Hold,0.017,0.0151,0.276,0.0186,0.0101,0.0174,0.0134,0.0186,0.5929,0.0209
2024-11-01,model_Portfolio,Hold,0.0179,0.0152,0.2771,0.0199,0.01,0.0174,0.0133,0.0187,0.5898,0.0208
2024-11-04,model_Portfolio,Hold,0.0179,0.0153,0.2785,0.0198,0.0102,0.0173,0.0137,0.0186,0.5877,0.0209
2024-11-05,model_Portfolio,Hold,0.0178,0.0152,0.2795,0.02,0.0102,0.0172,0.0137,0.0186,0.5869,0.0209
2024-11-06,model_Portfolio,Hold,0.0169,0.015,0.2752,0.0199,0.0102,0.0165,0.013,0.0185,0.5948,0.0201
2024-11-07,model_Portfolio,Hold,0.0168,0.0153,0.2742,0.0203,0.0091,0.0169,0.0132,0.019,0.5951,0.0199
2024-11-08,model_Portfolio,Hold,0.0168,0.015,0.2743,0.02,0.009,0.0168,0.0131,0.0187,0.5963,0.02
2024-11-11,model_Portfolio,Hold,0.0169,0.0151,0.2799,0.0199,0.0092,0.0169,0.0128,0.0189,0.5906,0.0199
2024-11-12,model_Portfolio,Hold,0.017,0.0154,0.2836,0.0203,0.0091,0.0169,0.0126,0.0192,0.5854,0.0203
2024-11-13,model_Portfolio,Hold,0.0168,0.0157,0.2815,0.0207,0.0091,0.0169,0.0126,0.0188,0.5872,0.0205
2024-11-14,model_Portfolio,Hold,0.0167,0.0154,0.2792,0.0204,0.0094,0.0171,0.0125,0.0185,0.5903,0.0206
2024-11-15,model_Portfolio,Hold,0.0169,0.0151,0.285,0.0197,0.0093,0.0172,0.0123,0.0182,0.5854,0.0209
2024-11-18,model_Portfolio,Hold,0.0171,0.015,0.2855,0.0195,0.0093,0.0177,0.0122,0.0184,0.5843,0.0209
2024-11-19,model_Portfolio,Hold,0.0172,0.0152,0.2864,0.02,0.0092,0.0179,0.0122,0.019,0.5819,0.021
2024-11-20,model_Portfolio,Hold,0.0171,0.0154,0.2862,0.0199,0.0093,0.018,0.0123,0.0188,0.582,0.0211
2024-11-21,model_Portfolio,Hold,0.0173,0.0155,0.2898,0.0194,0.0094,0.018,0.0124,0.0179,0.5791,0.0211
2024-11-22,model_Portfolio,Hold,0.0172,0.0153,0.2895,0.0192,0.0095,0.0181,0.0126,0.0174,0.58,0.0212
2024-11-25,model_Portfolio,Hold,0.0171,0.0152,0.2881,0.0194,0.0094,0.018,0.0129,0.0175,0.5816,0.021
2024-11-26,model_Portfolio,Hold,0.0168,0.0151,0.2859,0.0197,0.0092,0.0177,0.0127,0.0174,0.5846,0.0209
2024-11-27,model_Portfolio,Hold,0.017,0.0151,0.2867,0.0195,0.0092,0.0177,0.0126,0.0175,0.5838,0.021
2024-11-29,model_Portfolio,Hold,0.0169,0.015,0.2851,0.0196,0.0092,0.0177,0.0125,0.0174,0.5857,0.021
2024-12-02,model_Portfolio,Hold,0.0167,0.0151,0.2813,0.0201,0.0091,0.0179,0.0125,0.0178,0.5884,0.0209
2024-12-03,model_Portfolio,Hold,0.017,0.0151,0.2751,0.0208,0.0094,0.018,0.0126,0.0181,0.5927,0.0213
2024-12-04,model_Portfolio,Hold,0.017,0.0154,0.2763,0.0213,0.0093,0.0179,0.0123,0.0185,0.5909,0.0212
2024-12-05,model_Portfolio,Hold,0.0167,0.0151,0.2743,0.0212,0.009,0.0173,0.0121,0.0181,0.5952,0.021
2024-12-06,model_Portfolio,Hold,0.0167,0.0153,0.2735,0.0219,0.0089,0.0172,0.012,0.0183,0.595,0.0212
2024-12-09,model_Portfolio,Hold,0.0168,0.0154,0.2713,0.0221,0.0093,0.0173,0.0125,0.0186,0.5957,0.0209
2024-12-10,model_Portfolio,Hold,0.0171,0.0157,0.2717,0.0222,0.0094,0.0174,0.0123,0.0199,0.5934,0.021
2024-12-11,model_Portfolio,Hold,0.0169,0.0157,0.2715,0.0227,0.0095,0.0172,0.0122,0.0209,0.5928,0.0207
2024-12-12,model_Portfolio,Hold,0.0168,0.0156,0.272,0.0225,0.0097,0.0171,0.0121,0.0206,0.5928,0.0208
2024-12-13,model_Portfolio,Hold,0.0168,0.0155,0.2721,0.0224,0.0097,0.0172,0.0121,0.0203,0.5932,0.0207
2024-12-16,model_Portfolio,Hold,0.0167,0.0155,0.2713,0.023,0.0093,0.0169,0.012,0.0212,0.5934,0.0207
2024-12-17,model_Portfolio,Hold,0.017,0.0156,0.2713,0.0231,0.009,0.017,0.0122,0.0212,0.5929,0.0207
2024-12-18,model_Portfolio,Hold,0.0171,0.0156,0.2709,0.0225,0.0091,0.0168,0.012,0.0209,0.5942,0.0209
2024-12-19,model_Portfolio,Hold,0.017,0.0165,0.2703,0.0225,0.0089,0.0165,0.0118,0.0207,0.5952,0.0205
2024-12-20,model_Portfolio,Hold,0.017,0.016,0.27,0.0223,0.009,0.0164,0.0118,0.0207,0.5962,0.0205
2024-12-23,model_Portfolio,Hold,0.0171,0.0157,0.2705,0.0224,0.0092,0.0163,0.0118,0.0211,0.5955,0.0205
2024-12-24,model_Portfolio,Hold,0.017,0.0157,0.2695,0.0226,0.0093,0.0163,0.0117,0.0211,0.5967,0.0202
2024-12-26,model_Portfolio,Hold,0.017,0.0155,0.2693,0.0223,0.0092,0.0162,0.0117,0.0209,0.5976,0.0202
2024-12-27,model_Portfolio,Hold,0.0171,0.0154,0.2703,0.0221,0.0094,0.0162,0.0116,0.0207,0.5969,0.0203
2024-12-30,model_Portfolio,Hold,0.0169,0.0154,0.2711,0.022,0.0096,0.0161,0.0116,0.0207,0.5963,0.0203
2024-12-31,model_Portfolio,Hold,0.0169,0.0153,0.272,0.0218,0.0098,0.0161,0.0118,0.0205,0.5954,0.0203
2025-01-02,model_Portfolio,Rebalance,0.02,0.02,0.82,0.02,0.02,0.02,0.02,0.02,0.02,0.02
2025-01-03,model_Portfolio,Hold,0.0199,0.0201,0.8198,0.0202,0.0199,0.0199,0.0202,0.0201,0.0199,0.0201
2025-01-06,model_Portfolio,Hold,0.02,0.0202,0.8177,0.0207,0.0203,0.0201,0.0201,0.0209,0.0201,0.0199
2025-01-07,model_Portfolio,Hold,0.0199,0.0203,0.8193,0.0201,0.0201,0.0201,0.0199,0.0205,0.0204,0.0195
2025-01-08,model_Portfolio,Hold,0.0199,0.0203,0.8201,0.02,0.02,0.0199,0.0197,0.0203,0.0205,0.0194
2025-01-10,model_Portfolio,Hold,0.02,0.0203,0.8179,0.0201,0.0205,0.0209,0.0197,0.0205,0.0205,0.0196
2025-01-13,model_Portfolio,Hold,0.0199,0.02,0.8183,0.0198,0.0208,0.0212,0.02,0.0201,0.0207,0.0193
2025-01-14,model_Portfolio,Hold,0.0197,0.0197,0.819,0.0195,0.021,0.0214,0.0198,0.0198,0.0209,0.0193
2025-01-15,model_Portfolio,Hold,0.0192,0.0196,0.8194,0.0198,0.0212,0.0212,0.0197,0.0202,0.0207,0.019
2025-01-16,model_Portfolio,Hold,0.0195,0.0195,0.8204,0.0194,0.0208,0.0213,0.0198,0.0197,0.0207,0.0188
2025-01-17,model_Portfolio,Hold,0.0193,0.0195,0.82,0.0197,0.0201,0.0216,0.0201,0.0199,0.0209,0.019
2025-01-21,model_Portfolio,Hold,0.0199,0.0197,0.8183,0.0201,0.0195,0.0217,0.0202,0.0201,0.0217,0.0188
2025-01-22,model_Portfolio,Hold,0.0204,0.0202,0.8152,0.0208,0.0197,0.0218,0.0201,0.0204,0.0224,0.0189
2025-01-23,model_Portfolio,Hold,0.0212,0.0203,0.8138,0.0208,0.0198,0.0222,0.02,0.0203,0.0224,0.019
2025-01-24,model_Portfolio,Hold,0.0214,0.0202,0.8135,0.0207,0.0195,0.0225,0.0202,0.0205,0.0223,0.0192
2025-01-27,model_Portfolio,Hold,0.0216,0.0203,0.817,0.0202,0.0191,0.0217,0.0197,0.0191,0.022,0.0192
2025-01-28,model_Portfolio,Hold,0.0214,0.0207,0.8164,0.0206,0.0192,0.0219,0.0189,0.0196,0.0222,0.019
2025-01-29,model_Portfolio,Hold,0.0215,0.0204,0.8174,0.0204,0.019,0.0219,0.0186,0.0196,0.0222,0.019
2025-01-30,model_Portfolio,Hold,0.0215,0.0207,0.8173,0.0201,0.0187,0.0223,0.0185,0.02,0.0224,0.0185
2025-01-31,model_Portfolio,Hold,0.0215,0.021,0.816,0.0205,0.018,0.0225,0.0189,0.0204,0.0223,0.0189
2025-02-03,model_Portfolio,Hold,0.0217,0.0212,0.8159,0.0206,0.0177,0.0228,0.0185,0.0203,0.0221,0.0192
2025-02-04,model_Portfolio,Hold,0.0218,0.0215,0.8143,0.0209,0.0184,0.0226,0.0184,0.0208,0.0223,0.0191
2025-02-05,model_Portfolio,Hold,0.0222,0.0218,0.8157,0.0204,0.0182,0.0223,0.0189,0.0192,0.0223,0.019
2025-02-06,model_Portfolio,Hold,0.0223,0.0219,0.8112,0.0213,0.0184,0.0228,0.0195,0.0199,0.0231,0.0197
2025-02-07,model_Portfolio,Hold,0.0225,0.0218,0.8145,0.0204,0.0184,0.0215,0.0193,0.0192,0.0227,0.0197
2025-02-10,model_Portfolio,Hold,0.023,0.022,0.8111,0.0209,0.0196,0.0216,0.0193,0.0194,0.0228,0.0202
2025-02-11,model_Portfolio,Hold,0.0229,0.0221,0.8115,0.0208,0.0198,0.0215,0.0192,0.0193,0.0228,0.0202
2025-02-12,model_Portfolio,Hold,0.0228,0.0221,0.8129,0.0205,0.0191,0.0216,0.0193,0.0191,0.0226,0.02
2025-02-13,model_Portfolio,Hold,0.0228,0.0219,0.8136,0.0204,0.019,0.0217,0.0192,0.0192,0.0224,0.0199
2025-02-14,model_Portfolio,Hold,0.0227,0.0219,0.8126,0.0204,0.0196,0.0219,0.0191,0.0192,0.0226,0.0199
2025-02-18,model_Portfolio,Hold,0.0225,0.0217,0.8139,0.0201,0.0199,0.0218,0.0191,0.0189,0.0225,0.0196
2025-02-19,model_Portfolio,Hold,0.0226,0.0217,0.8143,0.0199,0.0197,0.0217,0.0189,0.0189,0.0225,0.0196
2025-02-20,model_Portfolio,Hold,0.0229,0.0215,0.8144,0.0196,0.0198,0.0215,0.019,0.0189,0.0224,0.0201
2025-02-21,model_Portfolio,Hold,0.0236,0.0207,0.8139,0.0195,0.0195,0.0216,0.0194,0.0188,0.0222,0.0207
2025-02-24,model_Portfolio,Hold,0.0233,0.0204,0.8167,0.0188,0.0193,0.0213,0.0194,0.0184,0.022,0.0205
2025-02-25,model_Portfolio,Hold,0.0229,0.0199,0.8195,0.0184,0.0184,0.0214,0.0197,0.0177,0.0216,0.0203
2025-02-26,model_Portfolio,Hold,0.0232,0.0198,0.8195,0.0187,0.0183,0.0213,0.0195,0.0175,0.022,0.0201
2025-02-27,model_Portfolio,Hold,0.0229,0.0195,0.823,0.018,0.0168,0.021,0.0197,0.0169,0.0222,0.0199
2025-02-28,model_Portfolio,Hold,0.0229,0.0188,0.8241,0.018,0.0167,0.0209,0.0196,0.0168,0.0225,0.0199
2025-03-03,model_Portfolio,Hold,0.0232,0.0185,0.827,0.0174,0.0152,0.0204,0.0194,0.0164,0.0222,0.0203
2025-03-04,model_Portfolio,Hold,0.0232,0.019,0.8256,0.0176,0.0153,0.0205,0.0196,0.0172,0.0215,0.0204
2025-03-05,model_Portfolio,Hold,0.0231,0.019,0.825,0.0179,0.0152,0.0208,0.0198,0.0173,0.0217,0.0202
2025-03-06,model_Portfolio,Hold,0.0227,0.0187,0.826,0.0173,0.0154,0.0209,0.0194,0.0173,0.0216,0.0206
2025-03-07,model_Portfolio,Hold,0.023,0.0186,0.8254,0.0171,0.0154,0.0211,0.0199,0.0174,0.0214,0.0208
2025-03-10,model_Portfolio,Hold,0.0233,0.0185,0.8245,0.0169,0.0158,0.0206,0.0201,0.0168,0.0219,0.0215
2025-03-11,model_Portfolio,Hold,0.0227,0.0182,0.8258,0.0172,0.016,0.0203,0.0196,0.0167,0.0221,0.0214
2025-03-12,model_Portfolio,Hold,0.0225,0.0182,0.8235,0.0176,0.0166,0.0203,0.0197,0.0173,0.0227,0.0215
2025-03-13,model_Portfolio,Hold,0.0225,0.0178,0.8263,0.0172,0.0161,0.0202,0.0193,0.0168,0.0221,0.0218
2025-03-14,model_Portfolio,Hold,0.0215,0.0176,0.8276,0.0172,0.0162,0.0197,0.0195,0.0168,0.0223,0.0215
2025-03-17,model_Portfolio,Hold,0.0214,0.0178,0.8281,0.0169,0.0164,0.0198,0.0194,0.0165,0.0225,0.0213
2025-03-18,model_Portfolio,Hold,0.0214,0.0179,0.8282,0.0168,0.0167,0.0197,0.0193,0.0163,0.0224,0.0213
2025-03-19,model_Portfolio,Hold,0.0214,0.0177,0.8284,0.0168,0.0171,0.0197,0.019,0.0164,0.0225,0.0209
2025-03-20,model_Portfolio,Hold,0.0213,0.0164,0.8306,0.0168,0.0169,0.0196,0.0189,0.0163,0.0222,0.021
2025-03-21,model_Portfolio,Hold,0.0213,0.0167,0.8301,0.017,0.017,0.0196,0.0188,0.0165,0.0222,0.0209
2025-03-24,model_Portfolio,Hold,0.0212,0.0166,0.83,0.0174,0.0169,0.0195,0.0188,0.0167,0.0223,0.0206
2025-03-25,model_Portfolio,Hold,0.0209,0.0167,0.8301,0.0176,0.017,0.0194,0.0185,0.0169,0.0223,0.0206
2025-03-26,model_Portfolio,Hold,0.021,0.0167,0.831,0.0171,0.017,0.0195,0.0184,0.0163,0.0221,0.0209
2025-03-27,model_Portfolio,Hold,0.0217,0.0166,0.8315,0.017,0.0171,0.0194,0.0183,0.016,0.0214,0.0211
2025-03-28,model_Portfolio,Hold,0.0218,0.0165,0.8326,0.0165,0.017,0.0194,0.0185,0.0154,0.0211,0.0212
2025-03-31,model_Portfolio,Hold,0.0219,0.0167,0.8332,0.0161,0.0169,0.0194,0.0179,0.0152,0.0212,0.0216
2025-04-01,model_Portfolio,Hold,0.0215,0.0166,0.8348,0.0161,0.0168,0.0192,0.0175,0.0153,0.0211,0.021
2025-04-02,model_Portfolio,Hold,0.0216,0.0168,0.8343,0.0164,0.0169,0.0193,0.0177,0.0153,0.0211,0.0204
2025-04-03,model_Portfolio,Hold,0.0218,0.0162,0.8409,0.0151,0.0143,0.0188,0.0168,0.0149,0.0202,0.021
2025-04-04,model_Portfolio,Hold,0.0225,0.0167,0.8374,0.0158,0.0134,0.0191,0.0172,0.0157,0.02,0.0222
2025-04-07,model_Portfolio,Hold,0.0229,0.017,0.8352,0.0165,0.0134,0.0191,0.0168,0.0161,0.0206,0.0224
2025-04-08,model_Portfolio,Hold,0.0229,0.0169,0.8374,0.0162,0.0126,0.0184,0.0167,0.0159,0.0205,0.0224
2025-04-09,model_Portfolio,Hold,0.0222,0.017,0.835,0.0171,0.0142,0.0189,0.0165,0.0165,0.0211,0.0215
2025-04-10,model_Portfolio,Hold,0.022,0.0164,0.8402,0.0164,0.0126,0.0185,0.0154,0.0161,0.0205,0.0218
2025-04-11,model_Portfolio,Hold,0.022,0.0161,0.8404,0.0164,0.0127,0.0187,0.0156,0.0162,0.0206,0.0214
2025-04-14,model_Portfolio,Hold,0.0218,0.0161,0.8411,0.0159,0.0126,0.0186,0.0159,0.0162,0.0203,0.0213
2025-04-15,model_Portfolio,Hold,0.0217,0.0162,0.8419,0.0158,0.0124,0.0182,0.0159,0.016,0.0203,0.0216
2025-04-16,model_Portfolio,Hold,0.0225,0.0161,0.8422,0.0154,0.0129,0.0181,0.0156,0.0158,0.0197,0.0216
2025-04-17,model_Portfolio,Hold,0.0227,0.0159,0.8417,0.0153,0.0135,0.0182,0.0157,0.0155,0.0196,0.0219
2025-04-21,model_Portfolio,Hold,0.023,0.0161,0.8414,0.0151,0.0133,0.0182,0.0157,0.0155,0.0194,0.0222
2025-04-22,model_Portfolio,Hold,0.0226,0.0159,0.8416,0.0152,0.0134,0.0182,0.0153,0.0155,0.0204,0.022
2025-04-23,model_Portfolio,Hold,0.0223,0.0161,0.8411,0.0158,0.0132,0.0181,0.0154,0.0158,0.0203,0.0219
2025-04-24,model_Portfolio,Hold,0.022,0.0161,0.84,0.0162,0.0136,0.0182,0.0153,0.0161,0.0206,0.0217
2025-04-25,model_Portfolio,Hold,0.0221,0.0164,0.8387,0.0166,0.0139,0.0183,0.0152,0.0165,0.0205,0.0218
2025-04-28,model_Portfolio,Hold,0.0221,0.0163,0.839,0.0164,0.014,0.0184,0.0154,0.0163,0.0205,0.0217
2025-04-29,model_Portfolio,Hold,0.0223,0.0166,0.8395,0.0163,0.0137,0.0185,0.0145,0.0163,0.0206,0.0219
2025-04-30,model_Portfolio,Hold,0.0223,0.0166,0.8401,0.0161,0.0131,0.0185,0.0145,0.0161,0.0207,0.022
2025-05-01,model_Portfolio,Hold,0.0232,0.0174,0.8321,0.0172,0.0142,0.0193,0.0152,0.017,0.0213,0.0229
2025-05-02,model_Portfolio,Hold,0.0232,0.0173,0.8328,0.0169,0.0142,0.0193,0.0152,0.017,0.0216,0.0226
2025-05-05,model_Portfolio,Hold,0.0231,0.0174,0.8345,0.0166,0.0133,0.0189,0.015,0.017,0.0214,0.0227
2025-05-06,model_Portfolio,Hold,0.0232,0.0172,0.8356,0.0165,0.0135,0.0186,0.0146,0.0169,0.0209,0.023
2025-05-07,model_Portfolio,Hold,0.0232,0.0172,0.8375,0.0167,0.0132,0.0183,0.0145,0.0156,0.0209,0.023
2025-05-08,model_Portfolio,Hold,0.0233,0.0174,0.8348,0.017,0.0139,0.0187,0.0149,0.0159,0.0213,0.0228
2025-05-09,model_Portfolio,Hold,0.0232,0.0174,0.8342,0.0171,0.0144,0.0188,0.0151,0.0158,0.0216,0.0225
2025-05-12,model_Portfolio,Hold,0.0229,0.0182,0.8303,0.0185,0.0152,0.0192,0.0151,0.0164,0.0227,0.0216
2025-05-13,model_Portfolio,Hold,0.0225,0.0183,0.8297,0.0188,0.0159,0.0191,0.0148,0.0165,0.0229,0.0215
2025-05-14,model_Portfolio,Hold,0.0227,0.0184,0.8289,0.0189,0.0158,0.0191,0.0146,0.0173,0.0227,0.0216
2025-05-15,model_Portfolio,Hold,0.0231,0.0182,0.8305,0.0182,0.0152,0.019,0.0145,0.0169,0.0225,0.0219
2025-05-16,model_Portfolio,Hold,0.0232,0.0177,0.8305,0.018,0.0149,0.0191,0.0146,0.017,0.0229,0.022
2025-05-19,model_Portfolio,Hold,0.0233,0.0179,0.8295,0.0181,0.0147,0.0191,0.0149,0.017,0.0231,0.0223
2025-05-20,model_Portfolio,Hold,0.0235,0.0181,0.8291,0.0181,0.0148,0.0191,0.0146,0.0169,0.0233,0.0226
2025-05-21,model_Portfolio,Hold,0.0234,0.0182,0.8294,0.0181,0.0145,0.0189,0.0141,0.0176,0.0229,0.0228
2025-05-22,model_Portfolio,Hold,0.0234,0.0183,0.8279,0.0184,0.0147,0.0191,0.0142,0.018,0.0232,0.0229
2025-05-23,model_Portfolio,Hold,0.0233,0.0179,0.8288,0.0182,0.0148,0.0191,0.0141,0.0178,0.0229,0.0231
2025-05-27,model_Portfolio,Hold,0.0234,0.018,0.8275,0.0185,0.015,0.0193,0.0145,0.0181,0.023,0.0228
2025-05-28,model_Portfolio,Hold,0.0235,0.0183,0.8263,0.0186,0.0151,0.0193,0.0145,0.0182,0.0232,0.0231
2025-05-29,model_Portfolio,Hold,0.0235,0.0183,0.8266,0.0186,0.0151,0.0193,0.0147,0.018,0.0231,0.0229
2025-05-30,model_Portfolio,Hold,0.0235,0.0181,0.8275,0.0184,0.0147,0.0195,0.0144,0.0179,0.0228,0.0232
2025-06-02,model_Portfolio,Hold,0.0234,0.0179,0.8282,0.0185,0.015,0.0195,0.0143,0.0176,0.0225,0.0232
2025-06-03,model_Portfolio,Hold,0.0234,0.0178,0.8277,0.0184,0.0158,0.0198,0.0144,0.0173,0.0226,0.023
2025-06-04,model_Portfolio,Hold,0.0235,0.0182,0.8266,0.0187,0.0156,0.0198,0.0146,0.0176,0.0227,0.0228
2025-06-05,model_Portfolio,Hold,0.0238,0.0182,0.8261,0.0188,0.0156,0.0196,0.0144,0.0177,0.0227,0.023
2025-06-06,model_Portfolio,Hold,0.0234,0.0181,0.8265,0.0191,0.016,0.0196,0.0144,0.0181,0.0223,0.0226
2025-06-09,model_Portfolio,Hold,0.0236,0.0182,0.8243,0.0196,0.0162,0.0197,0.0148,0.0185,0.0223,0.0227
2025-06-10,model_Portfolio,Hold,0.0237,0.0184,0.8226,0.0196,0.0168,0.0199,0.0151,0.0188,0.0224,0.0225
2025-06-11,model_Portfolio,Hold,0.0241,0.0185,0.8207,0.0194,0.0172,0.02,0.0152,0.0188,0.0229,0.0232
2025-06-12,model_Portfolio,Hold,0.024,0.0182,0.8226,0.0192,0.0173,0.0199,0.015,0.0184,0.0223,0.023
2025-06-13,model_Portfolio,Hold,0.024,0.0179,0.8225,0.0192,0.0183,0.0198,0.0149,0.0184,0.022,0.023
2025-06-16,model_Portfolio,Hold,0.0236,0.018,0.8228,0.0194,0.0178,0.0197,0.0149,0.0185,0.0223,0.0229
2025-06-17,model_Portfolio,Hold,0.0234,0.018,0.8229,0.0194,0.0182,0.0196,0.0147,0.0185,0.022,0.0232
2025-06-18,model_Portfolio,Hold,0.0234,0.0176,0.8247,0.0192,0.0177,0.0194,0.0146,0.0182,0.022,0.0233
2025-06-20,model_Portfolio,Hold,0.0234,0.0163,0.8275,0.0188,0.0173,0.019,0.0147,0.0174,0.0222,0.0233
2025-06-23,model_Portfolio,Hold,0.0232,0.0167,0.8293,0.0185,0.0158,0.019,0.0148,0.0171,0.0224,0.0233
2025-06-24,model_Portfolio,Hold,0.0241,0.017,0.8261,0.0189,0.0156,0.0195,0.0153,0.0173,0.0228,0.0231
2025-06-25,model_Portfolio,Hold,0.0243,0.0169,0.825,0.0191,0.0155,0.0199,0.0152,0.018,0.0229,0.0231
2025-06-26,model_Portfolio,Hold,0.0233,0.0168,0.8259,0.0194,0.0159,0.0197,0.0151,0.018,0.023,0.0228
2025-06-27,model_Portfolio,Hold,0.0232,0.0166,0.8265,0.0197,0.0158,0.0195,0.0148,0.0184,0.023,0.0225
2025-06-30,model_Portfolio,Hold,0.0234,0.0168,0.8272,0.0193,0.0156,0.0194,0.0149,0.0181,0.023,0.0224
2025-07-01,model_Portfolio,Hold,0.0234,0.0169,0.8263,0.0193,0.016,0.0197,0.0152,0.018,0.0231,0.0221
2025-07-02,model_Portfolio,Hold,0.0234,0.0171,0.822,0.0196,0.0168,0.0203,0.0158,0.0185,0.0235,0.0229
2025-07-03,model_Portfolio,Hold,0.0232,0.0171,0.8227,0.0197,0.0167,0.0203,0.0158,0.0185,0.0231,0.0228
2025-07-07,model_Portfolio,Hold,0.0235,0.0171,0.8214,0.02,0.0168,0.0204,0.0157,0.0185,0.0233,0.0234
2025-07-08,model_Portfolio,Hold,0.0233,0.0172,0.821,0.0196,0.0177,0.0205,0.016,0.0181,0.0235,0.0231
2025-07-09,model_Portfolio,Hold,0.0235,0.0171,0.8192,0.0201,0.0178,0.0209,0.0162,0.0186,0.0241,0.0226
2025-07-10,model_Portfolio,Hold,0.0235,0.0166,0.8192,0.02,0.0177,0.0208,0.0166,0.0186,0.0242,0.0228
2025-07-11,model_Portfolio,Hold,0.0234,0.0163,0.819,0.0204,0.0176,0.0208,0.0168,0.019,0.0242,0.0227
2025-07-14,model_Portfolio,Hold,0.0232,0.0161,0.8208,0.0202,0.0169,0.0205,0.0164,0.019,0.0243,0.0226
2025-07-15,model_Portfolio,Hold,0.0236,0.0161,0.819,0.0207,0.0165,0.0206,0.0165,0.0194,0.0245,0.0232
2025-07-16,model_Portfolio,Hold,0.0235,0.0162,0.82,0.0202,0.0159,0.0206,0.0165,0.0193,0.0245,0.0232
2025-07-17,model_Portfolio,Hold,0.0215,0.0164,0.8206,0.0203,0.0165,0.021,0.0167,0.0194,0.0247,0.0228
2025-07-18,model_Portfolio,Hold,0.022,0.0164,0.8212,0.0205,0.0165,0.021,0.0165,0.0195,0.0238,0.0228
2025-07-21,model_Portfolio,Hold,0.0223,0.0164,0.8194,0.0208,0.0163,0.021,0.0166,0.0201,0.0238,0.0232
2025-07-22,model_Portfolio,Hold,0.0222,0.0165,0.8204,0.0204,0.0165,0.021,0.0168,0.02,0.0232,0.0231
2025-07-23,model_Portfolio,Hold,0.0221,0.0164,0.8199,0.0204,0.0168,0.021,0.0173,0.0198,0.0231,0.0232
2025-07-24,model_Portfolio,Hold,0.0222,0.0162,0.8194,0.0208,0.017,0.021,0.0172,0.0201,0.023,0.0232
2025-07-25,model_Portfolio,Hold,0.0222,0.0161,0.8202,0.0206,0.0167,0.021,0.017,0.02,0.0231,0.0231
2025-07-28,model_Portfolio,Hold,0.0226,0.0161,0.8175,0.0212,0.0174,0.0211,0.0168,0.0204,0.0237,0.0232
2025-07-29,model_Portfolio,Hold,0.0229,0.0162,0.8167,0.021,0.0175,0.0211,0.0168,0.0207,0.0236,0.0234
2025-07-30,model_Portfolio,Hold,0.0234,0.0162,0.8141,0.0213,0.0177,0.0211,0.0168,0.0212,0.0233,0.0247
2025-07-31,model_Portfolio,Hold,0.0229,0.0158,0.8162,0.0216,0.0174,0.0209,0.0164,0.0206,0.0236,0.0248
2025-08-01,model_Portfolio,Hold,0.0234,0.0153,0.8181,0.0201,0.0169,0.0207,0.0166,0.0206,0.0232,0.0251
2025-08-04,model_Portfolio,Hold,0.0238,0.0154,0.817,0.0197,0.0166,0.021,0.0167,0.0211,0.0236,0.025
2025-08-05,model_Portfolio,Hold,0.0238,0.0146,0.8167,0.0198,0.0169,0.0213,0.0169,0.021,0.0238,0.0251
2025-08-06,model_Portfolio,Hold,0.0232,0.0143,0.8219,0.02,0.0159,0.0205,0.0155,0.0206,0.0233,0.0247
2025-08-07,model_Portfolio,Hold,0.0234,0.0139,0.8205,0.0201,0.0172,0.0204,0.0156,0.0206,0.0234,0.0248
2025-08-08,model_Portfolio,Hold,0.0235,0.0136,0.821,0.0198,0.0174,0.0202,0.0154,0.0209,0.0234,0.0248
2025-08-11,model_Portfolio,Hold,0.0229,0.0135,0.8225,0.0196,0.0173,0.0198,0.0148,0.0207,0.0236,0.0252
2025-08-12,model_Portfolio,Hold,0.0229,0.0135,0.8201,0.0197,0.0178,0.0202,0.0153,0.0211,0.024,0.0255
2025-08-13,model_Portfolio,Hold,0.0222,0.0137,0.8221,0.0196,0.0176,0.0202,0.0152,0.0205,0.024,0.0248
2025-08-14,model_Portfolio,Hold,0.0223,0.0138,0.8217,0.0202,0.0176,0.0201,0.0152,0.0207,0.0235,0.0249
2025-08-15,model_Portfolio,Hold,0.0227,0.0138,0.8216,0.0202,0.0176,0.02,0.0155,0.0208,0.0228,0.025
2025-08-18,model_Portfolio,Hold,0.0224,0.0139,0.8222,0.0202,0.0174,0.0198,0.0157,0.0207,0.0228,0.025
2025-08-19,model_Portfolio,Hold,0.0223,0.0141,0.8231,0.0197,0.0171,0.0197,0.0158,0.0203,0.0228,0.025
2025-08-20,model_Portfolio,Hold,0.0222,0.0139,0.8252,0.0191,0.017,0.0196,0.0154,0.0198,0.0226,0.025
2025-08-21,model_Portfolio,Hold,0.0221,0.0138,0.8256,0.0189,0.0172,0.0197,0.0154,0.0198,0.0225,0.025
2025-08-22,model_Portfolio,Hold,0.0221,0.014,0.8225,0.0194,0.0179,0.0199,0.016,0.0203,0.023,0.0249
2025-08-25,model_Portfolio,Hold,0.0222,0.014,0.8215,0.0195,0.0187,0.0198,0.016,0.0207,0.0229,0.0248
2025-08-26,model_Portfolio,Hold,0.022,0.0139,0.8229,0.0194,0.0184,0.0196,0.016,0.0205,0.0229,0.0245
2025-08-27,model_Portfolio,Hold,0.0221,0.014,0.8212,0.0195,0.0189,0.0198,0.0162,0.0206,0.023,0.0246
2025-08-28,model_Portfolio,Hold,0.0223,0.0141,0.8185,0.0199,0.0194,0.02,0.0164,0.0212,0.0233,0.0248
2025-08-29,model_Portfolio,Hold,0.0223,0.0142,0.8191,0.0196,0.0195,0.0198,0.0164,0.0212,0.0229,0.0249
2025-09-02,model_Portfolio,Hold,0.0224,0.0142,0.8182,0.0195,0.0202,0.0199,0.0163,0.0213,0.023,0.0252
2025-09-03,model_Portfolio,Hold,0.0223,0.0139,0.8193,0.0194,0.019,0.0196,0.0163,0.023,0.0224,0.0248
2025-09-04,model_Portfolio,Hold,0.022,0.0136,0.8199,0.0199,0.0194,0.0192,0.0163,0.0228,0.0226,0.0244
2025-09-05,model_Portfolio,Hold,0.0223,0.0139,0.8178,0.0198,0.019,0.0195,0.0168,0.0234,0.0228,0.0246
2025-09-08,model_Portfolio,Hold,0.0223,0.014,0.8175,0.0202,0.0187,0.0195,0.0171,0.0234,0.0227,0.0245
2025-09-09,model_Portfolio,Hold,0.0223,0.0138,0.8178,0.0205,0.0182,0.0194,0.0167,0.024,0.0226,0.0247
2025-09-10,model_Portfolio,Hold,0.0217,0.0133,0.8192,0.0196,0.0195,0.0193,0.0167,0.0238,0.0225,0.0245
2025-09-11,model_Portfolio,Hold,0.022,0.0131,0.8196,0.0193,0.0189,0.0195,0.0166,0.0236,0.0231,0.0242
2025-09-12,model_Portfolio,Hold,0.0221,0.0128,0.8206,0.0191,0.0188,0.0193,0.0166,0.0236,0.0228,0.0243
2025-09-15,model_Portfolio,Hold,0.0218,0.0128,0.8193,0.0195,0.0189,0.0192,0.0168,0.0247,0.0227,0.0241
2025-09-16,model_Portfolio,Hold,0.0221,0.0128,0.8171,0.0198,0.0203,0.019,0.0169,0.0248,0.0228,0.0242
2025-09-17,model_Portfolio,Hold,0.0221,0.0129,0.8192,0.0194,0.0198,0.0191,0.0166,0.0244,0.0223,0.0242
2025-09-18,model_Portfolio,Hold,0.0224,0.0129,0.8175,0.0195,0.0198,0.0194,0.0172,0.0248,0.0226,0.0238
2025-09-19,model_Portfolio,Hold,0.0226,0.0129,0.8173,0.0195,0.0194,0.0193,0.017,0.0251,0.0228,0.0242
2025-09-22,model_Portfolio,Hold,0.0228,0.013,0.8175,0.0193,0.0196,0.0192,0.017,0.025,0.0225,0.0239
2025-09-23,model_Portfolio,Hold,0.0226,0.0127,0.8191,0.0186,0.0198,0.0184,0.0171,0.0248,0.0227,0.0242
2025-09-24,model_Portfolio,Hold,0.0221,0.0128,0.8213,0.0185,0.0201,0.018,0.0168,0.0242,0.0223,0.0241
2025-09-25,model_Portfolio,Hold,0.022,0.0125,0.823,0.0183,0.02,0.0175,0.0164,0.024,0.0221,0.0241
2025-09-26,model_Portfolio,Hold,0.0217,0.0126,0.8246,0.0182,0.02,0.0173,0.0161,0.0238,0.0217,0.0239
2025-09-29,model_Portfolio,Hold,0.0216,0.0131,0.8241,0.0183,0.0197,0.0176,0.0162,0.0235,0.0219,0.0239
2025-09-30,model_Portfolio,Hold,0.0217,0.013,0.8244,0.0181,0.0196,0.0177,0.0162,0.0233,0.022,0.024
2025-10-01,model_Portfolio,Hold,0.0218,0.0129,0.8225,0.0183,0.0203,0.0176,0.0164,0.0237,0.0223,0.0242
2025-10-02,model_Portfolio,Hold,0.0217,0.013,0.8227,0.0185,0.0194,0.0178,0.0164,0.0238,0.0227,0.0241
2025-10-03,model_Portfolio,Hold,0.0217,0.0129,0.8244,0.018,0.0197,0.0176,0.0162,0.0234,0.0224,0.0237
2025-10-06,model_Portfolio,Hold,0.0214,0.0129,0.8255,0.018,0.0201,0.0175,0.0154,0.0238,0.0219,0.0235
2025-10-07,model_Portfolio,Hold,0.0214,0.0131,0.8256,0.0181,0.02,0.0175,0.0151,0.0234,0.0218,0.024
2025-10-08,model_Portfolio,Hold,0.0217,0.0133,0.8251,0.0185,0.0198,0.0175,0.0146,0.0235,0.0221,0.0237
2025-10-09,model_Portfolio,Hold,0.0217,0.0134,0.8258,0.0189,0.0192,0.0172,0.0146,0.0233,0.0218,0.024
2025-10-10,model_Portfolio,Hold,0.0218,0.0129,0.829,0.018,0.0179,0.017,0.0146,0.023,0.0213,0.0245
2025-10-13,model_Portfolio,Hold,0.0216,0.013,0.8268,0.0184,0.0187,0.0173,0.0146,0.0238,0.0218,0.024
2025-10-14,model_Portfolio,Hold,0.0217,0.0129,0.8276,0.0179,0.0186,0.0172,0.0147,0.0237,0.0217,0.0239
2025-10-15,model_Portfolio,Hold,0.0215,0.0129,0.8255,0.0181,0.0191,0.0171,0.0151,0.0246,0.0222,0.024
2025-10-16,model_Portfolio,Hold,0.0217,0.0129,0.823,0.0185,0.0194,0.0173,0.0153,0.0252,0.0224,0.0244
2025-10-17,model_Portfolio,Hold,0.0217,0.013,0.8239,0.0182,0.0188,0.0171,0.0152,0.0252,0.0224,0.0245
2025-10-20,model_Portfolio,Hold,0.0216,0.0131,0.8241,0.0183,0.0186,0.017,0.0154,0.0253,0.0225,0.024
2025-10-21,model_Portfolio,Hold,0.0214,0.0136,0.822,0.0188,0.0188,0.0171,0.0154,0.0248,0.0243,0.0238
2025-10-22,model_Portfolio,Hold,0.0215,0.0135,0.821,0.0185,0.0193,0.017,0.0156,0.0249,0.0245,0.0241
2025-10-23,model_Portfolio,Hold,0.0212,0.0136,0.8187,0.0188,0.0207,0.0171,0.0155,0.0251,0.0251,0.0242
2025-10-24,model_Portfolio,Hold,0.0214,0.0135,0.8183,0.0191,0.0201,0.0172,0.0156,0.0258,0.0247,0.0243
2025-10-27,model_Portfolio,Hold,0.0213,0.0136,0.8182,0.0193,0.0196,0.0172,0.0156,0.0267,0.0246,0.0239
2025-10-28,model_Portfolio,Hold,0.0215,0.0139,0.8202,0.0197,0.0193,0.0173,0.0128,0.0268,0.0246,0.0239
2025-10-29,model_Portfolio,Hold,0.0213,0.0137,0.8206,0.0199,0.0193,0.017,0.012,0.0277,0.0245,0.0237
2025-10-30,model_Portfolio,Hold,0.0212,0.0137,0.824,0.0192,0.0191,0.0167,0.0115,0.0282,0.0247,0.0217
2025-10-31,model_Portfolio,Hold,0.0209,0.0137,0.823,0.0209,0.0192,0.0165,0.0118,0.0281,0.0246,0.0213
2025-11-03,model_Portfolio,Hold,0.021,0.0137,0.823,0.0218,0.0191,0.0163,0.0113,0.0284,0.024,0.0215
2025-11-04,model_Portfolio,Hold,0.0211,0.0132,0.8267,0.0211,0.0186,0.0162,0.0108,0.0274,0.0234,0.0214
2025-11-05,model_Portfolio,Hold,0.0205,0.0132,0.8292,0.0208,0.0179,0.0156,0.0107,0.0276,0.0235,0.021
2025-11-06,model_Portfolio,Hold,0.0201,0.0126,0.8307,0.0198,0.0191,0.0167,0.0103,0.0271,0.023,0.0206
2025-11-07,model_Portfolio,Hold,0.0203,0.0128,0.8303,0.0198,0.0192,0.0167,0.0107,0.0264,0.023,0.0208
2025-11-10,model_Portfolio,Hold,0.0202,0.0127,0.8284,0.0202,0.0196,0.0167,0.0105,0.0275,0.0235,0.0207
2025-11-11,model_Portfolio,Hold,0.0204,0.0126,0.8276,0.0202,0.0198,0.0169,0.0105,0.0276,0.0236,0.0209
2025-11-12,model_Portfolio,Hold,0.0206,0.0127,0.8294,0.0197,0.0191,0.0167,0.0103,0.027,0.0238,0.0207
2025-11-13,model_Portfolio,Hold,0.0206,0.0128,0.8306,0.0191,0.0197,0.0168,0.01,0.0262,0.0237,0.0205
2025-11-14,model_Portfolio,Hold,0.0209,0.0127,0.8304,0.019,0.0199,0.0166,0.01,0.0261,0.0235,0.0208
2025-11-17,model_Portfolio,Hold,0.0212,0.0127,0.8286,0.0192,0.0199,0.0165,0.0099,0.0274,0.0235,0.0211
2025-11-18,model_Portfolio,Hold,0.0212,0.0127,0.8282,0.0184,0.0204,0.0165,0.0099,0.0274,0.0237,0.0215
2025-11-19,model_Portfolio,Hold,0.0209,0.0129,0.8264,0.0187,0.02,0.0168,0.0098,0.0286,0.0241,0.0217
2025-11-20,model_Portfolio,Hold,0.0204,0.0128,0.8299,0.0181,0.0193,0.0166,0.0096,0.0281,0.0237,0.0214
2025-11-21,model_Portfolio,Hold,0.0209,0.0133,0.8269,0.0183,0.0196,0.0169,0.01,0.0289,0.024,0.0212
2025-11-24,model_Portfolio,Hold,0.0208,0.0129,0.8245,0.0188,0.0201,0.0168,0.0101,0.0308,0.0243,0.021
2025-11-25,model_Portfolio,Hold,0.0207,0.0131,0.8244,0.0188,0.0196,0.0168,0.0102,0.0309,0.0243,0.0211
2025-11-26,model_Portfolio,Hold,0.021,0.0131,0.8228,0.0189,0.0202,0.0169,0.0105,0.0308,0.0244,0.0214
2025-11-28,model_Portfolio,Hold,0.0211,0.0132,0.8214,0.0193,0.0205,0.0171,0.0105,0.0309,0.0246,0.0215
2025-12-01,model_Portfolio,Hold,0.021,0.0137,0.8206,0.0194,0.0208,0.0172,0.0105,0.0305,0.0245,0.0217
2025-12-02,model_Portfolio,Hold,0.0209,0.014,0.8196,0.0196,0.0211,0.017,0.0107,0.0308,0.0248,0.0217
2025-12-03,model_Portfolio,Hold,0.0206,0.0146,0.8189,0.0194,0.0223,0.0172,0.0096,0.0311,0.0249,0.0215
2025-12-04,model_Portfolio,Hold,0.0207,0.0144,0.8206,0.0191,0.0221,0.0173,0.0092,0.0309,0.0244,0.0215
2025-12-05,model_Portfolio,Hold,0.0206,0.0142,0.8208,0.0191,0.0224,0.0172,0.009,0.0312,0.0241,0.0213
2025-12-08,model_Portfolio,Hold,0.0204,0.0144,0.8228,0.0192,0.0219,0.0158,0.009,0.0309,0.024,0.0217
2025-12-09,model_Portfolio,Hold,0.0202,0.0146,0.8223,0.0193,0.0221,0.0154,0.0091,0.0313,0.0241,0.0217
2025-12-10,model_Portfolio,Hold,0.0206,0.0148,0.8196,0.0197,0.0221,0.0159,0.0093,0.0317,0.0243,0.022
2025-12-11,model_Portfolio,Hold,0.0204,0.0145,0.8222,0.0193,0.0216,0.0162,0.009,0.0306,0.0244,0.0217
2025-12-12,model_Portfolio,Hold,0.0206,0.0144,0.8239,0.0188,0.0213,0.016,0.0092,0.03,0.0243,0.0215
2025-12-15,model_Portfolio,Hold,0.0209,0.0145,0.826,0.0183,0.0206,0.016,0.0092,0.0296,0.0236,0.0214
2025-12-16,model_Portfolio,Hold,0.021,0.0146,0.8252,0.0186,0.0199,0.0161,0.0093,0.0299,0.0236,0.0219
2025-12-17,model_Portfolio,Hold,0.0208,0.0146,0.8267,0.0184,0.0203,0.0162,0.0093,0.0288,0.0233,0.0217
2025-12-18,model_Portfolio,Hold,0.0206,0.0144,0.827,0.0188,0.0196,0.016,0.0096,0.0293,0.0232,0.0214
2025-12-19,model_Portfolio,Hold,0.0206,0.0145,0.8265,0.0189,0.0199,0.0158,0.0094,0.0298,0.0233,0.0213
2025-12-22,model_Portfolio,Hold,0.0206,0.0144,0.8255,0.019,0.0201,0.0161,0.0096,0.0301,0.023,0.0215
2025-12-23,model_Portfolio,Hold,0.0204,0.0143,0.8259,0.0192,0.02,0.016,0.0094,0.0304,0.0229,0.0215
2025-12-24,model_Portfolio,Hold,0.0204,0.0143,0.8255,0.0192,0.02,0.0161,0.0096,0.0304,0.023,0.0215
2025-12-26,model_Portfolio,Hold,0.0205,0.0144,0.8245,0.0194,0.02,0.0163,0.0096,0.0305,0.0233,0.0215
2025-12-29,model_Portfolio,Hold,0.0205,0.0145,0.8244,0.0193,0.0201,0.0163,0.0097,0.0305,0.0233,0.0215
2025-12-30,model_Portfolio,Hold,0.0205,0.0143,0.825,0.0192,0.0202,0.0163,0.0097,0.0303,0.023,0.0214
