Date,Strategy,Type,ABT,ACN,AFL,AMZN,APA,APD,ARE,GOOGL,MMM,MO
2022-01-20,buy_and_hold,Rebalance,0.1,0.1,0.1,0.1,0.1,0.1,0.1,0.1,0.1,0.1
2022-01-21,buy_and_hold,Hold,0.1027,0.0997,0.1001,0.0957,0.0981,0.1002,0.1009,0.0995,0.1013,0.1018
2022-01-24,buy_and_hold,Hold,0.1009,0.1005,0.1009,0.0968,0.0993,0.1001,0.1,0.0997,0.1011,0.1008
2022-01-25,buy_and_hold,Hold,0.1004,0.0993,0.1016,0.0937,0.1075,0.0989,0.0994,0.0967,0.1017,0.1009
2022-01-26,buy_and_hold,Hold,0.0987,0.0987,0.103,0.0939,0.1086,0.0988,0.0981,0.0994,0.1,0.1008
2022-01-27,buy_and_hold,Hold,0.099,0.0997,0.1025,0.0943,0.108,0.0985,0.0959,0.0992,0.1005,0.1025
2022-01-28,buy_and_hold,Hold,0.1016,0.1012,0.1018,0.096,0.1073,0.0978,0.0966,0.1011,0.095,0.1014
2022-01-31,buy_and_hold,Hold,0.1015,0.1025,0.1008,0.098,0.1056,0.0977,0.0976,0.1008,0.095,0.1004
2022-02-01,buy_and_hold,Rebalance,0.1,0.1,0.1,0.1,0.1,0.1,0.1,0.1,0.1,0.1
2022-02-02,buy_and_hold,Hold,0.101,0.1005,0.1,0.0984,0.0989,0.0987,0.0996,0.1062,0.0983,0.0985
2022-02-03,buy_and_hold,Hold,0.1032,0.0986,0.1022,0.0926,0.1004,0.0995,0.0991,0.1049,0.099,0.1004
2022-02-04,buy_and_hold,Hold,0.1024,0.0987,0.1033,0.1047,0.0998,0.0928,0.098,0.1045,0.0964,0.0995
2022-02-07,buy_and_hold,Hold,0.102,0.0986,0.1052,0.1059,0.0995,0.0906,0.0973,0.1025,0.0976,0.1008
2022-02-08,buy_and_hold,Hold,0.1024,0.0989,0.1063,0.1081,0.0959,0.0899,0.0969,0.1025,0.0982,0.1008
2022-02-09,buy_and_hold,Hold,0.1025,0.1005,0.1049,0.1065,0.0962,0.0911,0.0978,0.1028,0.0977,0.0999
2022-02-10,buy_and_hold,Hold,0.1023,0.0987,0.1062,0.1071,0.0982,0.0903,0.0966,0.1026,0.0972,0.1009
2022-02-11,buy_and_hold,Hold,0.1019,0.0962,0.1072,0.1047,0.1015,0.0886,0.0981,0.1007,0.0984,0.1027
2022-02-14,buy_and_hold,Hold,0.1008,0.0964,0.1067,0.1072,0.0967,0.0893,0.0982,0.1028,0.0986,0.1033
2022-02-15,buy_and_hold,Hold,0.101,0.0966,0.1071,0.1073,0.0962,0.0902,0.0983,0.1029,0.0974,0.103
2022-02-16,buy_and_hold,Hold,0.1005,0.0976,0.1067,0.1081,0.0965,0.0891,0.099,0.1034,0.096,0.1033
2022-02-17,buy_and_hold,Hold,0.0998,0.0962,0.1064,0.1077,0.0982,0.089,0.1003,0.1014,0.0943,0.1068
2022-02-18,buy_and_hold,Hold,0.0973,0.0963,0.1071,0.107,0.0982,0.0901,0.1008,0.1004,0.0944,0.1083
2022-02-22,buy_and_hold,Hold,0.0987,0.097,0.1073,0.1061,0.0955,0.0894,0.1026,0.1007,0.0945,0.1082
2022-02-23,buy_and_hold,Hold,0.0998,0.0959,0.1067,0.1037,0.0961,0.0892,0.103,0.1003,0.0942,0.111
2022-02-24,buy_and_hold,Hold,0.1001,0.096,0.1023,0.1074,0.0998,0.0886,0.1044,0.1034,0.093,0.105
2022-02-25,buy_and_hold,Hold,0.1003,0.0951,0.1034,0.1061,0.1011,0.0881,0.1034,0.1019,0.0946,0.106
2022-02-28,buy_and_hold,Hold,0.0993,0.0936,0.1023,0.1063,0.1075,0.0869,0.1015,0.1027,0.0938,0.106
2022-03-01,buy_and_hold,Rebalance,0.1,0.1,0.1,0.1,0.1,0.1,0.1,0.1,0.1,0.1
2022-03-02,buy_and_hold,Hold,0.1003,0.1007,0.1012,0.099,0.1,0.0996,0.0994,0.0988,0.1001,0.1008
2022-03-03,buy_and_hold,Hold,0.1005,0.1006,0.1027,0.0961,0.1008,0.0988,0.1005,0.0981,0.1006,0.1013
2022-03-04,buy_and_hold,Hold,0.1012,0.0994,0.1013,0.0949,0.1043,0.0976,0.1021,0.097,0.0999,0.1022
2022-03-07,buy_and_hold,Hold,0.1021,0.0995,0.1025,0.0923,0.1033,0.0976,0.1024,0.0957,0.1005,0.1041
2022-03-08,buy_and_hold,Hold,0.1002,0.0988,0.1033,0.0918,0.1057,0.0968,0.1036,0.0967,0.1025,0.1007
2022-03-09,buy_and_hold,Hold,0.1003,0.0995,0.1033,0.0922,0.1039,0.0985,0.1024,0.0996,0.1014,0.099
2022-03-10,buy_and_hold,Hold,0.0986,0.0991,0.1022,0.0968,0.107,0.0984,0.1015,0.0984,0.0991,0.099
2022-03-11,buy_and_hold,Hold,0.0977,0.1013,0.1038,0.0975,0.106,0.0963,0.1016,0.0981,0.0986,0.0991
2022-03-14,buy_and_hold,Hold,0.0996,0.1007,0.106,0.0956,0.1027,0.0965,0.1022,0.0957,0.101,0.0999
2022-03-15,buy_and_hold,Hold,0.0998,0.102,0.1052,0.0979,0.0988,0.097,0.102,0.0968,0.1001,0.1004
2022-03-16,buy_and_hold,Hold,0.1,0.1032,0.1059,0.1001,0.0977,0.0963,0.1009,0.0983,0.0994,0.0983
2022-03-17,buy_and_hold,Hold,0.0999,0.0999,0.1047,0.1013,0.103,0.0965,0.1006,0.0972,0.0993,0.0976
2022-03-18,buy_and_hold,Hold,0.1,0.1005,0.1039,0.103,0.1013,0.097,0.1006,0.098,0.0989,0.0968
2022-03-21,buy_and_hold,Hold,0.0989,0.1,0.104,0.1025,0.1052,0.0975,0.0989,0.0974,0.0985,0.0972
2022-03-22,buy_and_hold,Hold,0.0979,0.0999,0.1047,0.1036,0.1032,0.0974,0.0977,0.0991,0.0984,0.0982
2022-03-23,buy_and_hold,Hold,0.0951,0.099,0.1048,0.104,0.105,0.0981,0.0974,0.0992,0.0981,0.0992
2022-03-24,buy_and_hold,Hold,0.0948,0.0994,0.1049,0.103,0.104,0.1,0.0972,0.1004,0.0979,0.0985
2022-03-25,buy_and_hold,Hold,0.0946,0.0989,0.1053,0.1024,0.1046,0.1005,0.0975,0.0993,0.0976,0.0994
2022-03-28,buy_and_hold,Hold,0.0956,0.1,0.1051,0.1053,0.1006,0.1014,0.0986,0.0994,0.0972,0.0966
2022-03-29,buy_and_hold,Hold,0.0946,0.1018,0.1039,0.1042,0.1021,0.1018,0.1003,0.0989,0.0977,0.0948
2022-03-30,buy_and_hold,Hold,0.0948,0.1012,0.1043,0.1024,0.1028,0.1022,0.1007,0.0986,0.0974,0.0956
2022-03-31,buy_and_hold,Hold,0.0942,0.1018,0.1035,0.1014,0.1042,0.1026,0.1013,0.0975,0.0967,0.0969
2022-04-01,buy_and_hold,Rebalance,0.1,0.1,0.1,0.1,0.1,0.1,0.1,0.1,0.1,0.1
2022-04-04,buy_and_hold,Hold,0.0996,0.1005,0.0975,0.1023,0.1012,0.1008,0.098,0.1014,0.0993,0.0994
2022-04-05,buy_and_hold,Hold,0.101,0.1008,0.0986,0.1005,0.0989,0.1013,0.0986,0.1005,0.0997,0.1001
2022-04-06,buy_and_hold,Hold,0.1016,0.1003,0.1008,0.0975,0.0971,0.1009,0.1006,0.0979,0.1008,0.1026
2022-04-07,buy_and_hold,Hold,0.1043,0.1006,0.1008,0.0967,0.0974,0.1012,0.0991,0.0972,0.1004,0.1022
2022-04-08,buy_and_hold,Hold,0.1041,0.0997,0.1012,0.0946,0.1021,0.1011,0.0987,0.0953,0.1003,0.1029
2022-04-11,buy_and_hold,Hold,0.1033,0.0981,0.1026,0.0943,0.0993,0.1024,0.0984,0.0938,0.1024,0.1054
2022-04-12,buy_and_hold,Hold,0.1021,0.0981,0.1023,0.0943,0.1022,0.1018,0.098,0.0932,0.1015,0.1065
2022-04-13,buy_and_hold,Hold,0.1024,0.097,0.1014,0.0962,0.1045,0.1016,0.0974,0.0938,0.1005,0.1052
2022-04-14,buy_and_hold,Hold,0.1019,0.0962,0.103,0.0948,0.1058,0.1013,0.0974,0.0924,0.1006,0.1066
2022-04-18,buy_and_hold,Hold,0.101,0.0947,0.1037,0.0958,0.1069,0.1014,0.0967,0.0935,0.1002,0.1063
2022-04-19,buy_and_hold,Hold,0.1023,0.0951,0.1017,0.0974,0.1059,0.101,0.0966,0.0934,0.101,0.1055
2022-04-20,buy_and_hold,Hold,0.1043,0.0957,0.1032,0.0946,0.1055,0.1003,0.098,0.0918,0.1011,0.1055
2022-04-21,buy_and_hold,Hold,0.1059,0.0962,0.1024,0.0919,0.1016,0.1022,0.0982,0.0903,0.1028,0.1087
2022-04-22,buy_and_hold,Hold,0.1057,0.0955,0.102,0.0921,0.1009,0.1018,0.0992,0.0891,0.104,0.1099
2022-04-25,buy_and_hold,Hold,0.1062,0.0975,0.1006,0.0934,0.0971,0.1019,0.098,0.0918,0.1038,0.1096
2022-04-26,buy_and_hold,Hold,0.1063,0.0958,0.1006,0.0915,0.0985,0.1016,0.0994,0.0909,0.1035,0.1118
2022-04-27,buy_and_hold,Hold,0.1063,0.096,0.1009,0.0908,0.1021,0.1029,0.0978,0.0877,0.1036,0.112
2022-04-28,buy_and_hold,Hold,0.1055,0.0976,0.0965,0.0933,0.1039,0.102,0.0976,0.0893,0.1038,0.1106
2022-04-29,buy_and_hold,Hold,0.1054,0.097,0.0969,0.0833,0.1066,0.1031,0.097,0.0893,0.1057,0.1156
2022-05-02,buy_and_hold,Rebalance,0.1,0.1,0.1,0.1,0.1,0.1,0.1,0.1,0.1,0.1
2022-05-03,buy_and_hold,Hold,0.0986,0.099,0.1,0.0988,0.1036,0.1005,0.1003,0.0996,0.1004,0.0991
2022-05-04,buy_and_hold,Hold,0.0983,0.0991,0.0998,0.0969,0.1067,0.1008,0.0991,0.1005,0.1013,0.0976
2022-05-05,buy_and_hold,Hold,0.1003,0.0982,0.1014,0.0936,0.1018,0.1004,0.1007,0.1,0.1025,0.1011
2022-05-06,buy_and_hold,Hold,0.0993,0.0969,0.1014,0.092,0.1084,0.0999,0.0989,0.0991,0.1022,0.1019
2022-05-09,buy_and_hold,Hold,0.0988,0.098,0.1043,0.0907,0.0959,0.1028,0.0974,0.1002,0.1084,0.1036
2022-05-10,buy_and_hold,Hold,0.0994,0.0992,0.1052,0.0919,0.0967,0.103,0.0962,0.1031,0.1074,0.0979
2022-05-11,buy_and_hold,Hold,0.0993,0.0976,0.105,0.0896,0.0998,0.1047,0.0961,0.1031,0.1062,0.0988
2022-05-12,buy_and_hold,Hold,0.1009,0.0974,0.1033,0.0906,0.0988,0.1037,0.0959,0.1021,0.1081,0.0993
2022-05-13,buy_and_hold,Hold,0.1002,0.0968,0.101,0.0934,0.1042,0.1021,0.0961,0.1024,0.1052,0.0985
2022-05-16,buy_and_hold,Hold,0.1,0.0966,0.1008,0.0915,0.1074,0.1017,0.0952,0.1009,0.1061,0.0998
2022-05-17,buy_and_hold,Hold,0.1022,0.0962,0.1013,0.0933,0.1069,0.1024,0.0935,0.1006,0.1051,0.0986
2022-05-18,buy_and_hold,Hold,0.1044,0.0941,0.1034,0.0899,0.1041,0.1041,0.0927,0.1003,0.1067,0.1004
2022-05-19,buy_and_hold,Hold,0.1048,0.0945,0.1028,0.0907,0.1057,0.1047,0.0932,0.0996,0.107,0.097
2022-05-20,buy_and_hold,Hold,0.1053,0.0953,0.1016,0.0907,0.1077,0.1059,0.0941,0.098,0.1045,0.0968
2022-05-23,buy_and_hold,Hold,0.1051,0.0959,0.1024,0.089,0.112,0.1042,0.093,0.0985,0.103,0.097
2022-05-24,buy_and_hold,Hold,0.1048,0.0953,0.1043,0.0869,0.1117,0.1046,0.0935,0.0945,0.1049,0.0994
2022-05-25,buy_and_hold,Hold,0.1033,0.0945,0.1046,0.0883,0.1155,0.1034,0.0927,0.0935,0.1039,0.1002
2022-05-26,buy_and_hold,Hold,0.1027,0.0966,0.1049,0.09,0.1139,0.104,0.0925,0.0933,0.1027,0.0993
2022-05-27,buy_and_hold,Hold,0.1015,0.098,0.1043,0.0908,0.1151,0.1045,0.0929,0.0946,0.1016,0.0965
2022-05-31,buy_and_hold,Hold,0.1023,0.0963,0.1047,0.0949,0.1138,0.1028,0.0916,0.0959,0.1016,0.096
2022-06-01,buy_and_hold,Rebalance,0.1,0.1,0.1,0.1,0.1,0.1,0.1,0.1,0.1,0.1
2022-06-02,buy_and_hold,Hold,0.1003,0.1009,0.0981,0.1014,0.098,0.102,0.1,0.1015,0.0995,0.0984
2022-06-03,buy_and_hold,Hold,0.1006,0.1014,0.0977,0.0999,0.1007,0.1029,0.0991,0.0999,0.099,0.0988
2022-06-06,buy_and_hold,Hold,0.0999,0.1007,0.0976,0.1012,0.1006,0.1044,0.098,0.1012,0.0986,0.0978
2022-06-07,buy_and_hold,Hold,0.0992,0.1003,0.0974,0.0988,0.1055,0.1047,0.098,0.1005,0.098,0.0976
2022-06-08,buy_and_hold,Hold,0.0998,0.1015,0.0983,0.0997,0.1076,0.1038,0.0954,0.103,0.0994,0.0916
2022-06-09,buy_and_hold,Hold,0.1001,0.1011,0.0981,0.0975,0.1074,0.1064,0.0939,0.103,0.1006,0.0919
2022-06-10,buy_and_hold,Hold,0.1003,0.1008,0.0979,0.0949,0.1079,0.1073,0.094,0.1027,0.099,0.0953
2022-06-13,buy_and_hold,Hold,0.1009,0.1015,0.0985,0.0934,0.1049,0.1093,0.0915,0.1024,0.1021,0.0956
2022-06-14,buy_and_hold,Hold,0.0987,0.1017,0.0991,0.0928,0.1066,0.1084,0.0912,0.1034,0.1019,0.0963
2022-06-15,buy_and_hold,Hold,0.0995,0.1028,0.099,0.0966,0.1047,0.1073,0.0905,0.1053,0.1002,0.094
2022-06-16,buy_and_hold,Hold,0.1002,0.1025,0.1001,0.0962,0.0991,0.1091,0.09,0.1052,0.101,0.0966
2022-06-17,buy_and_hold,Hold,0.1007,0.1042,0.1002,0.0986,0.093,0.1095,0.0909,0.1063,0.1002,0.0965
2022-06-21,buy_and_hold,Hold,0.1006,0.1049,0.1004,0.099,0.0939,0.1097,0.0891,0.1086,0.0984,0.0955
2022-06-22,buy_and_hold,Hold,0.1028,0.1076,0.1012,0.1004,0.0883,0.111,0.0913,0.1098,0.0999,0.0877
2022-06-23,buy_and_hold,Hold,0.1029,0.1067,0.1,0.103,0.0847,0.1108,0.0938,0.1098,0.0991,0.0893
2022-06-24,buy_and_hold,Hold,0.1024,0.1079,0.1004,0.103,0.0824,0.1114,0.0943,0.1115,0.0987,0.0881
2022-06-27,buy_and_hold,Hold,0.1028,0.1063,0.1014,0.1009,0.0854,0.1097,0.0965,0.1103,0.0984,0.0883
2022-06-28,buy_and_hold,Hold,0.1024,0.1047,0.103,0.0972,0.0897,0.1097,0.0972,0.1083,0.0981,0.0897
2022-06-29,buy_and_hold,Hold,0.1052,0.104,0.1029,0.0994,0.0842,0.1108,0.0988,0.1089,0.0984,0.0874
2022-06-30,buy_and_hold,Hold,0.1059,0.1042,0.1037,0.0979,0.0822,0.1115,0.1001,0.1073,0.0991,0.0883
2022-07-01,buy_and_hold,Rebalance,0.1,0.1,0.1,0.1,0.1,0.1,0.1,0.1,0.1,0.1
2022-07-05,buy_and_hold,Hold,0.0996,0.0985,0.0992,0.1041,0.093,0.0993,0.1013,0.1047,0.101,0.0992
2022-07-06,buy_and_hold,Hold,0.0992,0.0989,0.1001,0.105,0.0911,0.0983,0.1019,0.106,0.1016,0.098
2022-07-07,buy_and_hold,Hold,0.0983,0.0985,0.0992,0.1051,0.0966,0.0961,0.1,0.1081,0.1002,0.0979
2022-07-08,buy_and_hold,Hold,0.0986,0.0989,0.0995,0.1049,0.0981,0.0952,0.0983,0.1092,0.0997,0.0978
2022-07-11,buy_and_hold,Hold,0.0993,0.0985,0.1002,0.1026,0.0973,0.097,0.0974,0.107,0.101,0.0998
2022-07-12,buy_and_hold,Hold,0.0998,0.099,0.1006,0.1012,0.0931,0.097,0.0982,0.1065,0.1029,0.1017
2022-07-13,buy_and_hold,Hold,0.0988,0.0998,0.0995,0.1033,0.0954,0.0963,0.0974,0.105,0.1025,0.1018
2022-07-14,buy_and_hold,Hold,0.1002,0.0999,0.0988,0.105,0.0929,0.0951,0.0964,0.1055,0.1038,0.1024
2022-07-15,buy_and_hold,Hold,0.1012,0.0991,0.0986,0.1058,0.0924,0.0947,0.0984,0.1049,0.1034,0.1015
2022-07-18,buy_and_hold,Hold,0.1,0.0985,0.0988,0.1065,0.0952,0.0945,0.0982,0.1028,0.1029,0.1026
2022-07-19,buy_and_hold,Hold,0.0996,0.0995,0.0972,0.1073,0.0966,0.0942,0.0984,0.104,0.1022,0.1011
2022-07-20,buy_and_hold,Hold,0.0975,0.0996,0.0962,0.1108,0.0979,0.0944,0.0987,0.1036,0.1024,0.099
2022-07-21,buy_and_hold,Hold,0.0992,0.1012,0.0962,0.1118,0.0929,0.095,0.0983,0.1034,0.1025,0.0995
2022-07-22,buy_and_hold,Hold,0.0987,0.1022,0.0975,0.1108,0.0913,0.0958,0.1006,0.0984,0.1035,0.1012
2022-07-25,buy_and_hold,Hold,0.0974,0.1018,0.0981,0.1089,0.0962,0.0954,0.0999,0.0973,0.1028,0.1021
2022-07-26,buy_and_hold,Hold,0.098,0.1006,0.0976,0.1033,0.0947,0.0953,0.1042,0.0952,0.108,0.103
2022-07-27,buy_and_hold,Hold,0.0966,0.1025,0.096,0.1064,0.0963,0.0944,0.103,0.1002,0.1041,0.1005
2022-07-28,buy_and_hold,Hold,0.0957,0.1033,0.0954,0.1062,0.0962,0.0957,0.1048,0.0999,0.1039,0.099
2022-07-29,buy_and_hold,Hold,0.0922,0.1018,0.0947,0.1145,0.0981,0.0951,0.104,0.0994,0.1036,0.0965
2022-08-01,buy_and_hold,Rebalance,0.1,0.1,0.1,0.1,0.1,0.1,0.1,0.1,0.1,0.1
2022-08-02,buy_and_hold,Hold,0.0997,0.0997,0.1041,0.0995,0.1002,0.0992,0.0976,0.1007,0.0993,0.1
2022-08-03,buy_and_hold,Hold,0.0997,0.1008,0.1037,0.1027,0.0953,0.099,0.0966,0.1024,0.0997,0.1
2022-08-04,buy_and_hold,Hold,0.0997,0.1014,0.1038,0.1048,0.0848,0.1037,0.0968,0.1024,0.1028,0.0999
2022-08-05,buy_and_hold,Hold,0.0991,0.1008,0.1041,0.1033,0.0876,0.1055,0.0966,0.1016,0.1021,0.0994
2022-08-08,buy_and_hold,Hold,0.0986,0.1009,0.1041,0.102,0.0886,0.1049,0.098,0.1011,0.1026,0.0994
2022-08-09,buy_and_hold,Hold,0.0978,0.1009,0.1057,0.101,0.0901,0.1039,0.0979,0.1008,0.1023,0.0996
2022-08-10,buy_and_hold,Hold,0.0978,0.1008,0.1057,0.1023,0.0896,0.1043,0.0984,0.1012,0.1012,0.0986
2022-08-11,buy_and_hold,Hold,0.0976,0.0998,0.1068,0.1004,0.0936,0.1036,0.0983,0.1,0.1009,0.0991
2022-08-12,buy_and_hold,Hold,0.0969,0.1002,0.1075,0.101,0.0918,0.1043,0.0986,0.1009,0.1011,0.0976
2022-08-15,buy_and_hold,Hold,0.0975,0.1003,0.1078,0.1009,0.0889,0.1058,0.0987,0.1014,0.1008,0.0981
2022-08-16,buy_and_hold,Hold,0.0975,0.1003,0.1075,0.1019,0.0879,0.1054,0.0995,0.101,0.0999,0.099
2022-08-17,buy_and_hold,Hold,0.0972,0.1006,0.1085,0.101,0.0899,0.1043,0.1,0.1002,0.099,0.0993
2022-08-18,buy_and_hold,Hold,0.0961,0.1003,0.1089,0.1006,0.097,0.1036,0.0966,0.1001,0.0979,0.0991
2022-08-19,buy_and_hold,Hold,0.0974,0.1002,0.1088,0.0989,0.0973,0.1033,0.0962,0.0989,0.0991,0.1
2022-08-22,buy_and_hold,Hold,0.0966,0.1002,0.108,0.0969,0.1006,0.1039,0.096,0.098,0.0983,0.1015
2022-08-23,buy_and_hold,Hold,0.0952,0.0989,0.1075,0.097,0.1059,0.1039,0.0943,0.0975,0.0982,0.1016
2022-08-24,buy_and_hold,Hold,0.0942,0.0983,0.1068,0.0967,0.1095,0.1039,0.0949,0.0968,0.0972,0.1017
2022-08-25,buy_and_hold,Hold,0.0933,0.0981,0.1066,0.0979,0.1083,0.1041,0.0951,0.098,0.0971,0.1016
2022-08-26,buy_and_hold,Hold,0.093,0.0978,0.108,0.0965,0.1115,0.106,0.0961,0.096,0.091,0.1041
2022-08-29,buy_and_hold,Hold,0.0933,0.0972,0.1083,0.0962,0.1152,0.1058,0.0951,0.0956,0.0894,0.1041
2022-08-30,buy_and_hold,Hold,0.095,0.0977,0.1086,0.0968,0.1111,0.1053,0.0954,0.0965,0.0895,0.1042
2022-08-31,buy_and_hold,Hold,0.096,0.097,0.1081,0.096,0.1113,0.1046,0.0957,0.0966,0.0898,0.105
2022-09-01,buy_and_hold,Rebalance,0.1,0.1,0.1,0.1,0.1,0.1,0.1,0.1,0.1,0.1
2022-09-02,buy_and_hold,Hold,0.0988,0.0994,0.1008,0.1008,0.1034,0.0996,0.1001,0.0993,0.0978,0.1002
2022-09-06,buy_and_hold,Hold,0.0998,0.1,0.1019,0.1005,0.1016,0.1003,0.1025,0.0991,0.0945,0.1
2022-09-07,buy_and_hold,Hold,0.1001,0.0996,0.1025,0.1016,0.097,0.1018,0.102,0.1,0.0962,0.0993
2022-09-08,buy_and_hold,Hold,0.1018,0.0995,0.1034,0.1013,0.0971,0.1013,0.1032,0.0985,0.0947,0.0993
2022-09-09,buy_and_hold,Hold,0.1015,0.0987,0.102,0.1023,0.0985,0.1008,0.1027,0.0989,0.0961,0.0985
2022-09-12,buy_and_hold,Hold,0.1008,0.0989,0.1015,0.1032,0.102,0.1019,0.1021,0.0977,0.0956,0.0962
2022-09-13,buy_and_hold,Hold,0.1017,0.0982,0.1029,0.1,0.1039,0.1032,0.1021,0.0958,0.0966,0.0954
2022-09-14,buy_and_hold,Hold,0.1014,0.097,0.1016,0.1011,0.1107,0.1026,0.1007,0.0962,0.0941,0.0946
2022-09-15,buy_and_hold,Hold,0.1019,0.0964,0.1018,0.1005,0.1113,0.1011,0.1011,0.0954,0.0942,0.0963
2022-09-16,buy_and_hold,Hold,0.1015,0.0966,0.1023,0.0989,0.1092,0.1013,0.1016,0.0959,0.095,0.0975
2022-09-19,buy_and_hold,Hold,0.1012,0.097,0.1033,0.0994,0.1087,0.1016,0.1,0.0957,0.0946,0.0985
2022-09-20,buy_and_hold,Hold,0.1008,0.0967,0.1051,0.0988,0.1079,0.1012,0.0985,0.0952,0.0958,0.0999
2022-09-21,buy_and_hold,Hold,0.101,0.0967,0.1056,0.0975,0.1066,0.1016,0.0979,0.0951,0.0961,0.1019
2022-09-22,buy_and_hold,Hold,0.1021,0.0962,0.1044,0.0972,0.1037,0.1011,0.0992,0.0967,0.0962,0.1033
2022-09-23,buy_and_hold,Hold,0.1042,0.0977,0.1053,0.0966,0.094,0.1029,0.1023,0.0976,0.0976,0.1019
2022-09-26,buy_and_hold,Hold,0.1045,0.0979,0.1048,0.0989,0.0921,0.1016,0.1008,0.0982,0.0987,0.1025
2022-09-27,buy_and_hold,Hold,0.1034,0.0979,0.1048,0.0987,0.095,0.1018,0.1002,0.098,0.0987,0.1014
2022-09-28,buy_and_hold,Hold,0.1016,0.0978,0.1037,0.0996,0.0986,0.1014,0.1004,0.0983,0.0981,0.1006
2022-09-29,buy_and_hold,Hold,0.1024,0.0976,0.1038,0.0981,0.1006,0.1012,0.1004,0.0969,0.0976,0.1013
2022-09-30,buy_and_hold,Hold,0.1017,0.0982,0.1041,0.0974,0.0994,0.1033,0.1027,0.0961,0.0969,0.1003
2022-10-03,buy_and_hold,Rebalance,0.1,0.1,0.1,0.1,0.1,0.1,0.1,0.1,0.1,0.1
2022-10-04,buy_and_hold,Hold,0.1002,0.1002,0.1004,0.1011,0.1016,0.1007,0.0978,0.0997,0.0988,0.0994
2022-10-05,buy_and_hold,Hold,0.1007,0.1004,0.0999,0.1012,0.1053,0.0987,0.0951,0.0997,0.0986,0.1005
2022-10-06,buy_and_hold,Hold,0.1004,0.0992,0.0997,0.1012,0.1103,0.0976,0.0943,0.1003,0.0957,0.1013
2022-10-07,buy_and_hold,Hold,0.1021,0.0978,0.0995,0.0986,0.1138,0.097,0.0933,0.0998,0.0948,0.1033
2022-10-10,buy_and_hold,Hold,0.1019,0.0976,0.1006,0.0984,0.1107,0.0978,0.092,0.0995,0.0961,0.1054
2022-10-11,buy_and_hold,Hold,0.1027,0.0959,0.1008,0.0972,0.109,0.0974,0.0937,0.0989,0.0965,0.1077
2022-10-12,buy_and_hold,Hold,0.1013,0.0955,0.0999,0.0981,0.11,0.0969,0.093,0.0996,0.0969,0.1089
2022-10-13,buy_and_hold,Hold,0.1015,0.0958,0.1012,0.0953,0.1101,0.098,0.0917,0.0985,0.099,0.1088
2022-10-14,buy_and_hold,Hold,0.1023,0.0962,0.1026,0.0927,0.1075,0.098,0.0917,0.0983,0.1008,0.1098
2022-10-17,buy_and_hold,Hold,0.103,0.098,0.1015,0.0967,0.1059,0.0981,0.0917,0.0998,0.0991,0.1062
2022-10-18,buy_and_hold,Hold,0.1034,0.0977,0.1015,0.098,0.1042,0.0993,0.0906,0.0997,0.1,0.1056
2022-10-19,buy_and_hold,Hold,0.0974,0.0985,0.1022,0.0977,0.1105,0.0997,0.0892,0.0994,0.0992,0.1062
2022-10-20,buy_and_hold,Hold,0.0956,0.0987,0.1017,0.0989,0.1114,0.0995,0.0892,0.1008,0.0994,0.1047
2022-10-21,buy_and_hold,Hold,0.0933,0.0993,0.1024,0.1001,0.1132,0.0984,0.0891,0.0996,0.1003,0.1045
2022-10-24,buy_and_hold,Hold,0.095,0.0999,0.1024,0.099,0.113,0.098,0.0882,0.0995,0.1001,0.1051
2022-10-25,buy_and_hold,Hold,0.0931,0.1002,0.1008,0.098,0.1148,0.0994,0.0916,0.0997,0.0985,0.1041
2022-10-26,buy_and_hold,Hold,0.0941,0.1005,0.1014,0.0945,0.1177,0.1001,0.0921,0.0911,0.1026,0.106
2022-10-27,buy_and_hold,Hold,0.0936,0.1011,0.1036,0.0916,0.1179,0.0999,0.0943,0.0894,0.1037,0.105
2022-10-28,buy_and_hold,Hold,0.0945,0.1027,0.1054,0.084,0.1153,0.1005,0.0952,0.0919,0.1052,0.1053
2022-10-31,buy_and_hold,Hold,0.0946,0.102,0.1066,0.0837,0.1161,0.0995,0.0955,0.0908,0.1052,0.1059
2022-11-01,buy_and_hold,Rebalance,0.1,0.1,0.1,0.1,0.1,0.1,0.1,0.1,0.1,0.1
2022-11-02,buy_and_hold,Hold,0.1013,0.0994,0.1025,0.0977,0.0992,0.0998,0.101,0.0987,0.1007,0.0998
2022-11-03,buy_and_hold,Hold,0.0997,0.0937,0.1014,0.0947,0.1061,0.1075,0.1015,0.0947,0.1007,0.1
2022-11-04,buy_and_hold,Hold,0.099,0.093,0.1008,0.0943,0.1073,0.1098,0.1011,0.096,0.0999,0.0989
2022-11-07,buy_and_hold,Hold,0.0995,0.0949,0.1008,0.0929,0.1073,0.1093,0.1007,0.0971,0.0988,0.0987
2022-11-08,buy_and_hold,Hold,0.0995,0.0948,0.1009,0.0922,0.1062,0.1113,0.0997,0.0975,0.0992,0.0987
2022-11-09,buy_and_hold,Hold,0.1014,0.0959,0.1024,0.0901,0.1007,0.1125,0.0999,0.0978,0.1001,0.0992
2022-11-10,buy_and_hold,Hold,0.1011,0.0983,0.1009,0.0962,0.0989,0.1107,0.1022,0.1001,0.0993,0.0923
2022-11-11,buy_and_hold,Hold,0.0997,0.098,0.1001,0.0991,0.1013,0.1088,0.0992,0.1014,0.1009,0.0915
2022-11-14,buy_and_hold,Hold,0.099,0.0989,0.0991,0.0981,0.0994,0.1127,0.0981,0.102,0.1008,0.0918
2022-11-15,buy_and_hold,Hold,0.0988,0.0989,0.1006,0.0972,0.1019,0.1111,0.0984,0.1035,0.0996,0.09
2022-11-16,buy_and_hold,Hold,0.1,0.0992,0.1021,0.0961,0.0992,0.1121,0.0975,0.1047,0.0984,0.0905
2022-11-17,buy_and_hold,Hold,0.0997,0.0985,0.1026,0.0946,0.0989,0.1123,0.0982,0.1049,0.0991,0.0913
2022-11-18,buy_and_hold,Hold,0.1007,0.098,0.1028,0.0936,0.0974,0.1132,0.0999,0.1037,0.0985,0.0922
2022-11-21,buy_and_hold,Hold,0.101,0.0985,0.1038,0.0923,0.0955,0.1136,0.1,0.1021,0.0995,0.0938
2022-11-22,buy_and_hold,Hold,0.1,0.0986,0.1027,0.0912,0.0988,0.1161,0.0999,0.1016,0.0984,0.0927
2022-11-23,buy_and_hold,Hold,0.1011,0.0991,0.1026,0.0921,0.0967,0.1157,0.0993,0.1031,0.0979,0.0924
2022-11-25,buy_and_hold,Hold,0.1018,0.0995,0.1031,0.0912,0.0958,0.1161,0.1006,0.1018,0.0984,0.0916
2022-11-28,buy_and_hold,Hold,0.1021,0.0993,0.1028,0.0933,0.0944,0.1161,0.099,0.1021,0.0968,0.0941
2022-11-29,buy_and_hold,Hold,0.1013,0.098,0.1023,0.0915,0.0975,0.1149,0.101,0.1008,0.0976,0.0952
2022-11-30,buy_and_hold,Hold,0.1012,0.0999,0.1012,0.0932,0.0956,0.1149,0.1004,0.1043,0.095,0.0943
2022-12-01,buy_and_hold,Rebalance,0.1,0.1,0.1,0.1,0.1,0.1,0.1,0.1,0.1,0.1
2022-12-02,buy_and_hold,Hold,0.1,0.0989,0.1004,0.0984,0.1006,0.1019,0.0988,0.0993,0.1006,0.1011
2022-12-05,buy_and_hold,Hold,0.0994,0.0984,0.1006,0.097,0.0996,0.1028,0.099,0.1003,0.1007,0.1022
2022-12-06,buy_and_hold,Hold,0.0999,0.0978,0.1026,0.0959,0.0975,0.1038,0.0982,0.0997,0.1026,0.102
2022-12-07,buy_and_hold,Hold,0.1006,0.0981,0.1026,0.096,0.0968,0.1048,0.0974,0.0974,0.1039,0.1022
2022-12-08,buy_and_hold,Hold,0.1021,0.0994,0.1008,0.0975,0.0943,0.1056,0.0989,0.0956,0.1031,0.1027
2022-12-09,buy_and_hold,Hold,0.1034,0.0989,0.101,0.0968,0.093,0.1046,0.1001,0.0954,0.1036,0.1032
2022-12-12,buy_and_hold,Hold,0.1038,0.0988,0.1007,0.097,0.0961,0.1047,0.0991,0.0945,0.103,0.1022
2022-12-13,buy_and_hold,Hold,0.1041,0.0983,0.099,0.0976,0.0989,0.1051,0.0994,0.0954,0.1018,0.1004
2022-12-14,buy_and_hold,Hold,0.1044,0.0975,0.0992,0.0972,0.0977,0.1056,0.1001,0.0954,0.1014,0.1016
2022-12-15,buy_and_hold,Hold,0.1043,0.0963,0.1,0.0961,0.1,0.1051,0.1007,0.0933,0.1007,0.1036
2022-12-16,buy_and_hold,Hold,0.1045,0.0921,0.1012,0.097,0.0989,0.107,0.0987,0.0943,0.1019,0.1045
2022-12-19,buy_and_hold,Hold,0.1052,0.0899,0.1021,0.0948,0.1,0.1071,0.0992,0.0933,0.1033,0.1051
2022-12-20,buy_and_hold,Hold,0.1046,0.0917,0.1041,0.0945,0.1001,0.1061,0.0991,0.0934,0.1016,0.1047
2022-12-21,buy_and_hold,Hold,0.1043,0.0925,0.1035,0.0946,0.104,0.1049,0.0988,0.0924,0.102,0.1031
2022-12-22,buy_and_hold,Hold,0.1057,0.0923,0.1041,0.0927,0.101,0.1058,0.0996,0.0918,0.1019,0.105
2022-12-23,buy_and_hold,Hold,0.1047,0.0918,0.1042,0.0932,0.1056,0.1044,0.0993,0.0923,0.0996,0.1049
2022-12-27,buy_and_hold,Hold,0.1053,0.0917,0.1052,0.091,0.1068,0.1048,0.099,0.0906,0.0999,0.1057
2022-12-28,buy_and_hold,Hold,0.1064,0.0925,0.1058,0.0912,0.103,0.1057,0.0986,0.0907,0.1,0.106
2022-12-29,buy_and_hold,Hold,0.1071,0.0928,0.105,0.0923,0.1029,0.1045,0.099,0.0917,0.1002,0.1043
2022-12-30,buy_and_hold,Hold,0.1067,0.0924,0.1049,0.0922,0.1048,0.1041,0.0995,0.0916,0.0998,0.1041
2023-01-03,buy_and_hold,Rebalance,0.1,0.1,0.1,0.1,0.1,0.1,0.1,0.1,0.1,0.1
2023-01-04,buy_and_hold,Hold,0.1015,0.0996,0.1005,0.0992,0.0966,0.1,0.1019,0.0988,0.1022,0.0997
2023-01-05,buy_and_hold,Hold,0.1026,0.0987,0.1014,0.0983,0.0972,0.0999,0.1007,0.0982,0.1019,0.1011
2023-01-06,buy_and_hold,Hold,0.1014,0.0985,0.102,0.0992,0.0973,0.1001,0.1013,0.0969,0.1023,0.1009
2023-01-09,buy_and_hold,Hold,0.1012,0.1002,0.0987,0.1007,0.0983,0.1005,0.1006,0.0977,0.1024,0.0999
2023-01-10,buy_and_hold,Hold,0.1019,0.0998,0.0987,0.1027,0.0972,0.1001,0.1005,0.0973,0.1026,0.0991
2023-01-11,buy_and_hold,Hold,0.0996,0.1007,0.0969,0.1069,0.0969,0.0984,0.1029,0.099,0.1017,0.0971
2023-01-12,buy_and_hold,Hold,0.0982,0.1014,0.0965,0.1068,0.1,0.0973,0.104,0.0983,0.1016,0.0959
2023-01-13,buy_and_hold,Hold,0.0993,0.1,0.0971,0.1091,0.0992,0.0969,0.103,0.0987,0.1009,0.0956
2023-01-17,buy_and_hold,Hold,0.1,0.1018,0.0973,0.1076,0.0995,0.0961,0.1042,0.0985,0.0994,0.0954
2023-01-18,buy_and_hold,Hold,0.0998,0.1008,0.0981,0.1086,0.0987,0.0965,0.1052,0.0999,0.0979,0.0944
2023-01-19,buy_and_hold,Hold,0.1006,0.0995,0.0969,0.1071,0.1016,0.096,0.1051,0.1024,0.0949,0.096
2023-01-20,buy_and_hold,Hold,0.0995,0.1002,0.0955,0.109,0.1,0.0955,0.1048,0.1058,0.0948,0.095
2023-01-23,buy_and_hold,Hold,0.0997,0.099,0.0954,0.1084,0.0998,0.0961,0.1053,0.1068,0.0955,0.0939
2023-01-24,buy_and_hold,Hold,0.0997,0.0987,0.0983,0.1084,0.0981,0.0988,0.1063,0.1059,0.0907,0.0951
2023-01-25,buy_and_hold,Hold,0.0989,0.0987,0.0993,0.1101,0.0988,0.099,0.1058,0.1039,0.0897,0.096
2023-01-26,buy_and_hold,Hold,0.0981,0.0982,0.0982,0.1114,0.1008,0.0995,0.1051,0.1055,0.0894,0.0938
2023-01-27,buy_and_hold,Hold,0.0963,0.0984,0.0973,0.1138,0.1007,0.0979,0.1065,0.1065,0.0899,0.0926
2023-01-30,buy_and_hold,Hold,0.0974,0.0986,0.0987,0.1134,0.0985,0.0991,0.1057,0.1052,0.0889,0.0946
2023-01-31,buy_and_hold,Hold,0.0965,0.0987,0.0978,0.1145,0.0973,0.0996,0.1062,0.1056,0.0895,0.0942
2023-02-01,buy_and_hold,Rebalance,0.1,0.1,0.1,0.1,0.1,0.1,0.1,0.1,0.1,0.1
2023-02-02,buy_and_hold,Hold,0.0993,0.1026,0.093,0.1063,0.0966,0.0919,0.1035,0.1062,0.1027,0.0978
2023-02-03,buy_and_hold,Hold,0.1011,0.1032,0.0958,0.0995,0.098,0.0906,0.104,0.1055,0.1026,0.0998
2023-02-06,buy_and_hold,Hold,0.1009,0.1022,0.0967,0.099,0.0986,0.0906,0.1044,0.1044,0.1024,0.1006
2023-02-07,buy_and_hold,Hold,0.1009,0.1022,0.0962,0.0978,0.1014,0.0903,0.1029,0.108,0.1016,0.0987
2023-02-08,buy_and_hold,Hold,0.101,0.1029,0.0986,0.0976,0.0995,0.0926,0.1041,0.1014,0.102,0.1003
2023-02-09,buy_and_hold,Hold,0.1006,0.1046,0.0989,0.0972,0.0984,0.0938,0.1052,0.0984,0.1014,0.1014
2023-02-10,buy_and_hold,Hold,0.0998,0.1033,0.0984,0.0958,0.1036,0.0933,0.1047,0.0972,0.1014,0.1025
2023-02-13,buy_and_hold,Hold,0.0995,0.1043,0.0994,0.0971,0.1005,0.0924,0.1049,0.0966,0.1021,0.1032
2023-02-14,buy_and_hold,Hold,0.0993,0.1039,0.0983,0.0981,0.1013,0.0916,0.1046,0.0976,0.102,0.1032
2023-02-15,buy_and_hold,Hold,0.0989,0.1045,0.098,0.0991,0.0981,0.0921,0.1044,0.0995,0.1021,0.1033
2023-02-16,buy_and_hold,Hold,0.0993,0.1038,0.0994,0.0977,0.0968,0.0924,0.1039,0.0996,0.1026,0.1044
2023-02-17,buy_and_hold,Hold,0.1006,0.1029,0.1003,0.0974,0.0924,0.0926,0.1042,0.099,0.1041,0.1065
2023-02-21,buy_and_hold,Hold,0.0998,0.1021,0.1007,0.0968,0.0944,0.0939,0.1038,0.0984,0.1028,0.1074
2023-02-22,buy_and_hold,Hold,0.099,0.1025,0.1012,0.0982,0.094,0.0943,0.1029,0.0984,0.1027,0.1069
2023-02-23,buy_and_hold,Hold,0.0985,0.1027,0.1003,0.0979,0.0968,0.0944,0.1025,0.0972,0.1023,0.1073
2023-02-24,buy_and_hold,Hold,0.0976,0.1021,0.1022,0.0966,0.0981,0.0959,0.1009,0.0964,0.1024,0.1078
2023-02-27,buy_and_hold,Hold,0.0969,0.1019,0.1017,0.0968,0.0982,0.0974,0.1008,0.0972,0.1028,0.1063
2023-02-28,buy_and_hold,Hold,0.0989,0.1018,0.1018,0.0975,0.0962,0.0978,0.0998,0.0975,0.1025,0.1062
2023-03-01,buy_and_hold,Rebalance,0.1,0.1,0.1,0.1,0.1,0.1,0.1,0.1,0.1,0.1
2023-03-02,buy_and_hold,Hold,0.1011,0.0999,0.0985,0.0993,0.1009,0.1006,0.0995,0.1011,0.099,0.1
2023-03-03,buy_and_hold,Hold,0.1014,0.1,0.0984,0.1008,0.1017,0.1001,0.0985,0.1015,0.0988,0.0987
2023-03-06,buy_and_hold,Hold,0.1001,0.1005,0.0984,0.0999,0.0995,0.0999,0.1001,0.1034,0.098,0.1004
2023-03-07,buy_and_hold,Hold,0.0992,0.1002,0.0985,0.1015,0.0987,0.1011,0.0989,0.1039,0.0972,0.1009
2023-03-08,buy_and_hold,Hold,0.0987,0.1001,0.0971,0.102,0.0972,0.1007,0.1011,0.1044,0.0973,0.1015
2023-03-09,buy_and_hold,Hold,0.0991,0.1006,0.0972,0.1022,0.0954,0.1006,0.0992,0.1043,0.0978,0.1034
2023-03-10,buy_and_hold,Hold,0.1005,0.1002,0.0982,0.1028,0.0948,0.1019,0.0927,0.1048,0.0986,0.1055
2023-03-13,buy_and_hold,Hold,0.1022,0.1,0.0958,0.1052,0.0914,0.1023,0.0926,0.1058,0.0985,0.1061
2023-03-14,buy_and_hold,Hold,0.1015,0.0994,0.0962,0.1069,0.0912,0.103,0.0919,0.108,0.0968,0.1051
2023-03-15,buy_and_hold,Hold,0.1019,0.0981,0.0945,0.1097,0.085,0.101,0.0933,0.1118,0.098,0.1067
2023-03-16,buy_and_hold,Hold,0.1016,0.0993,0.0949,0.1123,0.0856,0.1004,0.0898,0.1148,0.0978,0.1035
2023-03-17,buy_and_hold,Hold,0.101,0.0996,0.0945,0.1127,0.0841,0.1001,0.0888,0.1181,0.0981,0.1031
2023-03-20,buy_and_hold,Hold,0.1007,0.0994,0.0966,0.11,0.0861,0.1005,0.0885,0.1163,0.0982,0.1036
2023-03-21,buy_and_hold,Hold,0.0994,0.0996,0.0968,0.1112,0.0901,0.0985,0.0877,0.1183,0.0964,0.102
2023-03-22,buy_and_hold,Hold,0.1,0.1,0.0965,0.1115,0.0903,0.0995,0.0853,0.1191,0.0959,0.1019
2023-03-23,buy_and_hold,Hold,0.1,0.1071,0.0954,0.1113,0.0892,0.0962,0.0844,0.1214,0.0952,0.0999
2023-03-24,buy_and_hold,Hold,0.1004,0.1065,0.0953,0.1099,0.0899,0.0958,0.0866,0.1205,0.0947,0.1004
2023-03-27,buy_and_hold,Hold,0.1007,0.1071,0.0955,0.1096,0.092,0.0966,0.0856,0.1169,0.0949,0.101
2023-03-28,buy_and_hold,Hold,0.0993,0.1075,0.0962,0.1088,0.0934,0.0978,0.0855,0.1153,0.0952,0.1012
2023-03-29,buy_and_hold,Hold,0.0994,0.1079,0.0959,0.1105,0.0921,0.0974,0.0875,0.114,0.0951,0.1001
2023-03-30,buy_and_hold,Hold,0.0995,0.1086,0.0955,0.112,0.0904,0.0982,0.0887,0.113,0.0944,0.0997
2023-03-31,buy_and_hold,Hold,0.1,0.1079,0.0943,0.1116,0.0906,0.0998,0.0884,0.1143,0.0949,0.0983
2023-04-03,buy_and_hold,Rebalance,0.1,0.1,0.1,0.1,0.1,0.1,0.1,0.1,0.1,0.1
2023-04-04,buy_and_hold,Hold,0.1018,0.1006,0.0994,0.1021,0.0978,0.0993,0.1003,0.1009,0.0984,0.0994
2023-04-05,buy_and_hold,Hold,0.1035,0.0993,0.1006,0.0996,0.0978,0.0991,0.1004,0.101,0.0987,0.0997
2023-04-06,buy_and_hold,Hold,0.1037,0.099,0.1003,0.1001,0.0975,0.098,0.1004,0.1043,0.0975,0.0992
2023-04-10,buy_and_hold,Hold,0.1023,0.0988,0.1007,0.1,0.1,0.0983,0.1,0.1022,0.0985,0.0992
2023-04-11,buy_and_hold,Hold,0.1015,0.1,0.1015,0.0974,0.1017,0.0985,0.0988,0.1008,0.0998,0.1001
2023-04-12,buy_and_hold,Hold,0.1013,0.1001,0.1024,0.0959,0.1015,0.0997,0.0981,0.1007,0.1002,0.1001
2023-04-13,buy_and_hold,Hold,0.1016,0.0993,0.1017,0.0991,0.1023,0.0988,0.0953,0.1021,0.1006,0.0991
2023-04-14,buy_and_hold,Hold,0.1021,0.0974,0.1017,0.0994,0.1033,0.0983,0.0946,0.1036,0.1004,0.0994
2023-04-17,buy_and_hold,Hold,0.1025,0.0975,0.1021,0.0994,0.0999,0.0982,0.0985,0.1007,0.1012,0.1001
2023-04-18,buy_and_hold,Hold,0.1022,0.0975,0.1026,0.0991,0.0997,0.0987,0.0984,0.0993,0.1008,0.1017
2023-04-19,buy_and_hold,Hold,0.109,0.0964,0.1015,0.0999,0.0971,0.0986,0.0988,0.0979,0.0995,0.1013
2023-04-20,buy_and_hold,Hold,0.108,0.0957,0.1017,0.1003,0.0957,0.1001,0.0985,0.0998,0.0991,0.1011
2023-04-21,buy_and_hold,Hold,0.109,0.0957,0.1007,0.103,0.0943,0.0992,0.0987,0.0996,0.0986,0.1012
2023-04-24,buy_and_hold,Hold,0.1074,0.0958,0.1005,0.102,0.0956,0.0998,0.0981,0.0999,0.0988,0.1021
2023-04-25,buy_and_hold,Hold,0.1088,0.0951,0.1017,0.1002,0.0932,0.1003,0.0969,0.0995,0.0998,0.1045
2023-04-26,buy_and_hold,Hold,0.1082,0.0958,0.1017,0.1031,0.0913,0.0994,0.0971,0.1,0.099,0.1044
2023-04-27,buy_and_hold,Hold,0.1062,0.0949,0.1054,0.1052,0.0898,0.0989,0.0968,0.1011,0.0988,0.1029
2023-04-28,buy_and_hold,Hold,0.1066,0.096,0.1054,0.1004,0.0923,0.0993,0.0974,0.1003,0.0991,0.103
2023-05-01,buy_and_hold,Rebalance,0.1,0.1,0.1,0.1,0.1,0.1,0.1,0.1,0.1,0.1
2023-05-02,buy_and_hold,Hold,0.1021,0.1008,0.0993,0.1033,0.0947,0.1005,0.0999,0.1,0.099,0.1005
2023-05-03,buy_and_hold,Hold,0.1026,0.1004,0.0976,0.1036,0.0944,0.1012,0.1017,0.1003,0.099,0.0993
2023-05-04,buy_and_hold,Hold,0.1031,0.0985,0.0981,0.1053,0.0903,0.1015,0.1031,0.1009,0.0994,0.0997
2023-05-05,buy_and_hold,Hold,0.1021,0.097,0.098,0.1056,0.0918,0.1022,0.1035,0.1005,0.0996,0.0997
2023-05-08,buy_and_hold,Hold,0.1019,0.0968,0.0982,0.1059,0.0916,0.1019,0.1026,0.1027,0.0988,0.0996
2023-05-09,buy_and_hold,Hold,0.1023,0.0972,0.0988,0.1077,0.0926,0.0974,0.1026,0.1032,0.0981,0.1002
2023-05-10,buy_and_hold,Hold,0.1018,0.0983,0.0969,0.1103,0.0908,0.0969,0.1026,0.1065,0.0974,0.0983
2023-05-11,buy_and_hold,Hold,0.1008,0.0992,0.0964,0.1119,0.0912,0.095,0.1006,0.1107,0.0969,0.0973
2023-05-12,buy_and_hold,Hold,0.1013,0.101,0.0957,0.11,0.091,0.0956,0.0999,0.1116,0.0965,0.0973
2023-05-15,buy_and_hold,Hold,0.1006,0.1011,0.0956,0.1109,0.0908,0.0959,0.1009,0.1106,0.0966,0.097
2023-05-16,buy_and_hold,Hold,0.1008,0.1023,0.0955,0.1138,0.0878,0.0953,0.0988,0.1142,0.0948,0.0967
2023-05-17,buy_and_hold,Hold,0.099,0.103,0.0957,0.1144,0.0892,0.0943,0.0988,0.114,0.0957,0.0959
2023-05-18,buy_and_hold,Hold,0.0982,0.1035,0.0963,0.1165,0.0892,0.0936,0.0965,0.1153,0.0961,0.0949
2023-05-19,buy_and_hold,Hold,0.0985,0.1042,0.0961,0.1144,0.091,0.0946,0.0955,0.115,0.0954,0.0952
2023-05-22,buy_and_hold,Hold,0.0976,0.1043,0.0954,0.1129,0.0909,0.093,0.0968,0.1169,0.0978,0.0942
2023-05-23,buy_and_hold,Hold,0.096,0.1041,0.0953,0.1137,0.0927,0.0925,0.0978,0.1154,0.0975,0.0949
2023-05-24,buy_and_hold,Hold,0.0954,0.1046,0.0941,0.1166,0.0949,0.0932,0.0957,0.1149,0.0948,0.0959
2023-05-25,buy_and_hold,Hold,0.0941,0.1069,0.0946,0.1154,0.0924,0.0941,0.0935,0.1179,0.0953,0.0957
2023-05-26,buy_and_hold,Hold,0.0937,0.1099,0.0933,0.1191,0.0916,0.0935,0.0928,0.1176,0.0941,0.0945
2023-05-30,buy_and_hold,Hold,0.0927,0.1118,0.0945,0.1208,0.0885,0.0938,0.0936,0.1169,0.0933,0.094
2023-05-31,buy_and_hold,Hold,0.0938,0.1119,0.0939,0.1208,0.088,0.0929,0.0952,0.1171,0.0915,0.095
2023-06-01,buy_and_hold,Rebalance,0.1,0.1,0.1,0.1,0.1,0.1,0.1,0.1,0.1,0.1
2023-06-02,buy_and_hold,Hold,0.0984,0.0991,0.1,0.0983,0.1021,0.0999,0.0997,0.0979,0.1056,0.0988
2023-06-05,buy_and_hold,Hold,0.0989,0.0977,0.1017,0.1,0.1011,0.1003,0.1006,0.0998,0.1018,0.0981
2023-06-06,buy_and_hold,Hold,0.0972,0.0983,0.1019,0.1004,0.1013,0.0993,0.1024,0.1002,0.1015,0.0975
2023-06-07,buy_and_hold,Hold,0.0958,0.0988,0.1025,0.0957,0.1041,0.1002,0.1051,0.096,0.1038,0.0981
2023-06-08,buy_and_hold,Hold,0.0952,0.0978,0.1024,0.0983,0.103,0.1007,0.1042,0.0959,0.1038,0.0988
2023-06-09,buy_and_hold,Hold,0.0963,0.0985,0.1038,0.0979,0.1015,0.0993,0.1045,0.0962,0.1032,0.0988
2023-06-12,buy_and_hold,Hold,0.0955,0.0988,0.1029,0.0999,0.0999,0.0989,0.1043,0.0968,0.104,0.0989
2023-06-13,buy_and_hold,Hold,0.095,0.099,0.1029,0.099,0.1009,0.1,0.1042,0.096,0.1045,0.0985
2023-06-14,buy_and_hold,Hold,0.0965,0.0992,0.1021,0.0989,0.1009,0.1016,0.1042,0.096,0.1039,0.0967
2023-06-15,buy_and_hold,Hold,0.0969,0.1006,0.1023,0.0982,0.1026,0.1009,0.1023,0.0959,0.1044,0.0959
2023-06-16,buy_and_hold,Hold,0.0987,0.1,0.1026,0.0977,0.1025,0.1025,0.0982,0.0954,0.106,0.0964
2023-06-20,buy_and_hold,Hold,0.1003,0.1005,0.1013,0.099,0.1011,0.1024,0.0981,0.0962,0.1049,0.0962
2023-06-21,buy_and_hold,Hold,0.1002,0.0995,0.1012,0.0986,0.1036,0.1027,0.0977,0.0945,0.1044,0.0976
2023-06-22,buy_and_hold,Hold,0.1022,0.0977,0.1013,0.1029,0.1006,0.1023,0.0957,0.0966,0.1034,0.0973
2023-06-23,buy_and_hold,Hold,0.103,0.0958,0.1017,0.1032,0.0996,0.1027,0.0951,0.0969,0.1047,0.0974
2023-06-26,buy_and_hold,Hold,0.103,0.0951,0.102,0.1012,0.1006,0.1023,0.0995,0.0934,0.104,0.0989
2023-06-27,buy_and_hold,Hold,0.102,0.0959,0.103,0.1024,0.0995,0.1038,0.1003,0.093,0.1014,0.0988
2023-06-28,buy_and_hold,Hold,0.1018,0.0961,0.1028,0.1022,0.1008,0.1037,0.0974,0.0945,0.1017,0.0991
2023-06-29,buy_and_hold,Hold,0.101,0.0974,0.103,0.1005,0.1021,0.104,0.0984,0.0928,0.1015,0.0993
2023-06-30,buy_and_hold,Hold,0.1013,0.0966,0.1031,0.1014,0.1019,0.1054,0.0975,0.0924,0.1014,0.0991
2023-07-03,buy_and_hold,Rebalance,0.1,0.1,0.1,0.1,0.1,0.1,0.1,0.1,0.1,0.1
2023-07-05,buy_and_hold,Hold,0.1004,0.0999,0.0999,0.1004,0.1011,0.0972,0.101,0.1018,0.0978,0.1004
2023-07-06,buy_and_hold,Hold,0.1011,0.1001,0.1003,0.0997,0.0999,0.098,0.1019,0.1013,0.0963,0.1015
2023-07-07,buy_and_hold,Hold,0.0999,0.099,0.1005,0.1004,0.1032,0.0973,0.1015,0.1004,0.0969,0.1009
2023-07-10,buy_and_hold,Hold,0.1011,0.1005,0.1004,0.0989,0.1043,0.0989,0.1012,0.0984,0.0973,0.0991
2023-07-11,buy_and_hold,Hold,0.0997,0.099,0.0999,0.0983,0.1088,0.0966,0.1014,0.0972,0.1002,0.0988
2023-07-12,buy_and_hold,Hold,0.0986,0.1002,0.099,0.0993,0.1089,0.098,0.1003,0.0981,0.0993,0.0984
2023-07-13,buy_and_hold,Hold,0.0983,0.0991,0.0971,0.1005,0.1104,0.098,0.0998,0.1012,0.0991,0.0967
2023-07-14,buy_and_hold,Hold,0.099,0.0998,0.097,0.1012,0.1053,0.0984,0.1008,0.1024,0.099,0.097
2023-07-17,buy_and_hold,Hold,0.0985,0.1014,0.0985,0.1007,0.1048,0.0989,0.0994,0.1021,0.0988,0.0971
2023-07-18,buy_and_hold,Hold,0.0979,0.1017,0.0987,0.0997,0.1087,0.0981,0.0983,0.1008,0.0995,0.0966
2023-07-19,buy_and_hold,Hold,0.0979,0.1002,0.0989,0.1012,0.1087,0.0979,0.1001,0.0991,0.0996,0.0962
2023-07-20,buy_and_hold,Hold,0.1019,0.098,0.1003,0.097,0.1091,0.0986,0.1015,0.0967,0.1002,0.0967
2023-07-21,buy_and_hold,Hold,0.1033,0.098,0.0995,0.0963,0.1102,0.0983,0.1024,0.0966,0.0995,0.0958
2023-07-24,buy_and_hold,Hold,0.1035,0.0974,0.0994,0.0953,0.1118,0.0979,0.1021,0.0976,0.0993,0.0956
2023-07-25,buy_and_hold,Hold,0.1011,0.0979,0.0987,0.0947,0.1117,0.0984,0.1018,0.0974,0.1037,0.0946
2023-07-26,buy_and_hold,Hold,0.1009,0.0964,0.0979,0.0929,0.1116,0.0963,0.1035,0.1018,0.1051,0.0937
2023-07-27,buy_and_hold,Hold,0.1002,0.0976,0.0974,0.0935,0.1107,0.0968,0.1028,0.1024,0.1043,0.0942
2023-07-28,buy_and_hold,Hold,0.0995,0.0959,0.0971,0.0956,0.1117,0.0962,0.1026,0.1041,0.1041,0.0933
2023-07-31,buy_and_hold,Hold,0.0982,0.0961,0.097,0.0966,0.1126,0.0967,0.1018,0.1042,0.1037,0.0931
2023-08-01,buy_and_hold,Rebalance,0.1,0.1,0.1,0.1,0.1,0.1,0.1,0.1,0.1,0.1
2023-08-02,buy_and_hold,Hold,0.0991,0.0999,0.1067,0.0982,0.0978,0.0999,0.101,0.0985,0.0994,0.0995
2023-08-03,buy_and_hold,Hold,0.0982,0.0998,0.1079,0.0988,0.1045,0.0941,0.1012,0.0986,0.0979,0.099
2023-08-04,buy_and_hold,Hold,0.0979,0.0978,0.1072,0.1066,0.1046,0.0946,0.0995,0.0979,0.096,0.0979
2023-08-07,buy_and_hold,Hold,0.0974,0.0977,0.1073,0.1072,0.1041,0.0943,0.1011,0.0993,0.0945,0.097
2023-08-08,buy_and_hold,Hold,0.0955,0.0981,0.1068,0.1062,0.1076,0.0937,0.1003,0.0998,0.0941,0.0979
2023-08-09,buy_and_hold,Hold,0.0956,0.0974,0.1053,0.105,0.1103,0.0947,0.1007,0.0989,0.0941,0.0979
2023-08-10,buy_and_hold,Hold,0.0952,0.0971,0.1055,0.1057,0.1102,0.0951,0.1001,0.099,0.0944,0.0976
2023-08-11,buy_and_hold,Hold,0.0953,0.0963,0.1061,0.1051,0.1116,0.0955,0.1001,0.0985,0.0946,0.0968
2023-08-14,buy_and_hold,Hold,0.0959,0.097,0.1062,0.1066,0.1109,0.096,0.098,0.0997,0.0934,0.0962
2023-08-15,buy_and_hold,Hold,0.0964,0.0973,0.1067,0.1062,0.1107,0.0958,0.097,0.1002,0.0929,0.0968
2023-08-16,buy_and_hold,Hold,0.0965,0.0978,0.1073,0.1046,0.1106,0.0964,0.0975,0.0998,0.093,0.0965
2023-08-17,buy_and_hold,Hold,0.0968,0.0971,0.1069,0.1038,0.1116,0.0959,0.0971,0.1007,0.0939,0.0961
2023-08-18,buy_and_hold,Hold,0.0962,0.0968,0.1064,0.1037,0.1127,0.0966,0.0967,0.0994,0.0941,0.0974
2023-08-21,buy_and_hold,Hold,0.0964,0.0979,0.1059,0.1049,0.1119,0.0967,0.096,0.1001,0.0934,0.097
2023-08-22,buy_and_hold,Hold,0.0978,0.0989,0.1052,0.1048,0.1089,0.0969,0.0964,0.1009,0.093,0.0973
2023-08-23,buy_and_hold,Hold,0.0968,0.1,0.1039,0.1048,0.1076,0.0962,0.0978,0.1025,0.0931,0.0972
2023-08-24,buy_and_hold,Hold,0.0962,0.1003,0.1062,0.1026,0.1076,0.0972,0.0976,0.1011,0.0927,0.0985
2023-08-25,buy_and_hold,Hold,0.0961,0.1013,0.1056,0.1032,0.1083,0.0972,0.0964,0.1007,0.0926,0.0986
2023-08-28,buy_and_hold,Hold,0.0941,0.1012,0.1053,0.1023,0.1079,0.097,0.096,0.1008,0.0968,0.0985
2023-08-29,buy_and_hold,Hold,0.094,0.1008,0.1041,0.1025,0.1083,0.0971,0.0961,0.1023,0.0969,0.0979
2023-08-30,buy_and_hold,Hold,0.0942,0.1005,0.1039,0.1023,0.1084,0.0975,0.0963,0.103,0.0956,0.0983
2023-08-31,buy_and_hold,Hold,0.0927,0.1005,0.1036,0.1044,0.1085,0.0973,0.0949,0.1031,0.0975,0.0975
2023-09-01,buy_and_hold,Rebalance,0.1,0.1,0.1,0.1,0.1,0.1,0.1,0.1,0.1,0.1
2023-09-05,buy_and_hold,Hold,0.0986,0.1001,0.0998,0.0999,0.1011,0.0988,0.1001,0.1006,0.1005,0.1005
2023-09-06,buy_and_hold,Hold,0.0998,0.1006,0.1003,0.099,0.1001,0.0995,0.1002,0.1002,0.1005,0.0997
2023-09-07,buy_and_hold,Hold,0.0987,0.101,0.1007,0.1007,0.0993,0.0989,0.1003,0.1006,0.0999,0.1
2023-09-08,buy_and_hold,Hold,0.0985,0.0999,0.1007,0.1007,0.0988,0.1008,0.0989,0.1011,0.0999,0.1005
2023-09-11,buy_and_hold,Hold,0.0997,0.0995,0.1012,0.1037,0.0952,0.1017,0.0964,0.101,0.1009,0.1009
2023-09-12,buy_and_hold,Hold,0.0999,0.0964,0.1024,0.1026,0.0984,0.1017,0.0959,0.1001,0.1005,0.1021
2023-09-13,buy_and_hold,Hold,0.1009,0.0968,0.1033,0.106,0.0944,0.1028,0.0958,0.1019,0.0955,0.1026
2023-09-14,buy_and_hold,Hold,0.0998,0.0966,0.1034,0.1048,0.0954,0.1027,0.0976,0.1018,0.0957,0.1022
2023-09-15,buy_and_hold,Hold,0.1001,0.0965,0.1036,0.1029,0.0954,0.1026,0.0985,0.1025,0.0957,0.1021
2023-09-18,buy_and_hold,Hold,0.0995,0.0977,0.1042,0.1027,0.096,0.1018,0.0973,0.1032,0.0957,0.1018
2023-09-19,buy_and_hold,Hold,0.0996,0.0985,0.1053,0.1014,0.0952,0.1022,0.0973,0.1036,0.0954,0.1016
2023-09-20,buy_and_hold,Hold,0.1002,0.0994,0.1061,0.1007,0.0941,0.1017,0.0987,0.1014,0.0952,0.1026
2023-09-21,buy_and_hold,Hold,0.1016,0.1005,0.1076,0.0989,0.094,0.1017,0.0929,0.1015,0.0963,0.105
2023-09-22,buy_and_hold,Hold,0.1011,0.1021,0.1081,0.099,0.0945,0.1019,0.0917,0.1017,0.0961,0.1039
2023-09-25,buy_and_hold,Hold,0.1001,0.1022,0.1085,0.1004,0.0961,0.1027,0.0911,0.1021,0.0936,0.1031
2023-09-26,buy_and_hold,Hold,0.1003,0.1016,0.1096,0.0978,0.0976,0.1031,0.0903,0.1016,0.0941,0.1041
2023-09-27,buy_and_hold,Hold,0.099,0.1023,0.1098,0.0972,0.1002,0.102,0.0901,0.1026,0.0932,0.1036
2023-09-28,buy_and_hold,Hold,0.1014,0.0976,0.1104,0.097,0.0996,0.1023,0.0914,0.1037,0.0927,0.1038
2023-09-29,buy_and_hold,Hold,0.1004,0.0999,0.1095,0.0982,0.0972,0.1021,0.0925,0.1029,0.0934,0.104
2023-10-02,buy_and_hold,Rebalance,0.1,0.1,0.1,0.1,0.1,0.1,0.1,0.1,0.1,0.1
2023-10-03,buy_and_hold,Hold,0.101,0.1003,0.0996,0.0972,0.1013,0.1019,0.0999,0.0996,0.0993,0.0998
2023-10-04,buy_and_hold,Hold,0.1005,0.1009,0.1001,0.0987,0.0967,0.1027,0.1002,0.1014,0.0981,0.1007
2023-10-05,buy_and_hold,Hold,0.1012,0.1012,0.1007,0.098,0.0961,0.101,0.1005,0.1014,0.0981,0.1017
2023-10-06,buy_and_hold,Hold,0.1012,0.1013,0.1015,0.0989,0.0951,0.1007,0.0996,0.1026,0.098,0.1012
2023-10-09,buy_and_hold,Hold,0.0999,0.1001,0.1011,0.098,0.098,0.1007,0.1012,0.102,0.0976,0.1015
2023-10-10,buy_and_hold,Hold,0.1003,0.0997,0.1015,0.0985,0.0969,0.1016,0.1007,0.1013,0.0989,0.1006
2023-10-11,buy_and_hold,Hold,0.095,0.1,0.1025,0.1,0.0967,0.1024,0.1015,0.1029,0.0984,0.1005
2023-10-12,buy_and_hold,Hold,0.0942,0.0985,0.1038,0.1016,0.0986,0.1018,0.0995,0.103,0.0981,0.101
2023-10-13,buy_and_hold,Hold,0.0945,0.0974,0.1039,0.0993,0.1034,0.1013,0.0998,0.1014,0.0974,0.1016
2023-10-16,buy_and_hold,Hold,0.0946,0.0972,0.1036,0.1,0.1043,0.1005,0.1004,0.1013,0.0974,0.1007
2023-10-17,buy_and_hold,Hold,0.0942,0.0977,0.1036,0.0988,0.1044,0.1014,0.1,0.1013,0.0976,0.101
2023-10-18,buy_and_hold,Hold,0.0986,0.0972,0.1033,0.0973,0.1069,0.0998,0.0977,0.1011,0.0963,0.1019
2023-10-19,buy_and_hold,Hold,0.0992,0.0977,0.103,0.0982,0.1084,0.0995,0.0955,0.1016,0.0955,0.1014
2023-10-20,buy_and_hold,Hold,0.1016,0.0967,0.1014,0.0967,0.1073,0.0998,0.0968,0.101,0.0959,0.1027
2023-10-23,buy_and_hold,Hold,0.1014,0.0968,0.1017,0.0985,0.1056,0.0992,0.0968,0.1025,0.0956,0.1021
2023-10-24,buy_and_hold,Hold,0.0992,0.0961,0.1013,0.0989,0.1039,0.099,0.097,0.1031,0.0995,0.1019
2023-10-25,buy_and_hold,Hold,0.1001,0.0971,0.1042,0.0955,0.1063,0.1002,0.0954,0.0954,0.1009,0.1049
2023-10-26,buy_and_hold,Hold,0.1018,0.0981,0.1046,0.0953,0.1061,0.1026,0.0988,0.094,0.1014,0.0974
2023-10-27,buy_and_hold,Hold,0.1008,0.0976,0.1034,0.102,0.1055,0.1023,0.0965,0.0941,0.1002,0.0977
2023-10-30,buy_and_hold,Hold,0.0995,0.0971,0.1031,0.1044,0.1028,0.1024,0.0965,0.0945,0.1011,0.0986
2023-10-31,buy_and_hold,Hold,0.1005,0.0979,0.1034,0.104,0.1023,0.1024,0.096,0.0936,0.102,0.0978
2023-11-01,buy_and_hold,Rebalance,0.1,0.1,0.1,0.1,0.1,0.1,0.1,0.1,0.1,0.1
2023-11-02,buy_and_hold,Hold,0.099,0.1005,0.1014,0.0988,0.0982,0.1002,0.1033,0.0988,0.0999,0.0999
2023-11-03,buy_and_hold,Hold,0.0977,0.101,0.1007,0.098,0.0977,0.1002,0.1067,0.0989,0.1004,0.0987
2023-11-06,buy_and_hold,Hold,0.0973,0.1013,0.1002,0.0992,0.0965,0.1,0.106,0.1002,0.1005,0.0988
2023-11-07,buy_and_hold,Hold,0.0986,0.1036,0.1012,0.1029,0.095,0.0887,0.1059,0.1023,0.1016,0.1003
2023-11-08,buy_and_hold,Hold,0.0988,0.1047,0.1006,0.1027,0.0918,0.0908,0.1065,0.1033,0.101,0.0998
2023-11-09,buy_and_hold,Hold,0.0985,0.1046,0.1024,0.1027,0.0918,0.0932,0.1019,0.1031,0.1013,0.1006
2023-11-10,buy_and_hold,Hold,0.0979,0.1052,0.102,0.1037,0.0922,0.0927,0.1019,0.1038,0.1014,0.0992
2023-11-13,buy_and_hold,Hold,0.1001,0.1042,0.1022,0.1033,0.0918,0.0928,0.1008,0.1037,0.1016,0.0995
2023-11-14,buy_and_hold,Hold,0.0989,0.1031,0.1007,0.103,0.0918,0.0916,0.1097,0.1022,0.1015,0.0975
2023-11-15,buy_and_hold,Hold,0.0993,0.1043,0.0985,0.1007,0.0907,0.093,0.1096,0.1025,0.103,0.0984
2023-11-16,buy_and_hold,Hold,0.1016,0.1049,0.0993,0.1004,0.0872,0.093,0.1076,0.1043,0.1034,0.0982
2023-11-17,buy_and_hold,Hold,0.1007,0.1048,0.1,0.1019,0.0895,0.0916,0.1074,0.1029,0.1028,0.0984
2023-11-20,buy_and_hold,Hold,0.1019,0.1053,0.0988,0.1021,0.0894,0.0919,0.1076,0.1031,0.1019,0.0979
2023-11-21,buy_and_hold,Hold,0.1028,0.1052,0.0998,0.1006,0.0886,0.0934,0.107,0.1038,0.101,0.0979
2023-11-22,buy_and_hold,Hold,0.1027,0.1053,0.0996,0.1018,0.0877,0.092,0.107,0.1041,0.1017,0.0981
2023-11-24,buy_and_hold,Hold,0.1026,0.1053,0.1,0.1015,0.0883,0.0918,0.1073,0.1025,0.102,0.0985
2023-11-27,buy_and_hold,Hold,0.1026,0.105,0.1002,0.1024,0.0871,0.091,0.1073,0.1024,0.1034,0.0986
2023-11-28,buy_and_hold,Hold,0.1017,0.1047,0.0989,0.1016,0.087,0.0897,0.1098,0.1027,0.1046,0.0992
2023-11-29,buy_and_hold,Hold,0.1033,0.1051,0.0983,0.1012,0.0869,0.0891,0.1112,0.1011,0.1046,0.0992
2023-11-30,buy_and_hold,Hold,0.1038,0.1048,0.0994,0.1008,0.0859,0.0902,0.1113,0.0991,0.105,0.0996
2023-12-01,buy_and_hold,Rebalance,0.1,0.1,0.1,0.1,0.1,0.1,0.1,0.1,0.1,0.1
2023-12-04,buy_and_hold,Hold,0.1004,0.0996,0.1002,0.0986,0.099,0.0991,0.1015,0.0981,0.1037,0.0998
2023-12-05,buy_and_hold,Hold,0.1002,0.1,0.1007,0.1006,0.0967,0.0967,0.102,0.1,0.1025,0.1006
2023-12-06,buy_and_hold,Hold,0.1013,0.1004,0.1001,0.0995,0.0951,0.097,0.1044,0.0998,0.1042,0.0983
2023-12-07,buy_and_hold,Hold,0.0998,0.0997,0.0998,0.1004,0.094,0.0966,0.1038,0.1044,0.104,0.0975
2023-12-08,buy_and_hold,Hold,0.1001,0.1002,0.1004,0.1007,0.0957,0.097,0.1016,0.1029,0.104,0.0974
2023-12-11,buy_and_hold,Hold,0.1015,0.1015,0.1008,0.0994,0.0961,0.0972,0.1013,0.1013,0.1035,0.0974
2023-12-12,buy_and_hold,Hold,0.102,0.1018,0.1024,0.1006,0.0947,0.0983,0.0992,0.1008,0.103,0.0973
2023-12-13,buy_and_hold,Hold,0.1011,0.1005,0.1005,0.1001,0.0952,0.0976,0.105,0.0994,0.1031,0.0975
2023-12-14,buy_and_hold,Hold,0.1014,0.0992,0.0963,0.0981,0.0966,0.0972,0.1114,0.0979,0.1049,0.0968
2023-12-15,buy_and_hold,Hold,0.1006,0.1001,0.0959,0.1003,0.0961,0.0977,0.1084,0.0989,0.1054,0.0964
2023-12-18,buy_and_hold,Hold,0.1008,0.0989,0.0962,0.1025,0.0963,0.0973,0.1069,0.1007,0.1037,0.0969
2023-12-19,buy_and_hold,Hold,0.1006,0.0984,0.0968,0.1018,0.0968,0.0973,0.1068,0.1009,0.1036,0.097
2023-12-20,buy_and_hold,Hold,0.1011,0.0991,0.0964,0.1021,0.0969,0.0971,0.1057,0.1036,0.1025,0.0956
2023-12-21,buy_and_hold,Hold,0.1007,0.1005,0.0958,0.1019,0.0967,0.0971,0.1063,0.1037,0.103,0.0943
2023-12-22,buy_and_hold,Hold,0.1009,0.1018,0.0957,0.1013,0.0964,0.0972,0.105,0.1042,0.1034,0.0942
2023-12-26,buy_and_hold,Hold,0.1004,0.1008,0.0953,0.1006,0.0993,0.0972,0.1053,0.1034,0.1043,0.0934
2023-12-27,buy_and_hold,Hold,0.1009,0.1008,0.0955,0.1005,0.0989,0.0974,0.1054,0.1026,0.1049,0.093
2023-12-28,buy_and_hold,Hold,0.1016,0.1004,0.0959,0.1007,0.0962,0.0971,0.1063,0.1026,0.106,0.0932
2023-12-29,buy_and_hold,Hold,0.1016,0.1005,0.0967,0.1001,0.096,0.0979,0.1049,0.1026,0.106,0.0938
2024-01-02,buy_and_hold,Rebalance,0.1,0.1,0.1,0.1,0.1,0.1,0.1,0.1,0.1,0.1
2024-01-03,buy_and_hold,Hold,0.1005,0.0982,0.1007,0.0998,0.1026,0.0999,0.0977,0.1014,0.0988,0.1004
2024-01-04,buy_and_hold,Hold,0.103,0.0991,0.1008,0.0983,0.0962,0.1008,0.0991,0.1007,0.1003,0.1018
2024-01-05,buy_and_hold,Hold,0.1027,0.0988,0.1011,0.0986,0.0968,0.1005,0.0996,0.1,0.1005,0.1016
2024-01-08,buy_and_hold,Hold,0.103,0.0988,0.1002,0.1001,0.0941,0.1005,0.101,0.1012,0.0996,0.1015
2024-01-09,buy_and_hold,Hold,0.1037,0.0998,0.0977,0.102,0.0923,0.0991,0.1003,0.1031,0.1002,0.1017
2024-01-10,buy_and_hold,Hold,0.1048,0.1002,0.0999,0.1032,0.0908,0.0983,0.1005,0.1037,0.0991,0.0994
2024-01-11,buy_and_hold,Hold,0.1046,0.101,0.1,0.1043,0.0905,0.0975,0.098,0.1036,0.0997,0.1008
2024-01-12,buy_and_hold,Hold,0.1048,0.1033,0.0999,0.1037,0.0906,0.0971,0.0982,0.1038,0.0988,0.1
2024-01-16,buy_and_hold,Hold,0.1055,0.1036,0.1004,0.1035,0.0878,0.0965,0.0992,0.1045,0.0992,0.0999
2024-01-17,buy_and_hold,Hold,0.1064,0.1044,0.1015,0.1033,0.0871,0.0971,0.0972,0.1045,0.0984,0.1
2024-01-18,buy_and_hold,Hold,0.1061,0.1058,0.1021,0.1041,0.0864,0.0967,0.0959,0.1056,0.0984,0.0989
2024-01-19,buy_and_hold,Hold,0.1058,0.1062,0.1022,0.1045,0.0855,0.0961,0.0962,0.1069,0.0988,0.0978
2024-01-22,buy_and_hold,Hold,0.1052,0.107,0.1022,0.1039,0.0863,0.0961,0.0961,0.1064,0.0989,0.098
2024-01-23,buy_and_hold,Hold,0.1059,0.1087,0.1032,0.1057,0.0875,0.0977,0.0958,0.1081,0.0887,0.0988
2024-01-24,buy_and_hold,Hold,0.1036,0.1091,0.1043,0.107,0.0895,0.0961,0.0955,0.11,0.0867,0.0982
2024-01-25,buy_and_hold,Hold,0.1036,0.1084,0.1027,0.106,0.0901,0.0971,0.0961,0.1107,0.0879,0.0974
2024-01-26,buy_and_hold,Hold,0.1031,0.108,0.1031,0.1068,0.0902,0.0963,0.0967,0.1108,0.0878,0.0973
2024-01-29,buy_and_hold,Hold,0.1038,0.1081,0.1016,0.1076,0.089,0.0955,0.0978,0.1112,0.0877,0.0975
2024-01-30,buy_and_hold,Hold,0.1045,0.1081,0.1036,0.1068,0.0911,0.0955,0.0944,0.1104,0.0876,0.098
2024-01-31,buy_and_hold,Hold,0.1065,0.1083,0.1042,0.1065,0.09,0.0962,0.0962,0.1044,0.0883,0.0993
2024-02-01,buy_and_hold,Rebalance,0.1,0.1,0.1,0.1,0.1,0.1,0.1,0.1,0.1,0.1
2024-02-02,buy_and_hold,Hold,0.0976,0.1003,0.1005,0.1076,0.0979,0.0992,0.0989,0.1006,0.0986,0.0989
2024-02-05,buy_and_hold,Hold,0.0998,0.1022,0.1025,0.1094,0.099,0.086,0.0986,0.1042,0.0989,0.0994
2024-02-06,buy_and_hold,Hold,0.1015,0.1002,0.1029,0.1082,0.101,0.0856,0.0979,0.104,0.0996,0.0992
2024-02-07,buy_and_hold,Hold,0.1006,0.1005,0.1052,0.1088,0.1008,0.0844,0.0973,0.1048,0.0995,0.0981
2024-02-08,buy_and_hold,Hold,0.0999,0.101,0.1043,0.1084,0.1006,0.0862,0.0979,0.1051,0.0988,0.0977
2024-02-09,buy_and_hold,Hold,0.0991,0.1017,0.1042,0.1112,0.0984,0.086,0.0963,0.1071,0.0983,0.0976
2024-02-12,buy_and_hold,Hold,0.0993,0.1001,0.1041,0.1093,0.1,0.0866,0.0973,0.1056,0.0997,0.0982
2024-02-13,buy_and_hold,Hold,0.1001,0.1007,0.1055,0.109,0.099,0.0863,0.0948,0.1059,0.0995,0.0993
2024-02-14,buy_and_hold,Hold,0.1,0.1022,0.1059,0.1097,0.0989,0.0855,0.0946,0.1057,0.0985,0.099
2024-02-15,buy_and_hold,Hold,0.1,0.1009,0.106,0.1074,0.1022,0.0881,0.0982,0.1019,0.0986,0.097
2024-02-16,buy_and_hold,Hold,0.1006,0.1007,0.1053,0.1075,0.1036,0.0883,0.0984,0.1006,0.0977,0.0973
2024-02-20,buy_and_hold,Hold,0.1031,0.099,0.1053,0.1062,0.1018,0.0889,0.0982,0.1012,0.0985,0.0977
2024-02-21,buy_and_hold,Hold,0.1035,0.0978,0.1052,0.1064,0.1026,0.0883,0.0996,0.1015,0.0977,0.0975
2024-02-22,buy_and_hold,Hold,0.1037,0.0998,0.1049,0.1093,0.0978,0.0889,0.0986,0.1018,0.0975,0.0978
2024-02-23,buy_and_hold,Hold,0.1036,0.101,0.1054,0.109,0.0968,0.089,0.0988,0.1012,0.0974,0.0978
2024-02-26,buy_and_hold,Hold,0.1042,0.1023,0.1058,0.1103,0.0967,0.0888,0.0978,0.098,0.0979,0.0981
2024-02-27,buy_and_hold,Hold,0.1041,0.1017,0.1057,0.1087,0.0979,0.0891,0.0992,0.0982,0.0976,0.0978
2024-02-28,buy_and_hold,Hold,0.1049,0.102,0.1064,0.1088,0.0973,0.0896,0.0992,0.0967,0.097,0.0983
2024-02-29,buy_and_hold,Hold,0.1031,0.1006,0.1061,0.1104,0.0963,0.0897,0.1014,0.0976,0.0972,0.0976
2024-03-01,buy_and_hold,Rebalance,0.1,0.1,0.1,0.1,0.1,0.1,0.1,0.1,0.1,0.1
2024-03-04,buy_and_hold,Hold,0.1016,0.1011,0.0996,0.1001,0.0992,0.1014,0.1018,0.0976,0.1,0.0976
2024-03-05,buy_and_hold,Hold,0.1005,0.0995,0.1011,0.0983,0.1008,0.1021,0.1005,0.0973,0.1015,0.0983
2024-03-06,buy_and_hold,Hold,0.1005,0.0998,0.102,0.0972,0.1006,0.1029,0.0993,0.0957,0.1006,0.1013
2024-03-07,buy_and_hold,Hold,0.101,0.1006,0.1013,0.0983,0.0995,0.1029,0.0989,0.097,0.0999,0.1007
2024-03-08,buy_and_hold,Hold,0.1008,0.0982,0.101,0.0973,0.1002,0.1012,0.1012,0.0976,0.1011,0.1013
2024-03-11,buy_and_hold,Hold,0.0997,0.0964,0.1018,0.095,0.101,0.1034,0.1005,0.0988,0.1008,0.1028
2024-03-12,buy_and_hold,Hold,0.0993,0.0974,0.1006,0.096,0.1008,0.1012,0.0988,0.0985,0.1048,0.1027
2024-03-13,buy_and_hold,Hold,0.0976,0.0958,0.1004,0.0955,0.1032,0.101,0.0971,0.0982,0.1092,0.1022
2024-03-14,buy_and_hold,Hold,0.0965,0.0956,0.1,0.0966,0.1028,0.1,0.0957,0.1005,0.1081,0.1043
2024-03-15,buy_and_hold,Hold,0.0944,0.0953,0.1017,0.0949,0.102,0.1005,0.0965,0.0998,0.1108,0.1041
2024-03-18,buy_and_hold,Hold,0.0915,0.0944,0.1014,0.0945,0.1027,0.1005,0.0959,0.1039,0.1101,0.1051
2024-03-19,buy_and_hold,Hold,0.0917,0.0954,0.1008,0.0949,0.1048,0.0985,0.0956,0.1031,0.1102,0.105
2024-03-20,buy_and_hold,Hold,0.0896,0.0952,0.1007,0.0953,0.1059,0.0965,0.0968,0.1034,0.1122,0.1045
2024-03-21,buy_and_hold,Hold,0.0904,0.0871,0.1016,0.0961,0.1072,0.0959,0.0995,0.1035,0.1129,0.1058
2024-03-22,buy_and_hold,Hold,0.0903,0.0858,0.1014,0.0973,0.1066,0.0972,0.0979,0.1065,0.1127,0.1042
2024-03-25,buy_and_hold,Hold,0.0896,0.0847,0.1019,0.0975,0.1099,0.0973,0.0984,0.1058,0.1103,0.1046
2024-03-26,buy_and_hold,Hold,0.0916,0.086,0.1029,0.0975,0.1054,0.0982,0.0974,0.1071,0.1089,0.1051
2024-03-27,buy_and_hold,Hold,0.0917,0.0858,0.102,0.0967,0.1063,0.0987,0.0995,0.1054,0.1091,0.1047
2024-03-28,buy_and_hold,Hold,0.0912,0.0866,0.1016,0.0963,0.1076,0.0984,0.0997,0.1047,0.1099,0.1039
2024-04-01,buy_and_hold,Rebalance,0.1,0.1,0.1,0.1,0.1,0.1,0.1,0.1,0.1,0.1
2024-04-02,buy_and_hold,Hold,0.1006,0.0999,0.1004,0.1005,0.1004,0.0992,0.0995,0.1001,0.0994,0.1
2024-04-03,buy_and_hold,Hold,0.1002,0.0989,0.101,0.1018,0.1003,0.0994,0.0994,0.1006,0.1001,0.0984
2024-04-04,buy_and_hold,Hold,0.1004,0.0996,0.1012,0.1017,0.1022,0.0996,0.0998,0.0989,0.0984,0.0982
2024-04-05,buy_and_hold,Hold,0.1003,0.0992,0.1013,0.1034,0.102,0.0991,0.1003,0.0991,0.0979,0.0974
2024-04-08,buy_and_hold,Hold,0.0995,0.0988,0.1009,0.1033,0.0998,0.0985,0.1019,0.1005,0.0987,0.098
2024-04-09,buy_and_hold,Hold,0.1007,0.099,0.098,0.103,0.0989,0.0989,0.1037,0.1011,0.0989,0.0978
2024-04-10,buy_and_hold,Hold,0.1008,0.0975,0.0989,0.1044,0.1005,0.0985,0.0994,0.102,0.1001,0.098
2024-04-11,buy_and_hold,Hold,0.101,0.0978,0.095,0.1062,0.0987,0.0986,0.1003,0.1042,0.1007,0.0974
2024-04-12,buy_and_hold,Hold,0.1009,0.0963,0.0972,0.1061,0.0982,0.0981,0.1002,0.1047,0.1002,0.098
2024-04-15,buy_and_hold,Hold,0.1016,0.0965,0.098,0.1056,0.0974,0.0988,0.0988,0.1036,0.101,0.0986
2024-04-16,buy_and_hold,Hold,0.1025,0.0972,0.0988,0.106,0.096,0.0979,0.0976,0.1039,0.1014,0.0987
2024-04-17,buy_and_hold,Hold,0.0997,0.0978,0.0989,0.1052,0.0956,0.0988,0.0974,0.105,0.1016,0.0999
2024-04-18,buy_and_hold,Hold,0.0988,0.0979,0.0995,0.1037,0.0958,0.1002,0.0972,0.105,0.1019,0.1
2024-04-19,buy_and_hold,Hold,0.1004,0.0979,0.102,0.1007,0.0961,0.0993,0.0962,0.1034,0.1024,0.1016
2024-04-22,buy_and_hold,Hold,0.0993,0.0972,0.1014,0.1013,0.0956,0.0996,0.0977,0.104,0.1019,0.1019
2024-04-23,buy_and_hold,Hold,0.0994,0.0967,0.1013,0.1023,0.094,0.099,0.0982,0.1049,0.102,0.1023
2024-04-24,buy_and_hold,Hold,0.099,0.0959,0.1022,0.1008,0.0942,0.0996,0.0985,0.1058,0.1012,0.1026
2024-04-25,buy_and_hold,Hold,0.0996,0.0951,0.1022,0.0998,0.0957,0.1004,0.0972,0.1043,0.1011,0.1047
2024-04-26,buy_and_hold,Hold,0.0988,0.0934,0.1006,0.1017,0.0947,0.0994,0.0949,0.1133,0.1001,0.1029
2024-04-29,buy_and_hold,Hold,0.0984,0.0918,0.1015,0.1023,0.0952,0.1001,0.0972,0.1093,0.1003,0.1038
2024-04-30,buy_and_hold,Hold,0.0983,0.0921,0.1016,0.1001,0.0925,0.1005,0.0955,0.1083,0.1062,0.1049
2024-05-01,buy_and_hold,Rebalance,0.1,0.1,0.1,0.1,0.1,0.1,0.1,0.1,0.1,0.1
2024-05-02,buy_and_hold,Hold,0.0994,0.1003,0.0991,0.1029,0.0954,0.1023,0.1009,0.1014,0.0981,0.1001
2024-05-03,buy_and_hold,Hold,0.099,0.101,0.0977,0.1033,0.0953,0.1028,0.1025,0.1014,0.098,0.0988
2024-05-06,buy_and_hold,Hold,0.0982,0.1012,0.099,0.1041,0.0969,0.103,0.1014,0.1013,0.0969,0.098
2024-05-07,buy_and_hold,Hold,0.0982,0.1022,0.0984,0.1036,0.0975,0.1029,0.1007,0.1027,0.0954,0.0983
2024-05-08,buy_and_hold,Hold,0.0972,0.1028,0.0988,0.1034,0.0985,0.1021,0.0996,0.1018,0.0964,0.0995
2024-05-09,buy_and_hold,Hold,0.0963,0.1004,0.0987,0.1035,0.099,0.1032,0.1009,0.1014,0.0967,0.0998
2024-05-10,buy_and_hold,Hold,0.0964,0.1003,0.0995,0.1024,0.0974,0.1032,0.1018,0.1006,0.0983,0.1002
2024-05-13,buy_and_hold,Hold,0.0964,0.1007,0.0993,0.102,0.0969,0.1031,0.1011,0.101,0.099,0.1005
2024-05-14,buy_and_hold,Hold,0.0953,0.1001,0.0994,0.1018,0.0964,0.102,0.1035,0.1013,0.0991,0.1012
2024-05-15,buy_and_hold,Hold,0.0951,0.0998,0.0999,0.1004,0.0967,0.1024,0.1035,0.1017,0.0994,0.1011
2024-05-16,buy_and_hold,Hold,0.0949,0.0992,0.0991,0.0987,0.0962,0.1041,0.1022,0.1023,0.1025,0.1009
2024-05-17,buy_and_hold,Hold,0.0937,0.0973,0.1,0.0987,0.0969,0.1059,0.1017,0.1028,0.1023,0.1006
2024-05-20,buy_and_hold,Hold,0.093,0.098,0.0993,0.0982,0.097,0.1073,0.1014,0.1034,0.1023,0.1003
2024-05-21,buy_and_hold,Hold,0.093,0.0976,0.1,0.0982,0.0967,0.107,0.1015,0.1042,0.1006,0.1015
2024-05-22,buy_and_hold,Hold,0.0948,0.0989,0.1003,0.0984,0.095,0.1072,0.1011,0.1035,0.0992,0.1017
2024-05-23,buy_and_hold,Hold,0.0956,0.0999,0.1006,0.0986,0.0944,0.108,0.099,0.1033,0.0992,0.1015
2024-05-24,buy_and_hold,Hold,0.0954,0.0983,0.1017,0.0985,0.0939,0.1087,0.0989,0.1041,0.0994,0.1012
2024-05-28,buy_and_hold,Hold,0.0938,0.0975,0.1014,0.0995,0.0956,0.1089,0.0979,0.1052,0.0987,0.1015
2024-05-29,buy_and_hold,Hold,0.0936,0.0971,0.1024,0.1004,0.0945,0.1082,0.0975,0.106,0.0986,0.1018
2024-05-30,buy_and_hold,Hold,0.0946,0.0942,0.1034,0.099,0.0963,0.1084,0.0984,0.1038,0.0993,0.1025
2024-05-31,buy_and_hold,Hold,0.0939,0.0923,0.1044,0.0963,0.0978,0.1097,0.0995,0.1028,0.1001,0.1031
2024-06-03,buy_and_hold,Rebalance,0.1,0.1,0.1,0.1,0.1,0.1,0.1,0.1,0.1,0.1
2024-06-04,buy_and_hold,Hold,0.1005,0.1022,0.099,0.1005,0.0984,0.0998,0.0998,0.1003,0.0988,0.1006
2024-06-05,buy_and_hold,Hold,0.1001,0.103,0.0991,0.1014,0.0982,0.0995,0.0986,0.101,0.099,0.1
2024-06-06,buy_and_hold,Hold,0.1007,0.1029,0.0987,0.1031,0.0986,0.0989,0.0983,0.1014,0.0978,0.0996
2024-06-07,buy_and_hold,Hold,0.1035,0.1013,0.0988,0.1022,0.097,0.1021,0.0963,0.0997,0.1,0.0993
2024-06-10,buy_and_hold,Hold,0.103,0.1016,0.098,0.1033,0.0986,0.1027,0.0954,0.0997,0.0994,0.0984
2024-06-11,buy_and_hold,Hold,0.1013,0.1029,0.097,0.1034,0.0993,0.1021,0.0951,0.1006,0.1001,0.0982
2024-06-12,buy_and_hold,Hold,0.1003,0.1002,0.098,0.1035,0.0984,0.1032,0.0972,0.1016,0.1002,0.0974
2024-06-13,buy_and_hold,Hold,0.1,0.0997,0.0977,0.1025,0.0965,0.1048,0.099,0.1007,0.1013,0.0978
2024-06-14,buy_and_hold,Hold,0.1009,0.1019,0.098,0.1031,0.0946,0.1017,0.099,0.1023,0.1012,0.0974
2024-06-17,buy_and_hold,Hold,0.1007,0.1014,0.099,0.1033,0.095,0.1009,0.098,0.1026,0.1009,0.0982
2024-06-18,buy_and_hold,Hold,0.1011,0.1012,0.1001,0.1025,0.0951,0.1014,0.0983,0.1012,0.101,0.0983
2024-06-20,buy_and_hold,Hold,0.102,0.107,0.0994,0.1027,0.0946,0.0989,0.0965,0.1003,0.1003,0.0982
2024-06-21,buy_and_hold,Hold,0.1006,0.1074,0.0987,0.1038,0.0934,0.0986,0.097,0.1017,0.1005,0.0983
2024-06-24,buy_and_hold,Hold,0.0998,0.1063,0.0991,0.1014,0.0971,0.0975,0.0978,0.101,0.1006,0.0994
2024-06-25,buy_and_hold,Hold,0.1002,0.1065,0.0989,0.1021,0.0962,0.0963,0.0965,0.1039,0.0999,0.0995
2024-06-26,buy_and_hold,Hold,0.0998,0.1058,0.0982,0.1063,0.0952,0.0953,0.0962,0.1041,0.0995,0.0996
2024-06-27,buy_and_hold,Hold,0.0992,0.1049,0.0978,0.1082,0.0963,0.0947,0.0964,0.1045,0.1008,0.0973
2024-06-28,buy_and_hold,Hold,0.0989,0.1055,0.0984,0.1061,0.0979,0.0933,0.0985,0.1031,0.1003,0.0979
2024-07-01,buy_and_hold,Rebalance,0.1,0.1,0.1,0.1,0.1,0.1,0.1,0.1,0.1,0.1
2024-07-02,buy_and_hold,Hold,0.0994,0.0998,0.0998,0.1008,0.0985,0.1009,0.1005,0.1006,0.1004,0.0994
2024-07-03,buy_and_hold,Hold,0.0986,0.1005,0.0995,0.0996,0.0988,0.1017,0.1005,0.101,0.1004,0.0993
2024-07-05,buy_and_hold,Hold,0.1002,0.0983,0.0994,0.1009,0.096,0.1016,0.1003,0.1036,0.1001,0.0996
2024-07-08,buy_and_hold,Hold,0.0986,0.0987,0.0991,0.1007,0.097,0.1027,0.1004,0.103,0.1002,0.0997
2024-07-09,buy_and_hold,Hold,0.0983,0.0983,0.0996,0.1009,0.097,0.1028,0.1,0.1031,0.0989,0.1012
2024-07-10,buy_and_hold,Hold,0.099,0.0968,0.1004,0.1004,0.0962,0.1024,0.1001,0.1035,0.1001,0.101
2024-07-11,buy_and_hold,Hold,0.0988,0.0968,0.1016,0.0968,0.0984,0.1021,0.1055,0.0993,0.1004,0.1001
2024-07-12,buy_and_hold,Hold,0.098,0.1001,0.1009,0.0957,0.0981,0.1025,0.1056,0.0981,0.1003,0.1006
2024-07-15,buy_and_hold,Hold,0.0967,0.1018,0.1011,0.0942,0.1024,0.1013,0.1058,0.0983,0.0985,0.1
2024-07-16,buy_and_hold,Hold,0.0959,0.1034,0.1006,0.0938,0.1024,0.1036,0.1056,0.0963,0.0984,0.1
2024-07-17,buy_and_hold,Hold,0.097,0.1029,0.1005,0.0907,0.1035,0.1041,0.1061,0.0941,0.099,0.1021
2024-07-18,buy_and_hold,Hold,0.0939,0.1049,0.1019,0.0897,0.1045,0.1038,0.105,0.0935,0.0996,0.1032
2024-07-19,buy_and_hold,Hold,0.0959,0.1055,0.1007,0.0896,0.1043,0.1026,0.1043,0.0937,0.0997,0.1037
2024-07-22,buy_and_hold,Hold,0.0975,0.1062,0.1024,0.0893,0.1026,0.097,0.1049,0.0958,0.1007,0.1036
2024-07-23,buy_and_hold,Hold,0.0979,0.106,0.1024,0.0914,0.1009,0.1001,0.1014,0.0961,0.1007,0.1032
2024-07-24,buy_and_hold,Hold,0.1021,0.1066,0.1033,0.0896,0.1007,0.1028,0.0975,0.0922,0.1003,0.1049
2024-07-25,buy_and_hold,Hold,0.1009,0.1071,0.1033,0.0891,0.104,0.1022,0.0979,0.0893,0.1004,0.1057
2024-07-26,buy_and_hold,Hold,0.0974,0.1036,0.1012,0.088,0.1009,0.1003,0.0976,0.0867,0.1201,0.1041
2024-07-29,buy_and_hold,Hold,0.0972,0.1032,0.1011,0.0885,0.0997,0.1023,0.0966,0.0883,0.1185,0.1046
2024-07-30,buy_and_hold,Hold,0.0972,0.1036,0.1015,0.0873,0.1,0.1012,0.0974,0.0882,0.1194,0.1041
2024-07-31,buy_and_hold,Hold,0.0977,0.1039,0.1014,0.0898,0.1005,0.101,0.0959,0.0888,0.1201,0.1008
2024-08-01,buy_and_hold,Rebalance,0.1,0.1,0.1,0.1,0.1,0.1,0.1,0.1,0.1,0.1
2024-08-02,buy_and_hold,Hold,0.1036,0.101,0.1001,0.0935,0.0943,0.1005,0.101,0.1,0.1015,0.1046
2024-08-05,buy_and_hold,Hold,0.1037,0.1006,0.1005,0.092,0.0934,0.1019,0.1025,0.0981,0.1036,0.1038
2024-08-06,buy_and_hold,Hold,0.104,0.1016,0.1014,0.092,0.0912,0.1013,0.1048,0.0969,0.1033,0.1035
2024-08-07,buy_and_hold,Hold,0.1046,0.1016,0.1024,0.0927,0.0911,0.1011,0.1023,0.0976,0.1018,0.1048
2024-08-08,buy_and_hold,Hold,0.103,0.0996,0.1026,0.0931,0.0947,0.1004,0.1018,0.0981,0.1023,0.1043
2024-08-09,buy_and_hold,Hold,0.1021,0.0996,0.103,0.0938,0.0943,0.1001,0.1022,0.0991,0.1016,0.1043
2024-08-12,buy_and_hold,Hold,0.1016,0.0994,0.1034,0.0941,0.0975,0.0989,0.1007,0.0987,0.1013,0.1044
2024-08-13,buy_and_hold,Hold,0.1009,0.1,0.1028,0.095,0.0956,0.0988,0.1015,0.0987,0.1018,0.1049
2024-08-14,buy_and_hold,Hold,0.1024,0.1001,0.1034,0.0949,0.0956,0.0987,0.1011,0.0964,0.1024,0.1051
2024-08-15,buy_and_hold,Hold,0.1024,0.1007,0.1025,0.0981,0.0964,0.0968,0.1017,0.096,0.1022,0.1031
2024-08-16,buy_and_hold,Hold,0.102,0.1009,0.1043,0.0974,0.0953,0.0972,0.1009,0.0966,0.1017,0.1038
2024-08-19,buy_and_hold,Hold,0.1023,0.1011,0.1042,0.0975,0.095,0.096,0.1012,0.0983,0.1012,0.1033
2024-08-20,buy_and_hold,Hold,0.1016,0.1018,0.1042,0.0982,0.0921,0.0961,0.1009,0.099,0.1021,0.1039
2024-08-21,buy_and_hold,Hold,0.1017,0.1022,0.1047,0.0984,0.0908,0.0964,0.1012,0.0977,0.1027,0.1042
2024-08-22,buy_and_hold,Hold,0.1025,0.1015,0.1061,0.0964,0.0905,0.0961,0.1036,0.0966,0.1024,0.1043
2024-08-23,buy_and_hold,Hold,0.1019,0.1012,0.1057,0.0958,0.0912,0.0956,0.1049,0.0966,0.1028,0.1044
2024-08-26,buy_and_hold,Hold,0.1013,0.1016,0.1052,0.0944,0.0923,0.096,0.1047,0.0963,0.1038,0.1043
2024-08-27,buy_and_hold,Hold,0.102,0.103,0.1058,0.0934,0.0909,0.096,0.1041,0.0958,0.1038,0.1053
2024-08-28,buy_and_hold,Hold,0.1021,0.1024,0.1072,0.0924,0.0916,0.0959,0.1032,0.095,0.1042,0.106
2024-08-29,buy_and_hold,Hold,0.1015,0.1028,0.1075,0.0927,0.0936,0.0956,0.1016,0.094,0.1048,0.1058
2024-08-30,buy_and_hold,Hold,0.1012,0.1026,0.1074,0.0954,0.0902,0.0955,0.1023,0.0942,0.1054,0.1058
2024-09-03,buy_and_hold,Rebalance,0.1,0.1,0.1,0.1,0.1,0.1,0.1,0.1,0.1,0.1
2024-09-04,buy_and_hold,Hold,0.1,0.1009,0.1015,0.0986,0.0971,0.1001,0.0995,0.0997,0.1012,0.1014
2024-09-05,buy_and_hold,Hold,0.099,0.1001,0.101,0.1013,0.0975,0.0998,0.0995,0.1003,0.1008,0.1008
2024-09-06,buy_and_hold,Hold,0.1014,0.1015,0.1019,0.0993,0.0964,0.0997,0.1002,0.0979,0.1003,0.1014
2024-09-09,buy_and_hold,Hold,0.1029,0.1013,0.1016,0.1008,0.0944,0.1008,0.1012,0.0959,0.0995,0.1015
2024-09-10,buy_and_hold,Hold,0.1032,0.1028,0.1005,0.103,0.0901,0.1011,0.1022,0.0956,0.1005,0.1011
2024-09-11,buy_and_hold,Hold,0.1025,0.1033,0.0992,0.1055,0.089,0.1017,0.1026,0.0969,0.1003,0.0991
2024-09-12,buy_and_hold,Hold,0.102,0.1024,0.0991,0.1062,0.0887,0.1018,0.103,0.0985,0.101,0.0974
2024-09-13,buy_and_hold,Hold,0.1008,0.1016,0.0989,0.1051,0.0889,0.1025,0.1043,0.0995,0.1011,0.0973
2024-09-16,buy_and_hold,Hold,0.1011,0.1021,0.0995,0.1034,0.0901,0.1035,0.1038,0.0991,0.1014,0.0961
2024-09-17,buy_and_hold,Hold,0.1018,0.0974,0.0993,0.1048,0.0933,0.1046,0.1035,0.1002,0.1009,0.0941
2024-09-18,buy_and_hold,Hold,0.0996,0.0977,0.0993,0.1051,0.0933,0.1038,0.1039,0.1011,0.1013,0.0949
2024-09-19,buy_and_hold,Hold,0.0989,0.0974,0.0982,0.107,0.0942,0.1038,0.1025,0.1025,0.1016,0.0941
2024-09-20,buy_and_hold,Hold,0.0984,0.0976,0.0982,0.1078,0.093,0.1038,0.1016,0.1033,0.1022,0.0943
2024-09-23,buy_and_hold,Hold,0.0984,0.0975,0.0991,0.1081,0.0935,0.1043,0.1014,0.1012,0.1019,0.0946
2024-09-24,buy_and_hold,Hold,0.0969,0.0974,0.0981,0.1079,0.0929,0.1053,0.103,0.1012,0.1028,0.0946
2024-09-25,buy_and_hold,Hold,0.0968,0.0972,0.0992,0.1077,0.0906,0.1059,0.1034,0.1013,0.1029,0.0949
2024-09-26,buy_and_hold,Hold,0.0967,0.1024,0.0993,0.1067,0.0852,0.1071,0.101,0.1019,0.1049,0.0948
2024-09-27,buy_and_hold,Hold,0.0964,0.1006,0.0997,0.1049,0.0902,0.1073,0.1005,0.1026,0.1032,0.0947
2024-09-30,buy_and_hold,Hold,0.0976,0.1015,0.1007,0.1038,0.0898,0.1062,0.0995,0.1036,0.1026,0.0945
2024-10-01,buy_and_hold,Rebalance,0.1,0.1,0.1,0.1,0.1,0.1,0.1,0.1,0.1,0.1
2024-10-02,buy_and_hold,Hold,0.1002,0.1013,0.1014,0.0999,0.1005,0.0996,0.0994,0.0994,0.0989,0.0994
2024-10-03,buy_and_hold,Hold,0.0992,0.103,0.101,0.0987,0.1038,0.0984,0.0989,0.0997,0.0987,0.0985
2024-10-04,buy_and_hold,Hold,0.0989,0.1026,0.1019,0.1004,0.1045,0.0977,0.0978,0.0997,0.0984,0.0981
2024-10-07,buy_and_hold,Hold,0.0997,0.1012,0.099,0.0975,0.105,0.1071,0.0968,0.0975,0.0983,0.0979
2024-10-08,buy_and_hold,Hold,0.1008,0.1022,0.0995,0.0985,0.1022,0.1063,0.097,0.0983,0.0981,0.0971
2024-10-09,buy_and_hold,Hold,0.1015,0.1031,0.0978,0.0994,0.102,0.1071,0.0971,0.0963,0.0979,0.098
2024-10-10,buy_and_hold,Hold,0.1011,0.1022,0.0982,0.1001,0.1039,0.1072,0.0976,0.0963,0.0967,0.0968
2024-10-11,buy_and_hold,Hold,0.1006,0.1013,0.0988,0.1004,0.1038,0.1069,0.0988,0.0962,0.0968,0.0963
2024-10-14,buy_and_hold,Hold,0.101,0.1018,0.0989,0.0991,0.1018,0.1076,0.1003,0.0967,0.0969,0.0958
2024-10-15,buy_and_hold,Hold,0.1009,0.1033,0.0993,0.0996,0.0952,0.109,0.1017,0.0974,0.0973,0.0963
2024-10-16,buy_and_hold,Hold,0.1019,0.1038,0.0991,0.0987,0.0945,0.1096,0.1024,0.0967,0.0972,0.0963
2024-10-17,buy_and_hold,Hold,0.102,0.1047,0.0997,0.0991,0.095,0.1104,0.1013,0.0954,0.0968,0.0955
2024-10-18,buy_and_hold,Hold,0.1029,0.1047,0.0989,0.0994,0.0955,0.111,0.1013,0.0953,0.096,0.0949
2024-10-21,buy_and_hold,Hold,0.1015,0.1052,0.098,0.1002,0.096,0.1116,0.1001,0.0964,0.0965,0.0945
2024-10-22,buy_and_hold,Hold,0.101,0.1043,0.0977,0.1007,0.0974,0.1114,0.099,0.0972,0.0945,0.0966
2024-10-23,buy_and_hold,Hold,0.1027,0.1049,0.0986,0.099,0.0956,0.1112,0.1016,0.0967,0.0926,0.097
2024-10-24,buy_and_hold,Hold,0.1029,0.1037,0.0991,0.1005,0.0969,0.1103,0.0992,0.0973,0.0921,0.0979
2024-10-25,buy_and_hold,Hold,0.1017,0.1036,0.0979,0.1021,0.0983,0.1098,0.0971,0.0996,0.0916,0.0982
2024-10-28,buy_and_hold,Hold,0.1014,0.1035,0.0978,0.1022,0.0937,0.1097,0.0967,0.1003,0.0955,0.0991
2024-10-29,buy_and_hold,Hold,0.101,0.1042,0.0981,0.1037,0.0923,0.1089,0.0959,0.1022,0.0949,0.0987
2024-10-30,buy_and_hold,Hold,0.1018,0.0994,0.0981,0.1046,0.0928,0.1079,0.0973,0.105,0.0935,0.0996
2024-10-31,buy_and_hold,Hold,0.1013,0.0994,0.0938,0.1017,0.0938,0.1076,0.0962,0.1035,0.0947,0.108
2024-11-01,buy_and_hold,Rebalance,0.1,0.1,0.1,0.1,0.1,0.1,0.1,0.1,0.1,0.1
2024-11-04,buy_and_hold,Hold,0.0994,0.0997,0.1,0.0991,0.1022,0.0992,0.1021,0.099,0.0991,0.1002
2024-11-05,buy_and_hold,Hold,0.0989,0.0996,0.1004,0.1004,0.1017,0.0987,0.1023,0.0987,0.0991,0.1002
2024-11-06,buy_and_hold,Hold,0.0959,0.1003,0.1009,0.1019,0.1043,0.0966,0.0993,0.1003,0.1025,0.0981
2024-11-07,buy_and_hold,Hold,0.0954,0.1025,0.1007,0.1042,0.0932,0.0993,0.1007,0.1036,0.1027,0.0976
2024-11-08,buy_and_hold,Hold,0.0966,0.101,0.1016,0.1033,0.0926,0.0994,0.101,0.1023,0.1037,0.0985
2024-11-11,buy_and_hold,Hold,0.0966,0.1014,0.1034,0.1025,0.0942,0.0996,0.0985,0.1033,0.1025,0.0982
2024-11-12,buy_and_hold,Hold,0.0966,0.1026,0.104,0.1039,0.0932,0.099,0.0961,0.1043,0.1008,0.0994
2024-11-13,buy_and_hold,Hold,0.0953,0.1046,0.103,0.1057,0.0932,0.0989,0.0961,0.102,0.1009,0.1002
2024-11-14,buy_and_hold,Hold,0.0951,0.1027,0.1027,0.1047,0.0959,0.1001,0.0957,0.1005,0.1019,0.1008
2024-11-15,buy_and_hold,Hold,0.0967,0.1012,0.1052,0.1013,0.0959,0.1015,0.0942,0.0997,0.1015,0.1027
2024-11-18,buy_and_hold,Hold,0.0972,0.1003,0.1051,0.1001,0.0956,0.1042,0.0932,0.1005,0.1011,0.1027
2024-11-19,buy_and_hold,Hold,0.0973,0.1009,0.1046,0.1019,0.0935,0.1045,0.0929,0.1025,0.0998,0.1022
2024-11-20,buy_and_hold,Hold,0.0965,0.102,0.1044,0.1012,0.0946,0.1047,0.0929,0.1014,0.0997,0.1026
2024-11-21,buy_and_hold,Hold,0.0977,0.1032,0.1059,0.099,0.096,0.1051,0.0944,0.0967,0.0994,0.1027
2024-11-22,buy_and_hold,Hold,0.0976,0.102,0.106,0.0979,0.097,0.1055,0.0961,0.0946,0.0998,0.1035
2024-11-25,buy_and_hold,Hold,0.0969,0.1017,0.1056,0.099,0.0955,0.1051,0.0983,0.0952,0.1002,0.1025
2024-11-26,buy_and_hold,Hold,0.096,0.1014,0.1056,0.1013,0.0941,0.1045,0.0973,0.0953,0.1014,0.1032
2024-11-27,buy_and_hold,Hold,0.097,0.1013,0.1059,0.1005,0.0943,0.1042,0.0964,0.0956,0.1012,0.1035
2024-11-29,buy_and_hold,Hold,0.0966,0.1012,0.1055,0.1013,0.0947,0.1043,0.0959,0.0952,0.1018,0.1034
2024-12-02,buy_and_hold,Rebalance,0.1,0.1,0.1,0.1,0.1,0.1,0.1,0.1,0.1,0.1
2024-12-03,buy_and_hold,Hold,0.1006,0.0986,0.0968,0.1024,0.1014,0.0995,0.0995,0.101,0.0997,0.1005
2024-12-04,buy_and_hold,Hold,0.1003,0.1007,0.097,0.1046,0.1004,0.0986,0.0967,0.1027,0.0992,0.0998
2024-12-05,buy_and_hold,Hold,0.1,0.1001,0.0977,0.1058,0.0988,0.0969,0.0971,0.1017,0.1014,0.1006
2024-12-06,buy_and_hold,Hold,0.0998,0.1012,0.0971,0.1087,0.0967,0.0962,0.0955,0.1027,0.101,0.1011
2024-12-09,buy_and_hold,Hold,0.0994,0.1005,0.0952,0.1084,0.1006,0.0953,0.0983,0.1034,0.1,0.0987
2024-12-10,buy_and_hold,Hold,0.0997,0.1013,0.0944,0.1077,0.1005,0.0947,0.0961,0.1091,0.0985,0.0979
2024-12-11,buy_and_hold,Hold,0.0981,0.1011,0.0939,0.1097,0.1006,0.0934,0.0946,0.1145,0.098,0.096
2024-12-12,buy_and_hold,Hold,0.098,0.1002,0.0942,0.1093,0.1033,0.0932,0.0941,0.1127,0.0982,0.0967
2024-12-13,buy_and_hold,Hold,0.0979,0.1001,0.0946,0.1089,0.1032,0.0938,0.0944,0.1117,0.0986,0.0969
2024-12-16,buy_and_hold,Hold,0.0975,0.0999,0.0942,0.1118,0.0993,0.0924,0.0934,0.1161,0.0985,0.0967
2024-12-17,buy_and_hold,Hold,0.0988,0.1008,0.094,0.1118,0.096,0.0925,0.0951,0.1163,0.0982,0.0965
2024-12-18,buy_and_hold,Hold,0.1003,0.1007,0.0944,0.1096,0.0977,0.0921,0.0935,0.1152,0.0989,0.0975
2024-12-19,buy_and_hold,Hold,0.1,0.107,0.0945,0.1101,0.0953,0.0908,0.0922,0.1144,0.0994,0.0963
2024-12-20,buy_and_hold,Hold,0.1004,0.1041,0.0947,0.1096,0.0967,0.0903,0.0928,0.1148,0.0999,0.0967
2024-12-23,buy_and_hold,Hold,0.1004,0.1018,0.0946,0.1096,0.0992,0.0897,0.0925,0.1166,0.0996,0.0961
2024-12-24,buy_and_hold,Hold,0.1,0.1018,0.0943,0.1106,0.0996,0.0898,0.0923,0.1165,0.0998,0.0952
2024-12-26,buy_and_hold,Hold,0.1004,0.1015,0.0947,0.1097,0.0995,0.0895,0.0925,0.1162,0.1005,0.0955
2024-12-27,buy_and_hold,Hold,0.1009,0.101,0.0951,0.1088,0.1013,0.0894,0.0919,0.1153,0.1004,0.0957
2024-12-30,buy_and_hold,Hold,0.0997,0.1007,0.0954,0.1084,0.1036,0.0888,0.092,0.1152,0.1003,0.0958
2024-12-31,buy_and_hold,Hold,0.0996,0.1002,0.0955,0.1071,0.1063,0.0889,0.0927,0.1137,0.0999,0.0959
2025-01-02,buy_and_hold,Rebalance,0.1,0.1,0.1,0.1,0.1,0.1,0.1,0.1,0.1,0.1
2025-01-03,buy_and_hold,Hold,0.0994,0.1005,0.0999,0.1009,0.0993,0.0993,0.1008,0.1003,0.0992,0.1003
2025-01-06,buy_and_hold,Hold,0.0988,0.0999,0.0986,0.1025,0.1004,0.0992,0.0994,0.1031,0.0996,0.0984
2025-01-07,buy_and_hold,Hold,0.0991,0.1012,0.0996,0.0999,0.1003,0.1002,0.099,0.1023,0.1014,0.0971
2025-01-08,buy_and_hold,Hold,0.0996,0.1014,0.1,0.0997,0.1001,0.0996,0.0988,0.1012,0.1026,0.097
2025-01-10,buy_and_hold,Hold,0.0991,0.1004,0.0988,0.0995,0.1014,0.1036,0.0975,0.1015,0.1013,0.097
2025-01-13,buy_and_hold,Hold,0.0986,0.0989,0.099,0.0981,0.1031,0.1053,0.099,0.0997,0.1026,0.0957
2025-01-14,buy_and_hold,Hold,0.0978,0.0982,0.0994,0.0971,0.1043,0.1067,0.0985,0.0983,0.1038,0.096
2025-01-15,buy_and_hold,Hold,0.0958,0.0976,0.0997,0.0987,0.106,0.1055,0.0983,0.1005,0.1034,0.0946
2025-01-16,buy_and_hold,Hold,0.0978,0.0977,0.1002,0.097,0.1042,0.1067,0.0994,0.0986,0.1039,0.0944
2025-01-17,buy_and_hold,Hold,0.0966,0.0975,0.1,0.0986,0.1003,0.1078,0.1003,0.0994,0.1045,0.0949
2025-01-21,buy_and_hold,Hold,0.0985,0.0977,0.099,0.0997,0.0965,0.1075,0.1004,0.0995,0.1078,0.0933
2025-01-22,buy_and_hold,Hold,0.0995,0.0986,0.0971,0.1017,0.0963,0.1067,0.0984,0.0998,0.1096,0.0923
2025-01-23,buy_and_hold,Hold,0.1031,0.0987,0.0964,0.1009,0.096,0.108,0.0973,0.0987,0.1089,0.0921
2025-01-24,buy_and_hold,Hold,0.104,0.0979,0.0962,0.1001,0.0946,0.1091,0.0978,0.0992,0.1081,0.093
2025-01-27,buy_and_hold,Hold,0.1066,0.0999,0.0982,0.0994,0.094,0.1072,0.0974,0.0941,0.1086,0.0946
2025-01-28,buy_and_hold,Hold,0.1054,0.1017,0.0979,0.101,0.0942,0.1078,0.0931,0.0963,0.109,0.0935
2025-01-29,buy_and_hold,Hold,0.1061,0.1009,0.0984,0.1008,0.0938,0.1082,0.092,0.0966,0.1094,0.0939
2025-01-30,buy_and_hold,Hold,0.1062,0.1019,0.0984,0.0991,0.0924,0.11,0.0914,0.0986,0.1107,0.0913
2025-01-31,buy_and_hold,Hold,0.1055,0.1031,0.0976,0.1004,0.0882,0.1101,0.0929,0.1002,0.1092,0.0926
2025-02-03,buy_and_hold,Rebalance,0.1,0.1,0.1,0.1,0.1,0.1,0.1,0.1,0.1,0.1
2025-02-04,buy_and_hold,Hold,0.0994,0.1006,0.099,0.1009,0.1032,0.0982,0.0988,0.1015,0.1,0.0985
2025-02-05,buy_and_hold,Hold,0.1021,0.1027,0.0999,0.0988,0.1026,0.0979,0.1019,0.0944,0.1009,0.0988
2025-02-06,buy_and_hold,Hold,0.1004,0.1012,0.0972,0.1012,0.1014,0.0977,0.1028,0.0958,0.1021,0.1002
2025-02-07,buy_and_hold,Hold,0.1025,0.1022,0.099,0.0985,0.103,0.0937,0.1035,0.094,0.1019,0.1017
2025-02-10,buy_and_hold,Hold,0.1031,0.1013,0.097,0.0991,0.108,0.0927,0.1019,0.0935,0.1006,0.1028
2025-02-11,buy_and_hold,Hold,0.1031,0.102,0.0972,0.0988,0.1094,0.0922,0.1011,0.0928,0.1008,0.1026
2025-02-12,buy_and_hold,Hold,0.1033,0.1026,0.0981,0.098,0.1059,0.0933,0.1024,0.0928,0.1009,0.1026
2025-02-13,buy_and_hold,Hold,0.1036,0.1021,0.0985,0.0979,0.1057,0.0941,0.1023,0.0934,0.1001,0.1024
2025-02-14,buy_and_hold,Hold,0.1028,0.1018,0.0979,0.0973,0.1089,0.0945,0.1013,0.093,0.1006,0.1019
2025-02-18,buy_and_hold,Hold,0.1023,0.1015,0.0986,0.0963,0.1108,0.0946,0.1022,0.0922,0.1007,0.1007
2025-02-19,buy_and_hold,Hold,0.1033,0.1017,0.0989,0.0958,0.1103,0.0941,0.1012,0.0924,0.101,0.1013
2025-02-20,buy_and_hold,Hold,0.1043,0.1005,0.0989,0.0944,0.1107,0.0935,0.1016,0.0923,0.1004,0.1034
2025-02-21,buy_and_hold,Hold,0.1076,0.0968,0.0986,0.0934,0.1087,0.0939,0.1035,0.0914,0.0994,0.1067
2025-02-24,buy_and_hold,Hold,0.1073,0.0965,0.1002,0.0915,0.1088,0.0935,0.1049,0.091,0.0995,0.1068
2025-02-25,buy_and_hold,Hold,0.1072,0.0955,0.102,0.0909,0.1057,0.0952,0.1082,0.0884,0.0995,0.1074
2025-02-26,buy_and_hold,Hold,0.1083,0.0952,0.102,0.0924,0.1049,0.095,0.1072,0.0878,0.101,0.1062
2025-02-27,buy_and_hold,Hold,0.109,0.0955,0.1043,0.0906,0.098,0.0952,0.11,0.0863,0.1039,0.1074
2025-02-28,buy_and_hold,Hold,0.1093,0.0921,0.105,0.091,0.0981,0.0952,0.11,0.0861,0.1057,0.1075
2025-03-03,buy_and_hold,Rebalance,0.1,0.1,0.1,0.1,0.1,0.1,0.1,0.1,0.1,0.1
2025-03-04,buy_and_hold,Hold,0.0994,0.1016,0.099,0.1007,0.0996,0.0996,0.1003,0.1037,0.0964,0.0996
2025-03-05,buy_and_hold,Hold,0.0986,0.1014,0.0986,0.1021,0.0986,0.1007,0.1011,0.1041,0.0966,0.0981
2025-03-06,buy_and_hold,Hold,0.0976,0.1003,0.0993,0.0991,0.1005,0.1014,0.0996,0.1045,0.097,0.1007
2025-03-07,buy_and_hold,Hold,0.0982,0.0996,0.0989,0.0976,0.1002,0.1023,0.1014,0.1046,0.0958,0.1013
2025-03-10,buy_and_hold,Hold,0.0995,0.0987,0.0984,0.0964,0.1023,0.0993,0.1022,0.101,0.0977,0.1045
2025-03-11,buy_and_hold,Hold,0.0972,0.0976,0.0991,0.0985,0.1044,0.0986,0.1005,0.101,0.0988,0.1042
2025-03-12,buy_and_hold,Hold,0.0954,0.0965,0.0976,0.0996,0.1068,0.0974,0.0997,0.1029,0.1006,0.1036
2025-03-13,buy_and_hold,Hold,0.0965,0.0958,0.0994,0.0985,0.105,0.0982,0.0992,0.1017,0.0992,0.1064
2025-03-14,buy_and_hold,Hold,0.0929,0.0951,0.1002,0.0993,0.1068,0.0967,0.1005,0.102,0.1008,0.1057
2025-03-17,buy_and_hold,Hold,0.0929,0.0964,0.1005,0.0975,0.1082,0.0971,0.1001,0.1005,0.1019,0.1049
2025-03-18,buy_and_hold,Hold,0.0929,0.0969,0.1005,0.097,0.1101,0.0969,0.1,0.0993,0.1014,0.105
2025-03-19,buy_and_hold,Hold,0.0928,0.0961,0.1006,0.0974,0.1125,0.0967,0.0983,0.1003,0.102,0.1033
2025-03-20,buy_and_hold,Hold,0.0934,0.0901,0.102,0.0983,0.1125,0.0974,0.0987,0.1008,0.1019,0.1047
2025-03-21,buy_and_hold,Hold,0.0932,0.0915,0.1016,0.0989,0.1128,0.0971,0.0981,0.1016,0.1013,0.1039
2025-03-24,buy_and_hold,Hold,0.0925,0.0908,0.1016,0.1011,0.1125,0.0964,0.098,0.1025,0.1018,0.1026
2025-03-25,buy_and_hold,Hold,0.0913,0.0912,0.1015,0.1022,0.1127,0.0961,0.0963,0.1042,0.1019,0.1026
2025-03-26,buy_and_hold,Hold,0.092,0.0919,0.1022,0.1,0.1138,0.0969,0.0965,0.1008,0.1014,0.1045
2025-03-27,buy_and_hold,Hold,0.0955,0.0912,0.1025,0.1001,0.1144,0.0968,0.0961,0.0991,0.0986,0.1056
2025-03-28,buy_and_hold,Hold,0.0967,0.0915,0.1034,0.0975,0.1148,0.0976,0.0977,0.0959,0.0979,0.1071
2025-03-31,buy_and_hold,Hold,0.0973,0.093,0.1038,0.0954,0.1144,0.0976,0.095,0.0953,0.0984,0.1096
2025-04-01,buy_and_hold,Rebalance,0.1,0.1,0.1,0.1,0.1,0.1,0.1,0.1,0.1,0.1
2025-04-02,buy_and_hold,Hold,0.0999,0.1006,0.0996,0.1018,0.1003,0.1003,0.101,0.0997,0.0998,0.0969
2025-04-03,buy_and_hold,Hold,0.1049,0.1009,0.1043,0.0975,0.0881,0.1013,0.0993,0.1007,0.0994,0.1034
2025-04-04,buy_and_hold,Hold,0.1062,0.1022,0.1019,0.1,0.0807,0.1009,0.1002,0.1042,0.0966,0.1072
2025-04-07,buy_and_hold,Hold,0.1071,0.1026,0.1004,0.103,0.08,0.0997,0.0964,0.1055,0.0983,0.1069
2025-04-08,buy_and_hold,Hold,0.1082,0.1032,0.102,0.1021,0.0764,0.0974,0.0971,0.1059,0.099,0.1087
2025-04-09,buy_and_hold,Hold,0.1031,0.1022,0.1001,0.1063,0.0845,0.0984,0.0948,0.108,0.1001,0.1025
2025-04-10,buy_and_hold,Hold,0.1054,0.1019,0.1038,0.1052,0.077,0.0996,0.0912,0.1085,0.1004,0.1069
2025-04-11,buy_and_hold,Hold,0.1054,0.0997,0.1039,0.1052,0.0778,0.1003,0.0923,0.1094,0.1007,0.1054
2025-04-14,buy_and_hold,Hold,0.1051,0.1005,0.1044,0.1026,0.0778,0.1005,0.0946,0.1096,0.0997,0.1052
2025-04-15,buy_and_hold,Hold,0.1052,0.1011,0.105,0.1021,0.077,0.0988,0.0949,0.1088,0.1001,0.1069
2025-04-16,buy_and_hold,Hold,0.1092,0.1009,0.1053,0.1001,0.0803,0.0983,0.0934,0.1077,0.0975,0.1075
2025-04-17,buy_and_hold,Hold,0.1098,0.0994,0.105,0.0987,0.0838,0.0984,0.0938,0.1057,0.0969,0.1087
2025-04-21,buy_and_hold,Hold,0.1113,0.1005,0.1048,0.0978,0.0824,0.0986,0.0933,0.1056,0.0959,0.1101
2025-04-22,buy_and_hold,Hold,0.1096,0.0992,0.105,0.0983,0.0832,0.0986,0.0912,0.1051,0.1007,0.1091
2025-04-23,buy_and_hold,Hold,0.1074,0.1001,0.1045,0.1019,0.0816,0.0978,0.0915,0.1072,0.0999,0.108
2025-04-24,buy_and_hold,Hold,0.1054,0.0998,0.1037,0.1037,0.0836,0.0979,0.0905,0.1083,0.1005,0.1067
2025-04-25,buy_and_hold,Hold,0.1052,0.1006,0.1027,0.1052,0.0841,0.0974,0.0891,0.1103,0.0995,0.106
2025-04-28,buy_and_hold,Hold,0.1054,0.1002,0.1029,0.1042,0.0849,0.0979,0.0901,0.1091,0.0996,0.1056
2025-04-29,buy_and_hold,Hold,0.1065,0.1023,0.1033,0.1043,0.0835,0.0987,0.0852,0.1091,0.1002,0.1069
2025-04-30,buy_and_hold,Hold,0.1072,0.103,0.1038,0.1031,0.0803,0.0992,0.0856,0.1086,0.1011,0.1081
2025-05-01,buy_and_hold,Rebalance,0.1,0.1,0.1,0.1,0.1,0.1,0.1,0.1,0.1,0.1
2025-05-02,buy_and_hold,Hold,0.1,0.1001,0.1004,0.0984,0.1,0.1005,0.0999,0.1002,0.1015,0.099
2025-05-05,buy_and_hold,Hold,0.1009,0.1019,0.1017,0.0975,0.0951,0.0996,0.0997,0.1014,0.1017,0.1005
2025-05-06,buy_and_hold,Hold,0.1018,0.1013,0.1025,0.0974,0.0971,0.0985,0.0976,0.1014,0.1003,0.1021
2025-05-07,buy_and_hold,Hold,0.1029,0.1024,0.1039,0.0998,0.096,0.0978,0.0985,0.0944,0.1011,0.1033
2025-05-08,buy_and_hold,Hold,0.1016,0.102,0.1019,0.1002,0.099,0.0983,0.0996,0.0949,0.1015,0.101
2025-05-09,buy_and_hold,Hold,0.1008,0.1014,0.1014,0.1005,0.1021,0.0986,0.0999,0.0938,0.1024,0.0992
2025-05-12,buy_and_hold,Hold,0.0975,0.1036,0.0986,0.106,0.1055,0.0981,0.0977,0.0949,0.1054,0.0928
2025-05-13,buy_and_hold,Hold,0.0953,0.1037,0.098,0.1074,0.11,0.0972,0.0953,0.0956,0.1056,0.092
2025-05-14,buy_and_hold,Hold,0.0955,0.1036,0.0975,0.1074,0.1089,0.0969,0.094,0.0996,0.1042,0.0923
2025-05-15,buy_and_hold,Hold,0.0985,0.1039,0.0988,0.1043,0.1058,0.0975,0.0942,0.0982,0.1042,0.0946
2025-05-16,buy_and_hold,Hold,0.0987,0.1013,0.0989,0.1036,0.1039,0.0982,0.0951,0.0987,0.1064,0.0952
2025-05-19,buy_and_hold,Hold,0.099,0.1016,0.0983,0.1036,0.1021,0.0974,0.0964,0.0987,0.1069,0.0959
2025-05-20,buy_and_hold,Hold,0.0994,0.1025,0.0981,0.1032,0.1023,0.0974,0.0946,0.0978,0.1075,0.0972
2025-05-21,buy_and_hold,Hold,0.0994,0.1034,0.0984,0.1034,0.1008,0.0969,0.0914,0.1022,0.106,0.0981
2025-05-22,buy_and_hold,Hold,0.0983,0.103,0.0974,0.1045,0.101,0.0968,0.0914,0.1036,0.1063,0.0978
2025-05-23,buy_and_hold,Hold,0.0987,0.1013,0.0979,0.1039,0.1022,0.0975,0.0909,0.1027,0.1058,0.0991
2025-05-27,buy_and_hold,Hold,0.0981,0.1014,0.097,0.1046,0.1031,0.0974,0.0926,0.1035,0.1052,0.0971
2025-05-28,buy_and_hold,Hold,0.098,0.1022,0.0963,0.1046,0.1029,0.0971,0.0922,0.1039,0.1053,0.0975
2025-05-29,buy_and_hold,Hold,0.098,0.1021,0.0964,0.1044,0.1032,0.0969,0.0937,0.1029,0.1053,0.0969
2025-05-30,buy_and_hold,Hold,0.0986,0.1018,0.0971,0.1041,0.1013,0.099,0.0923,0.1028,0.1044,0.0987
2025-06-02,buy_and_hold,Rebalance,0.1,0.1,0.1,0.1,0.1,0.1,0.1,0.1,0.1,0.1
2025-06-03,buy_and_hold,Hold,0.0995,0.0989,0.0996,0.0989,0.1047,0.101,0.1003,0.0977,0.1005,0.0989
2025-06-04,buy_and_hold,Hold,0.0993,0.1004,0.0988,0.1,0.1032,0.1003,0.1012,0.0992,0.1,0.0976
2025-06-05,buy_and_hold,Hold,0.1004,0.1004,0.0986,0.1007,0.1031,0.0992,0.1,0.0996,0.1,0.098
2025-06-06,buy_and_hold,Hold,0.0988,0.0998,0.0986,0.1021,0.1054,0.0991,0.1001,0.1015,0.0982,0.0965
2025-06-09,buy_and_hold,Hold,0.0983,0.0991,0.0972,0.1034,0.1059,0.0989,0.1015,0.1027,0.097,0.0959
2025-06-10,buy_and_hold,Hold,0.0979,0.0995,0.0961,0.1027,0.1085,0.0986,0.1027,0.1032,0.0966,0.0942
2025-06-11,buy_and_hold,Hold,0.0986,0.0988,0.095,0.1004,0.1101,0.0985,0.1023,0.1022,0.0978,0.0962
2025-06-12,buy_and_hold,Hold,0.0993,0.0983,0.0961,0.1003,0.1119,0.0988,0.102,0.1011,0.0961,0.0961
2025-06-13,buy_and_hold,Hold,0.0989,0.0966,0.0959,0.1,0.1181,0.098,0.1009,0.1008,0.0947,0.0961
2025-06-16,buy_and_hold,Hold,0.0974,0.0971,0.0961,0.1016,0.1149,0.0977,0.1014,0.1017,0.0962,0.0958
2025-06-17,buy_and_hold,Hold,0.0969,0.097,0.0962,0.1017,0.1173,0.0972,0.1001,0.1019,0.095,0.0968
2025-06-18,buy_and_hold,Hold,0.0976,0.0959,0.0973,0.1012,0.1154,0.0973,0.1002,0.1011,0.0958,0.0983
2025-06-20,buy_and_hold,Hold,0.0992,0.0904,0.0992,0.1011,0.1148,0.0967,0.1022,0.0984,0.098,0.0999
2025-06-23,buy_and_hold,Hold,0.0993,0.0934,0.1005,0.1004,0.1056,0.0976,0.1043,0.0974,0.1004,0.101
2025-06-24,buy_and_hold,Hold,0.1015,0.0939,0.0986,0.1011,0.103,0.099,0.1064,0.097,0.1006,0.0987
2025-06-25,buy_and_hold,Hold,0.102,0.0929,0.0979,0.1017,0.1018,0.1003,0.105,0.1002,0.1001,0.0981
2025-06-26,buy_and_hold,Hold,0.0983,0.0924,0.0983,0.1032,0.1045,0.0997,0.1047,0.1009,0.1011,0.0969
2025-06-27,buy_and_hold,Hold,0.0981,0.0916,0.0987,0.1053,0.1044,0.0988,0.1028,0.1031,0.1012,0.0961
2025-06-30,buy_and_hold,Hold,0.0994,0.0928,0.0992,0.1036,0.103,0.0988,0.1037,0.1019,0.1015,0.096
2025-07-01,buy_and_hold,Rebalance,0.1,0.1,0.1,0.1,0.1,0.1,0.1,0.1,0.1,0.1
2025-07-02,buy_and_hold,Hold,0.0978,0.0993,0.0972,0.0991,0.1023,0.101,0.1017,0.1009,0.0995,0.1011
2025-07-03,buy_and_hold,Hold,0.0975,0.0995,0.0977,0.1001,0.1019,0.101,0.102,0.1009,0.0982,0.1013
2025-07-07,buy_and_hold,Hold,0.0978,0.099,0.0969,0.101,0.1021,0.1009,0.1004,0.1002,0.0984,0.1033
2025-07-08,buy_and_hold,Hold,0.0968,0.0992,0.0966,0.0984,0.1071,0.1013,0.1023,0.0981,0.0989,0.1013
2025-07-09,buy_and_hold,Hold,0.0969,0.0974,0.0955,0.1,0.107,0.1022,0.1025,0.0995,0.1005,0.0984
2025-07-10,buy_and_hold,Hold,0.0968,0.0946,0.0955,0.0996,0.1064,0.1018,0.1051,0.0998,0.101,0.0995
2025-07-11,buy_and_hold,Hold,0.0962,0.0927,0.0954,0.1014,0.1055,0.1016,0.1061,0.1018,0.1006,0.0987
2025-07-14,buy_and_hold,Hold,0.0964,0.0925,0.0965,0.1018,0.1022,0.1013,0.105,0.1027,0.1021,0.0994
2025-07-15,buy_and_hold,Hold,0.0974,0.0921,0.0956,0.1032,0.099,0.1009,0.1043,0.104,0.1023,0.1011
2025-07-16,buy_and_hold,Hold,0.0974,0.0932,0.0962,0.1016,0.0961,0.1016,0.1053,0.1044,0.1028,0.1016
2025-07-17,buy_and_hold,Hold,0.0892,0.0943,0.0963,0.102,0.0999,0.1033,0.1063,0.1048,0.1038,0.1001
2025-07-18,buy_and_hold,Hold,0.0915,0.0942,0.0966,0.103,0.0997,0.1038,0.1053,0.1056,0.1,0.1002
2025-07-21,buy_and_hold,Hold,0.0917,0.0938,0.0956,0.104,0.0982,0.1029,0.1051,0.1081,0.0993,0.1013
2025-07-22,buy_and_hold,Hold,0.0917,0.0943,0.0961,0.1021,0.0992,0.1033,0.1072,0.1077,0.0973,0.1012
2025-07-23,buy_and_hold,Hold,0.0913,0.0935,0.0957,0.1019,0.1011,0.1027,0.1096,0.1065,0.0965,0.1012
2025-07-24,buy_and_hold,Hold,0.0913,0.0922,0.0954,0.1038,0.1018,0.1026,0.1085,0.1077,0.0957,0.101
2025-07-25,buy_and_hold,Hold,0.0916,0.0923,0.0959,0.1031,0.1004,0.1029,0.1083,0.1079,0.0966,0.1011
2025-07-28,buy_and_hold,Hold,0.0922,0.0911,0.0944,0.1046,0.1037,0.1025,0.1052,0.1084,0.0979,0.1
2025-07-29,buy_and_hold,Hold,0.093,0.0913,0.0939,0.1033,0.1038,0.1019,0.1052,0.1097,0.0973,0.1006
2025-07-30,buy_and_hold,Hold,0.0941,0.0904,0.0926,0.1037,0.1035,0.1009,0.104,0.111,0.0947,0.1051
2025-07-31,buy_and_hold,Hold,0.0929,0.0886,0.0938,0.1061,0.1031,0.1007,0.1025,0.109,0.0969,0.1064
2025-08-01,buy_and_hold,Rebalance,0.1,0.1,0.1,0.1,0.1,0.1,0.1,0.1,0.1,0.1
2025-08-04,buy_and_hold,Hold,0.101,0.1003,0.0994,0.0975,0.0979,0.101,0.1004,0.102,0.1013,0.0992
2025-08-05,buy_and_hold,Hold,0.1011,0.0953,0.0993,0.098,0.0992,0.1023,0.1013,0.1014,0.1024,0.0997
2025-08-06,buy_and_hold,Hold,0.1013,0.0955,0.1027,0.1019,0.0963,0.101,0.0957,0.1021,0.1028,0.1007
2025-08-07,buy_and_hold,Hold,0.1013,0.0924,0.1018,0.1014,0.1029,0.1,0.0958,0.1014,0.1026,0.1004
2025-08-08,buy_and_hold,Hold,0.1021,0.0906,0.1021,0.1003,0.1049,0.0992,0.0945,0.1031,0.1027,0.1005
2025-08-11,buy_and_hold,Hold,0.1003,0.0908,0.1032,0.1001,0.1048,0.0979,0.0919,0.1033,0.1045,0.1033
2025-08-12,buy_and_hold,Hold,0.0991,0.0897,0.1016,0.0993,0.1066,0.0988,0.0933,0.1035,0.1052,0.1029
2025-08-13,buy_and_hold,Hold,0.097,0.0918,0.1028,0.0997,0.1062,0.0996,0.0941,0.1019,0.1058,0.1011
2025-08-14,buy_and_hold,Hold,0.097,0.092,0.1025,0.1027,0.106,0.099,0.0936,0.1024,0.1036,0.1013
2025-08-15,buy_and_hold,Hold,0.0986,0.0922,0.1024,0.1025,0.1057,0.0983,0.0954,0.1027,0.1006,0.1015
2025-08-18,buy_and_hold,Hold,0.0975,0.0929,0.1027,0.1026,0.1053,0.0974,0.0967,0.1025,0.1008,0.1017
2025-08-19,buy_and_hold,Hold,0.0977,0.095,0.1033,0.1006,0.1039,0.0976,0.0976,0.101,0.1013,0.1021
2025-08-20,buy_and_hold,Hold,0.0985,0.0945,0.1047,0.0986,0.1043,0.0982,0.0965,0.0997,0.1014,0.1035
2025-08-21,buy_and_hold,Hold,0.0981,0.0941,0.1049,0.0978,0.1057,0.0985,0.0963,0.0999,0.1011,0.1036
2025-08-22,buy_and_hold,Hold,0.0963,0.0938,0.1028,0.0985,0.1084,0.0982,0.0984,0.1007,0.1016,0.1013
2025-08-25,buy_and_hold,Hold,0.096,0.093,0.102,0.0984,0.1123,0.0968,0.0981,0.1022,0.1005,0.1006
2025-08-26,buy_and_hold,Hold,0.096,0.0928,0.1029,0.0989,0.1112,0.0969,0.0987,0.1017,0.1011,0.0998
2025-08-27,buy_and_hold,Hold,0.0955,0.0931,0.1018,0.0987,0.1132,0.0967,0.0994,0.1015,0.1007,0.0994
2025-08-28,buy_and_hold,Hold,0.095,0.0924,0.1001,0.0993,0.1146,0.0964,0.0991,0.103,0.1009,0.099
2025-08-29,buy_and_hold,Hold,0.0956,0.0934,0.1005,0.0978,0.1154,0.0957,0.0995,0.1032,0.0992,0.0998
2025-09-02,buy_and_hold,Rebalance,0.1,0.1,0.1,0.1,0.1,0.1,0.1,0.1,0.1,0.1
2025-09-03,buy_and_hold,Hold,0.1002,0.0989,0.1007,0.0999,0.0948,0.0993,0.1004,0.1087,0.0982,0.0989
2025-09-04,buy_and_hold,Hold,0.0993,0.0971,0.1011,0.1028,0.0967,0.0976,0.1007,0.1081,0.0991,0.0975
2025-09-05,buy_and_hold,Hold,0.0996,0.098,0.0997,0.1015,0.094,0.0977,0.1031,0.1095,0.0992,0.0976
2025-09-08,buy_and_hold,Hold,0.0993,0.0986,0.0995,0.1034,0.0922,0.0977,0.1045,0.1095,0.0986,0.0968
2025-09-09,buy_and_hold,Hold,0.0995,0.0975,0.0997,0.1048,0.09,0.0974,0.1025,0.1125,0.0983,0.0977
2025-09-10,buy_and_hold,Hold,0.0976,0.0941,0.1007,0.1014,0.0969,0.0976,0.103,0.1123,0.0987,0.0978
2025-09-11,buy_and_hold,Hold,0.099,0.0935,0.101,0.1001,0.0946,0.0989,0.1028,0.1117,0.1014,0.097
2025-09-12,buy_and_hold,Hold,0.1001,0.0916,0.1017,0.0996,0.0943,0.0986,0.1033,0.1122,0.1007,0.0977
2025-09-15,buy_and_hold,Hold,0.0981,0.0912,0.1008,0.1009,0.0944,0.0973,0.1039,0.1171,0.0998,0.0965
2025-09-16,buy_and_hold,Hold,0.0986,0.0903,0.0995,0.1014,0.1004,0.0952,0.1035,0.1162,0.0991,0.0958
2025-09-17,buy_and_hold,Hold,0.0994,0.0918,0.1008,0.1001,0.0987,0.0969,0.1025,0.1151,0.098,0.0966
2025-09-18,buy_and_hold,Hold,0.0998,0.0911,0.0997,0.1,0.0977,0.0975,0.1053,0.1163,0.0982,0.0943
2025-09-19,buy_and_hold,Hold,0.1008,0.0911,0.0996,0.1,0.0959,0.0967,0.1038,0.1175,0.0989,0.0957
2025-09-22,buy_and_hold,Hold,0.1019,0.0919,0.0997,0.0991,0.0971,0.0965,0.1041,0.1173,0.0978,0.0947
2025-09-23,buy_and_hold,Hold,0.1016,0.0904,0.1007,0.0963,0.0989,0.0931,0.1057,0.1172,0.0996,0.0965
2025-09-24,buy_and_hold,Hold,0.1004,0.092,0.1021,0.0964,0.101,0.0919,0.1047,0.1154,0.0988,0.0972
2025-09-25,buy_and_hold,Hold,0.101,0.0904,0.1032,0.0964,0.1017,0.0906,0.1036,0.1159,0.0988,0.0983
2025-09-26,buy_and_hold,Hold,0.1004,0.0922,0.1042,0.0964,0.1024,0.0903,0.1024,0.1154,0.0979,0.0983
2025-09-29,buy_and_hold,Hold,0.0997,0.0949,0.1038,0.0971,0.1005,0.0912,0.1027,0.1138,0.0983,0.0979
2025-09-30,buy_and_hold,Hold,0.1002,0.0947,0.104,0.0958,0.1002,0.0918,0.1029,0.1132,0.0989,0.0983
2025-10-01,buy_and_hold,Rebalance,0.1,0.1,0.1,0.1,0.1,0.1,0.1,0.1,0.1,0.1
2025-10-02,buy_and_hold,Hold,0.0998,0.1004,0.1,0.101,0.0955,0.1009,0.1005,0.1005,0.102,0.0994
2025-10-03,buy_and_hold,Hold,0.1006,0.1004,0.1011,0.0992,0.0976,0.1007,0.1001,0.0999,0.1014,0.0989
2025-10-06,buy_and_hold,Hold,0.1,0.1016,0.1019,0.0999,0.1,0.1006,0.0957,0.1021,0.0998,0.0984
2025-10-07,buy_and_hold,Hold,0.0996,0.1031,0.102,0.1005,0.1001,0.1008,0.0936,0.1003,0.0996,0.1005
2025-10-08,buy_and_hold,Hold,0.1012,0.1044,0.1016,0.1027,0.0987,0.1005,0.0906,0.1005,0.1006,0.0992
2025-10-09,buy_and_hold,Hold,0.1015,0.1051,0.102,0.1049,0.0959,0.0994,0.0906,0.1002,0.0996,0.1007
2025-10-10,buy_and_hold,Hold,0.1034,0.1029,0.1043,0.1021,0.0911,0.0996,0.0922,0.1006,0.0993,0.1045
2025-10-13,buy_and_hold,Hold,0.1016,0.1032,0.1028,0.103,0.094,0.1002,0.0914,0.1029,0.1,0.1011
2025-10-14,buy_and_hold,Hold,0.1025,0.1028,0.1033,0.1007,0.0938,0.1001,0.0923,0.1029,0.1003,0.1013
2025-10-15,buy_and_hold,Hold,0.1003,0.1013,0.1021,0.1006,0.0955,0.0986,0.094,0.1055,0.1013,0.1008
2025-10-16,buy_and_hold,Hold,0.1002,0.1002,0.1005,0.1014,0.0958,0.0983,0.094,0.1071,0.1013,0.1011
2025-10-17,buy_and_hold,Hold,0.1006,0.1017,0.1011,0.1004,0.0934,0.098,0.0934,0.1075,0.1017,0.102
2025-10-20,buy_and_hold,Hold,0.1004,0.1024,0.1012,0.1011,0.0925,0.0975,0.0947,0.1079,0.1022,0.1001
2025-10-21,buy_and_hold,Hold,0.098,0.105,0.0997,0.1028,0.092,0.0968,0.094,0.1044,0.1091,0.0982
2025-10-22,buy_and_hold,Hold,0.0981,0.1041,0.0992,0.1006,0.0941,0.096,0.0949,0.1047,0.1092,0.099
2025-10-23,buy_and_hold,Hold,0.0958,0.1033,0.0979,0.101,0.1001,0.0956,0.0929,0.1042,0.1109,0.0982
2025-10-24,buy_and_hold,Hold,0.0963,0.1025,0.0977,0.1026,0.097,0.0957,0.0936,0.1071,0.109,0.0984
2025-10-27,buy_and_hold,Hold,0.0962,0.1034,0.0976,0.1034,0.0946,0.0956,0.0937,0.1105,0.1085,0.0966
2025-10-28,buy_and_hold,Hold,0.0979,0.1069,0.099,0.1068,0.0943,0.0973,0.0775,0.1123,0.1099,0.0981
2025-10-29,buy_and_hold,Hold,0.0975,0.1059,0.0994,0.1087,0.0947,0.0963,0.0733,0.1168,0.1099,0.0974
2025-10-30,buy_and_hold,Hold,0.0987,0.1076,0.1015,0.1063,0.0951,0.0958,0.0711,0.1209,0.1123,0.0907
2025-10-31,buy_and_hold,Hold,0.0968,0.1068,0.1007,0.1152,0.0951,0.0939,0.0726,0.1195,0.111,0.0885
2025-11-03,buy_and_hold,Rebalance,0.1,0.1,0.1,0.1,0.1,0.1,0.1,0.1,0.1,0.1
2025-11-04,buy_and_hold,Hold,0.1023,0.0985,0.1024,0.0989,0.0989,0.1013,0.0976,0.0985,0.0997,0.1018
2025-11-05,buy_and_hold,Hold,0.1007,0.0999,0.1041,0.0986,0.0964,0.0994,0.0979,0.1004,0.1015,0.101
2025-11-06,buy_and_hold,Hold,0.0998,0.0961,0.1051,0.0946,0.104,0.1069,0.0944,0.0993,0.0999,0.0999
2025-11-07,buy_and_hold,Hold,0.1,0.0969,0.1045,0.0943,0.1038,0.1063,0.0979,0.0963,0.0996,0.1003
2025-11-10,buy_and_hold,Hold,0.0992,0.096,0.1036,0.0954,0.1056,0.1053,0.0951,0.0998,0.1009,0.0991
2025-11-11,buy_and_hold,Hold,0.0994,0.0946,0.1031,0.0951,0.106,0.1062,0.0955,0.0995,0.1008,0.0999
2025-11-12,buy_and_hold,Hold,0.1012,0.0966,0.1043,0.0936,0.1034,0.1063,0.094,0.0983,0.1027,0.0997
2025-11-13,buy_and_hold,Hold,0.1019,0.0973,0.105,0.0913,0.1072,0.1073,0.0916,0.0959,0.1027,0.0996
2025-11-14,buy_and_hold,Hold,0.1034,0.0968,0.1048,0.0906,0.1081,0.1062,0.0921,0.0955,0.1018,0.1007
2025-11-17,buy_and_hold,Hold,0.104,0.0962,0.104,0.0908,0.1074,0.1047,0.0904,0.0995,0.1014,0.1016
2025-11-18,buy_and_hold,Hold,0.1042,0.0958,0.1037,0.0869,0.1099,0.1045,0.0905,0.0994,0.1019,0.1032
2025-11-19,buy_and_hold,Hold,0.1018,0.097,0.1027,0.0876,0.1069,0.1057,0.0888,0.1031,0.1031,0.1033
2025-11-20,buy_and_hold,Hold,0.1012,0.0979,0.105,0.0864,0.105,0.106,0.0887,0.1031,0.103,0.1037
2025-11-21,buy_and_hold,Hold,0.102,0.1,0.1029,0.0857,0.105,0.1061,0.0901,0.1042,0.1027,0.1013
2025-11-24,buy_and_hold,Hold,0.1007,0.0962,0.1017,0.0874,0.1064,0.1051,0.0902,0.1101,0.103,0.0992
2025-11-25,buy_and_hold,Hold,0.1002,0.0972,0.1016,0.0876,0.1038,0.1048,0.0916,0.1105,0.1029,0.0998
2025-11-26,buy_and_hold,Hold,0.1004,0.0965,0.1005,0.0873,0.1061,0.1046,0.093,0.1091,0.1023,0.1002
2025-11-28,buy_and_hold,Hold,0.1001,0.0967,0.0997,0.0883,0.1067,0.1048,0.0927,0.1085,0.1024,0.1001
2025-12-01,buy_and_hold,Rebalance,0.1,0.1,0.1,0.1,0.1,0.1,0.1,0.1,0.1,0.1
2025-12-02,buy_and_hold,Hold,0.0986,0.1013,0.0993,0.1002,0.1006,0.0984,0.1013,0.1002,0.1006,0.0994
2025-12-03,buy_and_hold,Hold,0.0977,0.1058,0.0993,0.0991,0.1064,0.0996,0.091,0.1013,0.1013,0.0986
2025-12-04,buy_and_hold,Hold,0.0987,0.1054,0.1004,0.0987,0.1064,0.101,0.0884,0.1016,0.1,0.0994
2025-12-05,buy_and_hold,Hold,0.0987,0.1046,0.1007,0.0991,0.1083,0.1009,0.0865,0.103,0.0992,0.099
2025-12-08,buy_and_hold,Hold,0.0986,0.107,0.102,0.1003,0.1069,0.0936,0.0876,0.1031,0.0994,0.1016
2025-12-09,buy_and_hold,Hold,0.0977,0.108,0.1017,0.1005,0.1077,0.0912,0.088,0.1039,0.0999,0.1015
2025-12-10,buy_and_hold,Hold,0.0978,0.108,0.0999,0.1012,0.1064,0.0927,0.0894,0.1039,0.0993,0.1014
2025-12-11,buy_and_hold,Hold,0.0984,0.1073,0.1015,0.1006,0.1049,0.0955,0.0877,0.1015,0.1011,0.1015
2025-12-12,buy_and_hold,Hold,0.0999,0.1075,0.1024,0.0986,0.1046,0.095,0.0895,0.1002,0.101,0.1013
2025-12-15,buy_and_hold,Hold,0.1022,0.1086,0.1036,0.0969,0.1018,0.0956,0.0909,0.0997,0.099,0.1017
2025-12-16,buy_and_hold,Hold,0.1022,0.109,0.1031,0.0982,0.0978,0.0958,0.0912,0.1005,0.0987,0.1035
2025-12-17,buy_and_hold,Hold,0.1019,0.1094,0.1038,0.0974,0.1003,0.0972,0.0922,0.097,0.0979,0.103
2025-12-18,buy_and_hold,Hold,0.1008,0.1081,0.104,0.1,0.0971,0.0963,0.095,0.0991,0.0978,0.1018
2025-12-19,buy_and_hold,Hold,0.101,0.109,0.1038,0.1002,0.0983,0.0948,0.0931,0.1006,0.0979,0.1012
2025-12-22,buy_and_hold,Hold,0.1004,0.1079,0.1031,0.1002,0.0991,0.0963,0.094,0.101,0.0963,0.1017
2025-12-23,buy_and_hold,Hold,0.0996,0.1077,0.1035,0.1016,0.0987,0.0961,0.0927,0.1023,0.0962,0.1017
2025-12-24,buy_and_hold,Hold,0.0996,0.1072,0.1032,0.1015,0.0985,0.0963,0.0938,0.102,0.0961,0.1019
2025-12-26,buy_and_hold,Hold,0.0997,0.1076,0.1025,0.1016,0.0978,0.0969,0.0935,0.1018,0.0972,0.1014
2025-12-29,buy_and_hold,Hold,0.0993,0.1075,0.1024,0.1012,0.0984,0.0969,0.0945,0.1017,0.0968,0.1012
2025-12-30,buy_and_hold,Hold,0.0999,0.1066,0.1028,0.1011,0.0993,0.097,0.0947,0.1014,0.0961,0.1011
2022-01-20,model_Momentum1M,Rebalance,0.1862,0.0591,0.1756,0.0141,0.1799,0.0509,0.0312,0.0128,0.1139,0.1762
2022-01-21,model_Momentum1M,Hold,0.1902,0.0586,0.1747,0.0134,0.1754,0.0507,0.0313,0.0127,0.1147,0.1783
2022-01-24,model_Momentum1M,Hold,0.187,0.0592,0.1763,0.0136,0.1779,0.0507,0.0311,0.0127,0.1147,0.1769
2022-01-25,model_Momentum1M,Hold,0.1836,0.0577,0.1751,0.013,0.19,0.0494,0.0305,0.0122,0.1137,0.1748
2022-01-26,model_Momentum1M,Hold,0.1808,0.0574,0.1778,0.013,0.1923,0.0494,0.0301,0.0125,0.112,0.1747
2022-01-27,model_Momentum1M,Hold,0.1809,0.0579,0.1766,0.0131,0.1909,0.0492,0.0294,0.0125,0.1123,0.1773
2022-01-28,model_Momentum1M,Hold,0.1866,0.059,0.1763,0.0133,0.1904,0.0491,0.0297,0.0128,0.1067,0.1762
2022-01-31,model_Momentum1M,Hold,0.1874,0.0601,0.1755,0.0137,0.1883,0.0492,0.0302,0.0128,0.1073,0.1754
2022-02-01,model_Momentum1M,Rebalance,0.1429,0.0421,0.2089,0.0115,0.2022,0.0433,0.0463,0.0163,0.0824,0.2042
2022-02-02,model_Momentum1M,Hold,0.145,0.0425,0.21,0.0114,0.201,0.0429,0.0463,0.0174,0.0814,0.2021
2022-02-03,model_Momentum1M,Hold,0.1461,0.0411,0.2117,0.0106,0.2012,0.0427,0.0455,0.017,0.0809,0.2033
2022-02-04,model_Momentum1M,Hold,0.1459,0.0414,0.2152,0.012,0.2012,0.0401,0.0453,0.017,0.0792,0.2027
2022-02-07,model_Momentum1M,Hold,0.1447,0.0412,0.218,0.0121,0.1997,0.0389,0.0447,0.0166,0.0798,0.2043
2022-02-08,model_Momentum1M,Hold,0.1458,0.0414,0.2213,0.0124,0.1932,0.0388,0.0447,0.0167,0.0806,0.2051
2022-02-09,model_Momentum1M,Hold,0.1464,0.0423,0.2191,0.0123,0.1945,0.0394,0.0453,0.0168,0.0804,0.2037
2022-02-10,model_Momentum1M,Hold,0.1452,0.0412,0.2202,0.0123,0.1971,0.0388,0.0444,0.0166,0.0795,0.2046
2022-02-11,model_Momentum1M,Hold,0.1429,0.0397,0.2199,0.0119,0.2016,0.0377,0.0446,0.0162,0.0796,0.2059
2022-02-14,model_Momentum1M,Hold,0.1429,0.0402,0.2209,0.0123,0.1939,0.0383,0.0451,0.0167,0.0805,0.2092
2022-02-15,model_Momentum1M,Hold,0.1433,0.0403,0.222,0.0123,0.1931,0.0388,0.0452,0.0167,0.0796,0.2087
2022-02-16,model_Momentum1M,Hold,0.1427,0.0408,0.2215,0.0124,0.1938,0.0383,0.0456,0.0168,0.0786,0.2096
2022-02-17,model_Momentum1M,Hold,0.1407,0.0399,0.2194,0.0123,0.1959,0.038,0.0458,0.0163,0.0767,0.2151
2022-02-18,model_Momentum1M,Hold,0.137,0.0399,0.2204,0.0122,0.1956,0.0384,0.0459,0.0162,0.0766,0.2178
2022-02-22,model_Momentum1M,Hold,0.1392,0.0403,0.2213,0.0121,0.1907,0.0382,0.0469,0.0162,0.0769,0.2181
2022-02-23,model_Momentum1M,Hold,0.1399,0.0396,0.2186,0.0117,0.1907,0.0379,0.0468,0.0161,0.0762,0.2225
2022-02-24,model_Momentum1M,Hold,0.1422,0.0401,0.2125,0.0123,0.2007,0.0381,0.0481,0.0168,0.0761,0.2131
2022-02-25,model_Momentum1M,Hold,0.1415,0.0395,0.2131,0.0121,0.2019,0.0376,0.0473,0.0164,0.077,0.2136
2022-02-28,model_Momentum1M,Hold,0.1391,0.0386,0.2096,0.012,0.2131,0.0369,0.0461,0.0165,0.0758,0.2123
2022-03-01,model_Momentum1M,Rebalance,0.1274,0.0677,0.1729,0.0189,0.1768,0.0673,0.0627,0.0074,0.1256,0.1734
2022-03-02,model_Momentum1M,Hold,0.1273,0.0679,0.1744,0.0186,0.1761,0.0669,0.0621,0.0073,0.1253,0.1741
2022-03-03,model_Momentum1M,Hold,0.127,0.0675,0.1761,0.018,0.1767,0.0659,0.0625,0.0072,0.1252,0.174
2022-03-04,model_Momentum1M,Hold,0.1273,0.0664,0.1728,0.0177,0.182,0.0649,0.0632,0.007,0.1238,0.1749
2022-03-07,model_Momentum1M,Hold,0.1278,0.0661,0.1741,0.0171,0.1793,0.0645,0.0631,0.0069,0.124,0.1772
2022-03-08,model_Momentum1M,Hold,0.1255,0.0657,0.1755,0.017,0.1835,0.064,0.0639,0.007,0.1264,0.1714
2022-03-09,model_Momentum1M,Hold,0.1263,0.0665,0.1767,0.0172,0.1815,0.0656,0.0635,0.0073,0.1258,0.1696
2022-03-10,model_Momentum1M,Hold,0.1245,0.0664,0.1749,0.0181,0.1873,0.0656,0.0631,0.0072,0.1232,0.1699
2022-03-11,model_Momentum1M,Hold,0.1233,0.0679,0.1778,0.0182,0.1856,0.0643,0.0631,0.0072,0.1226,0.1701
2022-03-14,model_Momentum1M,Hold,0.1252,0.0672,0.1808,0.0178,0.179,0.0641,0.0632,0.007,0.1251,0.1707
2022-03-15,model_Momentum1M,Hold,0.1263,0.0685,0.1806,0.0183,0.1734,0.0648,0.0635,0.0071,0.1248,0.1727
2022-03-16,model_Momentum1M,Hold,0.1271,0.0697,0.1826,0.0188,0.1723,0.0647,0.0631,0.0072,0.1245,0.17
2022-03-17,model_Momentum1M,Hold,0.1265,0.0672,0.18,0.019,0.1809,0.0646,0.0627,0.0071,0.124,0.1681
2022-03-18,model_Momentum1M,Hold,0.1273,0.0679,0.1795,0.0194,0.1788,0.0653,0.063,0.0072,0.1241,0.1675
2022-03-21,model_Momentum1M,Hold,0.1252,0.0673,0.1788,0.0192,0.1849,0.0653,0.0617,0.0071,0.123,0.1675
2022-03-22,model_Momentum1M,Hold,0.1244,0.0674,0.1804,0.0195,0.1818,0.0654,0.0611,0.0073,0.1231,0.1696
2022-03-23,model_Momentum1M,Hold,0.1207,0.0667,0.1805,0.0195,0.1848,0.0658,0.0608,0.0073,0.1227,0.1713
2022-03-24,model_Momentum1M,Hold,0.1206,0.0671,0.181,0.0194,0.1835,0.0672,0.0608,0.0074,0.1227,0.1704
2022-03-25,model_Momentum1M,Hold,0.1199,0.0666,0.1812,0.0192,0.1841,0.0673,0.0609,0.0073,0.122,0.1714
2022-03-28,model_Momentum1M,Hold,0.1223,0.068,0.1825,0.0199,0.1786,0.0686,0.0621,0.0073,0.1226,0.1682
2022-03-29,model_Momentum1M,Hold,0.1211,0.0692,0.1805,0.0198,0.1815,0.0689,0.0633,0.0073,0.1233,0.1652
2022-03-30,model_Momentum1M,Hold,0.1211,0.0686,0.1807,0.0194,0.1822,0.069,0.0633,0.0073,0.1225,0.166
2022-03-31,model_Momentum1M,Hold,0.1199,0.0689,0.1789,0.0191,0.1841,0.069,0.0635,0.0072,0.1214,0.1679
2022-04-01,model_Momentum1M,Rebalance,0.1495,0.0692,0.1591,0.02,0.1641,0.0676,0.0618,0.0071,0.1443,0.1574
2022-04-04,model_Momentum1M,Hold,0.1496,0.0698,0.1558,0.0206,0.1668,0.0684,0.0608,0.0072,0.1439,0.1572
2022-04-05,model_Momentum1M,Hold,0.1513,0.0699,0.1571,0.0202,0.1628,0.0686,0.0611,0.0071,0.1441,0.1579
2022-04-06,model_Momentum1M,Hold,0.1512,0.0691,0.1596,0.0194,0.1586,0.0678,0.0619,0.0069,0.1448,0.1607
2022-04-07,model_Momentum1M,Hold,0.1548,0.0691,0.1592,0.0192,0.1587,0.0679,0.0608,0.0068,0.1439,0.1597
2022-04-08,model_Momentum1M,Hold,0.1534,0.068,0.1587,0.0187,0.1651,0.0673,0.0601,0.0066,0.1426,0.1595
2022-04-11,model_Momentum1M,Hold,0.1518,0.0667,0.1604,0.0186,0.1601,0.068,0.0597,0.0065,0.1451,0.1631
2022-04-12,model_Momentum1M,Hold,0.1496,0.0665,0.1596,0.0185,0.1644,0.0674,0.0594,0.0064,0.1436,0.1644
2022-04-13,model_Momentum1M,Hold,0.1503,0.0659,0.1584,0.0189,0.1685,0.0674,0.0591,0.0065,0.1424,0.1626
2022-04-14,model_Momentum1M,Hold,0.1488,0.065,0.1601,0.0186,0.1696,0.0669,0.0588,0.0064,0.1419,0.164
2022-04-18,model_Momentum1M,Hold,0.1476,0.0641,0.1613,0.0188,0.1715,0.067,0.0584,0.0064,0.1413,0.1636
2022-04-19,model_Momentum1M,Hold,0.1499,0.0645,0.1586,0.0191,0.1704,0.0669,0.0585,0.0065,0.1428,0.1628
2022-04-20,model_Momentum1M,Hold,0.1521,0.0646,0.1602,0.0185,0.1689,0.0661,0.0591,0.0063,0.1422,0.162
2022-04-21,model_Momentum1M,Hold,0.1539,0.0647,0.1584,0.0179,0.1621,0.0672,0.059,0.0062,0.1442,0.1664
2022-04-22,model_Momentum1M,Hold,0.1534,0.0642,0.1575,0.0179,0.1608,0.0668,0.0595,0.0061,0.1457,0.168
2022-04-25,model_Momentum1M,Hold,0.1553,0.066,0.1566,0.0183,0.1558,0.0674,0.0592,0.0063,0.1465,0.1687
2022-04-26,model_Momentum1M,Hold,0.1548,0.0646,0.1559,0.0178,0.1574,0.0668,0.0598,0.0062,0.1453,0.1713
2022-04-27,model_Momentum1M,Hold,0.1537,0.0643,0.1553,0.0176,0.1621,0.0673,0.0585,0.006,0.1446,0.1707
2022-04-28,model_Momentum1M,Hold,0.1535,0.0657,0.1494,0.0182,0.1661,0.0671,0.0587,0.0061,0.1457,0.1694
2022-04-29,model_Momentum1M,Hold,0.1514,0.0645,0.1481,0.016,0.1681,0.0669,0.0576,0.0061,0.1465,0.1749
2022-05-02,model_Momentum1M,Rebalance,0.1107,0.1012,0.1512,0.0082,0.1572,0.1006,0.0862,0.0132,0.1142,0.1574
2022-05-03,model_Momentum1M,Hold,0.1088,0.0999,0.1508,0.0081,0.1624,0.1008,0.0862,0.0131,0.1144,0.1555
2022-05-04,model_Momentum1M,Hold,0.1082,0.0997,0.1502,0.0079,0.1668,0.1009,0.0851,0.0132,0.1151,0.1528
2022-05-05,model_Momentum1M,Hold,0.11,0.0985,0.152,0.0076,0.1587,0.1001,0.0861,0.0131,0.1161,0.1578
2022-05-06,model_Momentum1M,Hold,0.1082,0.0965,0.151,0.0075,0.1678,0.0991,0.084,0.0129,0.115,0.158
2022-05-09,model_Momentum1M,Hold,0.108,0.098,0.1558,0.0074,0.149,0.1023,0.083,0.0131,0.1223,0.1611
2022-05-10,model_Momentum1M,Hold,0.1094,0.0998,0.1581,0.0075,0.1511,0.103,0.0825,0.0136,0.1219,0.1531
2022-05-11,model_Momentum1M,Hold,0.1087,0.0978,0.1572,0.0073,0.1553,0.1043,0.082,0.0135,0.12,0.1539
2022-05-12,model_Momentum1M,Hold,0.1106,0.0976,0.1547,0.0074,0.1538,0.1033,0.0819,0.0134,0.1223,0.1549
2022-05-13,model_Momentum1M,Hold,0.11,0.0972,0.1516,0.0076,0.1626,0.102,0.0822,0.0134,0.1193,0.1539
2022-05-16,model_Momentum1M,Hold,0.1092,0.0965,0.1505,0.0074,0.1666,0.101,0.081,0.0132,0.1196,0.155
2022-05-17,model_Momentum1M,Hold,0.1118,0.0962,0.1514,0.0076,0.1662,0.1019,0.0797,0.0131,0.1187,0.1534
2022-05-18,model_Momentum1M,Hold,0.1137,0.0937,0.154,0.0073,0.1611,0.1031,0.0787,0.0131,0.1199,0.1555
2022-05-19,model_Momentum1M,Hold,0.1143,0.0942,0.1532,0.0074,0.1638,0.1038,0.0792,0.013,0.1205,0.1506
2022-05-20,model_Momentum1M,Hold,0.1148,0.0949,0.1513,0.0074,0.1666,0.1049,0.0799,0.0128,0.1175,0.15
2022-05-23,model_Momentum1M,Hold,0.114,0.0951,0.1518,0.0072,0.1727,0.1028,0.0786,0.0128,0.1154,0.1497
2022-05-24,model_Momentum1M,Hold,0.1129,0.0939,0.1535,0.007,0.1708,0.1024,0.0785,0.0122,0.1166,0.1522
2022-05-25,model_Momentum1M,Hold,0.111,0.0929,0.1536,0.0071,0.1763,0.1011,0.0776,0.012,0.1153,0.1532
2022-05-26,model_Momentum1M,Hold,0.1107,0.0952,0.1544,0.0072,0.1744,0.1019,0.0777,0.012,0.1143,0.1522
2022-05-27,model_Momentum1M,Hold,0.1098,0.0969,0.154,0.0073,0.1768,0.1028,0.0783,0.0122,0.1134,0.1484
2022-05-31,model_Momentum1M,Hold,0.1113,0.0957,0.1555,0.0077,0.1757,0.1016,0.0776,0.0125,0.114,0.1485
2022-06-01,model_Momentum1M,Rebalance,0.1367,0.0827,0.1716,0.0189,0.1693,0.0745,0.0475,0.0075,0.1107,0.1806
2022-06-02,model_Momentum1M,Hold,0.1382,0.084,0.1695,0.0193,0.167,0.0766,0.0478,0.0077,0.1109,0.1789
2022-06-03,model_Momentum1M,Hold,0.1379,0.0841,0.168,0.019,0.1709,0.0768,0.0471,0.0075,0.1099,0.1789
2022-06-06,model_Momentum1M,Hold,0.1373,0.0837,0.1685,0.0193,0.1713,0.0782,0.0467,0.0077,0.1097,0.1776
2022-06-07,model_Momentum1M,Hold,0.1357,0.083,0.1672,0.0187,0.1785,0.078,0.0465,0.0076,0.1085,0.1762
2022-06-08,model_Momentum1M,Hold,0.137,0.0842,0.1694,0.019,0.1829,0.0776,0.0455,0.0078,0.1106,0.1661
2022-06-09,model_Momentum1M,Hold,0.1371,0.0838,0.1687,0.0185,0.1821,0.0794,0.0446,0.0078,0.1116,0.1663
2022-06-10,model_Momentum1M,Hold,0.1367,0.0831,0.1675,0.0179,0.1821,0.0797,0.0445,0.0077,0.1092,0.1715
2022-06-13,model_Momentum1M,Hold,0.1373,0.0836,0.1683,0.0176,0.1768,0.081,0.0432,0.0077,0.1126,0.1719
2022-06-14,model_Momentum1M,Hold,0.1342,0.0836,0.1691,0.0175,0.1794,0.0803,0.043,0.0077,0.1122,0.1729
2022-06-15,model_Momentum1M,Hold,0.1363,0.0852,0.1703,0.0183,0.1775,0.0801,0.043,0.0079,0.1112,0.1701
2022-06-16,model_Momentum1M,Hold,0.1373,0.0849,0.1722,0.0183,0.1681,0.0814,0.0428,0.0079,0.1121,0.1749
2022-06-17,model_Momentum1M,Hold,0.139,0.087,0.1737,0.0189,0.1591,0.0824,0.0436,0.0081,0.1121,0.176
2022-06-21,model_Momentum1M,Hold,0.1392,0.0878,0.1744,0.019,0.1609,0.0827,0.0428,0.0083,0.1103,0.1745
2022-06-22,model_Momentum1M,Hold,0.1441,0.0912,0.1781,0.0195,0.1533,0.0848,0.0445,0.0085,0.1134,0.1625
2022-06-23,model_Momentum1M,Hold,0.145,0.091,0.1769,0.0201,0.1479,0.0851,0.0459,0.0085,0.1131,0.1663
2022-06-24,model_Momentum1M,Hold,0.1451,0.0925,0.1786,0.0202,0.1445,0.086,0.0464,0.0087,0.1133,0.1648
2022-06-27,model_Momentum1M,Hold,0.1449,0.0906,0.1793,0.0197,0.1489,0.0842,0.0472,0.0086,0.1123,0.1644
2022-06-28,model_Momentum1M,Hold,0.1429,0.0883,0.1803,0.0188,0.1549,0.0834,0.0471,0.0083,0.1108,0.1652
2022-06-29,model_Momentum1M,Hold,0.148,0.0885,0.1817,0.0194,0.1465,0.0849,0.0482,0.0084,0.1121,0.1623
2022-06-30,model_Momentum1M,Hold,0.1486,0.0885,0.1827,0.019,0.1428,0.0852,0.0487,0.0083,0.1126,0.1636
2022-07-01,model_Momentum1M,Rebalance,0.0255,0.356,0.082,0.0501,0.0894,0.2816,0.0169,0.0184,0.0327,0.0475
2022-07-05,model_Momentum1M,Hold,0.0257,0.3547,0.0822,0.0527,0.0841,0.2828,0.0173,0.0194,0.0334,0.0477
2022-07-06,model_Momentum1M,Hold,0.0257,0.3569,0.0831,0.0533,0.0825,0.2805,0.0175,0.0197,0.0337,0.0472
2022-07-07,model_Momentum1M,Hold,0.0255,0.3569,0.0827,0.0535,0.0879,0.2754,0.0172,0.0202,0.0333,0.0473
2022-07-08,model_Momentum1M,Hold,0.0256,0.3584,0.083,0.0535,0.0892,0.2726,0.0169,0.0204,0.0331,0.0473
2022-07-11,model_Momentum1M,Hold,0.0257,0.3556,0.0833,0.0521,0.0882,0.2769,0.0167,0.0199,0.0335,0.0481
2022-07-12,model_Momentum1M,Hold,0.0258,0.3577,0.0837,0.0514,0.0845,0.2771,0.0169,0.0198,0.0341,0.049
2022-07-13,model_Momentum1M,Hold,0.0255,0.3597,0.0826,0.0524,0.0863,0.2745,0.0167,0.0195,0.0339,0.049
2022-07-14,model_Momentum1M,Hold,0.026,0.3615,0.0823,0.0534,0.0844,0.2721,0.0166,0.0197,0.0345,0.0495
2022-07-15,model_Momentum1M,Hold,0.0264,0.3602,0.0825,0.0541,0.0843,0.2722,0.017,0.0197,0.0345,0.0492
2022-07-18,model_Momentum1M,Hold,0.0261,0.3581,0.0827,0.0544,0.0868,0.2715,0.017,0.0193,0.0343,0.0498
2022-07-19,model_Momentum1M,Hold,0.0259,0.361,0.0811,0.0547,0.0879,0.2701,0.017,0.0195,0.034,0.0489
2022-07-20,model_Momentum1M,Hold,0.0253,0.3607,0.0802,0.0564,0.089,0.2702,0.017,0.0193,0.034,0.0479
2022-07-21,model_Momentum1M,Hold,0.0256,0.365,0.0798,0.0567,0.0841,0.2709,0.0169,0.0192,0.0339,0.0479
2022-07-22,model_Momentum1M,Hold,0.0254,0.3664,0.0805,0.0559,0.0822,0.2718,0.0172,0.0182,0.0341,0.0484
2022-07-25,model_Momentum1M,Hold,0.025,0.3648,0.0809,0.0548,0.0865,0.2702,0.017,0.018,0.0338,0.0488
2022-07-26,model_Momentum1M,Hold,0.0253,0.3627,0.081,0.0524,0.0858,0.2718,0.0179,0.0177,0.0358,0.0496
2022-07-27,model_Momentum1M,Hold,0.0249,0.3683,0.0794,0.0538,0.0868,0.2683,0.0176,0.0186,0.0343,0.0482
2022-07-28,model_Momentum1M,Hold,0.0245,0.3692,0.0785,0.0534,0.0863,0.2705,0.0178,0.0184,0.0341,0.0472
2022-07-29,model_Momentum1M,Hold,0.0237,0.3654,0.0783,0.0578,0.0884,0.2698,0.0178,0.0184,0.0341,0.0462
2022-08-01,model_Momentum1M,Rebalance,0.0912,0.0689,0.1671,0.0166,0.1833,0.061,0.0325,0.0103,0.1814,0.1878
2022-08-02,model_Momentum1M,Hold,0.0905,0.0684,0.1731,0.0164,0.183,0.0602,0.0316,0.0103,0.1795,0.187
2022-08-03,model_Momentum1M,Hold,0.0912,0.0697,0.1738,0.0171,0.1753,0.0606,0.0315,0.0105,0.1816,0.1886
2022-08-04,model_Momentum1M,Hold,0.0921,0.0708,0.1758,0.0176,0.1576,0.0641,0.0319,0.0106,0.1891,0.1903
2022-08-05,model_Momentum1M,Hold,0.0913,0.0702,0.1757,0.0173,0.1622,0.065,0.0317,0.0105,0.1872,0.1887
2022-08-08,model_Momentum1M,Hold,0.0906,0.0701,0.1753,0.017,0.1638,0.0645,0.0321,0.0105,0.1877,0.1883
2022-08-09,model_Momentum1M,Hold,0.0896,0.0698,0.1774,0.0168,0.1659,0.0636,0.032,0.0104,0.1865,0.188
2022-08-10,model_Momentum1M,Hold,0.0899,0.0701,0.1781,0.0171,0.1657,0.0642,0.0323,0.0105,0.1852,0.1869
2022-08-11,model_Momentum1M,Hold,0.089,0.0688,0.1786,0.0167,0.1717,0.0632,0.032,0.0103,0.1834,0.1863
2022-08-12,model_Momentum1M,Hold,0.0888,0.0694,0.1806,0.0168,0.1691,0.0639,0.0322,0.0104,0.1844,0.1843
2022-08-15,model_Momentum1M,Hold,0.0896,0.0697,0.1816,0.0169,0.1644,0.065,0.0324,0.0105,0.1843,0.1857
2022-08-16,model_Momentum1M,Hold,0.0898,0.0698,0.1815,0.0171,0.1628,0.065,0.0327,0.0105,0.1831,0.1878
2022-08-17,model_Momentum1M,Hold,0.0892,0.0698,0.1824,0.0169,0.1659,0.0641,0.0327,0.0103,0.1808,0.1878
2022-08-18,model_Momentum1M,Hold,0.0874,0.069,0.1817,0.0166,0.1775,0.063,0.0313,0.0103,0.1773,0.1858
2022-08-19,model_Momentum1M,Hold,0.0882,0.0686,0.1806,0.0163,0.1772,0.0626,0.0311,0.0101,0.1787,0.1866
2022-08-22,model_Momentum1M,Hold,0.0871,0.0682,0.1784,0.0159,0.1824,0.0626,0.0308,0.0099,0.1762,0.1884
2022-08-23,model_Momentum1M,Hold,0.0852,0.067,0.1764,0.0158,0.1908,0.0623,0.0301,0.0098,0.1751,0.1875
2022-08-24,model_Momentum1M,Hold,0.0841,0.0664,0.1749,0.0157,0.1967,0.0621,0.0302,0.0097,0.1729,0.1872
2022-08-25,model_Momentum1M,Hold,0.0836,0.0665,0.1751,0.0159,0.1952,0.0624,0.0304,0.0099,0.1732,0.1877
2022-08-26,model_Momentum1M,Hold,0.0832,0.0661,0.177,0.0157,0.2006,0.0634,0.0306,0.0097,0.1619,0.1918
2022-08-29,model_Momentum1M,Hold,0.0831,0.0654,0.1768,0.0156,0.2065,0.063,0.0302,0.0096,0.1585,0.1911
2022-08-30,model_Momentum1M,Hold,0.085,0.0661,0.1781,0.0157,0.2,0.063,0.0304,0.0097,0.1595,0.1922
2022-08-31,model_Momentum1M,Hold,0.0859,0.0655,0.177,0.0156,0.2001,0.0626,0.0305,0.0097,0.1598,0.1933
2022-09-01,model_Momentum1M,Rebalance,0.0673,0.1591,0.1344,0.1084,0.1871,0.1298,0.0223,0.0355,0.0074,0.1487
2022-09-02,model_Momentum1M,Hold,0.0661,0.1572,0.1347,0.1087,0.1923,0.1286,0.0222,0.035,0.0072,0.1481
2022-09-06,model_Momentum1M,Hold,0.0667,0.1581,0.1361,0.1083,0.1889,0.1294,0.0227,0.0349,0.007,0.1478
2022-09-07,model_Momentum1M,Hold,0.0673,0.1584,0.1378,0.1101,0.1813,0.1321,0.0227,0.0355,0.0072,0.1476
2022-09-08,model_Momentum1M,Hold,0.0684,0.1581,0.1387,0.1097,0.1815,0.1313,0.023,0.0349,0.007,0.1474
2022-09-09,model_Momentum1M,Hold,0.0683,0.157,0.1371,0.1109,0.1843,0.1309,0.0229,0.0351,0.0072,0.1465
2022-09-12,model_Momentum1M,Hold,0.0675,0.1567,0.1359,0.1115,0.19,0.1317,0.0227,0.0345,0.0071,0.1425
2022-09-13,model_Momentum1M,Hold,0.068,0.1554,0.1375,0.1078,0.1933,0.1332,0.0226,0.0338,0.0072,0.1411
2022-09-14,model_Momentum1M,Hold,0.0673,0.1523,0.1347,0.1082,0.2043,0.1315,0.0221,0.0337,0.0069,0.1388
2022-09-15,model_Momentum1M,Hold,0.0676,0.1514,0.1349,0.1075,0.2054,0.1294,0.0222,0.0334,0.0069,0.1412
2022-09-16,model_Momentum1M,Hold,0.0675,0.1521,0.136,0.1061,0.202,0.13,0.0224,0.0336,0.007,0.1434
2022-09-19,model_Momentum1M,Hold,0.0671,0.1522,0.137,0.1063,0.2005,0.1301,0.022,0.0335,0.0069,0.1444
2022-09-20,model_Momentum1M,Hold,0.0668,0.1516,0.1392,0.1056,0.1989,0.1295,0.0216,0.0333,0.007,0.1464
2022-09-21,model_Momentum1M,Hold,0.0669,0.1515,0.1399,0.1042,0.1965,0.1299,0.0215,0.0332,0.0071,0.1493
2022-09-22,model_Momentum1M,Hold,0.068,0.1516,0.139,0.1044,0.1921,0.1299,0.0219,0.0339,0.0071,0.1521
2022-09-23,model_Momentum1M,Hold,0.0703,0.1558,0.1419,0.105,0.1764,0.1339,0.0228,0.0347,0.0073,0.1519
2022-09-26,model_Momentum1M,Hold,0.0706,0.1564,0.1415,0.1077,0.1732,0.1325,0.0226,0.035,0.0074,0.1532
2022-09-27,model_Momentum1M,Hold,0.0697,0.156,0.1411,0.1072,0.1781,0.1323,0.0224,0.0348,0.0074,0.1509
2022-09-28,model_Momentum1M,Hold,0.0682,0.1554,0.1391,0.1078,0.1842,0.1314,0.0223,0.0348,0.0073,0.1494
2022-09-29,model_Momentum1M,Hold,0.0686,0.1547,0.1389,0.1059,0.1875,0.1308,0.0223,0.0342,0.0072,0.1499
2022-09-30,model_Momentum1M,Hold,0.0682,0.1557,0.1394,0.1053,0.1853,0.1336,0.0228,0.0339,0.0072,0.1486
2022-10-03,model_Momentum1M,Rebalance,0.0676,0.3307,0.0569,0.0316,0.0606,0.296,0.0772,0.013,0.0499,0.0164
2022-10-04,model_Momentum1M,Hold,0.0676,0.3308,0.057,0.0319,0.0614,0.2975,0.0754,0.013,0.0492,0.0163
2022-10-05,model_Momentum1M,Hold,0.0683,0.3329,0.057,0.032,0.064,0.2932,0.0737,0.013,0.0494,0.0165
2022-10-06,model_Momentum1M,Hold,0.0685,0.3311,0.0572,0.0323,0.0675,0.2917,0.0735,0.0132,0.0482,0.0168
2022-10-07,model_Momentum1M,Hold,0.07,0.3282,0.0574,0.0316,0.0699,0.2914,0.0731,0.0132,0.048,0.0172
2022-10-10,model_Momentum1M,Hold,0.0699,0.3275,0.058,0.0315,0.068,0.2937,0.0721,0.0132,0.0486,0.0175
2022-10-11,model_Momentum1M,Hold,0.0708,0.3236,0.0585,0.0313,0.0674,0.2942,0.0739,0.0132,0.0492,0.018
2022-10-12,model_Momentum1M,Hold,0.0701,0.3233,0.0582,0.0317,0.0682,0.2937,0.0736,0.0133,0.0495,0.0183
2022-10-13,model_Momentum1M,Hold,0.07,0.323,0.0587,0.0307,0.068,0.2957,0.0722,0.0131,0.0504,0.0182
2022-10-14,model_Momentum1M,Hold,0.0704,0.324,0.0594,0.0298,0.0663,0.2953,0.0721,0.013,0.0512,0.0183
2022-10-17,model_Momentum1M,Hold,0.0705,0.3281,0.0585,0.0309,0.065,0.2942,0.0718,0.0132,0.0501,0.0176
2022-10-18,model_Momentum1M,Hold,0.0707,0.3268,0.0584,0.0313,0.0638,0.2971,0.0708,0.0131,0.0504,0.0175
2022-10-19,model_Momentum1M,Hold,0.0664,0.3286,0.0587,0.0311,0.0675,0.2976,0.0695,0.0131,0.05,0.0176
2022-10-20,model_Momentum1M,Hold,0.0652,0.3295,0.0584,0.0315,0.0681,0.2971,0.0695,0.0133,0.05,0.0173
2022-10-21,model_Momentum1M,Hold,0.0637,0.3317,0.0588,0.0319,0.0693,0.2941,0.0695,0.0131,0.0505,0.0173
2022-10-24,model_Momentum1M,Hold,0.0648,0.3335,0.0588,0.0315,0.0691,0.2927,0.0688,0.0131,0.0504,0.0174
2022-10-25,model_Momentum1M,Hold,0.0632,0.3325,0.0576,0.0311,0.0698,0.2953,0.071,0.0131,0.0494,0.0171
2022-10-26,model_Momentum1M,Hold,0.0634,0.3314,0.0575,0.0298,0.0711,0.2956,0.0709,0.0118,0.0511,0.0173
2022-10-27,model_Momentum1M,Hold,0.0629,0.3323,0.0586,0.0287,0.071,0.294,0.0724,0.0116,0.0514,0.0171
2022-10-28,model_Momentum1M,Hold,0.0631,0.3354,0.0592,0.0262,0.069,0.2937,0.0726,0.0118,0.0519,0.0171
2022-10-31,model_Momentum1M,Hold,0.0634,0.3343,0.0601,0.0262,0.0698,0.2921,0.0731,0.0117,0.0521,0.0172
2022-11-01,model_Momentum1M,Rebalance,0.0233,0.0598,0.0207,0.6455,0.0228,0.0552,0.0892,0.0292,0.0325,0.0218
2022-11-02,model_Momentum1M,Hold,0.0239,0.0603,0.0215,0.6397,0.023,0.0559,0.0914,0.0292,0.0332,0.022
2022-11-03,model_Momentum1M,Hold,0.024,0.0579,0.0216,0.6318,0.025,0.0613,0.0936,0.0286,0.0338,0.0225
2022-11-04,model_Momentum1M,Hold,0.0239,0.0576,0.0216,0.6303,0.0254,0.0628,0.0934,0.029,0.0336,0.0223
2022-11-07,model_Momentum1M,Hold,0.0242,0.0593,0.0218,0.6265,0.0256,0.0631,0.0939,0.0296,0.0335,0.0225
2022-11-08,model_Momentum1M,Hold,0.0243,0.0595,0.0219,0.6247,0.0255,0.0645,0.0934,0.0299,0.0338,0.0225
2022-11-09,model_Momentum1M,Hold,0.0251,0.0609,0.0225,0.6184,0.0245,0.066,0.0947,0.0303,0.0346,0.023
2022-11-10,model_Momentum1M,Hold,0.024,0.0599,0.0213,0.6333,0.023,0.0623,0.093,0.0298,0.0329,0.0205
2022-11-11,model_Momentum1M,Hold,0.0233,0.0589,0.0208,0.642,0.0232,0.0603,0.0889,0.0297,0.0329,0.02
2022-11-14,model_Momentum1M,Hold,0.0233,0.0597,0.0207,0.639,0.0229,0.0628,0.0884,0.03,0.0331,0.0202
2022-11-15,model_Momentum1M,Hold,0.0234,0.06,0.0211,0.6371,0.0236,0.0623,0.0892,0.0307,0.0329,0.0199
2022-11-16,model_Momentum1M,Hold,0.0238,0.0607,0.0216,0.6344,0.0232,0.0633,0.089,0.0312,0.0327,0.0201
2022-11-17,model_Momentum1M,Hold,0.024,0.0608,0.0219,0.6303,0.0233,0.064,0.0904,0.0316,0.0332,0.0205
2022-11-18,model_Momentum1M,Hold,0.0243,0.0608,0.022,0.627,0.0231,0.0648,0.0924,0.0314,0.0332,0.0208
2022-11-21,model_Momentum1M,Hold,0.0246,0.0616,0.0224,0.6232,0.0228,0.0656,0.0933,0.0312,0.0338,0.0214
2022-11-22,model_Momentum1M,Hold,0.0245,0.0621,0.0223,0.6199,0.0238,0.0675,0.0938,0.0312,0.0336,0.0212
2022-11-23,model_Momentum1M,Hold,0.0247,0.062,0.0222,0.6224,0.0231,0.0669,0.0928,0.0315,0.0333,0.0211
2022-11-25,model_Momentum1M,Hold,0.0249,0.0626,0.0224,0.6193,0.023,0.0675,0.0944,0.0313,0.0337,0.021
2022-11-28,model_Momentum1M,Hold,0.0247,0.0617,0.0221,0.6259,0.0224,0.0666,0.0917,0.031,0.0327,0.0213
2022-11-29,model_Momentum1M,Hold,0.0248,0.0616,0.0222,0.6207,0.0234,0.0666,0.0947,0.0309,0.0333,0.0218
2022-11-30,model_Momentum1M,Hold,0.0245,0.0621,0.0217,0.625,0.0227,0.0659,0.0931,0.0316,0.0321,0.0213
2022-12-01,model_Momentum1M,Rebalance,0.0198,0.2495,0.0407,0.0582,0.0434,0.2545,0.2471,0.0159,0.0299,0.041
2022-12-02,model_Momentum1M,Hold,0.0198,0.247,0.0409,0.0573,0.0437,0.2594,0.2444,0.0158,0.0301,0.0415
2022-12-05,model_Momentum1M,Hold,0.0197,0.2456,0.0409,0.0565,0.0432,0.2615,0.2446,0.016,0.0301,0.0419
2022-12-06,model_Momentum1M,Hold,0.0198,0.2444,0.0418,0.0559,0.0423,0.2645,0.2429,0.0159,0.0307,0.0419
2022-12-07,model_Momentum1M,Hold,0.0199,0.2448,0.0417,0.0559,0.042,0.2666,0.2406,0.0155,0.0311,0.0419
2022-12-08,model_Momentum1M,Hold,0.02,0.246,0.0407,0.0563,0.0406,0.2666,0.2424,0.0151,0.0306,0.0417
2022-12-09,model_Momentum1M,Hold,0.0203,0.245,0.0408,0.056,0.0401,0.2644,0.2455,0.0151,0.0308,0.042
2022-12-12,model_Momentum1M,Hold,0.0204,0.2451,0.0408,0.0562,0.0415,0.2651,0.2436,0.015,0.0307,0.0417
2022-12-13,model_Momentum1M,Hold,0.0205,0.2439,0.0401,0.0565,0.0427,0.2658,0.2442,0.0151,0.0303,0.0409
2022-12-14,model_Momentum1M,Hold,0.0206,0.2418,0.0401,0.0562,0.0421,0.2669,0.2457,0.0151,0.0301,0.0414
2022-12-15,model_Momentum1M,Hold,0.0206,0.2391,0.0405,0.0557,0.0432,0.2662,0.2477,0.0148,0.03,0.0423
2022-12-16,model_Momentum1M,Hold,0.0208,0.2309,0.0414,0.0568,0.0431,0.2734,0.245,0.0151,0.0306,0.043
2022-12-19,model_Momentum1M,Hold,0.021,0.2261,0.0419,0.0556,0.0438,0.2749,0.2471,0.015,0.0312,0.0434
2022-12-20,model_Momentum1M,Hold,0.0208,0.2302,0.0426,0.0554,0.0437,0.2719,0.2466,0.015,0.0306,0.0432
2022-12-21,model_Momentum1M,Hold,0.0208,0.2325,0.0424,0.0555,0.0455,0.2691,0.2459,0.0148,0.0308,0.0426
2022-12-22,model_Momentum1M,Hold,0.021,0.2316,0.0426,0.0542,0.0441,0.2706,0.2474,0.0147,0.0306,0.0432
2022-12-23,model_Momentum1M,Hold,0.0209,0.2311,0.0428,0.0548,0.0463,0.2682,0.2476,0.0148,0.0301,0.0434
2022-12-27,model_Momentum1M,Hold,0.0211,0.231,0.0432,0.0535,0.0468,0.2691,0.2469,0.0145,0.0302,0.0437
2022-12-28,model_Momentum1M,Hold,0.0212,0.2324,0.0433,0.0535,0.045,0.2707,0.2454,0.0145,0.0301,0.0437
2022-12-29,model_Momentum1M,Hold,0.0214,0.2335,0.0431,0.0542,0.045,0.2681,0.2467,0.0147,0.0302,0.0431
2022-12-30,model_Momentum1M,Hold,0.0213,0.2326,0.043,0.0542,0.0459,0.2673,0.2479,0.0147,0.0301,0.043
2023-01-03,model_Momentum1M,Rebalance,0.233,0.1998,0.033,0.0313,0.0208,0.2045,0.1383,0.0175,0.0984,0.0234
2023-01-04,model_Momentum1M,Hold,0.235,0.1978,0.0329,0.0309,0.02,0.2032,0.1401,0.0172,0.0999,0.0232
2023-01-05,model_Momentum1M,Hold,0.2378,0.1962,0.0332,0.0306,0.0201,0.2032,0.1386,0.0171,0.0997,0.0235
2023-01-06,model_Momentum1M,Hold,0.2353,0.196,0.0335,0.031,0.0201,0.2038,0.1396,0.0169,0.1003,0.0235
2023-01-09,model_Momentum1M,Hold,0.2344,0.1988,0.0323,0.0313,0.0203,0.2043,0.1383,0.017,0.1001,0.0232
2023-01-10,model_Momentum1M,Hold,0.2359,0.198,0.0323,0.032,0.0201,0.2033,0.1381,0.0169,0.1003,0.023
2023-01-11,model_Momentum1M,Hold,0.2315,0.2007,0.0319,0.0334,0.0201,0.2007,0.1419,0.0173,0.0998,0.0227
2023-01-12,model_Momentum1M,Hold,0.2288,0.2026,0.0318,0.0335,0.0208,0.199,0.1439,0.0172,0.0999,0.0224
2023-01-13,model_Momentum1M,Hold,0.2319,0.2003,0.0321,0.0343,0.0207,0.1987,0.1428,0.0173,0.0995,0.0224
2023-01-17,model_Momentum1M,Hold,0.2328,0.2032,0.0321,0.0337,0.0207,0.1964,0.144,0.0172,0.0977,0.0223
2023-01-18,model_Momentum1M,Hold,0.2327,0.2015,0.0324,0.0341,0.0205,0.1974,0.1455,0.0175,0.0963,0.0221
2023-01-19,model_Momentum1M,Hold,0.2355,0.1997,0.0321,0.0337,0.0212,0.1973,0.1461,0.018,0.0938,0.0226
2023-01-20,model_Momentum1M,Hold,0.2335,0.2017,0.0317,0.0344,0.0209,0.1968,0.146,0.0187,0.0939,0.0224
2023-01-23,model_Momentum1M,Hold,0.234,0.1992,0.0317,0.0342,0.0209,0.1979,0.1467,0.0188,0.0946,0.0221
2023-01-24,model_Momentum1M,Hold,0.2334,0.198,0.0326,0.0341,0.0205,0.2029,0.1478,0.0186,0.0897,0.0223
2023-01-25,model_Momentum1M,Hold,0.2322,0.1985,0.033,0.0347,0.0207,0.2038,0.1473,0.0183,0.0888,0.0226
2023-01-26,model_Momentum1M,Hold,0.2309,0.1981,0.0327,0.0353,0.0211,0.2055,0.1468,0.0187,0.0887,0.0221
2023-01-27,model_Momentum1M,Hold,0.2276,0.1994,0.0325,0.0362,0.0212,0.2031,0.1494,0.0189,0.0897,0.022
2023-01-30,model_Momentum1M,Hold,0.2294,0.1991,0.0329,0.0359,0.0207,0.2048,0.1477,0.0186,0.0884,0.0224
2023-01-31,model_Momentum1M,Hold,0.2273,0.1993,0.0326,0.0362,0.0204,0.2058,0.1485,0.0187,0.0889,0.0223
2023-02-01,model_Momentum1M,Rebalance,0.0884,0.211,0.0161,0.2466,0.0304,0.2067,0.1041,0.0153,0.0491,0.0322
2023-02-02,model_Momentum1M,Hold,0.0872,0.2151,0.0149,0.2603,0.0292,0.1887,0.107,0.0162,0.0501,0.0312
2023-02-03,model_Momentum1M,Hold,0.0901,0.2195,0.0156,0.2473,0.0301,0.1889,0.1091,0.0163,0.0508,0.0324
2023-02-06,model_Momentum1M,Hold,0.0901,0.218,0.0157,0.2468,0.0303,0.1894,0.1098,0.0162,0.0509,0.0327
2023-02-07,model_Momentum1M,Hold,0.0906,0.2192,0.0157,0.2451,0.0313,0.1895,0.1088,0.0168,0.0507,0.0322
2023-02-08,model_Momentum1M,Hold,0.0901,0.2192,0.016,0.2428,0.0306,0.1931,0.1094,0.0157,0.0506,0.0325
2023-02-09,model_Momentum1M,Hold,0.0892,0.2216,0.016,0.2407,0.0301,0.1947,0.1099,0.0152,0.05,0.0327
2023-02-10,model_Momentum1M,Hold,0.0892,0.2204,0.016,0.2387,0.0319,0.195,0.1101,0.0151,0.0504,0.0333
2023-02-13,model_Momentum1M,Hold,0.0886,0.2217,0.0161,0.2413,0.0308,0.1925,0.11,0.0149,0.0505,0.0334
2023-02-14,model_Momentum1M,Hold,0.0884,0.221,0.016,0.2439,0.0311,0.1908,0.1098,0.0151,0.0505,0.0334
2023-02-15,model_Momentum1M,Hold,0.0877,0.2215,0.0158,0.2455,0.03,0.1913,0.1091,0.0153,0.0504,0.0333
2023-02-16,model_Momentum1M,Hold,0.0885,0.2209,0.0161,0.243,0.0297,0.1926,0.109,0.0154,0.0508,0.0338
2023-02-17,model_Momentum1M,Hold,0.0897,0.2191,0.0163,0.2423,0.0284,0.1932,0.1095,0.0153,0.0516,0.0346
2023-02-21,model_Momentum1M,Hold,0.0891,0.2178,0.0164,0.2413,0.029,0.1961,0.1092,0.0152,0.051,0.0349
2023-02-22,model_Momentum1M,Hold,0.0881,0.2179,0.0164,0.244,0.0288,0.1963,0.1079,0.0152,0.0508,0.0346
2023-02-23,model_Momentum1M,Hold,0.0877,0.2184,0.0163,0.2432,0.0297,0.1967,0.1075,0.015,0.0506,0.0348
2023-02-24,model_Momentum1M,Hold,0.0872,0.2178,0.0166,0.2408,0.0302,0.2004,0.1062,0.0149,0.0509,0.035
2023-02-27,model_Momentum1M,Hold,0.0864,0.217,0.0165,0.2408,0.0301,0.2031,0.1058,0.015,0.0509,0.0345
2023-02-28,model_Momentum1M,Hold,0.088,0.2163,0.0165,0.2419,0.0295,0.2034,0.1045,0.015,0.0507,0.0344
2023-03-01,model_Momentum1M,Rebalance,0.5009,0.075,0.0329,0.0965,0.0246,0.0761,0.0756,0.0089,0.0742,0.0351
2023-03-02,model_Momentum1M,Hold,0.5044,0.0746,0.0323,0.0954,0.0248,0.0763,0.0749,0.009,0.0732,0.035
2023-03-03,model_Momentum1M,Hold,0.5052,0.0745,0.0322,0.0968,0.0249,0.0758,0.0741,0.009,0.073,0.0345
2023-03-06,model_Momentum1M,Hold,0.5019,0.0754,0.0324,0.0965,0.0246,0.0761,0.0757,0.0092,0.0728,0.0353
2023-03-07,model_Momentum1M,Hold,0.4992,0.0755,0.0326,0.0984,0.0245,0.0773,0.0751,0.0093,0.0725,0.0356
2023-03-08,model_Momentum1M,Hold,0.4973,0.0755,0.0322,0.099,0.0241,0.0771,0.0769,0.0093,0.0727,0.0359
2023-03-09,model_Momentum1M,Hold,0.4985,0.0758,0.0322,0.0991,0.0236,0.0769,0.0753,0.0093,0.0729,0.0365
2023-03-10,model_Momentum1M,Hold,0.5029,0.0751,0.0323,0.0992,0.0233,0.0776,0.07,0.0093,0.0732,0.0371
2023-03-13,model_Momentum1M,Hold,0.5067,0.0742,0.0312,0.1005,0.0223,0.0771,0.0693,0.0093,0.0724,0.0369
2023-03-14,model_Momentum1M,Hold,0.505,0.0741,0.0315,0.1025,0.0223,0.0779,0.069,0.0095,0.0714,0.0367
2023-03-15,model_Momentum1M,Hold,0.5057,0.0729,0.0308,0.1048,0.0207,0.0762,0.0699,0.0098,0.072,0.0372
2023-03-16,model_Momentum1M,Hold,0.5051,0.0739,0.031,0.1075,0.021,0.0758,0.0674,0.0101,0.0721,0.0361
2023-03-17,model_Momentum1M,Hold,0.5039,0.0743,0.031,0.1083,0.0206,0.0759,0.0668,0.0104,0.0725,0.0361
2023-03-20,model_Momentum1M,Hold,0.5039,0.0744,0.0318,0.106,0.0212,0.0764,0.0668,0.0103,0.0728,0.0364
2023-03-21,model_Momentum1M,Hold,0.5012,0.0752,0.0321,0.1081,0.0224,0.0756,0.0667,0.0106,0.0721,0.0361
2023-03-22,model_Momentum1M,Hold,0.5033,0.0753,0.0319,0.1081,0.0223,0.0761,0.0648,0.0106,0.0715,0.036
2023-03-23,model_Momentum1M,Hold,0.5031,0.0806,0.0316,0.1079,0.0221,0.0736,0.0641,0.0108,0.071,0.0353
2023-03-24,model_Momentum1M,Hold,0.5043,0.0801,0.0315,0.1064,0.0222,0.0732,0.0656,0.0107,0.0705,0.0354
2023-03-27,model_Momentum1M,Hold,0.5046,0.0804,0.0315,0.1059,0.0227,0.0736,0.0648,0.0104,0.0705,0.0355
2023-03-28,model_Momentum1M,Hold,0.5008,0.0812,0.0319,0.1057,0.0232,0.075,0.0651,0.0103,0.0711,0.0358
2023-03-29,model_Momentum1M,Hold,0.4999,0.0812,0.0317,0.1071,0.0228,0.0745,0.0664,0.0102,0.0709,0.0353
2023-03-30,model_Momentum1M,Hold,0.499,0.0815,0.0315,0.1083,0.0223,0.0749,0.0671,0.0101,0.0702,0.0351
2023-03-31,model_Momentum1M,Hold,0.5004,0.0809,0.031,0.1076,0.0223,0.0759,0.0667,0.0101,0.0704,0.0345
2023-04-03,model_Momentum1M,Rebalance,0.0331,0.2392,0.0163,0.1319,0.0252,0.2172,0.1458,0.1387,0.0202,0.0324
2023-04-04,model_Momentum1M,Hold,0.0336,0.2397,0.0161,0.1342,0.0246,0.2148,0.1457,0.1394,0.0198,0.0321
2023-04-05,model_Momentum1M,Hold,0.0343,0.238,0.0164,0.1317,0.0247,0.2157,0.1466,0.1403,0.0199,0.0324
2023-04-06,model_Momentum1M,Hold,0.0343,0.2368,0.0163,0.1321,0.0246,0.2129,0.1465,0.1447,0.0197,0.0322
2023-04-10,model_Momentum1M,Hold,0.034,0.237,0.0165,0.1324,0.0253,0.2142,0.1462,0.1422,0.0199,0.0322
2023-04-11,model_Momentum1M,Hold,0.0338,0.2407,0.0166,0.1293,0.0258,0.2154,0.1449,0.1406,0.0202,0.0326
2023-04-12,model_Momentum1M,Hold,0.0338,0.2409,0.0168,0.1273,0.0258,0.218,0.144,0.1405,0.0203,0.0326
2023-04-13,model_Momentum1M,Hold,0.0339,0.2395,0.0167,0.1318,0.026,0.2164,0.1401,0.1427,0.0205,0.0324
2023-04-14,model_Momentum1M,Hold,0.0342,0.2357,0.0168,0.1327,0.0264,0.2161,0.1396,0.1454,0.0205,0.0326
2023-04-17,model_Momentum1M,Hold,0.0343,0.2357,0.0168,0.1326,0.0255,0.2155,0.1452,0.1411,0.0206,0.0328
2023-04-18,model_Momentum1M,Hold,0.0342,0.2359,0.0169,0.1322,0.0254,0.2169,0.1452,0.1393,0.0206,0.0333
2023-04-19,model_Momentum1M,Hold,0.0366,0.2338,0.0168,0.1336,0.0248,0.2171,0.146,0.1377,0.0203,0.0333
2023-04-20,model_Momentum1M,Hold,0.0361,0.2313,0.0167,0.1336,0.0244,0.2196,0.1451,0.1398,0.0202,0.0331
2023-04-21,model_Momentum1M,Hold,0.0364,0.231,0.0166,0.1371,0.024,0.2173,0.1452,0.1394,0.02,0.0331
2023-04-24,model_Momentum1M,Hold,0.0359,0.2312,0.0165,0.1358,0.0243,0.2187,0.1444,0.1397,0.0201,0.0334
2023-04-25,model_Momentum1M,Hold,0.0365,0.2304,0.0168,0.1339,0.0238,0.2208,0.1432,0.1398,0.0204,0.0343
2023-04-26,model_Momentum1M,Hold,0.0362,0.2314,0.0167,0.1373,0.0233,0.218,0.1429,0.1399,0.0201,0.0342
2023-04-27,model_Momentum1M,Hold,0.0355,0.2292,0.0173,0.1401,0.0229,0.2169,0.1425,0.1416,0.0201,0.0337
2023-04-28,model_Momentum1M,Hold,0.0357,0.2324,0.0174,0.1341,0.0236,0.2183,0.1437,0.1408,0.0202,0.0338
2023-05-01,model_Momentum1M,Rebalance,0.1445,0.3046,0.0285,0.0395,0.033,0.2857,0.0921,0.0173,0.0321,0.0226
2023-05-02,model_Momentum1M,Hold,0.1466,0.3052,0.0281,0.0406,0.0311,0.2855,0.0914,0.0172,0.0316,0.0226
2023-05-03,model_Momentum1M,Hold,0.1469,0.3034,0.0276,0.0406,0.0309,0.2867,0.0929,0.0172,0.0315,0.0223
2023-05-04,model_Momentum1M,Hold,0.1481,0.2985,0.0278,0.0414,0.0297,0.2885,0.0944,0.0174,0.0317,0.0224
2023-05-05,model_Momentum1M,Hold,0.1472,0.2948,0.0279,0.0417,0.0303,0.2913,0.0951,0.0174,0.0319,0.0225
2023-05-08,model_Momentum1M,Hold,0.1473,0.2949,0.028,0.0419,0.0303,0.2912,0.0945,0.0178,0.0317,0.0225
2023-05-09,model_Momentum1M,Hold,0.1492,0.2991,0.0284,0.043,0.0309,0.2811,0.0954,0.0181,0.0318,0.0229
2023-05-10,model_Momentum1M,Hold,0.1484,0.3022,0.0279,0.044,0.0303,0.2794,0.0953,0.0186,0.0315,0.0224
2023-05-11,model_Momentum1M,Hold,0.1477,0.3064,0.0279,0.0449,0.0306,0.2753,0.094,0.0194,0.0315,0.0223
2023-05-12,model_Momentum1M,Hold,0.1474,0.3101,0.0275,0.0438,0.0303,0.2752,0.0927,0.0195,0.0312,0.0222
2023-05-15,model_Momentum1M,Hold,0.1463,0.3099,0.0274,0.0441,0.0302,0.2759,0.0936,0.0193,0.0312,0.0221
2023-05-16,model_Momentum1M,Hold,0.1466,0.3136,0.0274,0.0453,0.0292,0.2739,0.0915,0.0199,0.0306,0.022
2023-05-17,model_Momentum1M,Hold,0.1443,0.3165,0.0275,0.0456,0.0297,0.2717,0.0918,0.0199,0.031,0.0219
2023-05-18,model_Momentum1M,Hold,0.1435,0.3189,0.0278,0.0466,0.0298,0.2704,0.0899,0.0202,0.0312,0.0217
2023-05-19,model_Momentum1M,Hold,0.1433,0.3198,0.0276,0.0456,0.0303,0.2722,0.0886,0.0201,0.0308,0.0217
2023-05-22,model_Momentum1M,Hold,0.1426,0.3215,0.0275,0.0452,0.0304,0.2689,0.0902,0.0205,0.0317,0.0216
2023-05-23,model_Momentum1M,Hold,0.1408,0.3216,0.0276,0.0456,0.0311,0.2681,0.0914,0.0203,0.0317,0.0218
2023-05-24,model_Momentum1M,Hold,0.1396,0.3228,0.0272,0.0467,0.0318,0.2697,0.0893,0.0202,0.0308,0.022
2023-05-25,model_Momentum1M,Hold,0.137,0.3282,0.0272,0.046,0.0308,0.2708,0.0868,0.0206,0.0308,0.0218
2023-05-26,model_Momentum1M,Hold,0.1355,0.3353,0.0266,0.0471,0.0303,0.2676,0.0856,0.0204,0.0302,0.0214
2023-05-30,model_Momentum1M,Hold,0.1334,0.3393,0.0268,0.0476,0.0291,0.2667,0.0858,0.0202,0.0298,0.0212
2023-05-31,model_Momentum1M,Hold,0.135,0.3395,0.0267,0.0475,0.029,0.2642,0.0873,0.0202,0.0292,0.0214
2023-06-01,model_Momentum1M,Rebalance,0.2254,0.0412,0.0287,0.1555,0.0167,0.0377,0.101,0.3384,0.036,0.0194
2023-06-02,model_Momentum1M,Hold,0.2245,0.0413,0.029,0.1547,0.0172,0.0381,0.102,0.3352,0.0385,0.0194
2023-06-05,model_Momentum1M,Hold,0.2234,0.0404,0.0292,0.1559,0.0169,0.0379,0.102,0.3386,0.0368,0.0191
2023-06-06,model_Momentum1M,Hold,0.2196,0.0406,0.0293,0.1566,0.0169,0.0375,0.1038,0.34,0.0367,0.019
2023-06-07,model_Momentum1M,Hold,0.221,0.0416,0.03,0.1523,0.0177,0.0386,0.1086,0.3323,0.0383,0.0195
2023-06-08,model_Momentum1M,Hold,0.2192,0.0412,0.03,0.1562,0.0175,0.0388,0.1076,0.3316,0.0382,0.0196
2023-06-09,model_Momentum1M,Hold,0.2211,0.0413,0.0303,0.1551,0.0172,0.0381,0.1076,0.3317,0.0379,0.0196
2023-06-12,model_Momentum1M,Hold,0.2187,0.0414,0.03,0.1578,0.0169,0.0378,0.1071,0.3328,0.0381,0.0195
2023-06-13,model_Momentum1M,Hold,0.2186,0.0416,0.0301,0.1571,0.0172,0.0385,0.1075,0.3316,0.0384,0.0195
2023-06-14,model_Momentum1M,Hold,0.2212,0.0415,0.0298,0.1565,0.0171,0.0389,0.1071,0.3306,0.0381,0.0191
2023-06-15,model_Momentum1M,Hold,0.2225,0.0422,0.0299,0.1557,0.0174,0.0388,0.1053,0.3308,0.0384,0.019
2023-06-16,model_Momentum1M,Hold,0.227,0.0421,0.03,0.1551,0.0174,0.0394,0.1013,0.3296,0.039,0.0191
2023-06-20,model_Momentum1M,Hold,0.229,0.0419,0.0294,0.156,0.0171,0.0391,0.1004,0.3298,0.0383,0.0189
2023-06-21,model_Momentum1M,Hold,0.2304,0.0418,0.0296,0.1565,0.0176,0.0394,0.1007,0.3263,0.0384,0.0194
2023-06-22,model_Momentum1M,Hold,0.2315,0.0405,0.0292,0.1609,0.0168,0.0387,0.0973,0.3287,0.0375,0.019
2023-06-23,model_Momentum1M,Hold,0.2327,0.0396,0.0292,0.161,0.0166,0.0388,0.0964,0.3289,0.0378,0.019
2023-06-26,model_Momentum1M,Hold,0.2353,0.0397,0.0296,0.1596,0.017,0.0391,0.1019,0.3203,0.038,0.0195
2023-06-27,model_Momentum1M,Hold,0.2332,0.0401,0.0299,0.1615,0.0168,0.0397,0.1028,0.3195,0.0371,0.0195
2023-06-28,model_Momentum1M,Hold,0.2323,0.0401,0.0298,0.161,0.017,0.0396,0.0997,0.3238,0.0371,0.0195
2023-06-29,model_Momentum1M,Hold,0.2324,0.041,0.0302,0.1596,0.0174,0.04,0.1015,0.3209,0.0374,0.0197
2023-06-30,model_Momentum1M,Hold,0.2331,0.0406,0.0302,0.1611,0.0173,0.0405,0.1007,0.3195,0.0373,0.0197
2023-07-03,model_Momentum1M,Rebalance,0.085,0.1472,0.0235,0.1746,0.0154,0.1302,0.1283,0.2489,0.0301,0.0167
2023-07-05,model_Momentum1M,Hold,0.0851,0.1467,0.0234,0.1749,0.0155,0.1262,0.1293,0.2528,0.0294,0.0167
2023-07-06,model_Momentum1M,Hold,0.0857,0.147,0.0235,0.1736,0.0154,0.1272,0.1303,0.2515,0.0289,0.0169
2023-07-07,model_Momentum1M,Hold,0.085,0.1461,0.0237,0.1756,0.0159,0.1268,0.1305,0.2503,0.0292,0.0169
2023-07-10,model_Momentum1M,Hold,0.0863,0.1486,0.0237,0.1734,0.0162,0.1293,0.1305,0.246,0.0295,0.0167
2023-07-11,model_Momentum1M,Hold,0.0859,0.1477,0.0238,0.174,0.017,0.1274,0.1318,0.2451,0.0306,0.0167
2023-07-12,model_Momentum1M,Hold,0.0845,0.1488,0.0235,0.175,0.0169,0.1286,0.1298,0.2463,0.0302,0.0166
2023-07-13,model_Momentum1M,Hold,0.0837,0.1461,0.0229,0.1757,0.017,0.1278,0.1282,0.2523,0.0299,0.0162
2023-07-14,model_Momentum1M,Hold,0.0837,0.1461,0.0227,0.1759,0.0161,0.1274,0.1287,0.2536,0.0297,0.0161
2023-07-17,model_Momentum1M,Hold,0.0833,0.1485,0.023,0.1751,0.0161,0.1282,0.1269,0.253,0.0296,0.0162
2023-07-18,model_Momentum1M,Hold,0.0834,0.15,0.0233,0.1744,0.0168,0.1279,0.1264,0.2516,0.03,0.0162
2023-07-19,model_Momentum1M,Hold,0.0835,0.1481,0.0233,0.1774,0.0168,0.1279,0.129,0.2477,0.0301,0.0162
2023-07-20,model_Momentum1M,Hold,0.0878,0.1463,0.0239,0.1718,0.017,0.1301,0.1321,0.2439,0.0306,0.0164
2023-07-21,model_Momentum1M,Hold,0.089,0.1463,0.0237,0.1705,0.0172,0.1297,0.1332,0.2437,0.0304,0.0162
2023-07-24,model_Momentum1M,Hold,0.0892,0.1455,0.0237,0.1688,0.0175,0.1293,0.1329,0.2466,0.0304,0.0162
2023-07-25,model_Momentum1M,Hold,0.0873,0.1465,0.0236,0.1681,0.0175,0.1301,0.1328,0.2463,0.0318,0.0161
2023-07-26,model_Momentum1M,Hold,0.0867,0.1435,0.0233,0.164,0.0174,0.1267,0.1343,0.2562,0.032,0.0158
2023-07-27,model_Momentum1M,Hold,0.0858,0.1449,0.0231,0.1645,0.0172,0.1269,0.133,0.257,0.0317,0.0159
2023-07-28,model_Momentum1M,Hold,0.0849,0.1418,0.0229,0.1677,0.0173,0.1257,0.1322,0.2603,0.0315,0.0157
2023-07-31,model_Momentum1M,Hold,0.0837,0.142,0.0229,0.1693,0.0174,0.1263,0.1312,0.2602,0.0314,0.0156
2023-08-01,model_Momentum1M,Rebalance,0.1668,0.0993,0.0263,0.1018,0.0229,0.0947,0.1518,0.3023,0.0163,0.0178
2023-08-02,model_Momentum1M,Hold,0.1663,0.0998,0.0282,0.1006,0.0225,0.0951,0.1542,0.2993,0.0163,0.0178
2023-08-03,model_Momentum1M,Hold,0.1654,0.1001,0.0286,0.1016,0.0241,0.09,0.1552,0.301,0.0161,0.0178
2023-08-04,model_Momentum1M,Hold,0.1649,0.098,0.0284,0.1095,0.0241,0.0904,0.1525,0.2988,0.0158,0.0176
2023-08-07,model_Momentum1M,Hold,0.1631,0.0974,0.0283,0.1096,0.0239,0.0897,0.154,0.3012,0.0155,0.0173
2023-08-08,model_Momentum1M,Hold,0.1603,0.0982,0.0283,0.1089,0.0248,0.0894,0.1534,0.3039,0.0155,0.0175
2023-08-09,model_Momentum1M,Hold,0.161,0.0977,0.0279,0.108,0.0255,0.0906,0.1543,0.3019,0.0155,0.0176
2023-08-10,model_Momentum1M,Hold,0.1603,0.0975,0.028,0.1087,0.0254,0.091,0.1536,0.3024,0.0156,0.0175
2023-08-11,model_Momentum1M,Hold,0.1609,0.0969,0.0282,0.1084,0.0258,0.0916,0.1538,0.3015,0.0156,0.0174
2023-08-14,model_Momentum1M,Hold,0.1612,0.0972,0.0281,0.1095,0.0256,0.0917,0.1501,0.304,0.0154,0.0172
2023-08-15,model_Momentum1M,Hold,0.1621,0.0974,0.0282,0.109,0.0255,0.0914,0.1484,0.3053,0.0153,0.0173
2023-08-16,model_Momentum1M,Hold,0.1623,0.098,0.0284,0.1074,0.0255,0.0921,0.1494,0.3043,0.0153,0.0173
2023-08-17,model_Momentum1M,Hold,0.1627,0.0972,0.0283,0.1065,0.0257,0.0916,0.1485,0.3068,0.0154,0.0172
2023-08-18,model_Momentum1M,Hold,0.1625,0.0974,0.0283,0.107,0.0261,0.0927,0.1487,0.3042,0.0156,0.0175
2023-08-21,model_Momentum1M,Hold,0.1623,0.0982,0.0281,0.1078,0.0258,0.0925,0.1472,0.3054,0.0154,0.0174
2023-08-22,model_Momentum1M,Hold,0.1637,0.0987,0.0278,0.1071,0.025,0.0921,0.1469,0.3061,0.0152,0.0174
2023-08-23,model_Momentum1M,Hold,0.1613,0.0993,0.0273,0.1065,0.0246,0.091,0.1483,0.3093,0.0152,0.0172
2023-08-24,model_Momentum1M,Hold,0.1612,0.1001,0.028,0.105,0.0247,0.0924,0.1488,0.3071,0.0152,0.0176
2023-08-25,model_Momentum1M,Hold,0.1613,0.1012,0.0279,0.1057,0.0249,0.0926,0.1472,0.3062,0.0152,0.0176
2023-08-28,model_Momentum1M,Hold,0.1586,0.1016,0.0279,0.1053,0.0249,0.0928,0.1473,0.3079,0.0159,0.0177
2023-08-29,model_Momentum1M,Hold,0.1577,0.1008,0.0275,0.105,0.0249,0.0926,0.1468,0.3113,0.0159,0.0175
2023-08-30,model_Momentum1M,Hold,0.1577,0.1002,0.0274,0.1046,0.0249,0.0927,0.1467,0.3126,0.0157,0.0175
2023-08-31,model_Momentum1M,Hold,0.1556,0.1004,0.0274,0.1069,0.025,0.0927,0.145,0.3136,0.016,0.0174
2023-09-01,model_Momentum1M,Rebalance,0.0832,0.1293,0.0265,0.1677,0.0201,0.1189,0.0598,0.3564,0.0159,0.0222
2023-09-05,model_Momentum1M,Hold,0.0821,0.1294,0.0265,0.1676,0.0203,0.1174,0.0598,0.3586,0.016,0.0223
2023-09-06,model_Momentum1M,Hold,0.0831,0.1302,0.0266,0.1662,0.0201,0.1184,0.06,0.3572,0.016,0.0221
2023-09-07,model_Momentum1M,Hold,0.082,0.1303,0.0266,0.1684,0.0199,0.1173,0.0599,0.3576,0.0159,0.0221
2023-09-08,model_Momentum1M,Hold,0.0817,0.1286,0.0266,0.1681,0.0197,0.1193,0.0589,0.3589,0.0158,0.0222
2023-09-11,model_Momentum1M,Hold,0.0823,0.1276,0.0266,0.1724,0.0189,0.1199,0.0572,0.357,0.0159,0.0222
2023-09-12,model_Momentum1M,Hold,0.0831,0.1246,0.0271,0.172,0.0197,0.1209,0.0573,0.3566,0.016,0.0226
2023-09-13,model_Momentum1M,Hold,0.0829,0.1235,0.027,0.1753,0.0187,0.1206,0.0565,0.3581,0.015,0.0224
2023-09-14,model_Momentum1M,Hold,0.0821,0.1235,0.0271,0.1737,0.0189,0.1207,0.0577,0.3587,0.0151,0.0224
2023-09-15,model_Momentum1M,Hold,0.0824,0.1234,0.0272,0.1706,0.0189,0.1206,0.0582,0.3612,0.0151,0.0224
2023-09-18,model_Momentum1M,Hold,0.0818,0.1246,0.0273,0.17,0.019,0.1195,0.0574,0.3631,0.015,0.0223
2023-09-19,model_Momentum1M,Hold,0.0818,0.1257,0.0275,0.1677,0.0188,0.1198,0.0574,0.364,0.015,0.0222
2023-09-20,model_Momentum1M,Hold,0.0829,0.1276,0.0279,0.1677,0.0187,0.1201,0.0586,0.3587,0.015,0.0226
2023-09-21,model_Momentum1M,Hold,0.0842,0.1294,0.0284,0.165,0.0188,0.1204,0.0553,0.3601,0.0153,0.0232
2023-09-22,model_Momentum1M,Hold,0.0836,0.1312,0.0285,0.1649,0.0188,0.1203,0.0545,0.36,0.0152,0.0229
2023-09-25,model_Momentum1M,Hold,0.0825,0.1308,0.0285,0.1667,0.0191,0.1208,0.054,0.3602,0.0148,0.0226
2023-09-26,model_Momentum1M,Hold,0.0831,0.1308,0.0289,0.1633,0.0195,0.1221,0.0538,0.3605,0.0149,0.023
2023-09-27,model_Momentum1M,Hold,0.082,0.1315,0.029,0.1622,0.02,0.1207,0.0536,0.3636,0.0148,0.0229
2023-09-28,model_Momentum1M,Hold,0.0839,0.1254,0.0291,0.1616,0.0198,0.1209,0.0543,0.3673,0.0147,0.0229
2023-09-29,model_Momentum1M,Hold,0.083,0.1283,0.0288,0.1634,0.0194,0.1205,0.0549,0.364,0.0148,0.0229
2023-10-02,model_Momentum1M,Rebalance,0.0909,0.0922,0.0224,0.0388,0.0173,0.0836,0.2691,0.3319,0.0351,0.0187
2023-10-03,model_Momentum1M,Hold,0.0918,0.0924,0.0223,0.0377,0.0175,0.0852,0.2689,0.3307,0.0348,0.0186
2023-10-04,model_Momentum1M,Hold,0.0907,0.0924,0.0222,0.038,0.0166,0.0852,0.2678,0.3341,0.0342,0.0187
2023-10-05,model_Momentum1M,Hold,0.0914,0.0926,0.0224,0.0377,0.0165,0.0838,0.2685,0.3341,0.0341,0.0189
2023-10-06,model_Momentum1M,Hold,0.0912,0.0926,0.0225,0.038,0.0163,0.0834,0.2657,0.3374,0.0341,0.0187
2023-10-09,model_Momentum1M,Hold,0.0901,0.0914,0.0224,0.0377,0.0168,0.0834,0.2698,0.3356,0.0339,0.0188
2023-10-10,model_Momentum1M,Hold,0.0907,0.0913,0.0226,0.0379,0.0167,0.0843,0.2693,0.3341,0.0345,0.0187
2023-10-11,model_Momentum1M,Hold,0.0855,0.0912,0.0227,0.0384,0.0166,0.0847,0.2703,0.3379,0.0342,0.0186
2023-10-12,model_Momentum1M,Hold,0.0853,0.0905,0.0232,0.0393,0.017,0.0847,0.2667,0.3404,0.0343,0.0188
2023-10-13,model_Momentum1M,Hold,0.0861,0.0899,0.0233,0.0386,0.0179,0.0848,0.2689,0.3372,0.0342,0.019
2023-10-16,model_Momentum1M,Hold,0.0861,0.0897,0.0232,0.0388,0.0181,0.0841,0.2704,0.3365,0.0342,0.0188
2023-10-17,model_Momentum1M,Hold,0.0858,0.0902,0.0232,0.0384,0.0181,0.0849,0.2695,0.3368,0.0343,0.0189
2023-10-18,model_Momentum1M,Hold,0.0903,0.0903,0.0233,0.038,0.0186,0.084,0.2646,0.3377,0.034,0.0192
2023-10-19,model_Momentum1M,Hold,0.0911,0.0909,0.0233,0.0385,0.019,0.084,0.2595,0.3407,0.0338,0.0191
2023-10-20,model_Momentum1M,Hold,0.0931,0.0898,0.0229,0.0378,0.0187,0.084,0.2625,0.3379,0.0339,0.0193
2023-10-23,model_Momentum1M,Hold,0.0925,0.0895,0.0228,0.0383,0.0184,0.0831,0.2614,0.3413,0.0336,0.0191
2023-10-24,model_Momentum1M,Hold,0.0904,0.0888,0.0227,0.0385,0.0181,0.0829,0.2616,0.3429,0.035,0.0191
2023-10-25,model_Momentum1M,Hold,0.0937,0.0922,0.024,0.0381,0.019,0.0862,0.2644,0.3258,0.0364,0.0202
2023-10-26,model_Momentum1M,Hold,0.0946,0.0924,0.0239,0.0377,0.0188,0.0876,0.2714,0.3187,0.0363,0.0186
2023-10-27,model_Momentum1M,Hold,0.0942,0.0925,0.0238,0.0406,0.0188,0.0878,0.2667,0.3208,0.0361,0.0187
2023-10-30,model_Momentum1M,Hold,0.0929,0.0919,0.0237,0.0416,0.0183,0.0879,0.2666,0.3219,0.0364,0.0189
2023-10-31,model_Momentum1M,Hold,0.0941,0.0929,0.0238,0.0415,0.0182,0.0881,0.2659,0.3198,0.0368,0.0188
2023-11-01,model_Momentum1M,Rebalance,0.0235,0.0233,0.0364,0.0625,0.0211,0.0224,0.045,0.7074,0.0319,0.0266
2023-11-02,model_Momentum1M,Hold,0.0234,0.0236,0.0371,0.0623,0.0209,0.0226,0.0468,0.7045,0.0321,0.0268
2023-11-03,model_Momentum1M,Hold,0.0231,0.0237,0.0369,0.0617,0.0208,0.0226,0.0483,0.7044,0.0322,0.0264
2023-11-06,model_Momentum1M,Hold,0.0228,0.0235,0.0363,0.0619,0.0203,0.0223,0.0476,0.7071,0.0319,0.0262
2023-11-07,model_Momentum1M,Hold,0.0227,0.0237,0.0361,0.0632,0.0197,0.0195,0.0467,0.7105,0.0318,0.0262
2023-11-08,model_Momentum1M,Hold,0.0226,0.0238,0.0357,0.0627,0.0189,0.0198,0.0467,0.7126,0.0314,0.0259
2023-11-09,model_Momentum1M,Hold,0.0226,0.0238,0.0364,0.0628,0.019,0.0204,0.0448,0.7126,0.0315,0.0261
2023-11-10,model_Momentum1M,Hold,0.0223,0.0238,0.0361,0.0631,0.019,0.0202,0.0446,0.7139,0.0314,0.0257
2023-11-13,model_Momentum1M,Hold,0.0229,0.0236,0.0362,0.0629,0.0189,0.0202,0.0441,0.714,0.0315,0.0257
2023-11-14,model_Momentum1M,Hold,0.0228,0.0236,0.0359,0.0632,0.019,0.0201,0.0484,0.7098,0.0317,0.0254
2023-11-15,model_Momentum1M,Hold,0.0229,0.0238,0.0351,0.0617,0.0188,0.0204,0.0483,0.7112,0.0322,0.0256
2023-11-16,model_Momentum1M,Hold,0.0231,0.0237,0.035,0.0609,0.0179,0.0202,0.0469,0.7152,0.0319,0.0253
2023-11-17,model_Momentum1M,Hold,0.0231,0.0239,0.0356,0.0623,0.0185,0.02,0.0472,0.7118,0.032,0.0256
2023-11-20,model_Momentum1M,Hold,0.0234,0.0239,0.0351,0.0623,0.0184,0.0201,0.0473,0.7124,0.0317,0.0254
2023-11-21,model_Momentum1M,Hold,0.0235,0.0238,0.0353,0.0612,0.0182,0.0203,0.0468,0.7142,0.0313,0.0253
2023-11-22,model_Momentum1M,Hold,0.0234,0.0238,0.0352,0.0618,0.018,0.02,0.0467,0.7145,0.0314,0.0253
2023-11-24,model_Momentum1M,Hold,0.0236,0.0241,0.0357,0.0623,0.0183,0.0201,0.0473,0.711,0.0319,0.0257
2023-11-27,model_Momentum1M,Hold,0.0236,0.024,0.0357,0.0628,0.018,0.02,0.0473,0.7106,0.0323,0.0257
2023-11-28,model_Momentum1M,Hold,0.0234,0.0239,0.0352,0.0622,0.018,0.0196,0.0483,0.7111,0.0326,0.0258
2023-11-29,model_Momentum1M,Hold,0.024,0.0242,0.0354,0.0626,0.0181,0.0197,0.0494,0.7076,0.033,0.0261
2023-11-30,model_Momentum1M,Hold,0.0244,0.0245,0.0363,0.0632,0.0182,0.0202,0.0502,0.7029,0.0336,0.0265
2023-12-01,model_Momentum1M,Rebalance,0.3295,0.0942,0.0225,0.0661,0.0129,0.0831,0.0829,0.2518,0.0352,0.0219
2023-12-04,model_Momentum1M,Hold,0.3317,0.0941,0.0226,0.0653,0.0128,0.0827,0.0845,0.2478,0.0366,0.0219
2023-12-05,model_Momentum1M,Hold,0.3298,0.0941,0.0226,0.0664,0.0125,0.0804,0.0846,0.2516,0.0361,0.022
2023-12-06,model_Momentum1M,Hold,0.3319,0.0941,0.0224,0.0654,0.0122,0.0802,0.0861,0.2499,0.0365,0.0214
2023-12-07,model_Momentum1M,Hold,0.3252,0.0929,0.0222,0.0656,0.012,0.0795,0.0852,0.2601,0.0362,0.0211
2023-12-08,model_Momentum1M,Hold,0.3274,0.0937,0.0224,0.066,0.0123,0.08,0.0836,0.2571,0.0364,0.0211
2023-12-11,model_Momentum1M,Hold,0.3316,0.0948,0.0225,0.0651,0.0123,0.0802,0.0833,0.253,0.0362,0.0211
2023-12-12,model_Momentum1M,Hold,0.3331,0.095,0.0228,0.0658,0.0121,0.081,0.0816,0.2515,0.036,0.0211
2023-12-13,model_Momentum1M,Hold,0.3314,0.0942,0.0225,0.0658,0.0122,0.0808,0.0867,0.249,0.0362,0.0212
2023-12-14,model_Momentum1M,Hold,0.3325,0.0931,0.0215,0.0646,0.0124,0.0805,0.092,0.2456,0.0368,0.0211
2023-12-15,model_Momentum1M,Hold,0.3301,0.0939,0.0215,0.066,0.0124,0.0809,0.0895,0.248,0.037,0.021
2023-12-18,model_Momentum1M,Hold,0.3294,0.0924,0.0215,0.0672,0.0123,0.0802,0.088,0.2517,0.0362,0.021
2023-12-19,model_Momentum1M,Hold,0.3293,0.092,0.0216,0.0668,0.0124,0.0803,0.0879,0.2523,0.0362,0.0211
2023-12-20,model_Momentum1M,Hold,0.3284,0.0921,0.0214,0.0665,0.0123,0.0796,0.0864,0.2571,0.0356,0.0206
2023-12-21,model_Momentum1M,Hold,0.3271,0.0933,0.0212,0.0663,0.0123,0.0795,0.0869,0.2574,0.0357,0.0203
2023-12-22,model_Momentum1M,Hold,0.3271,0.0943,0.0212,0.0658,0.0123,0.0795,0.0857,0.2581,0.0358,0.0202
2023-12-26,model_Momentum1M,Hold,0.3268,0.0938,0.0212,0.0656,0.0127,0.0798,0.0863,0.2574,0.0363,0.0202
2023-12-27,model_Momentum1M,Hold,0.3284,0.0939,0.0212,0.0656,0.0126,0.08,0.0864,0.2552,0.0365,0.0201
2023-12-28,model_Momentum1M,Hold,0.3298,0.0932,0.0212,0.0655,0.0123,0.0795,0.0869,0.2547,0.0368,0.0201
2023-12-29,model_Momentum1M,Hold,0.3301,0.0933,0.0214,0.0652,0.0122,0.0802,0.0858,0.2547,0.0368,0.0202
2024-01-02,model_Momentum1M,Rebalance,0.029,0.1222,0.0222,0.281,0.0365,0.0959,0.0159,0.3169,0.0283,0.0522
2024-01-03,model_Momentum1M,Hold,0.0291,0.1197,0.0223,0.2799,0.0374,0.0955,0.0155,0.3205,0.0279,0.0523
2024-01-04,model_Momentum1M,Hold,0.03,0.1213,0.0224,0.277,0.0352,0.0969,0.0158,0.3198,0.0284,0.0533
2024-01-05,model_Momentum1M,Hold,0.0299,0.1212,0.0225,0.2782,0.0355,0.0968,0.0159,0.3182,0.0285,0.0533
2024-01-08,model_Momentum1M,Hold,0.0298,0.1204,0.0221,0.2806,0.0343,0.0961,0.016,0.3198,0.0281,0.0529
2024-01-09,model_Momentum1M,Hold,0.0297,0.1204,0.0214,0.2829,0.0333,0.0938,0.0157,0.3224,0.028,0.0525
2024-01-10,model_Momentum1M,Hold,0.0299,0.1204,0.0218,0.2852,0.0326,0.0927,0.0157,0.3231,0.0276,0.0511
2024-01-11,model_Momentum1M,Hold,0.0298,0.121,0.0217,0.2872,0.0324,0.0916,0.0152,0.3218,0.0277,0.0516
2024-01-12,model_Momentum1M,Hold,0.0298,0.1236,0.0217,0.2854,0.0324,0.0912,0.0153,0.3222,0.0274,0.0511
2024-01-16,model_Momentum1M,Hold,0.0299,0.1238,0.0218,0.2846,0.0314,0.0906,0.0154,0.3241,0.0274,0.051
2024-01-17,model_Momentum1M,Hold,0.0302,0.1247,0.022,0.2837,0.0311,0.091,0.0151,0.3238,0.0272,0.0511
2024-01-18,model_Momentum1M,Hold,0.0299,0.1256,0.022,0.2844,0.0307,0.0901,0.0148,0.3253,0.0271,0.0502
2024-01-19,model_Momentum1M,Hold,0.0297,0.1256,0.0219,0.2842,0.0302,0.0892,0.0148,0.3278,0.0271,0.0495
2024-01-22,model_Momentum1M,Hold,0.0296,0.1267,0.0219,0.2833,0.0306,0.0894,0.0148,0.327,0.0271,0.0497
2024-01-23,model_Momentum1M,Hold,0.0295,0.1272,0.0219,0.2846,0.0306,0.0899,0.0146,0.3283,0.0241,0.0495
2024-01-24,model_Momentum1M,Hold,0.0286,0.1268,0.022,0.2858,0.0311,0.0877,0.0144,0.3316,0.0233,0.0488
2024-01-25,model_Momentum1M,Hold,0.0286,0.126,0.0216,0.2834,0.0313,0.0886,0.0145,0.3339,0.0237,0.0484
2024-01-26,model_Momentum1M,Hold,0.0284,0.1254,0.0217,0.2851,0.0313,0.0878,0.0146,0.3337,0.0236,0.0483
2024-01-29,model_Momentum1M,Hold,0.0286,0.1252,0.0213,0.2867,0.0308,0.0869,0.0147,0.334,0.0235,0.0483
2024-01-30,model_Momentum1M,Hold,0.0289,0.1257,0.0218,0.2855,0.0317,0.0871,0.0142,0.3328,0.0236,0.0487
2024-01-31,model_Momentum1M,Hold,0.0299,0.128,0.0223,0.2896,0.0318,0.0893,0.0148,0.3199,0.0242,0.0502
2024-02-01,model_Momentum1M,Rebalance,0.2613,0.084,0.0825,0.1362,0.0453,0.0806,0.1122,0.132,0.005,0.0609
2024-02-02,model_Momentum1M,Hold,0.2546,0.084,0.0827,0.1462,0.0443,0.0798,0.1108,0.1325,0.005,0.0601
2024-02-05,model_Momentum1M,Hold,0.2587,0.0851,0.0839,0.1478,0.0445,0.0687,0.1098,0.1364,0.0049,0.0601
2024-02-06,model_Momentum1M,Hold,0.2628,0.0834,0.0841,0.1461,0.0453,0.0684,0.1089,0.1361,0.005,0.0599
2024-02-07,model_Momentum1M,Hold,0.2607,0.0837,0.086,0.147,0.0453,0.0674,0.1083,0.1373,0.005,0.0593
2024-02-08,model_Momentum1M,Hold,0.259,0.0842,0.0853,0.1466,0.0452,0.0689,0.109,0.1377,0.0049,0.0591
2024-02-09,model_Momentum1M,Hold,0.2566,0.0846,0.0851,0.15,0.0442,0.0686,0.107,0.1401,0.0049,0.0589
2024-02-12,model_Momentum1M,Hold,0.2577,0.0835,0.0853,0.1479,0.045,0.0694,0.1085,0.1385,0.005,0.0594
2024-02-13,model_Momentum1M,Hold,0.2596,0.0839,0.0863,0.1473,0.0445,0.069,0.1056,0.1387,0.005,0.06
2024-02-14,model_Momentum1M,Hold,0.2592,0.0851,0.0866,0.1482,0.0444,0.0683,0.1052,0.1383,0.0049,0.0598
2024-02-15,model_Momentum1M,Hold,0.2598,0.0842,0.0869,0.1454,0.046,0.0706,0.1096,0.1338,0.0049,0.0588
2024-02-16,model_Momentum1M,Hold,0.2613,0.084,0.0863,0.1455,0.0466,0.0707,0.1098,0.132,0.0049,0.0589
2024-02-20,model_Momentum1M,Hold,0.2667,0.0823,0.086,0.1431,0.0457,0.071,0.1091,0.1323,0.0049,0.0589
2024-02-21,model_Momentum1M,Hold,0.2672,0.0811,0.0857,0.1432,0.0459,0.0703,0.1105,0.1324,0.0049,0.0587
2024-02-22,model_Momentum1M,Hold,0.2667,0.0825,0.0852,0.1466,0.0436,0.0706,0.1089,0.1323,0.0048,0.0587
2024-02-23,model_Momentum1M,Hold,0.2665,0.0835,0.0856,0.1462,0.0432,0.0706,0.1092,0.1316,0.0048,0.0587
2024-02-26,model_Momentum1M,Hold,0.2683,0.0846,0.086,0.148,0.0432,0.0705,0.1081,0.1275,0.0049,0.0589
2024-02-27,model_Momentum1M,Hold,0.2682,0.0842,0.086,0.146,0.0437,0.0708,0.1097,0.1278,0.0049,0.0588
2024-02-28,model_Momentum1M,Hold,0.2699,0.0843,0.0864,0.1459,0.0434,0.0711,0.1096,0.1257,0.0048,0.059
2024-02-29,model_Momentum1M,Hold,0.2656,0.0832,0.0862,0.1482,0.043,0.0713,0.1121,0.127,0.0048,0.0586
2024-03-01,model_Momentum1M,Rebalance,0.0506,0.0474,0.0327,0.1111,0.0139,0.0385,0.0798,0.5779,0.0298,0.0184
2024-03-04,model_Momentum1M,Hold,0.052,0.0484,0.0329,0.1123,0.014,0.0395,0.0822,0.5705,0.0301,0.0181
2024-03-05,model_Momentum1M,Hold,0.0517,0.0479,0.0335,0.1109,0.0142,0.0399,0.0815,0.5713,0.0307,0.0184
2024-03-06,model_Momentum1M,Hold,0.0522,0.0486,0.0342,0.1109,0.0144,0.0406,0.0814,0.5678,0.0308,0.0191
2024-03-07,model_Momentum1M,Hold,0.052,0.0485,0.0337,0.1111,0.0141,0.0403,0.0804,0.5708,0.0303,0.0188
2024-03-08,model_Momentum1M,Hold,0.0518,0.0472,0.0335,0.1097,0.0142,0.0395,0.082,0.5727,0.0306,0.0189
2024-03-11,model_Momentum1M,Hold,0.051,0.0462,0.0336,0.1067,0.0142,0.0402,0.0811,0.5774,0.0304,0.0191
2024-03-12,model_Momentum1M,Hold,0.0509,0.0468,0.0333,0.108,0.0142,0.0394,0.0799,0.5767,0.0316,0.0191
2024-03-13,model_Momentum1M,Hold,0.0502,0.0462,0.0333,0.1078,0.0146,0.0395,0.0788,0.5773,0.0331,0.0191
2024-03-14,model_Momentum1M,Hold,0.0491,0.0455,0.0328,0.1078,0.0144,0.0387,0.0767,0.5834,0.0324,0.0193
2024-03-15,model_Momentum1M,Hold,0.0482,0.0456,0.0335,0.1064,0.0143,0.039,0.0778,0.5824,0.0333,0.0193
2024-03-18,model_Momentum1M,Hold,0.0458,0.0442,0.0327,0.1038,0.0141,0.0382,0.0757,0.5939,0.0324,0.0191
2024-03-19,model_Momentum1M,Hold,0.0461,0.0449,0.0327,0.1047,0.0145,0.0377,0.0758,0.5918,0.0326,0.0192
2024-03-20,model_Momentum1M,Hold,0.045,0.0447,0.0326,0.1049,0.0146,0.0368,0.0766,0.5925,0.0332,0.019
2024-03-21,model_Momentum1M,Hold,0.0453,0.0409,0.0329,0.1058,0.0148,0.0366,0.0787,0.5925,0.0333,0.0193
2024-03-22,model_Momentum1M,Hold,0.0445,0.0396,0.0323,0.1052,0.0145,0.0364,0.0761,0.5999,0.0327,0.0187
2024-03-25,model_Momentum1M,Hold,0.0444,0.0393,0.0326,0.106,0.015,0.0366,0.0769,0.5983,0.0322,0.0188
2024-03-26,model_Momentum1M,Hold,0.045,0.0396,0.0326,0.1052,0.0142,0.0367,0.0755,0.6009,0.0315,0.0188
2024-03-27,model_Momentum1M,Hold,0.0454,0.0398,0.0326,0.1052,0.0145,0.0372,0.0778,0.5968,0.0318,0.0188
2024-03-28,model_Momentum1M,Hold,0.0454,0.0403,0.0326,0.1052,0.0147,0.0372,0.0783,0.5952,0.0322,0.0188
2024-04-01,model_Momentum1M,Rebalance,0.0373,0.0899,0.0154,0.2495,0.0239,0.0608,0.0273,0.4198,0.0453,0.0307
2024-04-02,model_Momentum1M,Hold,0.0375,0.0897,0.0154,0.2505,0.024,0.0602,0.0271,0.4197,0.045,0.0307
2024-04-03,model_Momentum1M,Hold,0.0372,0.0885,0.0154,0.2526,0.0239,0.0601,0.027,0.4201,0.0451,0.0301
2024-04-04,model_Momentum1M,Hold,0.0375,0.0897,0.0156,0.254,0.0245,0.0606,0.0273,0.416,0.0447,0.0302
2024-04-05,model_Momentum1M,Hold,0.0373,0.089,0.0155,0.2572,0.0243,0.0601,0.0273,0.4151,0.0443,0.0299
2024-04-08,model_Momentum1M,Hold,0.0368,0.0881,0.0154,0.2558,0.0237,0.0594,0.0276,0.4188,0.0444,0.0299
2024-04-09,model_Momentum1M,Hold,0.0372,0.0881,0.0149,0.2544,0.0234,0.0595,0.028,0.4202,0.0444,0.0298
2024-04-10,model_Momentum1M,Hold,0.037,0.0864,0.015,0.2564,0.0237,0.0589,0.0267,0.4216,0.0447,0.0297
2024-04-11,model_Momentum1M,Hold,0.0366,0.0855,0.0142,0.2574,0.023,0.0582,0.0266,0.425,0.0444,0.0291
2024-04-12,model_Momentum1M,Hold,0.0366,0.0841,0.0145,0.2572,0.0228,0.0579,0.0266,0.4268,0.0441,0.0293
2024-04-15,model_Momentum1M,Hold,0.037,0.0847,0.0147,0.2571,0.0228,0.0586,0.0264,0.4246,0.0447,0.0296
2024-04-16,model_Momentum1M,Hold,0.0372,0.0852,0.0148,0.2575,0.0224,0.0579,0.026,0.4248,0.0447,0.0295
2024-04-17,model_Momentum1M,Hold,0.0361,0.0854,0.0148,0.2548,0.0222,0.0583,0.0259,0.428,0.0447,0.0298
2024-04-18,model_Momentum1M,Hold,0.0359,0.0857,0.0149,0.2518,0.0223,0.0593,0.0259,0.4293,0.045,0.0299
2024-04-19,model_Momentum1M,Hold,0.0369,0.0868,0.0155,0.2478,0.0227,0.0595,0.0259,0.4282,0.0458,0.0308
2024-04-22,model_Momentum1M,Hold,0.0364,0.086,0.0153,0.2486,0.0225,0.0595,0.0263,0.4292,0.0454,0.0308
2024-04-23,model_Momentum1M,Hold,0.0363,0.085,0.0152,0.2496,0.022,0.0588,0.0262,0.4308,0.0452,0.0308
2024-04-24,model_Momentum1M,Hold,0.0361,0.0844,0.0154,0.2462,0.0221,0.0593,0.0263,0.4345,0.0449,0.0309
2024-04-25,model_Momentum1M,Hold,0.0366,0.0844,0.0155,0.2456,0.0226,0.0602,0.0262,0.432,0.0452,0.0318
2024-04-26,model_Momentum1M,Hold,0.035,0.0799,0.0147,0.2413,0.0216,0.0574,0.0247,0.4523,0.0431,0.0301
2024-04-29,model_Momentum1M,Hold,0.0354,0.0796,0.0151,0.2462,0.022,0.0587,0.0256,0.4428,0.0439,0.0308
2024-04-30,model_Momentum1M,Hold,0.0356,0.0805,0.0152,0.2425,0.0215,0.0593,0.0254,0.4418,0.0468,0.0313
2024-05-01,model_Momentum1M,Rebalance,0.0217,0.1458,0.0972,0.2992,0.1833,0.0971,0.0753,0.0281,0.01,0.0423
2024-05-02,model_Momentum1M,Hold,0.0215,0.1458,0.096,0.307,0.1743,0.0991,0.0758,0.0284,0.0098,0.0422
2024-05-03,model_Momentum1M,Hold,0.0214,0.1466,0.0946,0.3077,0.1738,0.0994,0.0769,0.0283,0.0098,0.0416
2024-05-06,model_Momentum1M,Hold,0.0211,0.1461,0.0952,0.3084,0.1758,0.099,0.0756,0.0282,0.0096,0.0411
2024-05-07,model_Momentum1M,Hold,0.0211,0.1475,0.0947,0.3069,0.1768,0.0989,0.0751,0.0285,0.0094,0.0412
2024-05-08,model_Momentum1M,Hold,0.0208,0.1483,0.0949,0.3059,0.1784,0.0981,0.0742,0.0282,0.0095,0.0416
2024-05-09,model_Momentum1M,Hold,0.0207,0.1448,0.0949,0.3064,0.1795,0.0991,0.0752,0.0282,0.0096,0.0417
2024-05-10,model_Momentum1M,Hold,0.0208,0.1453,0.0962,0.3046,0.1774,0.0996,0.0762,0.0281,0.0098,0.0421
2024-05-13,model_Momentum1M,Hold,0.0208,0.1462,0.0962,0.3039,0.1768,0.0997,0.0759,0.0282,0.0099,0.0424
2024-05-14,model_Momentum1M,Hold,0.0206,0.1456,0.0964,0.3039,0.1761,0.0988,0.0777,0.0284,0.0099,0.0427
2024-05-15,model_Momentum1M,Hold,0.0206,0.1456,0.0972,0.3005,0.1774,0.0995,0.078,0.0286,0.0099,0.0428
2024-05-16,model_Momentum1M,Hold,0.0207,0.1457,0.097,0.2974,0.1776,0.1019,0.0775,0.0289,0.0103,0.043
2024-05-17,model_Momentum1M,Hold,0.0205,0.1427,0.0978,0.2974,0.1787,0.1035,0.0771,0.029,0.0103,0.0428
2024-05-20,model_Momentum1M,Hold,0.0203,0.1438,0.0971,0.2957,0.1789,0.105,0.0769,0.0292,0.0103,0.0427
2024-05-21,model_Momentum1M,Hold,0.0203,0.1432,0.0978,0.2959,0.1784,0.1046,0.077,0.0294,0.0101,0.0432
2024-05-22,model_Momentum1M,Hold,0.0207,0.1452,0.0981,0.2965,0.1753,0.1048,0.0767,0.0293,0.01,0.0433
2024-05-23,model_Momentum1M,Hold,0.0209,0.1466,0.0984,0.297,0.1741,0.1056,0.0751,0.0292,0.01,0.0432
2024-05-24,model_Momentum1M,Hold,0.0209,0.1445,0.0997,0.2972,0.1735,0.1065,0.0751,0.0295,0.01,0.0432
2024-05-28,model_Momentum1M,Hold,0.0204,0.1427,0.099,0.2989,0.176,0.1063,0.0741,0.0297,0.0099,0.0431
2024-05-29,model_Momentum1M,Hold,0.0204,0.1422,0.0999,0.3016,0.1737,0.1055,0.0737,0.0299,0.0099,0.0432
2024-05-30,model_Momentum1M,Hold,0.0207,0.1384,0.1012,0.2983,0.1778,0.106,0.0747,0.0293,0.01,0.0437
2024-05-31,model_Momentum1M,Hold,0.0206,0.1363,0.1027,0.2917,0.1814,0.1079,0.0759,0.0292,0.0101,0.0442
2024-06-03,model_Momentum1M,Rebalance,0.0151,0.0767,0.0396,0.3221,0.0264,0.0573,0.0636,0.3237,0.058,0.0175
2024-06-04,model_Momentum1M,Hold,0.0151,0.0782,0.0391,0.3229,0.0259,0.057,0.0633,0.3239,0.0572,0.0175
2024-06-05,model_Momentum1M,Hold,0.015,0.0784,0.039,0.3241,0.0257,0.0566,0.0622,0.3246,0.057,0.0174
2024-06-06,model_Momentum1M,Hold,0.015,0.0779,0.0386,0.3277,0.0257,0.056,0.0617,0.3241,0.056,0.0172
2024-06-07,model_Momentum1M,Hold,0.0155,0.0773,0.0389,0.3276,0.0255,0.0582,0.0609,0.321,0.0577,0.0173
2024-06-10,model_Momentum1M,Hold,0.0154,0.0773,0.0385,0.3301,0.0258,0.0584,0.0602,0.3201,0.0572,0.0171
2024-06-11,model_Momentum1M,Hold,0.0151,0.078,0.038,0.3292,0.0259,0.0578,0.0598,0.3219,0.0574,0.017
2024-06-12,model_Momentum1M,Hold,0.0149,0.0757,0.0382,0.3285,0.0256,0.0583,0.0609,0.3239,0.0573,0.0168
2024-06-13,model_Momentum1M,Hold,0.0149,0.0756,0.0383,0.3267,0.0252,0.0594,0.0623,0.3226,0.0581,0.0169
2024-06-14,model_Momentum1M,Hold,0.0149,0.0768,0.0381,0.3264,0.0245,0.0573,0.0619,0.3256,0.0577,0.0167
2024-06-17,model_Momentum1M,Hold,0.0149,0.0764,0.0385,0.3269,0.0246,0.0568,0.0612,0.3262,0.0575,0.0169
2024-06-18,model_Momentum1M,Hold,0.0151,0.0768,0.0392,0.3263,0.0248,0.0574,0.0618,0.3238,0.0579,0.017
2024-06-20,model_Momentum1M,Hold,0.0152,0.0812,0.0389,0.3273,0.0247,0.0561,0.0607,0.3213,0.0576,0.017
2024-06-21,model_Momentum1M,Hold,0.0149,0.0809,0.0384,0.3283,0.0242,0.0555,0.0606,0.3232,0.0572,0.0169
2024-06-24,model_Momentum1M,Hold,0.0149,0.0808,0.0389,0.3238,0.0254,0.0554,0.0616,0.3241,0.0579,0.0172
2024-06-25,model_Momentum1M,Hold,0.0148,0.0802,0.0384,0.3228,0.0249,0.0542,0.0603,0.3303,0.0569,0.0171
2024-06-26,model_Momentum1M,Hold,0.0146,0.0788,0.0377,0.3322,0.0244,0.053,0.0594,0.3269,0.056,0.0169
2024-06-27,model_Momentum1M,Hold,0.0144,0.0776,0.0373,0.3358,0.0245,0.0523,0.0591,0.3261,0.0564,0.0164
2024-06-28,model_Momentum1M,Hold,0.0145,0.0787,0.0379,0.3326,0.0252,0.052,0.0609,0.3249,0.0566,0.0167
2024-07-01,model_Momentum1M,Rebalance,0.058,0.0231,0.0512,0.0943,0.0226,0.0142,0.0769,0.566,0.0705,0.0233
2024-07-02,model_Momentum1M,Hold,0.0574,0.0229,0.0509,0.0947,0.0222,0.0142,0.077,0.5672,0.0704,0.0231
2024-07-03,model_Momentum1M,Hold,0.0569,0.0231,0.0507,0.0935,0.0222,0.0144,0.077,0.5689,0.0704,0.023
2024-07-05,model_Momentum1M,Hold,0.057,0.0223,0.0499,0.0932,0.0213,0.0141,0.0756,0.5747,0.0692,0.0227
2024-07-08,model_Momentum1M,Hold,0.0563,0.0224,0.0499,0.0935,0.0216,0.0143,0.076,0.5737,0.0695,0.0228
2024-07-09,model_Momentum1M,Hold,0.0561,0.0223,0.0502,0.0937,0.0216,0.0143,0.0757,0.5743,0.0686,0.0232
2024-07-10,model_Momentum1M,Hold,0.0563,0.0219,0.0504,0.0929,0.0213,0.0143,0.0755,0.575,0.0692,0.0231
2024-07-11,model_Momentum1M,Hold,0.0575,0.0224,0.0522,0.0916,0.0223,0.0145,0.0814,0.5637,0.071,0.0234
2024-07-12,model_Momentum1M,Hold,0.0574,0.0233,0.0522,0.0912,0.0224,0.0147,0.0821,0.5615,0.0715,0.0237
2024-07-15,model_Momentum1M,Hold,0.0567,0.0238,0.0524,0.0899,0.0234,0.0145,0.0824,0.5631,0.0702,0.0236
2024-07-16,model_Momentum1M,Hold,0.0569,0.0244,0.0528,0.0906,0.0237,0.0151,0.0832,0.5584,0.071,0.0238
2024-07-17,model_Momentum1M,Hold,0.0584,0.0247,0.0534,0.0888,0.0243,0.0153,0.0847,0.5533,0.0724,0.0247
2024-07-18,model_Momentum1M,Hold,0.0568,0.0253,0.0545,0.0883,0.0246,0.0154,0.0843,0.5525,0.0732,0.0251
2024-07-19,model_Momentum1M,Hold,0.058,0.0254,0.0538,0.0881,0.0246,0.0152,0.0837,0.553,0.0732,0.0252
2024-07-22,model_Momentum1M,Hold,0.0581,0.0252,0.0539,0.0866,0.0238,0.0141,0.0829,0.5575,0.0729,0.0248
2024-07-23,model_Momentum1M,Hold,0.0583,0.0251,0.0539,0.0885,0.0234,0.0146,0.0801,0.5585,0.0728,0.0247
2024-07-24,model_Momentum1M,Hold,0.0623,0.0259,0.0557,0.0889,0.0239,0.0153,0.0789,0.549,0.0743,0.0257
2024-07-25,model_Momentum1M,Hold,0.0626,0.0265,0.0566,0.09,0.0251,0.0155,0.0806,0.5411,0.0757,0.0263
2024-07-26,model_Momentum1M,Hold,0.0609,0.0258,0.0559,0.0895,0.0246,0.0153,0.081,0.5296,0.0913,0.0261
2024-07-29,model_Momentum1M,Hold,0.0603,0.0255,0.0554,0.0893,0.0241,0.0155,0.0795,0.5348,0.0894,0.0261
2024-07-30,model_Momentum1M,Hold,0.0603,0.0256,0.0556,0.0882,0.0242,0.0154,0.0802,0.5345,0.0901,0.0259
2024-07-31,model_Momentum1M,Hold,0.0604,0.0256,0.0553,0.0902,0.0242,0.0153,0.0786,0.5354,0.0901,0.025
2024-08-01,model_Momentum1M,Rebalance,0.1112,0.0485,0.1224,0.0086,0.1116,0.0449,0.078,0.0185,0.3584,0.098
2024-08-02,model_Momentum1M,Hold,0.1142,0.0486,0.1214,0.0079,0.1043,0.0447,0.0781,0.0184,0.3607,0.1016
2024-08-05,model_Momentum1M,Hold,0.1135,0.048,0.1211,0.0078,0.1025,0.045,0.0787,0.0179,0.3655,0.1
2024-08-06,model_Momentum1M,Hold,0.1139,0.0486,0.1223,0.0078,0.1002,0.0448,0.0805,0.0177,0.3645,0.0998
2024-08-07,model_Momentum1M,Hold,0.1151,0.0488,0.1239,0.0079,0.1005,0.0449,0.0789,0.0179,0.3607,0.1015
2024-08-08,model_Momentum1M,Hold,0.1131,0.0477,0.1239,0.0079,0.1042,0.0445,0.0784,0.0179,0.3617,0.1008
2024-08-09,model_Momentum1M,Hold,0.1124,0.0478,0.1248,0.008,0.1041,0.0445,0.0789,0.0182,0.3603,0.1011
2024-08-12,model_Momentum1M,Hold,0.1118,0.0477,0.1251,0.008,0.1076,0.0439,0.0777,0.0181,0.359,0.1012
2024-08-13,model_Momentum1M,Hold,0.1111,0.048,0.1244,0.0081,0.1055,0.0439,0.0783,0.0181,0.3609,0.1017
2024-08-14,model_Momentum1M,Hold,0.1123,0.0479,0.1247,0.008,0.1051,0.0437,0.0777,0.0176,0.3617,0.1014
2024-08-15,model_Momentum1M,Hold,0.1125,0.0483,0.124,0.0083,0.1063,0.043,0.0783,0.0176,0.3619,0.0998
2024-08-16,model_Momentum1M,Hold,0.1122,0.0484,0.1263,0.0083,0.1051,0.0432,0.0779,0.0177,0.3604,0.1006
2024-08-19,model_Momentum1M,Hold,0.1128,0.0486,0.1264,0.0083,0.1051,0.0427,0.0783,0.0181,0.3594,0.1003
2024-08-20,model_Momentum1M,Hold,0.1121,0.049,0.1264,0.0083,0.1019,0.0428,0.078,0.0182,0.3625,0.1009
2024-08-21,model_Momentum1M,Hold,0.1119,0.0491,0.1267,0.0083,0.1002,0.0428,0.0781,0.0179,0.3642,0.1009
2024-08-22,model_Momentum1M,Hold,0.1125,0.0486,0.1282,0.0081,0.0996,0.0426,0.0798,0.0177,0.3621,0.1009
2024-08-23,model_Momentum1M,Hold,0.1117,0.0484,0.1274,0.0081,0.1003,0.0423,0.0806,0.0176,0.3629,0.1008
2024-08-26,model_Momentum1M,Hold,0.1106,0.0484,0.1264,0.0079,0.1011,0.0423,0.0802,0.0175,0.3651,0.1003
2024-08-27,model_Momentum1M,Hold,0.1113,0.0491,0.127,0.0079,0.0995,0.0423,0.0797,0.0174,0.3648,0.1012
2024-08-28,model_Momentum1M,Hold,0.111,0.0486,0.1282,0.0077,0.0999,0.0421,0.0786,0.0172,0.3651,0.1015
2024-08-29,model_Momentum1M,Hold,0.1101,0.0487,0.1283,0.0077,0.1019,0.0419,0.0773,0.017,0.3662,0.1011
2024-08-30,model_Momentum1M,Hold,0.1099,0.0486,0.1283,0.008,0.0983,0.0419,0.0779,0.017,0.3688,0.1012
2024-09-03,model_Momentum1M,Rebalance,0.0702,0.1024,0.0314,0.3464,0.0186,0.0821,0.0327,0.2728,0.0208,0.0227
2024-09-04,model_Momentum1M,Hold,0.0706,0.1037,0.032,0.3431,0.0181,0.0825,0.0327,0.2731,0.0212,0.0231
2024-09-05,model_Momentum1M,Hold,0.0692,0.102,0.0315,0.3494,0.0181,0.0815,0.0324,0.2723,0.0209,0.0227
2024-09-06,model_Momentum1M,Hold,0.0716,0.1045,0.0322,0.3458,0.018,0.0823,0.033,0.2686,0.021,0.0231
2024-09-09,model_Momentum1M,Hold,0.0726,0.1041,0.032,0.3508,0.0176,0.0831,0.0332,0.2626,0.0208,0.0231
2024-09-10,model_Momentum1M,Hold,0.0722,0.1048,0.0314,0.3554,0.0167,0.0826,0.0333,0.2598,0.0208,0.0228
2024-09-11,model_Momentum1M,Hold,0.0709,0.1041,0.0307,0.3599,0.0163,0.0822,0.033,0.2603,0.0206,0.0221
2024-09-12,model_Momentum1M,Hold,0.0701,0.1027,0.0305,0.3603,0.0162,0.0818,0.033,0.2632,0.0206,0.0216
2024-09-13,model_Momentum1M,Hold,0.0695,0.102,0.0305,0.3572,0.0162,0.0826,0.0335,0.2663,0.0206,0.0216
2024-09-16,model_Momentum1M,Hold,0.07,0.1031,0.0308,0.3533,0.0165,0.0837,0.0335,0.2667,0.0208,0.0215
2024-09-17,model_Momentum1M,Hold,0.0702,0.098,0.0306,0.3566,0.0171,0.0843,0.0332,0.2685,0.0206,0.021
2024-09-18,model_Momentum1M,Hold,0.0686,0.0981,0.0306,0.357,0.017,0.0835,0.0333,0.2703,0.0207,0.0211
2024-09-19,model_Momentum1M,Hold,0.0675,0.0969,0.03,0.3603,0.017,0.0828,0.0326,0.2717,0.0206,0.0207
2024-09-20,model_Momentum1M,Hold,0.0669,0.0966,0.0298,0.3615,0.0167,0.0824,0.0321,0.2726,0.0206,0.0207
2024-09-23,model_Momentum1M,Hold,0.0671,0.097,0.0302,0.3638,0.0169,0.0831,0.0322,0.2682,0.0206,0.0208
2024-09-24,model_Momentum1M,Hold,0.0662,0.0969,0.0299,0.3633,0.0168,0.084,0.0327,0.2685,0.0208,0.0209
2024-09-25,model_Momentum1M,Hold,0.0661,0.0967,0.0303,0.3627,0.0164,0.0845,0.0329,0.2687,0.0208,0.0209
2024-09-26,model_Momentum1M,Hold,0.0659,0.1016,0.0302,0.3584,0.0154,0.0852,0.032,0.2694,0.0212,0.0208
2024-09-27,model_Momentum1M,Hold,0.066,0.1004,0.0305,0.3542,0.0164,0.0859,0.032,0.2728,0.0209,0.0209
2024-09-30,model_Momentum1M,Hold,0.0669,0.1013,0.0308,0.3507,0.0163,0.085,0.0317,0.2756,0.0208,0.0209
2024-10-01,model_Momentum1M,Rebalance,0.0631,0.0215,0.041,0.2716,0.0291,0.0168,0.0405,0.433,0.0513,0.032
2024-10-02,model_Momentum1M,Hold,0.0634,0.0219,0.0417,0.2721,0.0293,0.0168,0.0404,0.4317,0.0509,0.0319
2024-10-03,model_Momentum1M,Hold,0.063,0.0223,0.0417,0.2694,0.0303,0.0166,0.0403,0.434,0.0509,0.0317
2024-10-04,model_Momentum1M,Hold,0.0625,0.0221,0.0418,0.273,0.0304,0.0164,0.0397,0.4322,0.0505,0.0314
2024-10-07,model_Momentum1M,Hold,0.0641,0.0222,0.0414,0.2698,0.0311,0.0183,0.04,0.4299,0.0513,0.0319
2024-10-08,model_Momentum1M,Hold,0.0644,0.0223,0.0413,0.2709,0.0301,0.0181,0.0398,0.4308,0.0509,0.0315
2024-10-09,model_Momentum1M,Hold,0.0652,0.0226,0.0409,0.2749,0.0302,0.0183,0.0401,0.4248,0.0511,0.032
2024-10-10,model_Momentum1M,Hold,0.0649,0.0224,0.041,0.2764,0.0307,0.0183,0.0402,0.4243,0.0504,0.0315
2024-10-11,model_Momentum1M,Hold,0.0646,0.0221,0.0412,0.2771,0.0307,0.0182,0.0407,0.4235,0.0505,0.0313
2024-10-14,model_Momentum1M,Hold,0.0649,0.0223,0.0413,0.274,0.0301,0.0184,0.0414,0.4259,0.0506,0.0312
2024-10-15,model_Momentum1M,Hold,0.0646,0.0225,0.0413,0.2742,0.028,0.0185,0.0418,0.4273,0.0506,0.0312
2024-10-16,model_Momentum1M,Hold,0.0655,0.0227,0.0414,0.2729,0.028,0.0187,0.0423,0.4263,0.0508,0.0314
2024-10-17,model_Momentum1M,Hold,0.0659,0.023,0.0418,0.2753,0.0282,0.0189,0.042,0.4227,0.0508,0.0313
2024-10-18,model_Momentum1M,Hold,0.0664,0.023,0.0415,0.2762,0.0284,0.019,0.042,0.4221,0.0504,0.0311
2024-10-21,model_Momentum1M,Hold,0.0652,0.023,0.0409,0.2767,0.0284,0.019,0.0413,0.4244,0.0503,0.0308
2024-10-22,model_Momentum1M,Hold,0.0646,0.0227,0.0406,0.2771,0.0287,0.0189,0.0406,0.4264,0.0491,0.0313
2024-10-23,model_Momentum1M,Hold,0.0661,0.023,0.0412,0.2739,0.0283,0.019,0.0419,0.4266,0.0484,0.0316
2024-10-24,model_Momentum1M,Hold,0.0658,0.0226,0.0412,0.2764,0.0285,0.0187,0.0407,0.4265,0.0478,0.0317
2024-10-25,model_Momentum1M,Hold,0.0642,0.0223,0.0402,0.2773,0.0286,0.0184,0.0394,0.4313,0.047,0.0314
2024-10-28,model_Momentum1M,Hold,0.0638,0.0222,0.0399,0.2766,0.0271,0.0183,0.039,0.4326,0.0488,0.0316
2024-10-29,model_Momentum1M,Hold,0.0628,0.0221,0.0396,0.2775,0.0264,0.018,0.0383,0.4362,0.048,0.0311
2024-10-30,model_Momentum1M,Hold,0.0624,0.0208,0.0391,0.2761,0.0262,0.0176,0.0383,0.4418,0.0466,0.031
2024-10-31,model_Momentum1M,Hold,0.063,0.021,0.0379,0.272,0.0268,0.0178,0.0384,0.4413,0.0478,0.034
2024-11-01,model_Momentum1M,Rebalance,0.0321,0.0519,0.08,0.3143,0.0224,0.0469,0.0608,0.343,0.0126,0.036
2024-11-04,model_Momentum1M,Hold,0.0321,0.052,0.0804,0.3131,0.023,0.0468,0.0624,0.3413,0.0125,0.0363
2024-11-05,model_Momentum1M,Hold,0.0318,0.0518,0.0805,0.3163,0.0228,0.0464,0.0623,0.3394,0.0125,0.0362
2024-11-06,model_Momentum1M,Hold,0.0307,0.0518,0.0803,0.3185,0.0232,0.0451,0.06,0.3424,0.0128,0.0352
2024-11-07,model_Momentum1M,Hold,0.03,0.0519,0.0787,0.3198,0.0204,0.0455,0.0598,0.347,0.0126,0.0343
2024-11-08,model_Momentum1M,Hold,0.0305,0.0515,0.0798,0.3191,0.0204,0.0459,0.0604,0.3447,0.0128,0.0349
2024-11-11,model_Momentum1M,Hold,0.0305,0.0516,0.0812,0.3162,0.0207,0.0459,0.0588,0.3477,0.0126,0.0347
2024-11-12,model_Momentum1M,Hold,0.0303,0.0519,0.0811,0.3181,0.0203,0.0453,0.057,0.3488,0.0123,0.0349
2024-11-13,model_Momentum1M,Hold,0.0299,0.053,0.0805,0.3244,0.0204,0.0453,0.0571,0.3418,0.0124,0.0353
2024-11-14,model_Momentum1M,Hold,0.0301,0.0525,0.0809,0.3241,0.0211,0.0463,0.0573,0.3394,0.0126,0.0358
2024-11-15,model_Momentum1M,Hold,0.0309,0.0523,0.0838,0.3171,0.0214,0.0474,0.0571,0.3404,0.0127,0.0369
2024-11-18,model_Momentum1M,Hold,0.0311,0.0518,0.0838,0.3135,0.0213,0.0487,0.0565,0.3436,0.0126,0.0369
2024-11-19,model_Momentum1M,Hold,0.0308,0.0516,0.0824,0.3155,0.0206,0.0483,0.0556,0.3464,0.0124,0.0363
2024-11-20,model_Momentum1M,Hold,0.0307,0.0524,0.0827,0.315,0.021,0.0487,0.0559,0.3446,0.0124,0.0366
2024-11-21,model_Momentum1M,Hold,0.0317,0.0541,0.0855,0.3143,0.0217,0.0498,0.0579,0.3349,0.0126,0.0374
2024-11-22,model_Momentum1M,Hold,0.032,0.054,0.0865,0.3138,0.0221,0.0505,0.0595,0.3308,0.0128,0.0381
2024-11-25,model_Momentum1M,Hold,0.0316,0.0535,0.0857,0.3156,0.0217,0.05,0.0606,0.3312,0.0128,0.0375
2024-11-26,model_Momentum1M,Hold,0.0311,0.053,0.0851,0.321,0.0212,0.0494,0.0596,0.3293,0.0128,0.0375
2024-11-27,model_Momentum1M,Hold,0.0315,0.0531,0.0855,0.3189,0.0213,0.0494,0.0592,0.3308,0.0128,0.0377
2024-11-29,model_Momentum1M,Hold,0.0313,0.0529,0.0851,0.3213,0.0214,0.0494,0.0588,0.3293,0.0129,0.0376
2024-12-02,model_Momentum1M,Rebalance,0.0535,0.0563,0.0312,0.2256,0.0188,0.0564,0.0267,0.4659,0.049,0.0166
2024-12-03,model_Momentum1M,Hold,0.0534,0.0551,0.03,0.229,0.0189,0.0557,0.0263,0.4666,0.0485,0.0166
2024-12-04,model_Momentum1M,Hold,0.0526,0.0555,0.0297,0.2312,0.0185,0.0544,0.0253,0.4689,0.0476,0.0162
2024-12-05,model_Momentum1M,Hold,0.0525,0.0554,0.03,0.2343,0.0182,0.0536,0.0254,0.4654,0.0488,0.0164
2024-12-06,model_Momentum1M,Hold,0.0519,0.0554,0.0295,0.2383,0.0177,0.0527,0.0248,0.4653,0.0481,0.0163
2024-12-09,model_Momentum1M,Hold,0.0516,0.0549,0.0289,0.2374,0.0184,0.0521,0.0255,0.4678,0.0476,0.0159
2024-12-10,model_Momentum1M,Hold,0.0506,0.0542,0.028,0.2307,0.0179,0.0507,0.0243,0.4823,0.0458,0.0154
2024-12-11,model_Momentum1M,Hold,0.0485,0.0527,0.0271,0.229,0.0175,0.0487,0.0234,0.4938,0.0445,0.0148
2024-12-12,model_Momentum1M,Hold,0.0489,0.0527,0.0275,0.2301,0.0181,0.049,0.0235,0.4902,0.0449,0.015
2024-12-13,model_Momentum1M,Hold,0.0491,0.0529,0.0277,0.2303,0.0182,0.0496,0.0236,0.4882,0.0453,0.0151
2024-12-16,model_Momentum1M,Hold,0.0478,0.0516,0.027,0.2311,0.0171,0.0477,0.0229,0.4958,0.0443,0.0147
2024-12-17,model_Momentum1M,Hold,0.0484,0.0519,0.0269,0.2308,0.0165,0.0477,0.0232,0.4958,0.0441,0.0147
2024-12-18,model_Momentum1M,Hold,0.0495,0.0523,0.0272,0.2281,0.017,0.0479,0.023,0.4952,0.0448,0.0149
2024-12-19,model_Momentum1M,Hold,0.0494,0.0557,0.0272,0.2294,0.0165,0.0472,0.0227,0.492,0.045,0.0148
2024-12-20,model_Momentum1M,Hold,0.0496,0.0542,0.0273,0.2284,0.0168,0.047,0.0229,0.4938,0.0452,0.0148
2024-12-23,model_Momentum1M,Hold,0.0493,0.0526,0.0271,0.2269,0.0171,0.0464,0.0227,0.4985,0.0448,0.0147
2024-12-24,model_Momentum1M,Hold,0.049,0.0526,0.027,0.2287,0.0172,0.0464,0.0226,0.4974,0.0448,0.0145
2024-12-26,model_Momentum1M,Hold,0.0494,0.0525,0.0272,0.2273,0.0172,0.0463,0.0227,0.4976,0.0453,0.0146
2024-12-27,model_Momentum1M,Hold,0.0498,0.0526,0.0274,0.2268,0.0176,0.0466,0.0227,0.4964,0.0455,0.0147
2024-12-30,model_Momentum1M,Hold,0.0493,0.0525,0.0276,0.2263,0.018,0.0463,0.0227,0.4969,0.0455,0.0147
2024-12-31,model_Momentum1M,Hold,0.0498,0.0527,0.0279,0.2257,0.0187,0.0468,0.0231,0.4948,0.0458,0.0149
2025-01-02,model_Momentum1M,Rebalance,0.0382,0.0257,0.0373,0.4164,0.0495,0.0196,0.0405,0.304,0.0209,0.0481
2025-01-03,model_Momentum1M,Hold,0.0378,0.0257,0.0371,0.4182,0.0489,0.0194,0.0406,0.3037,0.0206,0.048
2025-01-06,model_Momentum1M,Hold,0.037,0.0252,0.0361,0.4194,0.0488,0.0191,0.0395,0.3079,0.0204,0.0465
2025-01-07,model_Momentum1M,Hold,0.0376,0.0259,0.0369,0.414,0.0493,0.0196,0.0398,0.3093,0.0211,0.0465
2025-01-08,model_Momentum1M,Hold,0.0379,0.026,0.0372,0.4147,0.0495,0.0195,0.0399,0.3073,0.0214,0.0466
2025-01-10,model_Momentum1M,Hold,0.0378,0.0257,0.0368,0.414,0.0501,0.0203,0.0394,0.3082,0.0211,0.0466
2025-01-13,model_Momentum1M,Hold,0.038,0.0256,0.0373,0.4122,0.0515,0.0209,0.0405,0.306,0.0216,0.0465
2025-01-14,model_Momentum1M,Hold,0.038,0.0257,0.0377,0.4112,0.0525,0.0213,0.0405,0.304,0.022,0.047
2025-01-15,model_Momentum1M,Hold,0.0367,0.0252,0.0373,0.413,0.0527,0.0208,0.0399,0.3069,0.0217,0.0457
2025-01-16,model_Momentum1M,Hold,0.0379,0.0255,0.038,0.4109,0.0524,0.0213,0.0409,0.3049,0.0221,0.0461
2025-01-17,model_Momentum1M,Hold,0.0372,0.0253,0.0376,0.4143,0.0501,0.0214,0.041,0.3051,0.022,0.0461
2025-01-21,model_Momentum1M,Hold,0.0378,0.0252,0.0371,0.4177,0.048,0.0212,0.0409,0.3043,0.0226,0.0451
2025-01-22,model_Momentum1M,Hold,0.0379,0.0252,0.0361,0.4227,0.0475,0.0209,0.0397,0.3028,0.0228,0.0443
2025-01-23,model_Momentum1M,Hold,0.0395,0.0255,0.0361,0.422,0.0477,0.0213,0.0395,0.3012,0.0228,0.0445
2025-01-24,model_Momentum1M,Hold,0.0399,0.0253,0.0361,0.4192,0.0471,0.0215,0.0398,0.3034,0.0227,0.045
2025-01-27,model_Momentum1M,Hold,0.0416,0.0262,0.0374,0.4231,0.0475,0.0215,0.0403,0.2926,0.0232,0.0465
2025-01-28,model_Momentum1M,Hold,0.0407,0.0264,0.0369,0.4251,0.0471,0.0214,0.0381,0.2959,0.023,0.0455
2025-01-29,model_Momentum1M,Hold,0.0409,0.0262,0.0371,0.4242,0.0469,0.0215,0.0376,0.2968,0.0231,0.0457
2025-01-30,model_Momentum1M,Hold,0.041,0.0265,0.0371,0.418,0.0463,0.0219,0.0375,0.3037,0.0234,0.0445
2025-01-31,model_Momentum1M,Hold,0.0404,0.0266,0.0365,0.4198,0.0438,0.0217,0.0377,0.3059,0.0229,0.0447
2025-02-03,model_Momentum1M,Rebalance,0.1058,0.0131,0.1037,0.2449,0.0942,0.009,0.0803,0.1777,0.0906,0.0807
2025-02-04,model_Momentum1M,Hold,0.1048,0.0131,0.1023,0.246,0.0968,0.0088,0.079,0.1797,0.0903,0.0792
2025-02-05,model_Momentum1M,Hold,0.1088,0.0135,0.1043,0.2436,0.0974,0.0088,0.0823,0.169,0.092,0.0803
2025-02-06,model_Momentum1M,Hold,0.1064,0.0132,0.101,0.2482,0.0957,0.0088,0.0826,0.1705,0.0927,0.081
2025-02-07,model_Momentum1M,Hold,0.1089,0.0134,0.1032,0.2422,0.0975,0.0084,0.0835,0.1678,0.0927,0.0824
2025-02-10,model_Momentum1M,Hold,0.1094,0.0133,0.1009,0.2431,0.102,0.0083,0.082,0.1665,0.0914,0.0832
2025-02-11,model_Momentum1M,Hold,0.1094,0.0134,0.1012,0.2426,0.1034,0.0083,0.0815,0.1655,0.0916,0.0832
2025-02-12,model_Momentum1M,Hold,0.1099,0.0135,0.1024,0.2415,0.1004,0.0084,0.0827,0.1659,0.0919,0.0834
2025-02-13,model_Momentum1M,Hold,0.1102,0.0134,0.1027,0.2412,0.1002,0.0085,0.0826,0.1669,0.0912,0.0832
2025-02-14,model_Momentum1M,Hold,0.1095,0.0134,0.1022,0.24,0.1033,0.0085,0.0819,0.1665,0.0918,0.0828
2025-02-18,model_Momentum1M,Hold,0.1092,0.0134,0.1032,0.2381,0.1053,0.0086,0.0828,0.1653,0.0921,0.0821
2025-02-19,model_Momentum1M,Hold,0.1103,0.0134,0.1035,0.2368,0.1049,0.0085,0.082,0.1658,0.0923,0.0826
2025-02-20,model_Momentum1M,Hold,0.1115,0.0133,0.1036,0.2336,0.1053,0.0085,0.0824,0.1657,0.0919,0.0843
2025-02-21,model_Momentum1M,Hold,0.1149,0.0128,0.1033,0.231,0.1034,0.0085,0.0839,0.1641,0.091,0.087
2025-02-24,model_Momentum1M,Hold,0.115,0.0128,0.1053,0.2269,0.1038,0.0085,0.0853,0.1638,0.0913,0.0873
2025-02-25,model_Momentum1M,Hold,0.1154,0.0127,0.1076,0.2263,0.1013,0.0087,0.0883,0.1598,0.0917,0.0882
2025-02-26,model_Momentum1M,Hold,0.1162,0.0126,0.1074,0.2295,0.1003,0.0086,0.0873,0.1584,0.0928,0.087
2025-02-27,model_Momentum1M,Hold,0.1175,0.0127,0.1103,0.2261,0.0941,0.0087,0.09,0.1563,0.0959,0.0884
2025-02-28,model_Momentum1M,Hold,0.1175,0.0122,0.1106,0.2263,0.0939,0.0087,0.0897,0.1555,0.0973,0.0882
2025-03-03,model_Momentum1M,Rebalance,0.0513,0.2901,0.0539,0.2215,0.0109,0.1911,0.0492,0.0175,0.0588,0.0556
2025-03-04,model_Momentum1M,Hold,0.0508,0.2938,0.0532,0.2225,0.0109,0.1898,0.0492,0.0181,0.0565,0.0552
2025-03-05,model_Momentum1M,Hold,0.0502,0.2922,0.0528,0.2246,0.0107,0.1913,0.0494,0.0181,0.0565,0.0542
2025-03-06,model_Momentum1M,Hold,0.05,0.2913,0.0535,0.2198,0.011,0.1939,0.049,0.0183,0.0571,0.0561
2025-03-07,model_Momentum1M,Hold,0.0506,0.2901,0.0535,0.2171,0.011,0.1963,0.0501,0.0184,0.0565,0.0566
2025-03-10,model_Momentum1M,Hold,0.0516,0.2897,0.0537,0.216,0.0113,0.192,0.0509,0.0179,0.0581,0.0588
2025-03-11,model_Momentum1M,Hold,0.0504,0.2867,0.0541,0.2209,0.0116,0.1908,0.0501,0.0179,0.0588,0.0587
2025-03-12,model_Momentum1M,Hold,0.0497,0.2846,0.0534,0.2243,0.0119,0.1892,0.0499,0.0183,0.0601,0.0586
2025-03-13,model_Momentum1M,Hold,0.0504,0.2827,0.0545,0.2222,0.0117,0.1911,0.0497,0.0181,0.0594,0.0603
2025-03-14,model_Momentum1M,Hold,0.0487,0.2816,0.0551,0.2247,0.0119,0.1887,0.0505,0.0182,0.0606,0.0601
2025-03-17,model_Momentum1M,Hold,0.0486,0.2853,0.0552,0.2203,0.0121,0.1895,0.0503,0.0179,0.0612,0.0596
2025-03-18,model_Momentum1M,Hold,0.0486,0.2869,0.0553,0.2193,0.0123,0.189,0.0502,0.0177,0.0609,0.0596
2025-03-19,model_Momentum1M,Hold,0.0487,0.2853,0.0555,0.2209,0.0126,0.1892,0.0495,0.018,0.0614,0.0588
2025-03-20,model_Momentum1M,Hold,0.0496,0.271,0.0569,0.2256,0.0128,0.193,0.0504,0.0183,0.0621,0.0604
2025-03-21,model_Momentum1M,Hold,0.0493,0.2741,0.0565,0.2263,0.0127,0.1916,0.0498,0.0184,0.0615,0.0597
2025-03-24,model_Momentum1M,Hold,0.0489,0.2718,0.0564,0.2311,0.0127,0.19,0.0498,0.0185,0.0618,0.0589
2025-03-25,model_Momentum1M,Hold,0.0482,0.2725,0.0563,0.2331,0.0127,0.1892,0.0488,0.0188,0.0617,0.0588
2025-03-26,model_Momentum1M,Hold,0.0486,0.2747,0.0567,0.2281,0.0128,0.1907,0.0489,0.0182,0.0614,0.0599
2025-03-27,model_Momentum1M,Hold,0.0505,0.2728,0.057,0.2288,0.0129,0.1909,0.0488,0.0179,0.0598,0.0606
2025-03-28,model_Momentum1M,Hold,0.0513,0.2742,0.0575,0.2232,0.013,0.1927,0.0497,0.0173,0.0595,0.0616
2025-03-31,model_Momentum1M,Hold,0.0515,0.2786,0.0577,0.2183,0.0129,0.1927,0.0483,0.0172,0.0598,0.063
2025-04-01,model_Momentum1M,Rebalance,0.1277,0.16,0.1214,0.0123,0.1182,0.1493,0.1311,0.0088,0.0949,0.0762
2025-04-02,model_Momentum1M,Hold,0.1276,0.161,0.1209,0.0125,0.1185,0.1497,0.1324,0.0088,0.0947,0.0739
2025-04-03,model_Momentum1M,Hold,0.1338,0.1612,0.1265,0.0119,0.104,0.151,0.13,0.0089,0.0941,0.0787
2025-04-04,model_Momentum1M,Hold,0.1363,0.1643,0.1244,0.0123,0.0959,0.1514,0.132,0.0092,0.0921,0.0821
2025-04-07,model_Momentum1M,Hold,0.1382,0.1658,0.1233,0.0128,0.0956,0.1505,0.1277,0.0094,0.0943,0.0824
2025-04-08,model_Momentum1M,Hold,0.1398,0.167,0.1253,0.0127,0.0913,0.1471,0.1286,0.0094,0.0951,0.0838
2025-04-09,model_Momentum1M,Hold,0.1339,0.1663,0.1236,0.0133,0.1016,0.1494,0.1263,0.0097,0.0966,0.0794
2025-04-10,model_Momentum1M,Hold,0.137,0.166,0.1283,0.0131,0.0927,0.1514,0.1217,0.0097,0.097,0.083
2025-04-11,model_Momentum1M,Hold,0.1371,0.1625,0.1286,0.0132,0.0938,0.1526,0.1233,0.0098,0.0974,0.0819
2025-04-14,model_Momentum1M,Hold,0.1363,0.1632,0.1287,0.0128,0.0934,0.1524,0.1259,0.0098,0.0961,0.0814
2025-04-15,model_Momentum1M,Hold,0.1364,0.1642,0.1294,0.0127,0.0924,0.1498,0.1262,0.0097,0.0965,0.0827
2025-04-16,model_Momentum1M,Hold,0.141,0.1632,0.1293,0.0124,0.096,0.1484,0.1237,0.0096,0.0936,0.0828
2025-04-17,model_Momentum1M,Hold,0.1413,0.1604,0.1285,0.0122,0.0998,0.1482,0.124,0.0094,0.0927,0.0835
2025-04-21,model_Momentum1M,Hold,0.1431,0.1619,0.1282,0.0121,0.0981,0.1482,0.1231,0.0094,0.0916,0.0845
2025-04-22,model_Momentum1M,Hold,0.1411,0.1601,0.1286,0.0122,0.0992,0.1485,0.1206,0.0093,0.0964,0.0839
2025-04-23,model_Momentum1M,Hold,0.1391,0.1625,0.1288,0.0127,0.0979,0.1482,0.1217,0.0096,0.0962,0.0835
2025-04-24,model_Momentum1M,Hold,0.137,0.1624,0.1281,0.0129,0.1005,0.1487,0.1208,0.0097,0.097,0.0827
2025-04-25,model_Momentum1M,Hold,0.1371,0.1643,0.1273,0.0132,0.1016,0.1485,0.1192,0.0099,0.0964,0.0825
2025-04-28,model_Momentum1M,Hold,0.137,0.1633,0.1272,0.013,0.1022,0.1489,0.1202,0.0098,0.0963,0.0819
2025-04-29,model_Momentum1M,Hold,0.1385,0.1667,0.1277,0.013,0.1006,0.1502,0.1137,0.0098,0.0969,0.083
2025-04-30,model_Momentum1M,Hold,0.1391,0.1675,0.1282,0.0129,0.0965,0.1507,0.1141,0.0097,0.0975,0.0838
2025-05-01,model_Momentum1M,Rebalance,0.1591,0.0592,0.1368,0.0086,0.1594,0.0566,0.1511,0.0149,0.1066,0.1478
2025-05-02,model_Momentum1M,Hold,0.1589,0.0592,0.1373,0.0084,0.1592,0.0569,0.1509,0.0149,0.1081,0.1462
2025-05-05,model_Momentum1M,Hold,0.1606,0.0604,0.1393,0.0084,0.1518,0.0565,0.1508,0.0151,0.1085,0.1487
2025-05-06,model_Momentum1M,Hold,0.1618,0.0599,0.14,0.0084,0.1546,0.0557,0.1473,0.015,0.1067,0.1507
2025-05-07,model_Momentum1M,Hold,0.1627,0.0602,0.1412,0.0085,0.1519,0.055,0.1478,0.0139,0.1071,0.1516
2025-05-08,model_Momentum1M,Hold,0.1607,0.06,0.1386,0.0086,0.1569,0.0554,0.1497,0.014,0.1076,0.1485
2025-05-09,model_Momentum1M,Hold,0.1593,0.0596,0.1377,0.0086,0.1616,0.0555,0.1499,0.0138,0.1084,0.1456
2025-05-12,model_Momentum1M,Hold,0.1558,0.0616,0.1355,0.0091,0.169,0.0558,0.1484,0.0142,0.1128,0.1378
2025-05-13,model_Momentum1M,Hold,0.1526,0.0618,0.135,0.0093,0.1764,0.0554,0.1449,0.0143,0.1133,0.1369
2025-05-14,model_Momentum1M,Hold,0.1536,0.062,0.135,0.0093,0.1755,0.0556,0.1436,0.015,0.1124,0.138
2025-05-15,model_Momentum1M,Hold,0.1576,0.0619,0.1359,0.009,0.1697,0.0555,0.1432,0.0147,0.1118,0.1407
2025-05-16,model_Momentum1M,Hold,0.1579,0.0603,0.136,0.0089,0.1665,0.0559,0.1444,0.0147,0.114,0.1414
2025-05-19,model_Momentum1M,Hold,0.1583,0.0605,0.1351,0.0089,0.1635,0.0555,0.1465,0.0147,0.1145,0.1424
2025-05-20,model_Momentum1M,Hold,0.1588,0.0609,0.1348,0.0089,0.1637,0.0554,0.1435,0.0146,0.1151,0.1442
2025-05-21,model_Momentum1M,Hold,0.1599,0.0619,0.136,0.009,0.1623,0.0555,0.1395,0.0154,0.1142,0.1464
2025-05-22,model_Momentum1M,Hold,0.1585,0.0618,0.135,0.0091,0.1631,0.0556,0.14,0.0156,0.1148,0.1465
2025-05-23,model_Momentum1M,Hold,0.1586,0.0606,0.1354,0.009,0.1645,0.0558,0.1387,0.0154,0.114,0.1479
2025-05-27,model_Momentum1M,Hold,0.158,0.0607,0.1343,0.0091,0.1662,0.0559,0.1415,0.0156,0.1135,0.1452
2025-05-28,model_Momentum1M,Hold,0.158,0.0613,0.1334,0.0091,0.1662,0.0557,0.1412,0.0156,0.1137,0.1459
2025-05-29,model_Momentum1M,Hold,0.1577,0.0611,0.1334,0.0091,0.1664,0.0555,0.1432,0.0155,0.1135,0.1447
2025-05-30,model_Momentum1M,Hold,0.1587,0.061,0.1344,0.009,0.1633,0.0567,0.1412,0.0155,0.1126,0.1476
2025-06-02,model_Momentum1M,Rebalance,0.1305,0.0656,0.151,0.0125,0.1616,0.0618,0.1614,0.0097,0.0852,0.1606
2025-06-03,model_Momentum1M,Hold,0.1291,0.0645,0.1496,0.0123,0.1684,0.0621,0.1611,0.0094,0.0853,0.1581
2025-06-04,model_Momentum1M,Hold,0.1295,0.0658,0.1491,0.0125,0.1666,0.0619,0.1631,0.0096,0.0852,0.1566
2025-06-05,model_Momentum1M,Hold,0.131,0.0659,0.1488,0.0126,0.1666,0.0613,0.1614,0.0096,0.0852,0.1575
2025-06-06,model_Momentum1M,Hold,0.1292,0.0656,0.1493,0.0128,0.1708,0.0614,0.1619,0.0098,0.0839,0.1554
2025-06-09,model_Momentum1M,Hold,0.1289,0.0653,0.1474,0.013,0.1718,0.0614,0.1645,0.01,0.083,0.1547
2025-06-10,model_Momentum1M,Hold,0.1282,0.0655,0.1455,0.0129,0.1759,0.0612,0.1663,0.01,0.0826,0.1518
2025-06-11,model_Momentum1M,Hold,0.1285,0.0648,0.1433,0.0126,0.1777,0.0608,0.1649,0.0099,0.0833,0.1543
2025-06-12,model_Momentum1M,Hold,0.129,0.0643,0.1445,0.0125,0.18,0.0608,0.1639,0.0097,0.0816,0.1536
2025-06-13,model_Momentum1M,Hold,0.128,0.0628,0.1435,0.0124,0.1892,0.06,0.1614,0.0097,0.08,0.153
2025-06-16,model_Momentum1M,Hold,0.1267,0.0634,0.1445,0.0127,0.1849,0.0602,0.1629,0.0098,0.0817,0.1533
2025-06-17,model_Momentum1M,Hold,0.1257,0.0633,0.1444,0.0127,0.1885,0.0598,0.1606,0.0098,0.0805,0.1547
2025-06-18,model_Momentum1M,Hold,0.1264,0.0625,0.1458,0.0126,0.185,0.0597,0.1606,0.0097,0.0811,0.1567
2025-06-20,model_Momentum1M,Hold,0.1276,0.0585,0.1475,0.0125,0.1828,0.0589,0.1625,0.0094,0.0823,0.1581
2025-06-23,model_Momentum1M,Hold,0.1281,0.0606,0.15,0.0124,0.1687,0.0596,0.1663,0.0093,0.0845,0.1604
2025-06-24,model_Momentum1M,Hold,0.1314,0.0611,0.1475,0.0126,0.1651,0.0607,0.1702,0.0093,0.085,0.1572
2025-06-25,model_Momentum1M,Hold,0.1327,0.0608,0.1473,0.0127,0.1641,0.0618,0.1689,0.0097,0.085,0.157
2025-06-26,model_Momentum1M,Hold,0.1281,0.0606,0.1482,0.0129,0.1687,0.0615,0.1687,0.0097,0.0861,0.1554
2025-06-27,model_Momentum1M,Hold,0.1285,0.0603,0.1495,0.0132,0.1693,0.0613,0.1664,0.01,0.0866,0.1549
2025-06-30,model_Momentum1M,Hold,0.1299,0.061,0.1499,0.013,0.1667,0.0611,0.1676,0.0099,0.0866,0.1544
2025-07-01,model_Momentum1M,Rebalance,0.1249,0.0506,0.1646,0.019,0.1508,0.0488,0.1607,0.0078,0.1172,0.1557
2025-07-02,model_Momentum1M,Hold,0.1221,0.0502,0.1601,0.0188,0.1542,0.0493,0.1635,0.0079,0.1165,0.1575
2025-07-03,model_Momentum1M,Hold,0.1218,0.0504,0.1609,0.019,0.1537,0.0493,0.164,0.0079,0.1152,0.1579
2025-07-07,model_Momentum1M,Hold,0.1222,0.0501,0.1597,0.0192,0.1541,0.0492,0.1614,0.0078,0.1153,0.1609
2025-07-08,model_Momentum1M,Hold,0.1203,0.0499,0.1581,0.0186,0.1606,0.0492,0.1635,0.0076,0.1153,0.157
2025-07-09,model_Momentum1M,Hold,0.1208,0.0492,0.157,0.019,0.1612,0.0498,0.1646,0.0078,0.1176,0.1531
2025-07-10,model_Momentum1M,Hold,0.1203,0.0476,0.1564,0.0188,0.1596,0.0494,0.1681,0.0077,0.1178,0.1542
2025-07-11,model_Momentum1M,Hold,0.1199,0.0468,0.1567,0.0192,0.1587,0.0494,0.1701,0.0079,0.1177,0.1535
2025-07-14,model_Momentum1M,Hold,0.1203,0.0468,0.1589,0.0193,0.1541,0.0494,0.1686,0.008,0.1196,0.1549
2025-07-15,model_Momentum1M,Hold,0.122,0.0468,0.1579,0.0197,0.1497,0.0494,0.1682,0.0081,0.1203,0.158
2025-07-16,model_Momentum1M,Hold,0.1221,0.0473,0.1589,0.0194,0.1454,0.0497,0.1697,0.0082,0.1208,0.1587
2025-07-17,model_Momentum1M,Hold,0.112,0.0479,0.1594,0.0195,0.1514,0.0506,0.1718,0.0082,0.1223,0.1568
2025-07-18,model_Momentum1M,Hold,0.1152,0.048,0.1603,0.0197,0.1516,0.051,0.1706,0.0083,0.1181,0.1572
2025-07-21,model_Momentum1M,Hold,0.1158,0.048,0.1591,0.02,0.1497,0.0507,0.1707,0.0085,0.1177,0.1596
2025-07-22,model_Momentum1M,Hold,0.1154,0.0481,0.1594,0.0196,0.1509,0.0508,0.1736,0.0085,0.1149,0.1588
2025-07-23,model_Momentum1M,Hold,0.1145,0.0475,0.1582,0.0194,0.1531,0.0503,0.1768,0.0083,0.1135,0.1582
2025-07-24,model_Momentum1M,Hold,0.1147,0.0469,0.1582,0.0199,0.1545,0.0504,0.1756,0.0085,0.1128,0.1584
2025-07-25,model_Momentum1M,Hold,0.1152,0.047,0.159,0.0197,0.1524,0.0505,0.1753,0.0085,0.1139,0.1585
2025-07-28,model_Momentum1M,Hold,0.1162,0.0465,0.1569,0.0201,0.1578,0.0505,0.1706,0.0085,0.1158,0.1572
2025-07-29,model_Momentum1M,Hold,0.1172,0.0466,0.156,0.0198,0.1579,0.0502,0.1705,0.0086,0.115,0.1581
2025-07-30,model_Momentum1M,Hold,0.1186,0.0461,0.1538,0.0199,0.1575,0.0497,0.1687,0.0087,0.1119,0.1651
2025-07-31,model_Momentum1M,Hold,0.1169,0.0451,0.1556,0.0203,0.1567,0.0495,0.1659,0.0086,0.1144,0.167
2025-08-01,model_Momentum1M,Rebalance,0.1182,0.0725,0.1385,0.0158,0.1482,0.0727,0.1412,0.0075,0.1411,0.1442
2025-08-04,model_Momentum1M,Hold,0.1195,0.0728,0.1378,0.0155,0.1453,0.0735,0.1418,0.0076,0.1431,0.1431
2025-08-05,model_Momentum1M,Hold,0.1193,0.069,0.1373,0.0155,0.1468,0.0742,0.1427,0.0076,0.1442,0.1435
2025-08-06,model_Momentum1M,Hold,0.1202,0.0695,0.1427,0.0162,0.1433,0.0737,0.1355,0.0077,0.1456,0.1456
2025-08-07,model_Momentum1M,Hold,0.1196,0.0669,0.1408,0.016,0.1523,0.0726,0.135,0.0076,0.1445,0.1446
2025-08-08,model_Momentum1M,Hold,0.1204,0.0656,0.1411,0.0159,0.1551,0.0719,0.1331,0.0077,0.1446,0.1446
2025-08-11,model_Momentum1M,Hold,0.1181,0.0656,0.1424,0.0158,0.1549,0.0709,0.1292,0.0077,0.1469,0.1484
2025-08-12,model_Momentum1M,Hold,0.1166,0.0647,0.1401,0.0157,0.1573,0.0715,0.1311,0.0077,0.1478,0.1476
2025-08-13,model_Momentum1M,Hold,0.1141,0.0662,0.1417,0.0157,0.1567,0.0721,0.1322,0.0076,0.1486,0.1451
2025-08-14,model_Momentum1M,Hold,0.1146,0.0667,0.1418,0.0163,0.157,0.0719,0.132,0.0077,0.146,0.146
2025-08-15,model_Momentum1M,Hold,0.1166,0.0668,0.1417,0.0162,0.1567,0.0714,0.1346,0.0077,0.1419,0.1463
2025-08-18,model_Momentum1M,Hold,0.1151,0.0673,0.142,0.0162,0.1559,0.0707,0.1364,0.0077,0.1421,0.1465
2025-08-19,model_Momentum1M,Hold,0.1151,0.0686,0.1425,0.0159,0.1534,0.0707,0.1372,0.0075,0.1424,0.1467
2025-08-20,model_Momentum1M,Hold,0.1156,0.068,0.1439,0.0155,0.1534,0.0709,0.1351,0.0074,0.142,0.1481
2025-08-21,model_Momentum1M,Hold,0.115,0.0676,0.144,0.0154,0.1553,0.071,0.1348,0.0074,0.1414,0.1481
2025-08-22,model_Momentum1M,Hold,0.113,0.0675,0.1412,0.0155,0.1594,0.0709,0.1379,0.0075,0.1423,0.1449
2025-08-25,model_Momentum1M,Hold,0.1127,0.0669,0.1402,0.0155,0.1652,0.0698,0.1374,0.0076,0.1407,0.144
2025-08-26,model_Momentum1M,Hold,0.1126,0.0668,0.1414,0.0155,0.1636,0.0699,0.1383,0.0075,0.1416,0.1428
2025-08-27,model_Momentum1M,Hold,0.112,0.067,0.1398,0.0155,0.1663,0.0697,0.1392,0.0075,0.1409,0.1421
2025-08-28,model_Momentum1M,Hold,0.1116,0.0666,0.1378,0.0156,0.1688,0.0696,0.139,0.0077,0.1415,0.1418
2025-08-29,model_Momentum1M,Hold,0.1121,0.0672,0.138,0.0154,0.1697,0.0691,0.1393,0.0077,0.1389,0.1427
2025-09-02,model_Momentum1M,Rebalance,0.1532,0.0299,0.1657,0.0145,0.1682,0.0317,0.1716,0.0148,0.0768,0.1736
2025-09-03,model_Momentum1M,Hold,0.1549,0.0299,0.1684,0.0146,0.1609,0.0318,0.1739,0.0162,0.0761,0.1733
2025-09-04,model_Momentum1M,Hold,0.1535,0.0293,0.1689,0.015,0.164,0.0312,0.1744,0.0161,0.0768,0.1708
2025-09-05,model_Momentum1M,Hold,0.1542,0.0297,0.1669,0.0148,0.1597,0.0313,0.1788,0.0164,0.0769,0.1713
2025-09-08,model_Momentum1M,Hold,0.1542,0.0299,0.167,0.0152,0.1572,0.0314,0.1817,0.0164,0.0768,0.1703
2025-09-09,model_Momentum1M,Hold,0.1552,0.0297,0.1683,0.0154,0.1542,0.0315,0.1792,0.0169,0.0769,0.1727
2025-09-10,model_Momentum1M,Hold,0.1507,0.0284,0.1682,0.0148,0.1642,0.0312,0.1781,0.0167,0.0764,0.1712
2025-09-11,model_Momentum1M,Hold,0.1531,0.0283,0.1688,0.0146,0.1605,0.0317,0.1779,0.0167,0.0786,0.1699
2025-09-12,model_Momentum1M,Hold,0.1542,0.0276,0.1694,0.0145,0.1595,0.0315,0.1782,0.0167,0.0778,0.1706
2025-09-15,model_Momentum1M,Hold,0.1521,0.0276,0.169,0.0148,0.1606,0.0312,0.1803,0.0175,0.0775,0.1694
2025-09-16,model_Momentum1M,Hold,0.152,0.0272,0.1659,0.0148,0.1699,0.0304,0.1787,0.0173,0.0766,0.1673
2025-09-17,model_Momentum1M,Hold,0.1533,0.0276,0.168,0.0146,0.167,0.0309,0.177,0.0171,0.0757,0.1687
2025-09-18,model_Momentum1M,Hold,0.1541,0.0275,0.1664,0.0146,0.1656,0.0312,0.1822,0.0173,0.076,0.1651
2025-09-19,model_Momentum1M,Hold,0.1559,0.0275,0.1666,0.0146,0.1628,0.031,0.1797,0.0175,0.0767,0.1676
2025-09-22,model_Momentum1M,Hold,0.1573,0.0277,0.1665,0.0144,0.1645,0.0308,0.18,0.0175,0.0757,0.1656
2025-09-23,model_Momentum1M,Hold,0.1553,0.027,0.1665,0.0139,0.166,0.0295,0.1809,0.0173,0.0763,0.1672
2025-09-24,model_Momentum1M,Hold,0.1531,0.0274,0.1683,0.0139,0.169,0.029,0.1788,0.017,0.0755,0.168
2025-09-25,model_Momentum1M,Hold,0.1535,0.0269,0.1697,0.0138,0.1696,0.0285,0.1764,0.017,0.0753,0.1693
2025-09-26,model_Momentum1M,Hold,0.1527,0.0274,0.1714,0.0138,0.1709,0.0284,0.1745,0.0169,0.0746,0.1694
2025-09-29,model_Momentum1M,Hold,0.1522,0.0283,0.1714,0.014,0.1684,0.0288,0.1756,0.0168,0.0753,0.1693
2025-09-30,model_Momentum1M,Hold,0.1527,0.0282,0.1714,0.0138,0.1675,0.029,0.1756,0.0167,0.0756,0.1698
2025-10-01,model_Momentum1M,Rebalance,0.1523,0.0327,0.1719,0.0122,0.1611,0.0353,0.1705,0.0155,0.0928,0.1558
2025-10-02,model_Momentum1M,Hold,0.1529,0.033,0.1728,0.0124,0.1546,0.0358,0.1722,0.0156,0.0952,0.1556
2025-10-03,model_Momentum1M,Hold,0.1533,0.0328,0.174,0.0121,0.1574,0.0356,0.1709,0.0155,0.0942,0.1542
2025-10-06,model_Momentum1M,Hold,0.1532,0.0334,0.1761,0.0122,0.1621,0.0357,0.164,0.0159,0.0931,0.1542
2025-10-07,model_Momentum1M,Hold,0.1528,0.0339,0.1763,0.0123,0.1622,0.0358,0.1605,0.0156,0.093,0.1576
2025-10-08,model_Momentum1M,Hold,0.156,0.0345,0.1768,0.0126,0.161,0.0359,0.1564,0.0157,0.0945,0.1565
2025-10-09,model_Momentum1M,Hold,0.1568,0.0348,0.1778,0.0129,0.1567,0.0356,0.1567,0.0157,0.0938,0.1592
2025-10-10,model_Momentum1M,Hold,0.1587,0.0339,0.1806,0.0125,0.1479,0.0354,0.1584,0.0157,0.0928,0.1641
2025-10-13,model_Momentum1M,Hold,0.1569,0.0342,0.179,0.0127,0.1535,0.0359,0.1579,0.0162,0.0941,0.1597
2025-10-14,model_Momentum1M,Hold,0.1577,0.0339,0.1793,0.0124,0.1526,0.0357,0.1589,0.0161,0.0941,0.1593
2025-10-15,model_Momentum1M,Hold,0.1544,0.0334,0.1772,0.0124,0.1554,0.0352,0.1619,0.0165,0.095,0.1586
2025-10-16,model_Momentum1M,Hold,0.1545,0.0331,0.1749,0.0125,0.1561,0.0351,0.1623,0.0168,0.0952,0.1595
2025-10-17,model_Momentum1M,Hold,0.1553,0.0337,0.1761,0.0124,0.1525,0.035,0.1614,0.0169,0.0957,0.1611
2025-10-20,model_Momentum1M,Hold,0.1553,0.0339,0.1765,0.0125,0.1512,0.0349,0.1639,0.017,0.0963,0.1583
2025-10-21,model_Momentum1M,Hold,0.1523,0.035,0.1748,0.0128,0.1511,0.0348,0.1634,0.0165,0.1033,0.1561
2025-10-22,model_Momentum1M,Hold,0.1517,0.0345,0.173,0.0124,0.1538,0.0344,0.1642,0.0165,0.1029,0.1566
2025-10-23,model_Momentum1M,Hold,0.1481,0.0342,0.1707,0.0125,0.1636,0.0342,0.1607,0.0164,0.1044,0.1552
2025-10-24,model_Momentum1M,Hold,0.1495,0.0341,0.171,0.0127,0.1593,0.0344,0.1626,0.0169,0.1031,0.1563
2025-10-27,model_Momentum1M,Hold,0.1503,0.0346,0.172,0.0129,0.1563,0.0346,0.1639,0.0176,0.1033,0.1544
2025-10-28,model_Momentum1M,Hold,0.1557,0.0364,0.1776,0.0136,0.1585,0.0359,0.138,0.0182,0.1065,0.1596
2025-10-29,model_Momentum1M,Hold,0.1563,0.0364,0.1797,0.0139,0.1605,0.0357,0.1315,0.019,0.1073,0.1596
2025-10-30,model_Momentum1M,Hold,0.1591,0.0372,0.1845,0.0137,0.162,0.0358,0.1282,0.0198,0.1103,0.1495
2025-10-31,model_Momentum1M,Hold,0.157,0.0371,0.1843,0.0149,0.1631,0.0353,0.1318,0.0197,0.1098,0.1469
2025-11-03,model_Momentum1M,Rebalance,0.1567,0.0326,0.1808,0.0119,0.1722,0.0341,0.1745,0.022,0.0375,0.1777
2025-11-04,model_Momentum1M,Hold,0.1595,0.032,0.1844,0.0117,0.1695,0.0343,0.1696,0.0216,0.0372,0.1801
2025-11-05,model_Momentum1M,Hold,0.1576,0.0325,0.1882,0.0117,0.1659,0.0338,0.1708,0.0221,0.038,0.1793
2025-11-06,model_Momentum1M,Hold,0.1554,0.0311,0.1889,0.0112,0.1779,0.0362,0.1638,0.0217,0.0373,0.1765
2025-11-07,model_Momentum1M,Hold,0.1549,0.0313,0.1869,0.0111,0.1768,0.0358,0.1689,0.021,0.037,0.1764
2025-11-10,model_Momentum1M,Hold,0.1546,0.0312,0.1864,0.0113,0.181,0.0357,0.1651,0.0218,0.0377,0.1752
2025-11-11,model_Momentum1M,Hold,0.1547,0.0307,0.1852,0.0112,0.1812,0.0359,0.1655,0.0217,0.0376,0.1763
2025-11-12,model_Momentum1M,Hold,0.1578,0.0313,0.1876,0.0111,0.177,0.036,0.1631,0.0215,0.0383,0.1762
2025-11-13,model_Momentum1M,Hold,0.1581,0.0314,0.188,0.0108,0.1828,0.0362,0.1583,0.0209,0.0382,0.1753
2025-11-14,model_Momentum1M,Hold,0.1596,0.0311,0.1868,0.0106,0.1834,0.0357,0.1583,0.0207,0.0376,0.1763
2025-11-17,model_Momentum1M,Hold,0.161,0.031,0.1858,0.0107,0.1827,0.0353,0.1559,0.0216,0.0376,0.1784
2025-11-18,model_Momentum1M,Hold,0.1602,0.0307,0.1841,0.0102,0.1858,0.035,0.1551,0.0215,0.0375,0.18
2025-11-19,model_Momentum1M,Hold,0.1583,0.0314,0.1844,0.0104,0.1826,0.0358,0.1539,0.0225,0.0384,0.1823
2025-11-20,model_Momentum1M,Hold,0.1572,0.0317,0.1884,0.0102,0.1794,0.0358,0.1535,0.0225,0.0383,0.1829
2025-11-21,model_Momentum1M,Hold,0.1592,0.0325,0.1852,0.0102,0.1801,0.036,0.1566,0.0228,0.0383,0.1792
2025-11-24,model_Momentum1M,Hold,0.1579,0.0314,0.1841,0.0104,0.1834,0.0358,0.1575,0.0242,0.0387,0.1764
2025-11-25,model_Momentum1M,Hold,0.1574,0.0318,0.1843,0.0105,0.1791,0.0358,0.1603,0.0244,0.0387,0.1777
2025-11-26,model_Momentum1M,Hold,0.157,0.0314,0.1814,0.0104,0.1823,0.0356,0.1621,0.0239,0.0383,0.1777
2025-11-28,model_Momentum1M,Hold,0.1567,0.0315,0.1801,0.0105,0.1837,0.0357,0.1616,0.0239,0.0384,0.1778
2025-12-01,model_Momentum1M,Rebalance,0.1927,0.0244,0.1752,0.019,0.1522,0.0239,0.1712,0.0166,0.0631,0.1617
2025-12-02,model_Momentum1M,Hold,0.1903,0.0247,0.1742,0.019,0.1534,0.0235,0.1737,0.0167,0.0636,0.1609
2025-12-03,model_Momentum1M,Hold,0.1904,0.0261,0.1761,0.019,0.1638,0.024,0.1576,0.017,0.0647,0.1612
2025-12-04,model_Momentum1M,Hold,0.1923,0.026,0.178,0.0189,0.1639,0.0244,0.1531,0.0171,0.0639,0.1625
2025-12-05,model_Momentum1M,Hold,0.1925,0.0258,0.1787,0.019,0.1668,0.0244,0.1499,0.0173,0.0634,0.1621
2025-12-08,model_Momentum1M,Hold,0.1914,0.0262,0.1799,0.0192,0.1639,0.0225,0.151,0.0173,0.0632,0.1654
2025-12-09,model_Momentum1M,Hold,0.1897,0.0265,0.1795,0.0192,0.1651,0.0219,0.1518,0.0174,0.0635,0.1653
2025-12-10,model_Momentum1M,Hold,0.1903,0.0266,0.1769,0.0194,0.1635,0.0223,0.1546,0.0174,0.0633,0.1656
2025-12-11,model_Momentum1M,Hold,0.1915,0.0264,0.1797,0.0193,0.1613,0.023,0.1517,0.017,0.0644,0.1657
2025-12-12,model_Momentum1M,Hold,0.1933,0.0263,0.1801,0.0188,0.1598,0.0227,0.1539,0.0167,0.064,0.1644
2025-12-15,model_Momentum1M,Hold,0.1968,0.0264,0.1815,0.0184,0.1549,0.0228,0.1556,0.0166,0.0625,0.1644
2025-12-16,model_Momentum1M,Hold,0.1976,0.0266,0.1812,0.0187,0.1493,0.0229,0.1567,0.0168,0.0625,0.1678
2025-12-17,model_Momentum1M,Hold,0.196,0.0266,0.1816,0.0184,0.1524,0.0232,0.1576,0.0161,0.0617,0.1663
2025-12-18,model_Momentum1M,Hold,0.1946,0.0264,0.1825,0.019,0.1481,0.023,0.1631,0.0165,0.0619,0.1649
2025-12-19,model_Momentum1M,Hold,0.1954,0.0267,0.1827,0.0191,0.1503,0.0227,0.16,0.0168,0.0621,0.1643
2025-12-22,model_Momentum1M,Hold,0.1942,0.0264,0.1813,0.0191,0.1514,0.0231,0.1615,0.0169,0.061,0.1651
2025-12-23,model_Momentum1M,Hold,0.1933,0.0264,0.1826,0.0194,0.1513,0.0231,0.1599,0.0171,0.0612,0.1657
2025-12-24,model_Momentum1M,Hold,0.1931,0.0263,0.1819,0.0194,0.1508,0.0231,0.1616,0.0171,0.061,0.1658
2025-12-26,model_Momentum1M,Hold,0.1937,0.0264,0.1812,0.0194,0.1501,0.0233,0.1616,0.0171,0.0619,0.1653
2025-12-29,model_Momentum1M,Hold,0.1928,0.0264,0.1808,0.0193,0.1509,0.0233,0.163,0.017,0.0616,0.1649
2025-12-30,model_Momentum1M,Hold,0.1934,0.0261,0.181,0.0193,0.1519,0.0232,0.1629,0.0169,0.061,0.1643
2022-01-20,model_Momentum3M,Rebalance,0.0784,0.1867,0.0671,0.0356,0.0483,0.1824,0.1776,0.0064,0.1693,0.0481
2022-01-21,model_Momentum3M,Hold,0.0802,0.1854,0.0669,0.034,0.0472,0.1821,0.1784,0.0063,0.1708,0.0488
2022-01-24,model_Momentum3M,Hold,0.0788,0.187,0.0675,0.0344,0.0478,0.182,0.177,0.0064,0.1707,0.0484
2022-01-25,model_Momentum3M,Hold,0.0786,0.1851,0.068,0.0333,0.0519,0.1802,0.1763,0.0062,0.1719,0.0485
2022-01-26,model_Momentum3M,Hold,0.0778,0.1852,0.0694,0.0336,0.0528,0.181,0.175,0.0064,0.1701,0.0487
2022-01-27,model_Momentum3M,Hold,0.0781,0.1872,0.0692,0.0338,0.0526,0.1808,0.1713,0.0064,0.1711,0.0496
2022-01-28,model_Momentum3M,Hold,0.0806,0.1909,0.0691,0.0346,0.0525,0.1804,0.1735,0.0065,0.1626,0.0493
2022-01-31,model_Momentum3M,Hold,0.0803,0.193,0.0682,0.0352,0.0515,0.1797,0.1747,0.0065,0.1622,0.0487
2022-02-01,model_Momentum3M,Hold,0.0796,0.1918,0.0679,0.0354,0.0535,0.1802,0.1741,0.0066,0.1627,0.0482
2022-02-02,model_Momentum3M,Hold,0.0809,0.1937,0.0683,0.035,0.0532,0.1788,0.1744,0.007,0.1608,0.0478
2022-02-03,model_Momentum3M,Hold,0.0825,0.19,0.0697,0.0329,0.0539,0.1802,0.1733,0.0069,0.1618,0.0487
2022-02-04,model_Momentum3M,Hold,0.0831,0.193,0.0715,0.0377,0.0544,0.1705,0.174,0.007,0.1598,0.0489
2022-02-07,model_Momentum3M,Hold,0.083,0.1931,0.0729,0.0382,0.0544,0.1667,0.1731,0.0069,0.1621,0.0497
2022-02-08,model_Momentum3M,Hold,0.0833,0.1937,0.0737,0.0391,0.0524,0.1656,0.1724,0.0069,0.1632,0.0497
2022-02-09,model_Momentum3M,Hold,0.0831,0.1961,0.0725,0.0383,0.0524,0.1669,0.1733,0.0069,0.1616,0.049
2022-02-10,model_Momentum3M,Hold,0.0833,0.1936,0.0737,0.0387,0.0537,0.1665,0.1721,0.0069,0.1617,0.0498
2022-02-11,model_Momentum3M,Hold,0.0831,0.1888,0.0745,0.0379,0.0556,0.1636,0.175,0.0068,0.1639,0.0507
2022-02-14,model_Momentum3M,Hold,0.0823,0.1893,0.0742,0.0388,0.053,0.165,0.1752,0.0069,0.1643,0.051
2022-02-15,model_Momentum3M,Hold,0.0824,0.1897,0.0744,0.0389,0.0527,0.1666,0.1753,0.0069,0.1623,0.0509
2022-02-16,model_Momentum3M,Hold,0.0821,0.1919,0.0743,0.0392,0.0529,0.1646,0.1768,0.007,0.1602,0.0511
2022-02-17,model_Momentum3M,Hold,0.0816,0.1895,0.0742,0.0391,0.054,0.1647,0.1794,0.0068,0.1577,0.0529
2022-02-18,model_Momentum3M,Hold,0.0795,0.1894,0.0746,0.0388,0.0538,0.1665,0.1798,0.0068,0.1574,0.0535
2022-02-22,model_Momentum3M,Hold,0.0803,0.1902,0.0744,0.0384,0.0522,0.1646,0.1826,0.0068,0.1572,0.0533
2022-02-23,model_Momentum3M,Hold,0.0813,0.1882,0.0741,0.0375,0.0526,0.1645,0.1834,0.0068,0.1568,0.0548
2022-02-24,model_Momentum3M,Hold,0.0818,0.1888,0.0713,0.039,0.0548,0.1638,0.1865,0.007,0.1551,0.052
2022-02-25,model_Momentum3M,Hold,0.082,0.1872,0.072,0.0385,0.0555,0.1628,0.1847,0.0069,0.1579,0.0524
2022-02-28,model_Momentum3M,Hold,0.0818,0.1856,0.0718,0.0389,0.0594,0.162,0.1828,0.007,0.1579,0.0529
2022-03-01,model_Momentum3M,Hold,0.0813,0.1856,0.0698,0.0388,0.0631,0.1604,0.184,0.007,0.156,0.054
2022-03-02,model_Momentum3M,Hold,0.0814,0.1867,0.0706,0.0384,0.0631,0.1597,0.1827,0.007,0.1561,0.0544
2022-03-03,model_Momentum3M,Hold,0.0815,0.1862,0.0715,0.0372,0.0635,0.1579,0.1844,0.0069,0.1565,0.0545
2022-03-04,model_Momentum3M,Hold,0.0821,0.1841,0.0705,0.0368,0.0657,0.1562,0.1874,0.0068,0.1554,0.055
2022-03-07,model_Momentum3M,Hold,0.0826,0.1837,0.0712,0.0357,0.0649,0.1557,0.1875,0.0067,0.156,0.0559
2022-03-08,model_Momentum3M,Hold,0.081,0.1823,0.0717,0.0354,0.0663,0.1543,0.1895,0.0068,0.1589,0.054
2022-03-09,model_Momentum3M,Hold,0.0811,0.1837,0.0718,0.0357,0.0653,0.1573,0.1876,0.007,0.1574,0.0532
2022-03-10,model_Momentum3M,Hold,0.0802,0.1839,0.0713,0.0376,0.0675,0.1578,0.1868,0.0069,0.1546,0.0534
2022-03-11,model_Momentum3M,Hold,0.0794,0.188,0.0724,0.0379,0.0669,0.1545,0.1868,0.0069,0.1538,0.0535
2022-03-14,model_Momentum3M,Hold,0.0806,0.186,0.0736,0.037,0.0645,0.154,0.1872,0.0067,0.1568,0.0536
2022-03-15,model_Momentum3M,Hold,0.0808,0.1884,0.0731,0.0379,0.0621,0.1548,0.1868,0.0068,0.1555,0.0539
2022-03-16,model_Momentum3M,Hold,0.0811,0.1911,0.0737,0.0388,0.0615,0.1541,0.1852,0.0069,0.1547,0.0529
2022-03-17,model_Momentum3M,Hold,0.0813,0.1857,0.0732,0.0394,0.0651,0.155,0.1854,0.0069,0.1552,0.0527
2022-03-18,model_Momentum3M,Hold,0.0815,0.1868,0.0727,0.0401,0.064,0.1559,0.1854,0.0069,0.1546,0.0523
2022-03-21,model_Momentum3M,Hold,0.0807,0.1864,0.0729,0.04,0.0667,0.1569,0.1827,0.0069,0.1543,0.0527
2022-03-22,model_Momentum3M,Hold,0.0802,0.1867,0.0736,0.0405,0.0656,0.1574,0.1811,0.007,0.1546,0.0534
2022-03-23,model_Momentum3M,Hold,0.078,0.1854,0.0738,0.0407,0.0669,0.1588,0.1809,0.007,0.1544,0.054
2022-03-24,model_Momentum3M,Hold,0.0777,0.1858,0.0738,0.0403,0.0662,0.1616,0.1801,0.0071,0.1539,0.0535
2022-03-25,model_Momentum3M,Hold,0.0774,0.1848,0.074,0.0401,0.0665,0.1622,0.1807,0.007,0.1534,0.054
2022-03-28,model_Momentum3M,Hold,0.078,0.1864,0.0737,0.0411,0.0638,0.1633,0.1822,0.007,0.1523,0.0524
2022-03-29,model_Momentum3M,Hold,0.0768,0.1886,0.0724,0.0404,0.0644,0.163,0.1843,0.0069,0.1522,0.0511
2022-03-30,model_Momentum3M,Hold,0.0769,0.1874,0.0726,0.0397,0.0648,0.1636,0.185,0.0069,0.1516,0.0515
2022-03-31,model_Momentum3M,Hold,0.0763,0.1883,0.072,0.0392,0.0655,0.1639,0.1857,0.0068,0.1503,0.0521
2022-04-01,model_Momentum3M,Rebalance,0.0915,0.1963,0.0713,0.0614,0.0662,0.192,0.1605,0.0049,0.0897,0.0663
2022-04-04,model_Momentum3M,Hold,0.0913,0.1976,0.0696,0.0629,0.0671,0.1939,0.1575,0.005,0.0891,0.066
2022-04-05,model_Momentum3M,Hold,0.0923,0.1977,0.0702,0.0616,0.0654,0.1942,0.1581,0.0049,0.0893,0.0663
2022-04-06,model_Momentum3M,Hold,0.0926,0.1961,0.0715,0.0596,0.064,0.1929,0.1607,0.0048,0.09,0.0677
2022-04-07,model_Momentum3M,Hold,0.095,0.1966,0.0715,0.0591,0.0641,0.1934,0.1583,0.0047,0.0896,0.0675
2022-04-08,model_Momentum3M,Hold,0.0949,0.1949,0.0719,0.0579,0.0673,0.1933,0.1578,0.0046,0.0895,0.0679
2022-04-11,model_Momentum3M,Hold,0.0941,0.1916,0.0728,0.0576,0.0654,0.1957,0.1572,0.0046,0.0914,0.0696
2022-04-12,model_Momentum3M,Hold,0.0931,0.1919,0.0727,0.0577,0.0674,0.1947,0.1568,0.0045,0.0907,0.0704
2022-04-13,model_Momentum3M,Hold,0.0937,0.1904,0.0723,0.059,0.0691,0.1949,0.1563,0.0046,0.0901,0.0697
2022-04-14,model_Momentum3M,Hold,0.0932,0.1888,0.0734,0.0582,0.07,0.1946,0.1563,0.0045,0.0902,0.0707
2022-04-18,model_Momentum3M,Hold,0.0928,0.1866,0.0741,0.059,0.071,0.1953,0.1557,0.0046,0.0901,0.0707
2022-04-19,model_Momentum3M,Hold,0.094,0.1873,0.0728,0.06,0.0703,0.1945,0.1556,0.0046,0.0909,0.0702
2022-04-20,model_Momentum3M,Hold,0.0955,0.188,0.0736,0.0581,0.0698,0.1927,0.1573,0.0045,0.0906,0.07
2022-04-21,model_Momentum3M,Hold,0.0964,0.1879,0.0726,0.0561,0.0669,0.1953,0.1569,0.0044,0.0917,0.0717
2022-04-22,model_Momentum3M,Hold,0.0962,0.1865,0.0723,0.0562,0.0664,0.1944,0.1583,0.0043,0.0927,0.0725
2022-04-25,model_Momentum3M,Hold,0.0967,0.1905,0.0714,0.057,0.0639,0.1947,0.1564,0.0045,0.0926,0.0723
2022-04-26,model_Momentum3M,Hold,0.0969,0.1873,0.0714,0.0559,0.0649,0.1942,0.1588,0.0044,0.0923,0.0738
2022-04-27,model_Momentum3M,Hold,0.0966,0.1871,0.0714,0.0554,0.0671,0.1962,0.1559,0.0042,0.0922,0.0738
2022-04-28,model_Momentum3M,Hold,0.096,0.1904,0.0684,0.057,0.0684,0.1946,0.1557,0.0043,0.0925,0.0729
2022-04-29,model_Momentum3M,Hold,0.0958,0.1891,0.0686,0.0508,0.0701,0.1965,0.1546,0.0043,0.0941,0.0761
2022-05-02,model_Momentum3M,Hold,0.0952,0.1917,0.0686,0.0509,0.0695,0.1976,0.1511,0.0044,0.0952,0.0759
2022-05-03,model_Momentum3M,Hold,0.0939,0.1899,0.0686,0.0503,0.072,0.1986,0.1516,0.0044,0.0956,0.0752
2022-05-04,model_Momentum3M,Hold,0.0936,0.1901,0.0685,0.0494,0.0742,0.1993,0.15,0.0044,0.0965,0.0741
2022-05-05,model_Momentum3M,Hold,0.0954,0.1881,0.0695,0.0476,0.0707,0.1981,0.1521,0.0044,0.0975,0.0767
2022-05-06,model_Momentum3M,Hold,0.0947,0.1861,0.0697,0.0469,0.0755,0.1979,0.1499,0.0044,0.0975,0.0775
2022-05-09,model_Momentum3M,Hold,0.0938,0.1873,0.0713,0.046,0.0665,0.2026,0.1469,0.0044,0.1029,0.0784
2022-05-10,model_Momentum3M,Hold,0.0946,0.19,0.0721,0.0467,0.0672,0.2033,0.1453,0.0045,0.1021,0.0742
2022-05-11,model_Momentum3M,Hold,0.0944,0.1869,0.072,0.0455,0.0693,0.2066,0.145,0.0045,0.1009,0.0748
2022-05-12,model_Momentum3M,Hold,0.096,0.1865,0.0708,0.046,0.0686,0.2047,0.1448,0.0045,0.1028,0.0753
2022-05-13,model_Momentum3M,Hold,0.0957,0.1863,0.0695,0.0477,0.0727,0.2025,0.1457,0.0045,0.1005,0.075
2022-05-16,model_Momentum3M,Hold,0.0955,0.1858,0.0694,0.0467,0.0749,0.2017,0.1444,0.0045,0.1013,0.0759
2022-05-17,model_Momentum3M,Hold,0.0977,0.1851,0.0697,0.0477,0.0746,0.2033,0.1419,0.0045,0.1004,0.0751
2022-05-18,model_Momentum3M,Hold,0.0997,0.1809,0.0712,0.0459,0.0726,0.2064,0.1406,0.0044,0.1018,0.0764
2022-05-19,model_Momentum3M,Hold,0.0999,0.1814,0.0706,0.0462,0.0736,0.2071,0.141,0.0044,0.102,0.0737
2022-05-20,model_Momentum3M,Hold,0.1,0.1823,0.0695,0.046,0.0746,0.2088,0.1419,0.0043,0.0992,0.0733
2022-05-23,model_Momentum3M,Hold,0.1001,0.1839,0.0703,0.0453,0.0779,0.2059,0.1406,0.0044,0.0981,0.0736
2022-05-24,model_Momentum3M,Hold,0.0995,0.1822,0.0713,0.0441,0.0774,0.206,0.1409,0.0042,0.0995,0.0751
2022-05-25,model_Momentum3M,Hold,0.0984,0.1812,0.0718,0.0449,0.0803,0.2044,0.14,0.0041,0.0989,0.076
2022-05-26,model_Momentum3M,Hold,0.0976,0.1847,0.0718,0.0457,0.079,0.2049,0.1395,0.0041,0.0975,0.0752
2022-05-27,model_Momentum3M,Hold,0.0963,0.1873,0.0713,0.046,0.0797,0.2059,0.14,0.0042,0.0964,0.073
2022-05-31,model_Momentum3M,Hold,0.0978,0.1853,0.072,0.0485,0.0794,0.2038,0.1389,0.0043,0.097,0.0731
2022-06-01,model_Momentum3M,Hold,0.0965,0.1867,0.0716,0.0494,0.081,0.2031,0.1381,0.0043,0.0958,0.0736
2022-06-02,model_Momentum3M,Hold,0.0966,0.188,0.0701,0.05,0.0791,0.2068,0.1377,0.0043,0.0951,0.0723
2022-06-03,model_Momentum3M,Hold,0.0966,0.1885,0.0696,0.0491,0.0812,0.2079,0.1361,0.0043,0.0944,0.0724
2022-06-06,model_Momentum3M,Hold,0.096,0.1874,0.0697,0.0498,0.0812,0.2111,0.1347,0.0043,0.0941,0.0717
2022-06-07,model_Momentum3M,Hold,0.0953,0.1864,0.0694,0.0486,0.085,0.2115,0.1347,0.0043,0.0935,0.0715
2022-06-08,model_Momentum3M,Hold,0.0961,0.1891,0.0703,0.0492,0.0869,0.2103,0.1314,0.0044,0.0951,0.0673
2022-06-09,model_Momentum3M,Hold,0.0961,0.1878,0.0699,0.048,0.0865,0.2151,0.129,0.0044,0.0959,0.0673
2022-06-10,model_Momentum3M,Hold,0.0961,0.1871,0.0697,0.0466,0.0868,0.2165,0.129,0.0044,0.0942,0.0697
2022-06-13,model_Momentum3M,Hold,0.0964,0.1878,0.0699,0.0457,0.0842,0.2198,0.1252,0.0043,0.0969,0.0697
2022-06-14,model_Momentum3M,Hold,0.0945,0.1885,0.0705,0.0455,0.0857,0.2186,0.125,0.0044,0.097,0.0704
2022-06-15,model_Momentum3M,Hold,0.0956,0.1913,0.0706,0.0476,0.0844,0.2171,0.1244,0.0045,0.0956,0.0689
2022-06-16,model_Momentum3M,Hold,0.0961,0.1903,0.0713,0.0473,0.0798,0.2202,0.1236,0.0045,0.0963,0.0707
2022-06-17,model_Momentum3M,Hold,0.0964,0.1932,0.0713,0.0484,0.0748,0.2208,0.1246,0.0045,0.0953,0.0705
2022-06-21,model_Momentum3M,Hold,0.0965,0.195,0.0716,0.0487,0.0757,0.2217,0.1224,0.0046,0.0939,0.0699
2022-06-22,model_Momentum3M,Hold,0.0981,0.1988,0.0718,0.0491,0.0708,0.2232,0.1248,0.0047,0.0948,0.0639
2022-06-23,model_Momentum3M,Hold,0.0983,0.1973,0.0709,0.0504,0.068,0.2229,0.1284,0.0047,0.094,0.0651
2022-06-24,model_Momentum3M,Hold,0.0977,0.1994,0.0712,0.0504,0.066,0.2239,0.1289,0.0047,0.0936,0.0641
2022-06-27,model_Momentum3M,Hold,0.0983,0.1967,0.0719,0.0494,0.0685,0.2207,0.132,0.0047,0.0934,0.0644
2022-06-28,model_Momentum3M,Hold,0.0978,0.1935,0.073,0.0475,0.0719,0.2205,0.1328,0.0046,0.093,0.0653
2022-06-29,model_Momentum3M,Hold,0.1004,0.192,0.0729,0.0485,0.0674,0.2225,0.1348,0.0046,0.0932,0.0636
2022-06-30,model_Momentum3M,Hold,0.1006,0.1918,0.0732,0.0476,0.0655,0.223,0.1361,0.0045,0.0936,0.064
2022-07-01,model_Momentum3M,Rebalance,0.1492,0.1688,0.0659,0.0151,0.0492,0.167,0.1975,0.0116,0.1435,0.0321
2022-07-05,model_Momentum3M,Hold,0.1492,0.1668,0.0656,0.0157,0.046,0.1664,0.2007,0.0122,0.1455,0.0319
2022-07-06,model_Momentum3M,Hold,0.1485,0.1675,0.0661,0.0159,0.045,0.1647,0.2019,0.0124,0.1464,0.0315
2022-07-07,model_Momentum3M,Hold,0.1486,0.1684,0.0662,0.016,0.0482,0.1626,0.1999,0.0127,0.1456,0.0318
2022-07-08,model_Momentum3M,Hold,0.1496,0.1697,0.0666,0.0161,0.0491,0.1615,0.1973,0.0129,0.1454,0.0319
2022-07-11,model_Momentum3M,Hold,0.1501,0.1683,0.0668,0.0157,0.0485,0.164,0.1948,0.0126,0.1467,0.0324
2022-07-12,model_Momentum3M,Hold,0.1501,0.1685,0.0668,0.0154,0.0462,0.1633,0.1954,0.0125,0.1489,0.0329
2022-07-13,model_Momentum3M,Hold,0.1491,0.1703,0.0663,0.0157,0.0475,0.1626,0.1944,0.0124,0.1487,0.033
2022-07-14,model_Momentum3M,Hold,0.1513,0.1706,0.0659,0.016,0.0463,0.1607,0.1928,0.0124,0.1508,0.0333
2022-07-15,model_Momentum3M,Hold,0.1525,0.1689,0.0656,0.0161,0.0459,0.1597,0.1962,0.0123,0.1498,0.0329
2022-07-18,model_Momentum3M,Hold,0.1511,0.1684,0.0659,0.0162,0.0474,0.1597,0.1964,0.0121,0.1495,0.0333
2022-07-19,model_Momentum3M,Hold,0.1505,0.1702,0.0648,0.0164,0.0482,0.1593,0.1968,0.0123,0.1486,0.0328
2022-07-20,model_Momentum3M,Hold,0.1477,0.1707,0.0643,0.017,0.0489,0.1599,0.1978,0.0122,0.1491,0.0323
2022-07-21,model_Momentum3M,Hold,0.1497,0.1728,0.0641,0.017,0.0463,0.1604,0.1964,0.0122,0.1488,0.0323
2022-07-22,model_Momentum3M,Hold,0.1478,0.173,0.0644,0.0168,0.0451,0.1606,0.1993,0.0115,0.1491,0.0326
2022-07-25,model_Momentum3M,Hold,0.1462,0.173,0.0651,0.0165,0.0477,0.1603,0.1985,0.0114,0.1484,0.033
2022-07-26,model_Momentum3M,Hold,0.1453,0.1686,0.0639,0.0155,0.0463,0.1581,0.2044,0.011,0.154,0.0328
2022-07-27,model_Momentum3M,Hold,0.1444,0.1734,0.0633,0.0161,0.0475,0.158,0.2037,0.0117,0.1497,0.0323
2022-07-28,model_Momentum3M,Hold,0.1424,0.1739,0.0627,0.016,0.0472,0.1594,0.2064,0.0116,0.1488,0.0317
2022-07-29,model_Momentum3M,Hold,0.1386,0.1731,0.0628,0.0174,0.0487,0.1599,0.2069,0.0117,0.1498,0.0312
2022-08-01,model_Momentum3M,Hold,0.1401,0.173,0.0625,0.0175,0.0473,0.16,0.206,0.0116,0.1506,0.0315
2022-08-02,model_Momentum3M,Hold,0.1404,0.1735,0.0654,0.0175,0.0477,0.1595,0.2022,0.0117,0.1504,0.0316
2022-08-03,model_Momentum3M,Hold,0.1407,0.1756,0.0652,0.0181,0.0454,0.1595,0.2005,0.0119,0.1513,0.0317
2022-08-04,model_Momentum3M,Hold,0.1394,0.1751,0.0647,0.0183,0.0401,0.1656,0.1991,0.0118,0.1545,0.0314
2022-08-05,model_Momentum3M,Hold,0.1384,0.174,0.0649,0.018,0.0414,0.1684,0.1985,0.0117,0.1535,0.0312
2022-08-08,model_Momentum3M,Hold,0.1375,0.1737,0.0647,0.0178,0.0418,0.167,0.2009,0.0116,0.1538,0.0311
2022-08-09,model_Momentum3M,Hold,0.1366,0.174,0.0659,0.0176,0.0425,0.1657,0.2011,0.0116,0.1537,0.0312
2022-08-10,model_Momentum3M,Hold,0.1366,0.174,0.0659,0.0179,0.0423,0.1665,0.2023,0.0117,0.152,0.0309
2022-08-11,model_Momentum3M,Hold,0.1365,0.1725,0.0667,0.0176,0.0443,0.1655,0.2023,0.0116,0.1519,0.0311
2022-08-12,model_Momentum3M,Hold,0.1355,0.1729,0.067,0.0177,0.0434,0.1666,0.2027,0.0116,0.152,0.0306
2022-08-15,model_Momentum3M,Hold,0.136,0.1728,0.0671,0.0176,0.0419,0.1685,0.2026,0.0117,0.1512,0.0307
2022-08-16,model_Momentum3M,Hold,0.136,0.1729,0.0669,0.0178,0.0415,0.168,0.2043,0.0116,0.1499,0.031
2022-08-17,model_Momentum3M,Hold,0.1357,0.1735,0.0676,0.0176,0.0424,0.1664,0.2054,0.0116,0.1486,0.0311
2022-08-18,model_Momentum3M,Hold,0.1353,0.1745,0.0684,0.0177,0.0462,0.1666,0.2001,0.0116,0.1483,0.0313
2022-08-19,model_Momentum3M,Hold,0.1368,0.174,0.0682,0.0174,0.0462,0.1658,0.1988,0.0115,0.1498,0.0316
2022-08-22,model_Momentum3M,Hold,0.1359,0.174,0.0678,0.017,0.0478,0.1669,0.1986,0.0114,0.1486,0.032
2022-08-23,model_Momentum3M,Hold,0.1346,0.1728,0.0678,0.0172,0.0506,0.1678,0.1962,0.0114,0.1493,0.0323
2022-08-24,model_Momentum3M,Hold,0.1334,0.172,0.0675,0.0171,0.0524,0.1681,0.1976,0.0113,0.1481,0.0324
2022-08-25,model_Momentum3M,Hold,0.1324,0.1719,0.0675,0.0174,0.0519,0.1686,0.1985,0.0115,0.1481,0.0324
2022-08-26,model_Momentum3M,Hold,0.1322,0.1717,0.0685,0.0172,0.0536,0.1722,0.201,0.0113,0.1391,0.0332
2022-08-29,model_Momentum3M,Hold,0.1332,0.1713,0.0689,0.0172,0.0556,0.1724,0.1996,0.0113,0.1372,0.0334
2022-08-30,model_Momentum3M,Hold,0.1353,0.1719,0.069,0.0172,0.0535,0.1713,0.1998,0.0114,0.1372,0.0334
2022-08-31,model_Momentum3M,Hold,0.1368,0.1707,0.0687,0.0171,0.0536,0.1702,0.2005,0.0114,0.1375,0.0336
2022-09-01,model_Momentum3M,Hold,0.1398,0.1709,0.0688,0.0172,0.052,0.1686,0.1984,0.0115,0.139,0.0338
2022-09-02,model_Momentum3M,Hold,0.1386,0.1705,0.0696,0.0174,0.0539,0.1686,0.1993,0.0115,0.1365,0.034
2022-09-06,model_Momentum3M,Hold,0.1395,0.1709,0.0701,0.0173,0.0528,0.1692,0.2033,0.0114,0.1315,0.0338
2022-09-07,model_Momentum3M,Hold,0.1398,0.1699,0.0705,0.0175,0.0503,0.1714,0.202,0.0115,0.1336,0.0335
2022-09-08,model_Momentum3M,Hold,0.1418,0.1694,0.0709,0.0174,0.0503,0.1702,0.204,0.0113,0.1312,0.0334
2022-09-09,model_Momentum3M,Hold,0.1417,0.1684,0.0701,0.0176,0.0511,0.1698,0.2034,0.0114,0.1334,0.0332
2022-09-12,model_Momentum3M,Hold,0.1407,0.1687,0.0697,0.0178,0.0529,0.1716,0.2022,0.0112,0.1327,0.0324
2022-09-13,model_Momentum3M,Hold,0.1413,0.1668,0.0704,0.0171,0.0537,0.173,0.2012,0.011,0.1335,0.032
2022-09-14,model_Momentum3M,Hold,0.1419,0.1659,0.07,0.0174,0.0576,0.1732,0.2,0.0111,0.1309,0.032
2022-09-15,model_Momentum3M,Hold,0.1427,0.1652,0.0702,0.0174,0.058,0.1708,0.201,0.011,0.1313,0.0326
2022-09-16,model_Momentum3M,Hold,0.142,0.1652,0.0704,0.0171,0.0568,0.1708,0.2016,0.0111,0.1321,0.033
2022-09-19,model_Momentum3M,Hold,0.1417,0.1662,0.0713,0.0172,0.0566,0.1718,0.1989,0.0111,0.1318,0.0334
2022-09-20,model_Momentum3M,Hold,0.1416,0.166,0.0726,0.0171,0.0563,0.1714,0.1963,0.011,0.1338,0.0339
2022-09-21,model_Momentum3M,Hold,0.1417,0.1659,0.073,0.0169,0.0556,0.172,0.195,0.011,0.1342,0.0346
2022-09-22,model_Momentum3M,Hold,0.1432,0.165,0.0721,0.0168,0.0541,0.171,0.1974,0.0112,0.1342,0.035
2022-09-23,model_Momentum3M,Hold,0.1445,0.1656,0.0719,0.0165,0.0485,0.1721,0.2012,0.0112,0.1345,0.0341
2022-09-26,model_Momentum3M,Hold,0.1454,0.1664,0.0717,0.017,0.0477,0.1705,0.1991,0.0113,0.1365,0.0345
2022-09-27,model_Momentum3M,Hold,0.1441,0.1667,0.0719,0.017,0.0492,0.171,0.1981,0.0112,0.1367,0.0341
2022-09-28,model_Momentum3M,Hold,0.1419,0.1671,0.0713,0.0172,0.0512,0.1708,0.199,0.0113,0.1363,0.034
2022-09-29,model_Momentum3M,Hold,0.1429,0.1666,0.0713,0.0169,0.0522,0.1704,0.1989,0.0112,0.1355,0.0342
2022-09-30,model_Momentum3M,Hold,0.1411,0.1666,0.0711,0.0167,0.0513,0.1729,0.2021,0.011,0.1337,0.0336
2022-10-03,model_Momentum3M,Rebalance,0.0844,0.1623,0.1204,0.0412,0.0892,0.1662,0.1066,0.0047,0.1345,0.0905
2022-10-04,model_Momentum3M,Hold,0.0847,0.1627,0.1209,0.0416,0.0907,0.1674,0.1042,0.0047,0.133,0.09
2022-10-05,model_Momentum3M,Hold,0.0852,0.1633,0.1207,0.0417,0.0942,0.1645,0.1016,0.0047,0.133,0.0912
2022-10-06,model_Momentum3M,Hold,0.0853,0.162,0.1208,0.0419,0.0991,0.1632,0.1011,0.0048,0.1296,0.0923
2022-10-07,model_Momentum3M,Hold,0.0868,0.1599,0.1206,0.0409,0.1022,0.1623,0.1001,0.0047,0.1284,0.0941
2022-10-10,model_Momentum3M,Hold,0.0865,0.1593,0.1218,0.0407,0.0993,0.1634,0.0985,0.0047,0.1299,0.0958
2022-10-11,model_Momentum3M,Hold,0.0871,0.1565,0.1221,0.0402,0.0978,0.1627,0.1004,0.0047,0.1306,0.0979
2022-10-12,model_Momentum3M,Hold,0.0861,0.1561,0.1212,0.0407,0.0989,0.1621,0.0998,0.0047,0.1313,0.0992
2022-10-13,model_Momentum3M,Hold,0.0859,0.1559,0.1222,0.0393,0.0985,0.1632,0.098,0.0047,0.1336,0.0987
2022-10-14,model_Momentum3M,Hold,0.0863,0.1561,0.1236,0.0381,0.0959,0.1628,0.0977,0.0046,0.1356,0.0993
2022-10-17,model_Momentum3M,Hold,0.0872,0.1594,0.1226,0.0399,0.0948,0.1635,0.098,0.0047,0.1336,0.0963
2022-10-18,model_Momentum3M,Hold,0.0875,0.159,0.1226,0.0404,0.0932,0.1653,0.0968,0.0047,0.1348,0.0958
2022-10-19,model_Momentum3M,Hold,0.0823,0.16,0.1233,0.0402,0.0987,0.1658,0.0951,0.0047,0.1336,0.0962
2022-10-20,model_Momentum3M,Hold,0.081,0.1607,0.1228,0.0408,0.0997,0.1658,0.0953,0.0048,0.1341,0.095
2022-10-21,model_Momentum3M,Hold,0.0789,0.1615,0.1236,0.0413,0.1012,0.1638,0.0951,0.0047,0.1352,0.0947
2022-10-24,model_Momentum3M,Hold,0.0803,0.1624,0.1235,0.0408,0.101,0.163,0.0942,0.0047,0.1349,0.0952
2022-10-25,model_Momentum3M,Hold,0.0786,0.1627,0.1215,0.0403,0.1025,0.1652,0.0977,0.0047,0.1326,0.0942
2022-10-26,model_Momentum3M,Hold,0.0785,0.1613,0.1208,0.0385,0.1038,0.1645,0.097,0.0043,0.1365,0.0948
2022-10-27,model_Momentum3M,Hold,0.0777,0.1615,0.1228,0.0371,0.1036,0.1634,0.0989,0.0042,0.1373,0.0935
2022-10-28,model_Momentum3M,Hold,0.0782,0.1633,0.1244,0.0339,0.1009,0.1636,0.0994,0.0043,0.1387,0.0934
2022-10-31,model_Momentum3M,Hold,0.0783,0.1621,0.1258,0.0338,0.1015,0.162,0.0997,0.0042,0.1387,0.0939
2022-11-01,model_Momentum3M,Hold,0.0785,0.1606,0.1289,0.0319,0.1022,0.163,0.0993,0.004,0.1381,0.0936
2022-11-02,model_Momentum3M,Hold,0.0793,0.1591,0.1317,0.0311,0.101,0.1622,0.0999,0.004,0.1386,0.0931
2022-11-03,model_Momentum3M,Hold,0.0775,0.149,0.1294,0.0299,0.1072,0.1735,0.0997,0.0038,0.1376,0.0925
2022-11-04,model_Momentum3M,Hold,0.0769,0.1479,0.1287,0.0297,0.1085,0.1771,0.0993,0.0038,0.1365,0.0916
2022-11-07,model_Momentum3M,Hold,0.0773,0.1508,0.1286,0.0293,0.1085,0.1763,0.0989,0.0039,0.135,0.0914
2022-11-08,model_Momentum3M,Hold,0.0772,0.1504,0.1286,0.029,0.1072,0.1793,0.0978,0.0039,0.1353,0.0912
2022-11-09,model_Momentum3M,Hold,0.0785,0.1517,0.1301,0.0283,0.1015,0.1807,0.0977,0.0039,0.1362,0.0915
2022-11-10,model_Momentum3M,Hold,0.0787,0.1565,0.129,0.0304,0.1002,0.1789,0.1006,0.004,0.136,0.0857
2022-11-11,model_Momentum3M,Hold,0.0779,0.1567,0.1285,0.0314,0.103,0.1765,0.098,0.0041,0.1387,0.0852
2022-11-14,model_Momentum3M,Hold,0.0771,0.1577,0.1269,0.031,0.1008,0.1824,0.0967,0.0041,0.1381,0.0853
2022-11-15,model_Momentum3M,Hold,0.0771,0.1579,0.1289,0.0308,0.1035,0.1801,0.0971,0.0041,0.1367,0.0837
2022-11-16,model_Momentum3M,Hold,0.078,0.1584,0.1309,0.0305,0.1008,0.1817,0.0962,0.0042,0.1351,0.0842
2022-11-17,model_Momentum3M,Hold,0.0777,0.1571,0.1314,0.0299,0.1004,0.1818,0.0968,0.0042,0.1359,0.0849
2022-11-18,model_Momentum3M,Hold,0.0784,0.1561,0.1315,0.0296,0.0987,0.183,0.0983,0.0041,0.1349,0.0856
2022-11-21,model_Momentum3M,Hold,0.0784,0.1563,0.1323,0.0291,0.0964,0.1829,0.0981,0.0041,0.1358,0.0867
2022-11-22,model_Momentum3M,Hold,0.0774,0.1561,0.1305,0.0287,0.0996,0.1866,0.0978,0.004,0.1339,0.0855
2022-11-23,model_Momentum3M,Hold,0.0784,0.1573,0.1308,0.029,0.0977,0.1864,0.0974,0.0041,0.1335,0.0854
2022-11-25,model_Momentum3M,Hold,0.0787,0.1575,0.1311,0.0287,0.0965,0.1866,0.0984,0.004,0.134,0.0845
2022-11-28,model_Momentum3M,Hold,0.0792,0.1576,0.131,0.0294,0.0954,0.1871,0.0971,0.0041,0.1321,0.087
2022-11-29,model_Momentum3M,Hold,0.0785,0.1555,0.1302,0.0288,0.0984,0.1848,0.0989,0.004,0.133,0.0879
2022-11-30,model_Momentum3M,Hold,0.0788,0.1591,0.1294,0.0295,0.0969,0.1858,0.0989,0.0042,0.1301,0.0875
2022-12-01,model_Momentum3M,Hold,0.0789,0.1598,0.1291,0.0291,0.0964,0.1865,0.0982,0.0041,0.1299,0.0881
2022-12-02,model_Momentum3M,Hold,0.0786,0.1576,0.1292,0.0285,0.0967,0.1894,0.0967,0.0041,0.1302,0.0889
2022-12-05,model_Momentum3M,Hold,0.0781,0.1567,0.1294,0.0281,0.0957,0.191,0.0968,0.0041,0.1303,0.0898
2022-12-06,model_Momentum3M,Hold,0.0782,0.1553,0.1316,0.0277,0.0933,0.1923,0.0958,0.0041,0.1324,0.0893
2022-12-07,model_Momentum3M,Hold,0.0786,0.1552,0.1311,0.0276,0.0924,0.1935,0.0947,0.004,0.1336,0.0892
2022-12-08,model_Momentum3M,Hold,0.0796,0.1571,0.1286,0.028,0.0899,0.1948,0.096,0.0039,0.1323,0.0895
2022-12-09,model_Momentum3M,Hold,0.0807,0.1563,0.129,0.0279,0.0887,0.1931,0.0972,0.0039,0.1332,0.09
2022-12-12,model_Momentum3M,Hold,0.081,0.1561,0.1286,0.0279,0.0917,0.1932,0.0963,0.0039,0.1323,0.0891
2022-12-13,model_Momentum3M,Hold,0.0814,0.1557,0.1267,0.0281,0.0945,0.1942,0.0967,0.0039,0.1311,0.0877
2022-12-14,model_Momentum3M,Hold,0.0816,0.1544,0.1269,0.028,0.0933,0.1952,0.0974,0.0039,0.1305,0.0887
2022-12-15,model_Momentum3M,Hold,0.0814,0.1522,0.1277,0.0276,0.0954,0.194,0.0979,0.0038,0.1295,0.0904
2022-12-16,model_Momentum3M,Hold,0.0817,0.146,0.1296,0.028,0.0945,0.1978,0.0961,0.0039,0.1312,0.0913
2022-12-19,model_Momentum3M,Hold,0.0822,0.1421,0.1305,0.0273,0.0954,0.1978,0.0964,0.0038,0.1328,0.0917
2022-12-20,model_Momentum3M,Hold,0.0816,0.1449,0.133,0.0272,0.0955,0.1959,0.0963,0.0038,0.1306,0.0913
2022-12-21,model_Momentum3M,Hold,0.0814,0.1461,0.1321,0.0272,0.0992,0.1936,0.0959,0.0038,0.131,0.0898
2022-12-22,model_Momentum3M,Hold,0.0823,0.1456,0.1326,0.0266,0.0961,0.1947,0.0965,0.0038,0.1306,0.0913
2022-12-23,model_Momentum3M,Hold,0.0817,0.1451,0.1331,0.0268,0.1008,0.1928,0.0965,0.0038,0.128,0.0915
2022-12-27,model_Momentum3M,Hold,0.0819,0.1445,0.1339,0.0261,0.1015,0.1927,0.0959,0.0037,0.1279,0.0918
2022-12-28,model_Momentum3M,Hold,0.0827,0.1456,0.1346,0.0261,0.0978,0.1942,0.0954,0.0037,0.1279,0.092
2022-12-29,model_Momentum3M,Hold,0.0834,0.1465,0.1339,0.0265,0.098,0.1926,0.096,0.0038,0.1286,0.0908
2022-12-30,model_Momentum3M,Hold,0.0831,0.1459,0.1338,0.0265,0.0998,0.1919,0.0965,0.0038,0.1281,0.0906
2023-01-03,model_Momentum3M,Rebalance,0.2656,0.0295,0.0992,0.0116,0.0789,0.0302,0.231,0.0216,0.1581,0.0743
2023-01-04,model_Momentum3M,Hold,0.2671,0.0291,0.0988,0.0114,0.0756,0.03,0.2333,0.0211,0.1601,0.0735
2023-01-05,model_Momentum3M,Hold,0.2697,0.0288,0.0995,0.0113,0.0759,0.0299,0.2302,0.0209,0.1594,0.0744
2023-01-06,model_Momentum3M,Hold,0.2667,0.0288,0.1003,0.0114,0.076,0.0299,0.2317,0.0207,0.1602,0.0743
2023-01-09,model_Momentum3M,Hold,0.2673,0.0294,0.0974,0.0116,0.0772,0.0302,0.2311,0.021,0.1609,0.0739
2023-01-10,model_Momentum3M,Hold,0.2691,0.0293,0.0973,0.0119,0.0763,0.0301,0.2308,0.0209,0.1613,0.0732
2023-01-11,model_Momentum3M,Hold,0.2643,0.0297,0.0961,0.0124,0.0764,0.0297,0.2374,0.0213,0.1606,0.0721
2023-01-12,model_Momentum3M,Hold,0.2606,0.0299,0.0957,0.0124,0.0789,0.0294,0.2402,0.0212,0.1605,0.0713
2023-01-13,model_Momentum3M,Hold,0.2638,0.0295,0.0964,0.0127,0.0783,0.0293,0.238,0.0213,0.1596,0.0711
2023-01-17,model_Momentum3M,Hold,0.2649,0.03,0.0964,0.0125,0.0784,0.029,0.2402,0.0212,0.1568,0.0708
2023-01-18,model_Momentum3M,Hold,0.2648,0.0297,0.0972,0.0126,0.0777,0.0291,0.2426,0.0215,0.1545,0.0701
2023-01-19,model_Momentum3M,Hold,0.267,0.0293,0.0961,0.0125,0.0801,0.029,0.2426,0.0221,0.1499,0.0713
2023-01-20,model_Momentum3M,Hold,0.2657,0.0297,0.0953,0.0128,0.0793,0.029,0.2435,0.0229,0.1506,0.071
2023-01-23,model_Momentum3M,Hold,0.2659,0.0293,0.095,0.0127,0.079,0.0291,0.2442,0.0231,0.1516,0.0701
2023-01-24,model_Momentum3M,Hold,0.2664,0.0293,0.0981,0.0127,0.0779,0.03,0.2472,0.023,0.1443,0.0711
2023-01-25,model_Momentum3M,Hold,0.2652,0.0294,0.0994,0.0129,0.0787,0.0302,0.2465,0.0226,0.143,0.072
2023-01-26,model_Momentum3M,Hold,0.2643,0.0294,0.0988,0.0131,0.0806,0.0305,0.2462,0.0231,0.1432,0.0707
2023-01-27,model_Momentum3M,Hold,0.26,0.0295,0.0982,0.0135,0.0808,0.0301,0.2501,0.0234,0.1445,0.07
2023-01-30,model_Momentum3M,Hold,0.2628,0.0296,0.0995,0.0134,0.079,0.0304,0.248,0.0231,0.1428,0.0714
2023-01-31,model_Momentum3M,Hold,0.2609,0.0297,0.0988,0.0136,0.0782,0.0306,0.2498,0.0232,0.144,0.0713
2023-02-01,model_Momentum3M,Hold,0.2611,0.0298,0.0974,0.0137,0.0757,0.0301,0.251,0.0233,0.1434,0.0745
2023-02-02,model_Momentum3M,Hold,0.2592,0.0306,0.0906,0.0145,0.0731,0.0276,0.2597,0.0247,0.1472,0.0728
2023-02-03,model_Momentum3M,Hold,0.2614,0.0305,0.0924,0.0135,0.0734,0.027,0.2583,0.0244,0.1456,0.0736
2023-02-06,model_Momentum3M,Hold,0.2604,0.0301,0.0931,0.0134,0.0738,0.0269,0.2589,0.024,0.1452,0.0741
2023-02-07,model_Momentum3M,Hold,0.2614,0.0303,0.093,0.0133,0.0762,0.0269,0.2564,0.025,0.1447,0.0729
2023-02-08,model_Momentum3M,Hold,0.2604,0.0303,0.0948,0.0132,0.0744,0.0275,0.258,0.0233,0.1444,0.0737
2023-02-09,model_Momentum3M,Hold,0.2589,0.0308,0.095,0.0131,0.0735,0.0278,0.2604,0.0226,0.1434,0.0745
2023-02-10,model_Momentum3M,Hold,0.257,0.0304,0.0945,0.0129,0.0773,0.0277,0.2591,0.0223,0.1434,0.0753
2023-02-13,model_Momentum3M,Hold,0.2563,0.0307,0.0955,0.0131,0.075,0.0274,0.2597,0.0222,0.1443,0.0758
2023-02-14,model_Momentum3M,Hold,0.2561,0.0306,0.0946,0.0133,0.0758,0.0272,0.2595,0.0225,0.1446,0.0759
2023-02-15,model_Momentum3M,Hold,0.2559,0.0309,0.0946,0.0134,0.0736,0.0275,0.2597,0.023,0.1451,0.0762
2023-02-16,model_Momentum3M,Hold,0.2567,0.0306,0.0958,0.0132,0.0726,0.0275,0.2581,0.023,0.1456,0.0769
2023-02-17,model_Momentum3M,Hold,0.2586,0.0302,0.0962,0.0131,0.0689,0.0274,0.2577,0.0227,0.147,0.0781
2023-02-21,model_Momentum3M,Hold,0.2572,0.0301,0.0968,0.0131,0.0706,0.0279,0.2572,0.0226,0.1456,0.079
2023-02-22,model_Momentum3M,Hold,0.2563,0.0303,0.0977,0.0133,0.0706,0.0281,0.256,0.0227,0.146,0.0789
2023-02-23,model_Momentum3M,Hold,0.2554,0.0304,0.097,0.0133,0.0728,0.0282,0.2554,0.0225,0.1457,0.0794
2023-02-24,model_Momentum3M,Hold,0.2537,0.0303,0.0992,0.0131,0.074,0.0287,0.2523,0.0224,0.1462,0.0799
2023-02-27,model_Momentum3M,Hold,0.2526,0.0304,0.0989,0.0132,0.0742,0.0293,0.2526,0.0226,0.1472,0.079
2023-02-28,model_Momentum3M,Hold,0.2577,0.0303,0.0989,0.0133,0.0726,0.0293,0.2498,0.0227,0.1466,0.0789
2023-03-01,model_Momentum3M,Hold,0.2577,0.0303,0.0997,0.0131,0.0757,0.0298,0.2404,0.023,0.1513,0.0791
2023-03-02,model_Momentum3M,Hold,0.2605,0.0303,0.0982,0.013,0.0764,0.03,0.2393,0.0232,0.1499,0.0791
2023-03-03,model_Momentum3M,Hold,0.262,0.0304,0.0983,0.0133,0.0771,0.0299,0.2375,0.0233,0.1499,0.0783
2023-03-06,model_Momentum3M,Hold,0.2588,0.0306,0.0984,0.0131,0.0755,0.0299,0.2414,0.0238,0.1487,0.0797
2023-03-07,model_Momentum3M,Hold,0.2579,0.0307,0.0991,0.0134,0.0754,0.0304,0.2399,0.0241,0.1484,0.0806
2023-03-08,model_Momentum3M,Hold,0.256,0.0306,0.0976,0.0135,0.0741,0.0303,0.2448,0.0241,0.1483,0.0809
2023-03-09,model_Momentum3M,Hold,0.2578,0.0308,0.0978,0.0135,0.0728,0.0303,0.2408,0.0242,0.1493,0.0826
2023-03-10,model_Momentum3M,Hold,0.2635,0.031,0.0997,0.0137,0.073,0.0309,0.2269,0.0245,0.1519,0.085
2023-03-13,model_Momentum3M,Hold,0.268,0.0309,0.0972,0.014,0.0704,0.031,0.2266,0.0247,0.1517,0.0855
2023-03-14,model_Momentum3M,Hold,0.2677,0.0309,0.0982,0.0143,0.0707,0.0314,0.2263,0.0254,0.15,0.0852
2023-03-15,model_Momentum3M,Hold,0.2685,0.0304,0.0963,0.0147,0.0657,0.0308,0.2294,0.0262,0.1516,0.0863
2023-03-16,model_Momentum3M,Hold,0.2704,0.0311,0.0977,0.0152,0.0669,0.0309,0.2231,0.0272,0.1528,0.0846
2023-03-17,model_Momentum3M,Hold,0.2701,0.0313,0.0977,0.0153,0.066,0.031,0.2216,0.0281,0.1541,0.0847
2023-03-20,model_Momentum3M,Hold,0.2688,0.0312,0.0997,0.0149,0.0675,0.031,0.2204,0.0276,0.1539,0.0849
2023-03-21,model_Momentum3M,Hold,0.2669,0.0315,0.1006,0.0152,0.0711,0.0306,0.2197,0.0283,0.152,0.0841
2023-03-22,model_Momentum3M,Hold,0.2699,0.0318,0.1007,0.0153,0.0715,0.0311,0.2148,0.0286,0.152,0.0844
2023-03-23,model_Momentum3M,Hold,0.2713,0.0342,0.1001,0.0154,0.071,0.0302,0.2136,0.0293,0.1517,0.0832
2023-03-24,model_Momentum3M,Hold,0.2707,0.0338,0.0994,0.0151,0.0712,0.0299,0.2178,0.0289,0.15,0.0832
2023-03-27,model_Momentum3M,Hold,0.2712,0.034,0.0996,0.015,0.0728,0.0301,0.2154,0.0281,0.1502,0.0836
2023-03-28,model_Momentum3M,Hold,0.268,0.0342,0.1005,0.0149,0.074,0.0306,0.2153,0.0277,0.1508,0.0839
2023-03-29,model_Momentum3M,Hold,0.2675,0.0342,0.0999,0.0151,0.0728,0.0303,0.2197,0.0273,0.1504,0.0827
2023-03-30,model_Momentum3M,Hold,0.2676,0.0344,0.0995,0.0153,0.0714,0.0306,0.2227,0.0271,0.1491,0.0823
2023-03-31,model_Momentum3M,Hold,0.2691,0.0342,0.0982,0.0153,0.0716,0.0311,0.2219,0.0274,0.15,0.0812
2023-04-03,model_Momentum3M,Rebalance,0.1428,0.1782,0.0749,0.0116,0.0408,0.1785,0.2206,0.0157,0.103,0.0338
2023-04-04,model_Momentum3M,Hold,0.1453,0.1793,0.0745,0.0118,0.0399,0.1772,0.2213,0.0159,0.1013,0.0336
2023-04-05,model_Momentum3M,Hold,0.1476,0.1768,0.0753,0.0115,0.0398,0.1767,0.2211,0.0159,0.1015,0.0337
2023-04-06,model_Momentum3M,Hold,0.1484,0.1768,0.0753,0.0116,0.0399,0.1753,0.2221,0.0165,0.1007,0.0336
2023-04-10,model_Momentum3M,Hold,0.1465,0.1766,0.0757,0.0116,0.0409,0.176,0.2212,0.0161,0.1017,0.0336
2023-04-11,model_Momentum3M,Hold,0.1452,0.1785,0.0761,0.0113,0.0415,0.1763,0.2183,0.0159,0.103,0.0339
2023-04-12,model_Momentum3M,Hold,0.1448,0.1784,0.0768,0.0111,0.0414,0.1781,0.2165,0.0159,0.1032,0.0338
2023-04-13,model_Momentum3M,Hold,0.1464,0.1786,0.0768,0.0116,0.0421,0.178,0.2121,0.0162,0.1045,0.0338
2023-04-14,model_Momentum3M,Hold,0.1478,0.1759,0.0772,0.0117,0.0427,0.1779,0.2115,0.0165,0.1048,0.0341
2023-04-17,model_Momentum3M,Hold,0.1471,0.1746,0.0768,0.0116,0.0409,0.1761,0.2183,0.0159,0.1047,0.034
2023-04-18,model_Momentum3M,Hold,0.1465,0.1745,0.0772,0.0115,0.0408,0.177,0.218,0.0157,0.1042,0.0345
2023-04-19,model_Momentum3M,Hold,0.1555,0.1717,0.076,0.0116,0.0396,0.1759,0.2178,0.0154,0.1024,0.0342
2023-04-20,model_Momentum3M,Hold,0.1543,0.1707,0.0762,0.0116,0.0391,0.1788,0.2174,0.0157,0.1021,0.0342
2023-04-21,model_Momentum3M,Hold,0.1559,0.1709,0.0755,0.012,0.0385,0.1774,0.2181,0.0157,0.1017,0.0343
2023-04-24,model_Momentum3M,Hold,0.1539,0.1712,0.0755,0.0119,0.0391,0.1788,0.2171,0.0158,0.1021,0.0346
2023-04-25,model_Momentum3M,Hold,0.1558,0.1699,0.0764,0.0116,0.0381,0.1796,0.2144,0.0157,0.1031,0.0354
2023-04-26,model_Momentum3M,Hold,0.1552,0.1716,0.0765,0.012,0.0374,0.1783,0.2152,0.0158,0.1024,0.0355
2023-04-27,model_Momentum3M,Hold,0.1531,0.1706,0.0796,0.0123,0.037,0.1781,0.2154,0.0161,0.1027,0.0351
2023-04-28,model_Momentum3M,Hold,0.1528,0.1717,0.0792,0.0117,0.0378,0.178,0.2156,0.0159,0.1024,0.035
2023-05-01,model_Momentum3M,Hold,0.154,0.1717,0.08,0.0113,0.0379,0.1796,0.2121,0.0159,0.1023,0.0352
2023-05-02,model_Momentum3M,Hold,0.157,0.1726,0.0792,0.0117,0.0359,0.1801,0.2113,0.0158,0.1011,0.0353
2023-05-03,model_Momentum3M,Hold,0.1571,0.1714,0.0776,0.0117,0.0356,0.1807,0.2145,0.0158,0.1008,0.0348
2023-05-04,model_Momentum3M,Hold,0.1578,0.1681,0.078,0.0118,0.034,0.1811,0.2172,0.0159,0.101,0.0349
2023-05-05,model_Momentum3M,Hold,0.1566,0.1656,0.078,0.0119,0.0347,0.1826,0.2185,0.0159,0.1014,0.035
2023-05-08,model_Momentum3M,Hold,0.1568,0.1659,0.0784,0.012,0.0347,0.1827,0.2172,0.0163,0.1009,0.0351
2023-05-09,model_Momentum3M,Hold,0.1583,0.1676,0.0794,0.0123,0.0353,0.1758,0.2186,0.0165,0.1009,0.0355
2023-05-10,model_Momentum3M,Hold,0.1579,0.17,0.0781,0.0126,0.0347,0.1753,0.2191,0.017,0.1004,0.0349
2023-05-11,model_Momentum3M,Hold,0.1577,0.1728,0.0783,0.0129,0.0351,0.1732,0.2166,0.0178,0.1007,0.0348
2023-05-12,model_Momentum3M,Hold,0.158,0.1757,0.0775,0.0126,0.035,0.1739,0.2146,0.018,0.1,0.0348
2023-05-15,model_Momentum3M,Hold,0.1567,0.1754,0.0773,0.0127,0.0348,0.1742,0.2164,0.0178,0.1,0.0346
2023-05-16,model_Momentum3M,Hold,0.158,0.1786,0.0776,0.0131,0.0339,0.174,0.2131,0.0184,0.0987,0.0346
2023-05-17,model_Momentum3M,Hold,0.1554,0.1802,0.078,0.0132,0.0345,0.1725,0.2135,0.0184,0.0998,0.0345
2023-05-18,model_Momentum3M,Hold,0.155,0.1821,0.0789,0.0135,0.0347,0.1722,0.2098,0.0187,0.1008,0.0343
2023-05-19,model_Momentum3M,Hold,0.1553,0.1832,0.0787,0.0133,0.0353,0.1739,0.2073,0.0187,0.0999,0.0344
2023-05-22,model_Momentum3M,Hold,0.1539,0.1833,0.0781,0.0131,0.0353,0.1709,0.2101,0.019,0.1023,0.034
2023-05-23,model_Momentum3M,Hold,0.1516,0.183,0.0781,0.0132,0.036,0.1702,0.2126,0.0188,0.1022,0.0343
2023-05-24,model_Momentum3M,Hold,0.1515,0.1851,0.0776,0.0136,0.0371,0.1724,0.2091,0.0188,0.1,0.0348
2023-05-25,model_Momentum3M,Hold,0.1496,0.1893,0.0781,0.0135,0.0361,0.1742,0.2045,0.0193,0.1006,0.0348
2023-05-26,model_Momentum3M,Hold,0.1489,0.1948,0.077,0.0139,0.0359,0.1733,0.2032,0.0193,0.0993,0.0344
2023-05-30,model_Momentum3M,Hold,0.147,0.1976,0.0778,0.0141,0.0345,0.1732,0.2042,0.0191,0.0983,0.0341
2023-05-31,model_Momentum3M,Hold,0.1485,0.1974,0.0772,0.0141,0.0343,0.1714,0.2075,0.0191,0.0962,0.0344
2023-06-01,model_Momentum3M,Hold,0.1492,0.1962,0.0775,0.0143,0.0345,0.1733,0.2047,0.0192,0.0968,0.0344
2023-06-02,model_Momentum3M,Hold,0.1468,0.1944,0.0774,0.014,0.0352,0.1731,0.2041,0.0188,0.1022,0.034
2023-06-05,model_Momentum3M,Hold,0.1477,0.192,0.0789,0.0143,0.0349,0.1742,0.2063,0.0192,0.0987,0.0338
2023-06-06,model_Momentum3M,Hold,0.1452,0.1931,0.079,0.0143,0.035,0.1723,0.21,0.0192,0.0984,0.0336
2023-06-07,model_Momentum3M,Hold,0.142,0.1925,0.0788,0.0136,0.0356,0.1724,0.2136,0.0183,0.0998,0.0335
2023-06-08,model_Momentum3M,Hold,0.1415,0.1912,0.079,0.014,0.0354,0.174,0.2125,0.0183,0.1001,0.0339
2023-06-09,model_Momentum3M,Hold,0.143,0.1924,0.08,0.0139,0.0348,0.1713,0.2129,0.0184,0.0994,0.0338
2023-06-12,model_Momentum3M,Hold,0.1421,0.1934,0.0795,0.0142,0.0343,0.1709,0.2129,0.0185,0.1004,0.0339
2023-06-13,model_Momentum3M,Hold,0.1411,0.1934,0.0793,0.014,0.0346,0.1725,0.2123,0.0183,0.1007,0.0337
2023-06-14,model_Momentum3M,Hold,0.1427,0.193,0.0785,0.014,0.0345,0.1746,0.2117,0.0183,0.0998,0.033
2023-06-15,model_Momentum3M,Hold,0.1435,0.196,0.0786,0.0139,0.0351,0.1737,0.2078,0.0182,0.1004,0.0328
2023-06-16,model_Momentum3M,Hold,0.1465,0.1953,0.079,0.0139,0.0352,0.1768,0.2,0.0182,0.1021,0.033
2023-06-20,model_Momentum3M,Hold,0.1488,0.1961,0.078,0.014,0.0346,0.1764,0.1997,0.0183,0.101,0.0329
2023-06-21,model_Momentum3M,Hold,0.149,0.1946,0.0781,0.014,0.0356,0.1773,0.1993,0.018,0.1007,0.0335
2023-06-22,model_Momentum3M,Hold,0.1528,0.1922,0.0787,0.0147,0.0348,0.1778,0.1965,0.0186,0.1004,0.0336
2023-06-23,model_Momentum3M,Hold,0.1543,0.1888,0.0791,0.0148,0.0345,0.1787,0.1956,0.0187,0.1018,0.0337
2023-06-26,model_Momentum3M,Hold,0.1534,0.1863,0.0788,0.0144,0.0346,0.177,0.2032,0.0179,0.1004,0.034
2023-06-27,model_Momentum3M,Hold,0.1515,0.1874,0.0795,0.0145,0.0341,0.1791,0.2045,0.0178,0.0977,0.0339
2023-06-28,model_Momentum3M,Hold,0.152,0.1888,0.0797,0.0146,0.0348,0.1799,0.1995,0.0181,0.0985,0.0341
2023-06-29,model_Momentum3M,Hold,0.1502,0.1906,0.0796,0.0143,0.0351,0.1798,0.2008,0.0177,0.098,0.0341
2023-06-30,model_Momentum3M,Hold,0.1507,0.1891,0.0796,0.0144,0.035,0.1822,0.1993,0.0177,0.0979,0.034
2023-07-03,model_Momentum3M,Rebalance,0.1319,0.2528,0.036,0.046,0.0154,0.2623,0.1336,0.0653,0.0432,0.0134
2023-07-05,model_Momentum3M,Hold,0.1331,0.2539,0.0362,0.0464,0.0157,0.2563,0.1356,0.0668,0.0425,0.0136
2023-07-06,model_Momentum3M,Hold,0.1335,0.2536,0.0362,0.0459,0.0154,0.2575,0.1363,0.0662,0.0417,0.0137
2023-07-07,model_Momentum3M,Hold,0.1328,0.2524,0.0365,0.0466,0.016,0.2572,0.1366,0.066,0.0422,0.0137
2023-07-10,model_Momentum3M,Hold,0.1334,0.2542,0.0362,0.0455,0.0161,0.2596,0.1353,0.0643,0.0421,0.0133
2023-07-11,model_Momentum3M,Hold,0.133,0.2532,0.0364,0.0458,0.017,0.2564,0.1369,0.0641,0.0438,0.0134
2023-07-12,model_Momentum3M,Hold,0.1309,0.2552,0.0359,0.0461,0.0169,0.2589,0.135,0.0645,0.0433,0.0133
2023-07-13,model_Momentum3M,Hold,0.1309,0.2529,0.0353,0.0467,0.0172,0.2596,0.1345,0.0667,0.0432,0.0131
2023-07-14,model_Momentum3M,Hold,0.1311,0.2532,0.0351,0.0468,0.0163,0.2592,0.1352,0.0671,0.043,0.0131
2023-07-17,model_Momentum3M,Hold,0.13,0.2566,0.0355,0.0464,0.0162,0.2599,0.1329,0.0667,0.0428,0.0131
2023-07-18,model_Momentum3M,Hold,0.1298,0.2584,0.0358,0.0461,0.0168,0.2587,0.132,0.0662,0.0432,0.013
2023-07-19,model_Momentum3M,Hold,0.1301,0.2552,0.0359,0.0469,0.0169,0.2587,0.1348,0.0652,0.0434,0.013
2023-07-20,model_Momentum3M,Hold,0.1352,0.2495,0.0364,0.0449,0.0169,0.2604,0.1365,0.0635,0.0436,0.0131
2023-07-21,model_Momentum3M,Hold,0.137,0.2491,0.0361,0.0445,0.0171,0.2593,0.1375,0.0634,0.0433,0.0129
2023-07-24,model_Momentum3M,Hold,0.1375,0.2481,0.0361,0.0442,0.0174,0.2589,0.1374,0.0642,0.0433,0.0129
2023-07-25,model_Momentum3M,Hold,0.1344,0.2494,0.0358,0.0439,0.0173,0.26,0.137,0.064,0.0452,0.0128
2023-07-26,model_Momentum3M,Hold,0.1348,0.2469,0.0357,0.0433,0.0174,0.2558,0.14,0.0673,0.046,0.0127
2023-07-27,model_Momentum3M,Hold,0.1335,0.2494,0.0355,0.0434,0.0172,0.2564,0.1387,0.0675,0.0456,0.0128
2023-07-28,model_Momentum3M,Hold,0.1332,0.2462,0.0355,0.0447,0.0175,0.2562,0.1391,0.069,0.0457,0.0127
2023-07-31,model_Momentum3M,Hold,0.1315,0.2468,0.0355,0.0452,0.0176,0.2578,0.1382,0.0691,0.0456,0.0127
2023-08-01,model_Momentum3M,Hold,0.1314,0.2518,0.0356,0.0447,0.0176,0.2568,0.135,0.0689,0.0455,0.0127
2023-08-02,model_Momentum3M,Hold,0.1303,0.2517,0.038,0.044,0.0172,0.2566,0.1365,0.0678,0.0452,0.0127
2023-08-03,model_Momentum3M,Hold,0.1311,0.2551,0.039,0.0449,0.0187,0.2454,0.1388,0.069,0.0452,0.0128
2023-08-04,model_Momentum3M,Hold,0.1313,0.2512,0.039,0.0487,0.0188,0.2479,0.1371,0.0688,0.0445,0.0127
2023-08-07,model_Momentum3M,Hold,0.1305,0.2509,0.039,0.0489,0.0187,0.247,0.1391,0.0697,0.0438,0.0126
2023-08-08,model_Momentum3M,Hold,0.1283,0.2529,0.0389,0.0486,0.0194,0.2463,0.1386,0.0704,0.0438,0.0127
2023-08-09,model_Momentum3M,Hold,0.1285,0.251,0.0384,0.0481,0.0199,0.2489,0.1391,0.0697,0.0438,0.0127
2023-08-10,model_Momentum3M,Hold,0.128,0.2504,0.0384,0.0484,0.0199,0.25,0.1384,0.0698,0.0439,0.0127
2023-08-11,model_Momentum3M,Hold,0.1283,0.2486,0.0387,0.0482,0.0201,0.2514,0.1385,0.0695,0.0441,0.0126
2023-08-14,model_Momentum3M,Hold,0.1288,0.2499,0.0387,0.0488,0.02,0.2523,0.1354,0.0702,0.0434,0.0125
2023-08-15,model_Momentum3M,Hold,0.1296,0.2507,0.0389,0.0486,0.02,0.2517,0.134,0.0706,0.0432,0.0126
2023-08-16,model_Momentum3M,Hold,0.1293,0.2512,0.039,0.0478,0.0199,0.2527,0.1344,0.0701,0.0431,0.0125
2023-08-17,model_Momentum3M,Hold,0.1301,0.2502,0.039,0.0475,0.0201,0.252,0.1341,0.071,0.0437,0.0125
2023-08-18,model_Momentum3M,Hold,0.1294,0.2496,0.0388,0.0475,0.0203,0.254,0.1337,0.0701,0.0438,0.0127
2023-08-21,model_Momentum3M,Hold,0.1293,0.2518,0.0385,0.0479,0.0201,0.2536,0.1324,0.0704,0.0433,0.0126
2023-08-22,model_Momentum3M,Hold,0.1305,0.2531,0.0381,0.0476,0.0195,0.2529,0.1322,0.0706,0.0429,0.0126
2023-08-23,model_Momentum3M,Hold,0.129,0.2554,0.0375,0.0475,0.0192,0.2505,0.1339,0.0715,0.0429,0.0125
2023-08-24,model_Momentum3M,Hold,0.128,0.2559,0.0383,0.0465,0.0192,0.2527,0.1334,0.0705,0.0427,0.0127
2023-08-25,model_Momentum3M,Hold,0.1278,0.2582,0.0381,0.0467,0.0193,0.2527,0.1317,0.0702,0.0426,0.0127
2023-08-28,model_Momentum3M,Hold,0.1255,0.2586,0.038,0.0465,0.0193,0.2528,0.1315,0.0704,0.0446,0.0127
2023-08-29,model_Momentum3M,Hold,0.1253,0.2576,0.0376,0.0465,0.0194,0.2531,0.1316,0.0715,0.0447,0.0126
2023-08-30,model_Momentum3M,Hold,0.1255,0.2566,0.0375,0.0464,0.0194,0.2539,0.1319,0.072,0.0441,0.0127
2023-08-31,model_Momentum3M,Hold,0.1239,0.2573,0.0375,0.0475,0.0194,0.2542,0.1303,0.0722,0.0451,0.0126
2023-09-01,model_Momentum3M,Hold,0.123,0.2588,0.0374,0.0472,0.0199,0.2547,0.1302,0.0715,0.0449,0.0125
2023-09-05,model_Momentum3M,Hold,0.1218,0.2599,0.0374,0.0474,0.0202,0.2525,0.1307,0.0722,0.0453,0.0126
2023-09-06,model_Momentum3M,Hold,0.1227,0.2603,0.0375,0.0468,0.0199,0.2533,0.1304,0.0716,0.0451,0.0124
2023-09-07,model_Momentum3M,Hold,0.1215,0.2615,0.0377,0.0476,0.0197,0.252,0.1307,0.0719,0.0449,0.0125
2023-09-08,model_Momentum3M,Hold,0.1212,0.2586,0.0376,0.0476,0.0196,0.2567,0.1288,0.0723,0.0449,0.0126
2023-09-11,model_Momentum3M,Hold,0.1226,0.2574,0.0378,0.049,0.0189,0.2589,0.1254,0.0722,0.0453,0.0126
2023-09-12,model_Momentum3M,Hold,0.1239,0.2515,0.0386,0.0489,0.0197,0.2612,0.1258,0.0721,0.0455,0.0128
2023-09-13,model_Momentum3M,Hold,0.1245,0.2513,0.0387,0.0502,0.0188,0.2626,0.125,0.073,0.043,0.0128
2023-09-14,model_Momentum3M,Hold,0.1231,0.2507,0.0388,0.0496,0.019,0.2624,0.1274,0.073,0.0431,0.0128
2023-09-15,model_Momentum3M,Hold,0.1235,0.2504,0.0388,0.0487,0.019,0.262,0.1284,0.0734,0.0431,0.0128
2023-09-18,model_Momentum3M,Hold,0.1227,0.2534,0.0391,0.0486,0.0191,0.2601,0.127,0.074,0.0431,0.0127
2023-09-19,model_Momentum3M,Hold,0.1225,0.255,0.0393,0.0479,0.0189,0.2602,0.1266,0.074,0.0428,0.0127
2023-09-20,model_Momentum3M,Hold,0.1231,0.2567,0.0396,0.0475,0.0187,0.2586,0.1282,0.0723,0.0427,0.0128
2023-09-21,model_Momentum3M,Hold,0.125,0.2602,0.0402,0.0467,0.0187,0.2592,0.121,0.0726,0.0432,0.0131
2023-09-22,model_Momentum3M,Hold,0.1241,0.2637,0.0403,0.0467,0.0187,0.2589,0.1191,0.0725,0.0431,0.0129
2023-09-25,model_Momentum3M,Hold,0.1228,0.2637,0.0404,0.0473,0.019,0.2608,0.1183,0.0728,0.0419,0.0128
2023-09-26,model_Momentum3M,Hold,0.1233,0.2627,0.0409,0.0461,0.0194,0.2624,0.1174,0.0726,0.0422,0.013
2023-09-27,model_Momentum3M,Hold,0.122,0.265,0.0411,0.046,0.0199,0.2603,0.1175,0.0734,0.0419,0.0129
2023-09-28,model_Momentum3M,Hold,0.1257,0.2544,0.0416,0.0461,0.0199,0.2626,0.1199,0.0747,0.042,0.0131
2023-09-29,model_Momentum3M,Hold,0.1239,0.2593,0.041,0.0465,0.0194,0.2606,0.1207,0.0737,0.042,0.013
2023-10-02,model_Momentum3M,Rebalance,0.0777,0.1699,0.0617,0.0276,0.0319,0.1824,0.0166,0.368,0.0473,0.0169
2023-10-03,model_Momentum3M,Hold,0.0783,0.1699,0.0613,0.0267,0.0322,0.1855,0.0165,0.3658,0.0469,0.0168
2023-10-04,model_Momentum3M,Hold,0.0773,0.1698,0.0611,0.0269,0.0305,0.1855,0.0165,0.3695,0.046,0.0168
2023-10-05,model_Momentum3M,Hold,0.078,0.1705,0.0616,0.0268,0.0304,0.1828,0.0166,0.3702,0.046,0.017
2023-10-06,model_Momentum3M,Hold,0.0777,0.17,0.0619,0.0269,0.0299,0.1816,0.0163,0.3729,0.0458,0.0169
2023-10-09,model_Momentum3M,Hold,0.0771,0.1687,0.0619,0.0268,0.031,0.1824,0.0167,0.3726,0.0458,0.017
2023-10-10,model_Momentum3M,Hold,0.0775,0.1683,0.0622,0.027,0.0307,0.1841,0.0166,0.3704,0.0465,0.0169
2023-10-11,model_Momentum3M,Hold,0.073,0.168,0.0625,0.0273,0.0305,0.1847,0.0167,0.3745,0.0461,0.0168
2023-10-12,model_Momentum3M,Hold,0.0726,0.166,0.0635,0.0278,0.0312,0.1841,0.0164,0.3757,0.046,0.0169
2023-10-13,model_Momentum3M,Hold,0.0734,0.1652,0.0641,0.0273,0.0329,0.1846,0.0165,0.3728,0.046,0.0171
2023-10-16,model_Momentum3M,Hold,0.0736,0.1652,0.064,0.0276,0.0332,0.1835,0.0167,0.3731,0.0461,0.017
2023-10-17,model_Momentum3M,Hold,0.0731,0.1657,0.0638,0.0272,0.0332,0.1848,0.0166,0.3724,0.0461,0.017
2023-10-18,model_Momentum3M,Hold,0.0767,0.1653,0.0638,0.0268,0.0341,0.1822,0.0162,0.3721,0.0456,0.0172
2023-10-19,model_Momentum3M,Hold,0.077,0.1656,0.0634,0.027,0.0345,0.1812,0.0158,0.3733,0.0451,0.0171
2023-10-20,model_Momentum3M,Hold,0.079,0.1644,0.0626,0.0267,0.0342,0.1822,0.0161,0.3721,0.0454,0.0173
2023-10-23,model_Momentum3M,Hold,0.0785,0.1639,0.0625,0.027,0.0335,0.1803,0.016,0.376,0.0451,0.0172
2023-10-24,model_Momentum3M,Hold,0.0768,0.1627,0.0623,0.0272,0.033,0.1799,0.016,0.378,0.0469,0.0171
2023-10-25,model_Momentum3M,Hold,0.0792,0.1679,0.0655,0.0268,0.0345,0.1861,0.0161,0.3573,0.0486,0.018
2023-10-26,model_Momentum3M,Hold,0.0804,0.1693,0.0655,0.0267,0.0343,0.1902,0.0167,0.3515,0.0487,0.0167
2023-10-27,model_Momentum3M,Hold,0.0797,0.1688,0.0649,0.0286,0.0342,0.1899,0.0163,0.3525,0.0483,0.0168
2023-10-30,model_Momentum3M,Hold,0.0787,0.1679,0.0647,0.0293,0.0333,0.1902,0.0163,0.3539,0.0487,0.0169
2023-10-31,model_Momentum3M,Hold,0.0796,0.1695,0.065,0.0292,0.0332,0.1904,0.0162,0.3509,0.0492,0.0168
2023-11-01,model_Momentum3M,Hold,0.0791,0.1697,0.0651,0.0297,0.0327,0.1889,0.016,0.3538,0.0484,0.0165
2023-11-02,model_Momentum3M,Hold,0.0786,0.171,0.0662,0.0295,0.0323,0.1899,0.0166,0.3508,0.0486,0.0166
2023-11-03,model_Momentum3M,Hold,0.0776,0.172,0.0658,0.0292,0.0321,0.19,0.0171,0.351,0.0488,0.0164
2023-11-06,model_Momentum3M,Hold,0.0769,0.1718,0.0651,0.0295,0.0316,0.1888,0.017,0.3543,0.0486,0.0163
2023-11-07,model_Momentum3M,Hold,0.0785,0.1769,0.0663,0.0308,0.0313,0.1687,0.0171,0.3643,0.0495,0.0167
2023-11-08,model_Momentum3M,Hold,0.078,0.1774,0.0654,0.0305,0.03,0.1714,0.017,0.3648,0.0489,0.0165
2023-11-09,model_Momentum3M,Hold,0.0775,0.1765,0.0663,0.0304,0.0299,0.1752,0.0162,0.3626,0.0488,0.0165
2023-11-10,model_Momentum3M,Hold,0.0768,0.1772,0.0659,0.0306,0.03,0.1738,0.0162,0.3644,0.0488,0.0163
2023-11-13,model_Momentum3M,Hold,0.0786,0.1755,0.066,0.0305,0.0299,0.1741,0.016,0.3641,0.0489,0.0163
2023-11-14,model_Momentum3M,Hold,0.0784,0.1755,0.0657,0.0307,0.0301,0.1737,0.0176,0.3628,0.0493,0.0162
2023-11-15,model_Momentum3M,Hold,0.0785,0.1767,0.064,0.0299,0.0297,0.1755,0.0175,0.3622,0.0498,0.0162
2023-11-16,model_Momentum3M,Hold,0.0796,0.1762,0.064,0.0296,0.0283,0.174,0.0171,0.3655,0.0496,0.0161
2023-11-17,model_Momentum3M,Hold,0.0795,0.1774,0.0649,0.0302,0.0292,0.1726,0.0172,0.363,0.0497,0.0162
2023-11-20,model_Momentum3M,Hold,0.0803,0.1779,0.064,0.0302,0.0291,0.1729,0.0172,0.3632,0.0492,0.0161
2023-11-21,model_Momentum3M,Hold,0.0805,0.1769,0.0643,0.0296,0.0287,0.1748,0.017,0.3636,0.0485,0.016
2023-11-22,model_Momentum3M,Hold,0.0806,0.1772,0.0643,0.03,0.0285,0.1723,0.017,0.3652,0.0488,0.0161
2023-11-24,model_Momentum3M,Hold,0.0809,0.1782,0.0649,0.0301,0.0288,0.173,0.0171,0.3614,0.0493,0.0162
2023-11-27,model_Momentum3M,Hold,0.0811,0.1779,0.0651,0.0304,0.0285,0.1717,0.0172,0.3619,0.05,0.0163
2023-11-28,model_Momentum3M,Hold,0.0806,0.1779,0.0645,0.0303,0.0285,0.1696,0.0176,0.3639,0.0507,0.0164
2023-11-29,model_Momentum3M,Hold,0.0823,0.1794,0.0644,0.0303,0.0286,0.1694,0.0179,0.3601,0.051,0.0165
2023-11-30,model_Momentum3M,Hold,0.083,0.1798,0.0654,0.0303,0.0285,0.1724,0.018,0.3545,0.0515,0.0166
2023-12-01,model_Momentum3M,Hold,0.0831,0.1815,0.065,0.0304,0.0285,0.1729,0.0194,0.3509,0.0516,0.0168
2023-12-04,model_Momentum3M,Hold,0.084,0.182,0.0656,0.0301,0.0284,0.1727,0.0198,0.3467,0.0539,0.0169
2023-12-05,model_Momentum3M,Hold,0.0835,0.1822,0.0657,0.0307,0.0277,0.168,0.0198,0.3523,0.0531,0.0169
2023-12-06,model_Momentum3M,Hold,0.0844,0.1828,0.0653,0.0303,0.0272,0.1682,0.0203,0.3512,0.0539,0.0165
2023-12-07,model_Momentum3M,Hold,0.0821,0.1792,0.0643,0.0302,0.0265,0.1655,0.0199,0.3629,0.0532,0.0162
2023-12-08,model_Momentum3M,Hold,0.0826,0.1807,0.0648,0.0304,0.0271,0.1667,0.0196,0.3586,0.0533,0.0162
2023-12-11,model_Momentum3M,Hold,0.0839,0.1833,0.0652,0.0301,0.0272,0.1674,0.0195,0.3539,0.0532,0.0163
2023-12-12,model_Momentum3M,Hold,0.0842,0.1837,0.0662,0.0304,0.0268,0.169,0.0191,0.3516,0.0528,0.0162
2023-12-13,model_Momentum3M,Hold,0.0842,0.183,0.0656,0.0305,0.0272,0.1694,0.0204,0.3499,0.0534,0.0164
2023-12-14,model_Momentum3M,Hold,0.0852,0.1823,0.0634,0.0302,0.0278,0.1702,0.0218,0.3479,0.0548,0.0164
2023-12-15,model_Momentum3M,Hold,0.0842,0.183,0.0628,0.0307,0.0275,0.1701,0.0211,0.3495,0.0548,0.0163
2023-12-18,model_Momentum3M,Hold,0.084,0.1801,0.0628,0.0312,0.0275,0.1688,0.0208,0.3547,0.0537,0.0163
2023-12-19,model_Momentum3M,Hold,0.0839,0.1792,0.0631,0.031,0.0277,0.1689,0.0208,0.3554,0.0537,0.0163
2023-12-20,model_Momentum3M,Hold,0.0835,0.1789,0.0623,0.0308,0.0274,0.1669,0.0204,0.3613,0.0526,0.0159
2023-12-21,model_Momentum3M,Hold,0.083,0.1809,0.0617,0.0307,0.0273,0.1665,0.0204,0.361,0.0527,0.0157
2023-12-22,model_Momentum3M,Hold,0.0828,0.1825,0.0615,0.0304,0.0271,0.166,0.0201,0.3612,0.0527,0.0156
2023-12-26,model_Momentum3M,Hold,0.0827,0.1814,0.0615,0.0303,0.028,0.1667,0.0202,0.3601,0.0534,0.0155
2023-12-27,model_Momentum3M,Hold,0.0833,0.1819,0.0617,0.0303,0.028,0.1674,0.0203,0.3577,0.0538,0.0155
2023-12-28,model_Momentum3M,Hold,0.0839,0.1811,0.062,0.0304,0.0272,0.1669,0.0205,0.3581,0.0544,0.0155
2023-12-29,model_Momentum3M,Hold,0.0838,0.1811,0.0624,0.0302,0.0271,0.168,0.0202,0.3573,0.0543,0.0156
2024-01-02,model_Momentum3M,Rebalance,0.1372,0.2062,0.0822,0.047,0.0185,0.1934,0.1953,0.0473,0.0637,0.009
2024-01-03,model_Momentum3M,Hold,0.1388,0.2039,0.0834,0.0472,0.0192,0.1945,0.1922,0.0483,0.0634,0.0091
2024-01-04,model_Momentum3M,Hold,0.141,0.2039,0.0827,0.0461,0.0178,0.1946,0.1932,0.0476,0.0638,0.0092
2024-01-05,model_Momentum3M,Hold,0.1406,0.2034,0.083,0.0463,0.0179,0.1942,0.1942,0.0473,0.0639,0.0092
2024-01-08,model_Momentum3M,Hold,0.1407,0.2029,0.0821,0.0469,0.0174,0.1935,0.1965,0.0477,0.0632,0.0091
2024-01-09,model_Momentum3M,Hold,0.1418,0.2053,0.0802,0.0478,0.0171,0.1911,0.1953,0.0487,0.0637,0.0092
2024-01-10,model_Momentum3M,Hold,0.143,0.2055,0.0817,0.0482,0.0167,0.189,0.1952,0.0488,0.0628,0.0089
2024-01-11,model_Momentum3M,Hold,0.1432,0.208,0.0821,0.0489,0.0168,0.1882,0.1912,0.049,0.0635,0.0091
2024-01-12,model_Momentum3M,Hold,0.143,0.2119,0.0817,0.0485,0.0167,0.1869,0.1907,0.0489,0.0627,0.009
2024-01-16,model_Momentum3M,Hold,0.1435,0.2119,0.082,0.0483,0.0162,0.1853,0.1922,0.0491,0.0627,0.0089
2024-01-17,model_Momentum3M,Hold,0.1447,0.2135,0.0828,0.0481,0.016,0.1863,0.1883,0.0491,0.0622,0.009
2024-01-18,model_Momentum3M,Hold,0.1442,0.2163,0.0833,0.0485,0.0159,0.1855,0.1857,0.0496,0.0622,0.0089
2024-01-19,model_Momentum3M,Hold,0.1438,0.2169,0.0833,0.0487,0.0157,0.1842,0.1862,0.0501,0.0624,0.0088
2024-01-22,model_Momentum3M,Hold,0.1429,0.2185,0.0832,0.0484,0.0159,0.1841,0.1859,0.0499,0.0624,0.0088
2024-01-23,model_Momentum3M,Hold,0.1434,0.2212,0.0838,0.049,0.016,0.1867,0.1847,0.0505,0.0558,0.0088
2024-01-24,model_Momentum3M,Hold,0.1409,0.2231,0.0851,0.0499,0.0165,0.1844,0.1849,0.0517,0.0548,0.0088
2024-01-25,model_Momentum3M,Hold,0.1408,0.2214,0.0837,0.0493,0.0166,0.1861,0.186,0.0519,0.0555,0.0087
2024-01-26,model_Momentum3M,Hold,0.1402,0.2209,0.0841,0.0498,0.0166,0.1849,0.1874,0.052,0.0555,0.0087
2024-01-29,model_Momentum3M,Hold,0.1411,0.2208,0.0828,0.0501,0.0164,0.1831,0.1893,0.0522,0.0554,0.0087
2024-01-30,model_Momentum3M,Hold,0.1427,0.222,0.0849,0.0499,0.0168,0.1838,0.1835,0.052,0.0556,0.0088
2024-01-31,model_Momentum3M,Hold,0.1446,0.221,0.0848,0.0495,0.0165,0.1842,0.1859,0.0489,0.0557,0.0089
2024-02-01,model_Momentum3M,Hold,0.1454,0.224,0.0762,0.0506,0.0162,0.1859,0.1873,0.049,0.0563,0.0092
2024-02-02,model_Momentum3M,Hold,0.1425,0.2253,0.0768,0.0545,0.0159,0.185,0.1858,0.0494,0.0557,0.0091
2024-02-05,model_Momentum3M,Hold,0.1475,0.2327,0.0794,0.0562,0.0163,0.1624,0.1877,0.0519,0.0566,0.0093
2024-02-06,model_Momentum3M,Hold,0.1506,0.2291,0.08,0.0558,0.0166,0.1624,0.187,0.052,0.0572,0.0093
2024-02-07,model_Momentum3M,Hold,0.1496,0.2301,0.0819,0.0562,0.0166,0.1603,0.1863,0.0525,0.0572,0.0092
2024-02-08,model_Momentum3M,Hold,0.148,0.2306,0.0809,0.0558,0.0166,0.1632,0.1868,0.0524,0.0566,0.0091
2024-02-09,model_Momentum3M,Hold,0.147,0.2324,0.081,0.0573,0.0162,0.163,0.184,0.0535,0.0564,0.0091
2024-02-12,model_Momentum3M,Hold,0.1474,0.2289,0.081,0.0564,0.0165,0.1644,0.186,0.0528,0.0573,0.0092
2024-02-13,model_Momentum3M,Hold,0.1489,0.2308,0.0822,0.0564,0.0164,0.1641,0.1816,0.053,0.0572,0.0093
2024-02-14,model_Momentum3M,Hold,0.1486,0.234,0.0824,0.0567,0.0163,0.1623,0.181,0.0529,0.0566,0.0093
2024-02-15,model_Momentum3M,Hold,0.1476,0.2295,0.082,0.0551,0.0168,0.1662,0.1867,0.0507,0.0563,0.009
2024-02-16,model_Momentum3M,Hold,0.1486,0.229,0.0814,0.0552,0.017,0.1667,0.1872,0.05,0.0558,0.0091
2024-02-20,model_Momentum3M,Hold,0.1522,0.2252,0.0814,0.0545,0.0167,0.1678,0.1866,0.0503,0.0562,0.0091
2024-02-21,model_Momentum3M,Hold,0.1529,0.2225,0.0814,0.0546,0.0168,0.1668,0.1895,0.0505,0.0558,0.0091
2024-02-22,model_Momentum3M,Hold,0.1524,0.2261,0.0808,0.0559,0.016,0.1672,0.1867,0.0504,0.0555,0.0091
2024-02-23,model_Momentum3M,Hold,0.1519,0.2281,0.081,0.0556,0.0158,0.1669,0.1866,0.05,0.0553,0.0091
2024-02-26,model_Momentum3M,Hold,0.1526,0.2308,0.0812,0.0561,0.0157,0.1663,0.1844,0.0483,0.0554,0.0091
2024-02-27,model_Momentum3M,Hold,0.1523,0.2292,0.0811,0.0553,0.0159,0.1667,0.1869,0.0484,0.0553,0.009
2024-02-28,model_Momentum3M,Hold,0.1532,0.2294,0.0814,0.0552,0.0158,0.1672,0.1865,0.0475,0.0548,0.0091
2024-02-29,model_Momentum3M,Hold,0.1507,0.2263,0.0812,0.0561,0.0156,0.1676,0.1907,0.048,0.0549,0.009
2024-03-01,model_Momentum3M,Hold,0.15,0.2291,0.0806,0.0563,0.0159,0.1682,0.1892,0.0474,0.0545,0.0089
2024-03-04,model_Momentum3M,Hold,0.151,0.2296,0.0795,0.0558,0.0156,0.1691,0.1909,0.0458,0.054,0.0087
2024-03-05,model_Momentum3M,Hold,0.1502,0.2271,0.0812,0.0551,0.0159,0.1712,0.1894,0.0459,0.0552,0.0088
2024-03-06,model_Momentum3M,Hold,0.1503,0.2281,0.082,0.0546,0.0159,0.1727,0.1874,0.0452,0.0547,0.009
2024-03-07,model_Momentum3M,Hold,0.1508,0.2294,0.0813,0.0551,0.0157,0.1724,0.1864,0.0458,0.0542,0.009
2024-03-08,model_Momentum3M,Hold,0.1512,0.2248,0.0813,0.0548,0.0159,0.1703,0.1914,0.0462,0.0551,0.0091
2024-03-11,model_Momentum3M,Hold,0.15,0.2215,0.0822,0.0536,0.0161,0.1745,0.1907,0.0469,0.0551,0.0092
2024-03-12,model_Momentum3M,Hold,0.1499,0.2246,0.0816,0.0544,0.0161,0.1714,0.1882,0.047,0.0575,0.0093
2024-03-13,model_Momentum3M,Hold,0.1486,0.2226,0.0821,0.0545,0.0166,0.1724,0.1863,0.0472,0.0604,0.0093
2024-03-14,model_Momentum3M,Hold,0.1476,0.2234,0.0822,0.0555,0.0167,0.1717,0.1847,0.0486,0.0601,0.0095
2024-03-15,model_Momentum3M,Hold,0.1444,0.2228,0.0836,0.0545,0.0165,0.1725,0.1863,0.0482,0.0617,0.0095
2024-03-18,model_Momentum3M,Hold,0.1409,0.2221,0.0839,0.0546,0.0167,0.1736,0.1863,0.0506,0.0617,0.0097
2024-03-19,model_Momentum3M,Hold,0.1415,0.2248,0.0835,0.055,0.0171,0.1705,0.1859,0.0502,0.0618,0.0097
2024-03-20,model_Momentum3M,Hold,0.1387,0.225,0.0837,0.0554,0.0174,0.1676,0.1889,0.0505,0.0631,0.0096
2024-03-21,model_Momentum3M,Hold,0.1416,0.2083,0.0855,0.0565,0.0178,0.1686,0.1965,0.0512,0.0643,0.0099
2024-03-22,model_Momentum3M,Hold,0.1418,0.2058,0.0855,0.0573,0.0177,0.1712,0.1938,0.0528,0.0643,0.0098
2024-03-25,model_Momentum3M,Hold,0.1412,0.2037,0.0862,0.0576,0.0183,0.1719,0.1954,0.0526,0.0632,0.0098
2024-03-26,model_Momentum3M,Hold,0.1434,0.2057,0.0866,0.0573,0.0175,0.1725,0.1923,0.0529,0.062,0.0098
2024-03-27,model_Momentum3M,Hold,0.1432,0.2045,0.0856,0.0567,0.0176,0.1729,0.1959,0.052,0.0619,0.0097
2024-03-28,model_Momentum3M,Hold,0.1423,0.2063,0.0851,0.0564,0.0178,0.1722,0.1963,0.0516,0.0623,0.0097
2024-04-01,model_Momentum3M,Rebalance,0.1324,0.0561,0.2542,0.0076,0.0597,0.0563,0.2286,0.0228,0.1133,0.0688
2024-04-02,model_Momentum3M,Hold,0.1333,0.056,0.2553,0.0076,0.0599,0.0559,0.2275,0.0229,0.1127,0.0689
2024-04-03,model_Momentum3M,Hold,0.1328,0.0555,0.2567,0.0077,0.0599,0.056,0.2272,0.023,0.1134,0.0678
2024-04-04,model_Momentum3M,Hold,0.1329,0.0558,0.2571,0.0077,0.0609,0.056,0.2279,0.0226,0.1115,0.0676
2024-04-05,model_Momentum3M,Hold,0.1327,0.0556,0.2575,0.0078,0.0608,0.0558,0.2293,0.0226,0.1108,0.067
2024-04-08,model_Momentum3M,Hold,0.1316,0.0553,0.256,0.0078,0.0595,0.0554,0.2326,0.0229,0.1116,0.0673
2024-04-09,model_Momentum3M,Hold,0.1334,0.0555,0.2492,0.0078,0.059,0.0557,0.237,0.0231,0.1121,0.0673
2024-04-10,model_Momentum3M,Hold,0.1342,0.055,0.2528,0.008,0.0603,0.0558,0.2285,0.0234,0.1141,0.0678
2024-04-11,model_Momentum3M,Hold,0.1356,0.0556,0.2447,0.0082,0.0596,0.0563,0.2324,0.0241,0.1156,0.0679
2024-04-12,model_Momentum3M,Hold,0.1349,0.0545,0.2495,0.0081,0.0591,0.0558,0.2312,0.0241,0.1146,0.0681
2024-04-15,model_Momentum3M,Hold,0.1357,0.0546,0.2514,0.0081,0.0586,0.0561,0.2278,0.0239,0.1155,0.0684
2024-04-16,model_Momentum3M,Hold,0.1369,0.055,0.2533,0.0081,0.0578,0.0556,0.225,0.0239,0.1158,0.0685
2024-04-17,model_Momentum3M,Hold,0.1334,0.0554,0.2541,0.0081,0.0576,0.0562,0.2251,0.0242,0.1163,0.0695
2024-04-18,model_Momentum3M,Hold,0.1321,0.0554,0.2554,0.0079,0.0577,0.057,0.2243,0.0242,0.1165,0.0695
2024-04-19,model_Momentum3M,Hold,0.1333,0.055,0.2598,0.0077,0.0575,0.0561,0.2205,0.0237,0.1164,0.0701
2024-04-22,model_Momentum3M,Hold,0.1318,0.0546,0.2585,0.0077,0.0571,0.0562,0.224,0.0238,0.1158,0.0703
2024-04-23,model_Momentum3M,Hold,0.132,0.0544,0.2583,0.0078,0.0562,0.0559,0.225,0.024,0.1159,0.0706
2024-04-24,model_Momentum3M,Hold,0.1312,0.0538,0.26,0.0077,0.0562,0.0561,0.2254,0.0242,0.1147,0.0707
2024-04-25,model_Momentum3M,Hold,0.1321,0.0534,0.2601,0.0076,0.0572,0.0566,0.2224,0.0238,0.1147,0.0722
2024-04-26,model_Momentum3M,Hold,0.1327,0.0531,0.2593,0.0078,0.0573,0.0568,0.22,0.0262,0.115,0.0718
2024-04-29,model_Momentum3M,Hold,0.1312,0.0519,0.2599,0.0078,0.0572,0.0568,0.2237,0.0251,0.1145,0.0719
2024-04-30,model_Momentum3M,Hold,0.1308,0.0519,0.2595,0.0076,0.0555,0.0568,0.2195,0.0248,0.1209,0.0726
2024-05-01,model_Momentum3M,Hold,0.1304,0.0512,0.2608,0.0078,0.0535,0.0568,0.2199,0.0249,0.1226,0.0721
2024-05-02,model_Momentum3M,Hold,0.1301,0.0516,0.2595,0.008,0.0512,0.0583,0.2227,0.0253,0.1207,0.0725
2024-05-03,model_Momentum3M,Hold,0.1297,0.052,0.2561,0.0081,0.0512,0.0587,0.2265,0.0253,0.1208,0.0716
2024-05-06,model_Momentum3M,Hold,0.1288,0.0522,0.2596,0.0081,0.0521,0.0588,0.2242,0.0253,0.1196,0.0711
2024-05-07,model_Momentum3M,Hold,0.1292,0.0529,0.2591,0.0081,0.0526,0.059,0.2236,0.0258,0.1181,0.0716
2024-05-08,model_Momentum3M,Hold,0.1281,0.0532,0.2602,0.0081,0.0532,0.0586,0.2211,0.0256,0.1194,0.0725
2024-05-09,model_Momentum3M,Hold,0.1266,0.0519,0.2596,0.0081,0.0534,0.0591,0.2238,0.0254,0.1195,0.0726
2024-05-10,model_Momentum3M,Hold,0.1261,0.0515,0.2604,0.008,0.0523,0.0588,0.2245,0.0251,0.1209,0.0725
2024-05-13,model_Momentum3M,Hold,0.1263,0.0518,0.2601,0.0079,0.052,0.0588,0.2232,0.0252,0.1219,0.0728
2024-05-14,model_Momentum3M,Hold,0.1244,0.0513,0.2595,0.0079,0.0516,0.0579,0.2276,0.0252,0.1215,0.073
2024-05-15,model_Momentum3M,Hold,0.1238,0.0511,0.2603,0.0078,0.0517,0.0581,0.2274,0.0253,0.1217,0.0728
2024-05-16,model_Momentum3M,Hold,0.1238,0.0508,0.2585,0.0077,0.0515,0.0591,0.2247,0.0254,0.1257,0.0728
2024-05-17,model_Momentum3M,Hold,0.1223,0.0498,0.2608,0.0077,0.0518,0.0601,0.2238,0.0256,0.1255,0.0726
2024-05-20,model_Momentum3M,Hold,0.1216,0.0503,0.2596,0.0076,0.052,0.0611,0.2236,0.0258,0.1258,0.0725
2024-05-21,model_Momentum3M,Hold,0.1215,0.0501,0.2614,0.0076,0.0518,0.0609,0.2237,0.026,0.1236,0.0734
2024-05-22,model_Momentum3M,Hold,0.1239,0.0508,0.262,0.0077,0.0509,0.061,0.2227,0.0258,0.1218,0.0735
2024-05-23,model_Momentum3M,Hold,0.1252,0.0514,0.2635,0.0077,0.0507,0.0616,0.2185,0.0258,0.1222,0.0735
2024-05-24,model_Momentum3M,Hold,0.1247,0.0505,0.2658,0.0077,0.0503,0.0618,0.2179,0.0259,0.1222,0.0732
2024-05-28,model_Momentum3M,Hold,0.1231,0.0503,0.2664,0.0078,0.0515,0.0623,0.2168,0.0263,0.1218,0.0737
2024-05-29,model_Momentum3M,Hold,0.1229,0.0501,0.2688,0.0078,0.0509,0.0619,0.2157,0.0265,0.1216,0.0739
2024-05-30,model_Momentum3M,Hold,0.1234,0.0483,0.2697,0.0077,0.0515,0.0616,0.2164,0.0258,0.1217,0.0739
2024-05-31,model_Momentum3M,Hold,0.1218,0.047,0.2708,0.0074,0.052,0.0619,0.2176,0.0254,0.122,0.074
2024-06-03,model_Momentum3M,Hold,0.1233,0.0472,0.2693,0.0076,0.0504,0.0633,0.2163,0.0257,0.1222,0.0748
2024-06-04,model_Momentum3M,Hold,0.1243,0.0484,0.2675,0.0076,0.0497,0.0633,0.2167,0.0258,0.1211,0.0755
2024-06-05,model_Momentum3M,Hold,0.1241,0.0489,0.2685,0.0077,0.0498,0.0633,0.2145,0.0261,0.1217,0.0753
2024-06-06,model_Momentum3M,Hold,0.1252,0.049,0.2682,0.0079,0.0502,0.0631,0.2145,0.0262,0.1206,0.0752
2024-06-07,model_Momentum3M,Hold,0.1284,0.0481,0.268,0.0078,0.0492,0.065,0.2097,0.0258,0.1231,0.0748
2024-06-10,model_Momentum3M,Hold,0.1284,0.0485,0.267,0.0079,0.0503,0.0657,0.2088,0.0259,0.1229,0.0745
2024-06-11,model_Momentum3M,Hold,0.1269,0.0493,0.2654,0.0079,0.0509,0.0656,0.2089,0.0262,0.1242,0.0746
2024-06-12,model_Momentum3M,Hold,0.1249,0.0478,0.2668,0.0079,0.0502,0.066,0.2125,0.0263,0.1238,0.0737
2024-06-13,model_Momentum3M,Hold,0.1242,0.0474,0.2649,0.0078,0.049,0.0667,0.2156,0.026,0.1246,0.0737
2024-06-14,model_Momentum3M,Hold,0.1252,0.0484,0.2657,0.0078,0.048,0.0648,0.2156,0.0264,0.1246,0.0734
2024-06-17,model_Momentum3M,Hold,0.1249,0.0482,0.2685,0.0079,0.0482,0.0643,0.2134,0.0265,0.1241,0.074
2024-06-18,model_Momentum3M,Hold,0.1249,0.0479,0.2702,0.0078,0.0481,0.0643,0.2132,0.026,0.1238,0.0738
2024-06-20,model_Momentum3M,Hold,0.1267,0.0509,0.2697,0.0078,0.0481,0.063,0.2104,0.0259,0.1235,0.074
2024-06-21,model_Momentum3M,Hold,0.1253,0.0512,0.2685,0.0079,0.0476,0.063,0.2119,0.0263,0.124,0.0743
2024-06-24,model_Momentum3M,Hold,0.1238,0.0505,0.2688,0.0077,0.0493,0.0621,0.213,0.0261,0.1238,0.0749
2024-06-25,model_Momentum3M,Hold,0.1248,0.0508,0.2692,0.0078,0.049,0.0616,0.2111,0.027,0.1234,0.0753
2024-06-26,model_Momentum3M,Hold,0.1249,0.0507,0.2686,0.0082,0.0488,0.0612,0.2114,0.0271,0.1235,0.0757
2024-06-27,model_Momentum3M,Hold,0.1244,0.0504,0.2678,0.0083,0.0494,0.0609,0.2122,0.0273,0.1253,0.0741
2024-06-28,model_Momentum3M,Hold,0.1234,0.0504,0.268,0.0081,0.05,0.0597,0.2155,0.0268,0.124,0.0741
2024-07-01,model_Momentum3M,Rebalance,0.1636,0.0161,0.1678,0.0303,0.0992,0.0138,0.2104,0.0297,0.1835,0.0855
2024-07-02,model_Momentum3M,Hold,0.1628,0.0161,0.1677,0.0306,0.0978,0.0139,0.2116,0.0299,0.1845,0.0851
2024-07-03,model_Momentum3M,Hold,0.1617,0.0162,0.1674,0.0303,0.0982,0.014,0.2121,0.0301,0.1848,0.0851
2024-07-05,model_Momentum3M,Hold,0.1644,0.0159,0.1673,0.0306,0.0955,0.014,0.2116,0.0309,0.1843,0.0854
2024-07-08,model_Momentum3M,Hold,0.1621,0.016,0.167,0.0307,0.0967,0.0142,0.2123,0.0307,0.1847,0.0856
2024-07-09,model_Momentum3M,Hold,0.1618,0.016,0.1683,0.0308,0.0968,0.0142,0.2117,0.0308,0.1826,0.0871
2024-07-10,model_Momentum3M,Hold,0.1623,0.0156,0.1689,0.0305,0.0957,0.0141,0.2111,0.0309,0.1843,0.0866
2024-07-11,model_Momentum3M,Hold,0.16,0.0155,0.1687,0.029,0.0966,0.0139,0.2198,0.0292,0.1825,0.0847
2024-07-12,model_Momentum3M,Hold,0.1591,0.016,0.1681,0.0288,0.0966,0.014,0.2205,0.0289,0.1827,0.0853
2024-07-15,model_Momentum3M,Hold,0.1572,0.0163,0.1686,0.0284,0.1009,0.0139,0.2212,0.029,0.1796,0.0849
2024-07-16,model_Momentum3M,Hold,0.1563,0.0166,0.1683,0.0283,0.1012,0.0142,0.2214,0.0285,0.18,0.0852
2024-07-17,model_Momentum3M,Hold,0.1574,0.0164,0.1672,0.0272,0.1018,0.0142,0.2213,0.0277,0.1801,0.0866
2024-07-18,model_Momentum3M,Hold,0.1526,0.0168,0.17,0.027,0.103,0.0142,0.2196,0.0276,0.1816,0.0877
2024-07-19,model_Momentum3M,Hold,0.1559,0.0169,0.1679,0.027,0.1027,0.014,0.2181,0.0277,0.1818,0.0881
2024-07-22,model_Momentum3M,Hold,0.1574,0.0169,0.1696,0.0267,0.1005,0.0132,0.2178,0.0281,0.1824,0.0874
2024-07-23,model_Momentum3M,Hold,0.1593,0.017,0.1709,0.0275,0.0996,0.0137,0.2121,0.0284,0.1837,0.0877
2024-07-24,model_Momentum3M,Hold,0.1662,0.0171,0.1725,0.027,0.0993,0.0141,0.2042,0.0273,0.1831,0.0892
2024-07-25,model_Momentum3M,Hold,0.1639,0.0172,0.1721,0.0268,0.1024,0.014,0.2045,0.0264,0.183,0.0898
2024-07-26,model_Momentum3M,Hold,0.1552,0.0163,0.1653,0.0259,0.0974,0.0134,0.1999,0.0251,0.2147,0.0867
2024-07-29,model_Momentum3M,Hold,0.1557,0.0163,0.1661,0.0262,0.0968,0.0138,0.1989,0.0257,0.2129,0.0875
2024-07-30,model_Momentum3M,Hold,0.1552,0.0163,0.1661,0.0258,0.0968,0.0136,0.2,0.0256,0.2138,0.0868
2024-07-31,model_Momentum3M,Hold,0.1564,0.0164,0.1665,0.0266,0.0975,0.0136,0.1974,0.0258,0.2155,0.0843
2024-08-01,model_Momentum3M,Hold,0.1604,0.0161,0.1751,0.0258,0.0958,0.0146,0.191,0.0254,0.2109,0.0849
2024-08-02,model_Momentum3M,Hold,0.1649,0.0161,0.1738,0.024,0.0896,0.0146,0.1914,0.0252,0.2123,0.0882
2024-08-05,model_Momentum3M,Hold,0.1641,0.0159,0.1736,0.0234,0.0882,0.0147,0.1931,0.0245,0.2155,0.0869
2024-08-06,model_Momentum3M,Hold,0.164,0.016,0.1746,0.0234,0.086,0.0146,0.1968,0.0242,0.2141,0.0864
2024-08-07,model_Momentum3M,Hold,0.1656,0.0161,0.1769,0.0236,0.0862,0.0146,0.1929,0.0244,0.2118,0.0878
2024-08-08,model_Momentum3M,Hold,0.163,0.0158,0.1771,0.0237,0.0895,0.0145,0.1918,0.0245,0.2127,0.0873
2024-08-09,model_Momentum3M,Hold,0.1618,0.0158,0.1781,0.024,0.0892,0.0145,0.1928,0.0248,0.2115,0.0875
2024-08-12,model_Momentum3M,Hold,0.1611,0.0158,0.1788,0.024,0.0924,0.0143,0.1902,0.0247,0.2111,0.0876
2024-08-13,model_Momentum3M,Hold,0.1601,0.0159,0.178,0.0243,0.0906,0.0143,0.1917,0.0248,0.2123,0.0881
2024-08-14,model_Momentum3M,Hold,0.1619,0.0158,0.1784,0.0242,0.0903,0.0142,0.1903,0.0241,0.2128,0.0879
2024-08-15,model_Momentum3M,Hold,0.1621,0.016,0.1771,0.025,0.0912,0.014,0.1916,0.024,0.2127,0.0864
2024-08-16,model_Momentum3M,Hold,0.1615,0.016,0.1803,0.0248,0.0901,0.014,0.1903,0.0242,0.2117,0.087
2024-08-19,model_Momentum3M,Hold,0.1621,0.016,0.1802,0.0249,0.0899,0.0139,0.191,0.0246,0.2107,0.0866
2024-08-20,model_Momentum3M,Hold,0.1613,0.0162,0.1805,0.0251,0.0873,0.0139,0.1906,0.0248,0.2129,0.0873
2024-08-21,model_Momentum3M,Hold,0.1611,0.0162,0.181,0.0251,0.0859,0.0139,0.191,0.0244,0.214,0.0873
2024-08-22,model_Momentum3M,Hold,0.1613,0.016,0.1823,0.0244,0.0851,0.0138,0.1942,0.024,0.2119,0.0869
2024-08-23,model_Momentum3M,Hold,0.1601,0.0159,0.1811,0.0242,0.0856,0.0137,0.1963,0.024,0.2123,0.0868
2024-08-26,model_Momentum3M,Hold,0.1591,0.016,0.1803,0.0239,0.0866,0.0137,0.1957,0.0239,0.2142,0.0867
2024-08-27,model_Momentum3M,Hold,0.1601,0.0162,0.1812,0.0236,0.0852,0.0137,0.1946,0.0238,0.2141,0.0875
2024-08-28,model_Momentum3M,Hold,0.1599,0.0161,0.1831,0.0233,0.0857,0.0137,0.1923,0.0235,0.2145,0.0878
2024-08-29,model_Momentum3M,Hold,0.1591,0.0161,0.1838,0.0234,0.0876,0.0137,0.1895,0.0233,0.2158,0.0877
2024-08-30,model_Momentum3M,Hold,0.1587,0.0161,0.1837,0.0241,0.0845,0.0136,0.191,0.0233,0.2172,0.0878
2024-09-03,model_Momentum3M,Hold,0.163,0.0163,0.1842,0.0241,0.0805,0.0137,0.1919,0.0228,0.214,0.0896
2024-09-04,model_Momentum3M,Hold,0.1625,0.0164,0.1864,0.0237,0.0778,0.0136,0.1904,0.0226,0.216,0.0905
2024-09-05,model_Momentum3M,Hold,0.1614,0.0163,0.1859,0.0245,0.0784,0.0136,0.1909,0.0229,0.2158,0.0902
2024-09-06,model_Momentum3M,Hold,0.1644,0.0165,0.1868,0.0239,0.0772,0.0136,0.1915,0.0222,0.2137,0.0904
2024-09-09,model_Momentum3M,Hold,0.1668,0.0165,0.1862,0.0242,0.0756,0.0137,0.1931,0.0217,0.2118,0.0904
2024-09-10,model_Momentum3M,Hold,0.1674,0.0167,0.1842,0.0247,0.0722,0.0137,0.1952,0.0217,0.214,0.0901
2024-09-11,model_Momentum3M,Hold,0.167,0.0169,0.1827,0.0255,0.0716,0.0139,0.1969,0.0221,0.2147,0.0888
2024-09-12,model_Momentum3M,Hold,0.1662,0.0167,0.1825,0.0256,0.0714,0.0139,0.1977,0.0225,0.2162,0.0873
2024-09-13,model_Momentum3M,Hold,0.1643,0.0166,0.182,0.0254,0.0715,0.014,0.2002,0.0227,0.2163,0.0871
2024-09-16,model_Momentum3M,Hold,0.1646,0.0166,0.1831,0.0249,0.0724,0.0141,0.1989,0.0226,0.2168,0.086
2024-09-17,model_Momentum3M,Hold,0.1658,0.0159,0.1827,0.0253,0.075,0.0143,0.1984,0.0228,0.2157,0.0842
2024-09-18,model_Momentum3M,Hold,0.1623,0.016,0.1828,0.0254,0.0751,0.0142,0.1995,0.023,0.2168,0.085
2024-09-19,model_Momentum3M,Hold,0.1619,0.016,0.1817,0.026,0.0761,0.0143,0.1976,0.0235,0.2184,0.0846
2024-09-20,model_Momentum3M,Hold,0.1613,0.016,0.1819,0.0262,0.0753,0.0143,0.1962,0.0237,0.2201,0.085
2024-09-23,model_Momentum3M,Hold,0.1612,0.016,0.1835,0.0262,0.0756,0.0143,0.1956,0.0232,0.2192,0.0851
2024-09-24,model_Momentum3M,Hold,0.1587,0.016,0.1815,0.0262,0.0751,0.0145,0.1986,0.0232,0.2211,0.0852
2024-09-25,model_Momentum3M,Hold,0.1583,0.0159,0.1832,0.0261,0.0731,0.0145,0.1992,0.0232,0.2211,0.0853
2024-09-26,model_Momentum3M,Hold,0.1588,0.0168,0.1842,0.026,0.069,0.0147,0.1953,0.0234,0.2261,0.0855
2024-09-27,model_Momentum3M,Hold,0.1585,0.0166,0.1852,0.0255,0.0732,0.0148,0.1945,0.0236,0.2227,0.0855
2024-09-30,model_Momentum3M,Hold,0.1604,0.0167,0.1869,0.0253,0.0729,0.0146,0.1926,0.0238,0.2214,0.0853
2024-10-01,model_Momentum3M,Rebalance,0.169,0.062,0.1771,0.0301,0.0187,0.0616,0.2004,0.0202,0.2424,0.0186
2024-10-02,model_Momentum3M,Hold,0.1694,0.0628,0.1796,0.0301,0.0188,0.0614,0.1993,0.0201,0.2399,0.0185
2024-10-03,model_Momentum3M,Hold,0.1683,0.0641,0.1796,0.0298,0.0194,0.0609,0.199,0.0202,0.2402,0.0184
2024-10-04,model_Momentum3M,Hold,0.1681,0.064,0.1815,0.0304,0.0196,0.0605,0.1973,0.0203,0.2399,0.0184
2024-10-07,model_Momentum3M,Hold,0.1699,0.0632,0.1768,0.0296,0.0197,0.0666,0.1958,0.0198,0.2402,0.0184
2024-10-08,model_Momentum3M,Hold,0.1713,0.0637,0.1773,0.0298,0.0192,0.0659,0.1956,0.02,0.2392,0.0182
2024-10-09,model_Momentum3M,Hold,0.1727,0.0643,0.1744,0.0301,0.0192,0.0664,0.196,0.0196,0.2389,0.0184
2024-10-10,model_Momentum3M,Hold,0.1724,0.0639,0.1755,0.0304,0.0196,0.0666,0.1974,0.0196,0.2364,0.0182
2024-10-11,model_Momentum3M,Hold,0.1712,0.0632,0.1762,0.0304,0.0195,0.0663,0.1995,0.0196,0.2361,0.0181
2024-10-14,model_Momentum3M,Hold,0.1712,0.0632,0.1757,0.0299,0.019,0.0664,0.2015,0.0196,0.2355,0.0179
2024-10-15,model_Momentum3M,Hold,0.1701,0.0639,0.1754,0.0299,0.0177,0.067,0.2033,0.0196,0.2353,0.0179
2024-10-16,model_Momentum3M,Hold,0.1713,0.064,0.1746,0.0295,0.0175,0.0672,0.2042,0.0194,0.2345,0.0178
2024-10-17,model_Momentum3M,Hold,0.1717,0.0646,0.1758,0.0297,0.0176,0.0677,0.2022,0.0192,0.2337,0.0177
2024-10-18,model_Momentum3M,Hold,0.1734,0.0647,0.1746,0.0299,0.0178,0.0682,0.2025,0.0192,0.2322,0.0176
2024-10-21,model_Momentum3M,Hold,0.1718,0.0653,0.1738,0.0302,0.0179,0.0688,0.2009,0.0195,0.2342,0.0176
2024-10-22,model_Momentum3M,Hold,0.1723,0.0652,0.1747,0.0306,0.0183,0.0693,0.2004,0.0198,0.2312,0.0182
2024-10-23,model_Momentum3M,Hold,0.1744,0.0653,0.1755,0.0299,0.0179,0.0689,0.2047,0.0196,0.2255,0.0182
2024-10-24,model_Momentum3M,Hold,0.1757,0.0649,0.1773,0.0306,0.0183,0.0687,0.2008,0.0198,0.2255,0.0184
2024-10-25,model_Momentum3M,Hold,0.1751,0.0654,0.1767,0.0313,0.0187,0.069,0.1984,0.0205,0.2263,0.0187
2024-10-28,model_Momentum3M,Hold,0.1733,0.0649,0.1751,0.0311,0.0177,0.0684,0.1961,0.0205,0.2342,0.0187
2024-10-29,model_Momentum3M,Hold,0.1731,0.0655,0.1762,0.0317,0.0175,0.068,0.1951,0.0209,0.2333,0.0187
2024-10-30,model_Momentum3M,Hold,0.1748,0.0626,0.1765,0.032,0.0176,0.0675,0.1983,0.0215,0.2304,0.0189
2024-10-31,model_Momentum3M,Hold,0.1753,0.063,0.1701,0.0313,0.0179,0.0679,0.1975,0.0214,0.235,0.0206
2024-11-01,model_Momentum3M,Hold,0.1823,0.0628,0.169,0.0331,0.0174,0.0672,0.1951,0.0213,0.2314,0.0203
2024-11-04,model_Momentum3M,Hold,0.1812,0.0626,0.169,0.0328,0.0178,0.0667,0.1992,0.0211,0.2293,0.0203
2024-11-05,model_Momentum3M,Hold,0.1803,0.0625,0.1697,0.0332,0.0177,0.0663,0.1996,0.021,0.2292,0.0203
2024-11-06,model_Momentum3M,Hold,0.1753,0.0632,0.1711,0.0338,0.0182,0.0651,0.1942,0.0214,0.2377,0.0199
2024-11-07,model_Momentum3M,Hold,0.1737,0.0642,0.1699,0.0344,0.0162,0.0666,0.1961,0.022,0.2371,0.0197
2024-11-08,model_Momentum3M,Hold,0.1748,0.063,0.1704,0.0339,0.016,0.0664,0.1958,0.0216,0.2382,0.0198
2024-11-11,model_Momentum3M,Hold,0.1755,0.0635,0.1743,0.0338,0.0164,0.0667,0.1916,0.0219,0.2364,0.0198
2024-11-12,model_Momentum3M,Hold,0.1767,0.0647,0.1763,0.0345,0.0163,0.0668,0.1882,0.0223,0.234,0.0202
2024-11-13,model_Momentum3M,Hold,0.1748,0.0661,0.1751,0.0352,0.0163,0.0668,0.1885,0.0218,0.2348,0.0204
2024-11-14,model_Momentum3M,Hold,0.1743,0.0649,0.1745,0.0348,0.0168,0.0677,0.1878,0.0215,0.2371,0.0205
2024-11-15,model_Momentum3M,Hold,0.1769,0.0638,0.1784,0.0336,0.0168,0.0684,0.1845,0.0213,0.2355,0.0209
2024-11-18,model_Momentum3M,Hold,0.178,0.0633,0.1784,0.0333,0.0167,0.0703,0.1827,0.0215,0.2348,0.0209
2024-11-19,model_Momentum3M,Hold,0.1788,0.0639,0.1781,0.034,0.0164,0.0708,0.1826,0.022,0.2327,0.0209
2024-11-20,model_Momentum3M,Hold,0.1775,0.0646,0.178,0.0338,0.0166,0.071,0.1829,0.0218,0.2328,0.021
2024-11-21,model_Momentum3M,Hold,0.1785,0.065,0.1794,0.0328,0.0168,0.0708,0.1846,0.0206,0.2305,0.0209
2024-11-22,model_Momentum3M,Hold,0.1778,0.064,0.179,0.0324,0.0169,0.0709,0.1873,0.0201,0.2306,0.021
2024-11-25,model_Momentum3M,Hold,0.176,0.0636,0.1779,0.0326,0.0166,0.0704,0.1911,0.0202,0.2309,0.0207
2024-11-26,model_Momentum3M,Hold,0.1745,0.0635,0.1779,0.0334,0.0164,0.07,0.1893,0.0202,0.2339,0.0209
2024-11-27,model_Momentum3M,Hold,0.1763,0.0635,0.1784,0.0332,0.0164,0.0699,0.1876,0.0203,0.2336,0.0209
2024-11-29,model_Momentum3M,Hold,0.1758,0.0634,0.1779,0.0335,0.0165,0.07,0.1868,0.0202,0.235,0.0209
2024-12-02,model_Momentum3M,Hold,0.1744,0.0638,0.1754,0.0342,0.0164,0.0709,0.1875,0.0207,0.2359,0.0209
2024-12-03,model_Momentum3M,Hold,0.1765,0.0632,0.1709,0.0352,0.0167,0.071,0.1877,0.021,0.2367,0.0211
2024-12-04,model_Momentum3M,Hold,0.1769,0.0649,0.1721,0.0362,0.0166,0.0706,0.1833,0.0215,0.2367,0.0211
2024-12-05,model_Momentum3M,Hold,0.1754,0.0642,0.1725,0.0364,0.0163,0.0691,0.1832,0.0212,0.2406,0.0211
2024-12-06,model_Momentum3M,Hold,0.1758,0.0652,0.1721,0.0376,0.016,0.0689,0.1808,0.0215,0.2407,0.0213
2024-12-09,model_Momentum3M,Hold,0.1755,0.0649,0.1691,0.0375,0.0167,0.0684,0.1866,0.0217,0.2388,0.0209
2024-12-10,model_Momentum3M,Hold,0.1775,0.0659,0.1689,0.0376,0.0168,0.0685,0.1838,0.023,0.2371,0.0209
2024-12-11,model_Momentum3M,Hold,0.1758,0.0663,0.1693,0.0386,0.0169,0.068,0.1824,0.0244,0.2377,0.0206
2024-12-12,model_Momentum3M,Hold,0.1758,0.0658,0.17,0.0385,0.0174,0.0679,0.1815,0.024,0.2383,0.0208
2024-12-13,model_Momentum3M,Hold,0.1752,0.0655,0.1704,0.0382,0.0174,0.0683,0.1817,0.0238,0.2388,0.0208
2024-12-16,model_Momentum3M,Hold,0.1751,0.0656,0.1702,0.0394,0.0168,0.0674,0.1805,0.0248,0.2394,0.0208
2024-12-17,model_Momentum3M,Hold,0.1768,0.0659,0.1691,0.0392,0.0161,0.0672,0.1828,0.0247,0.2376,0.0207
2024-12-18,model_Momentum3M,Hold,0.1792,0.0658,0.1695,0.0384,0.0164,0.0669,0.1795,0.0244,0.239,0.0209
2024-12-19,model_Momentum3M,Hold,0.1785,0.0699,0.1696,0.0386,0.016,0.0658,0.1769,0.0242,0.24,0.0206
2024-12-20,model_Momentum3M,Hold,0.179,0.0679,0.1697,0.0383,0.0162,0.0654,0.1779,0.0243,0.2408,0.0206
2024-12-23,model_Momentum3M,Hold,0.1794,0.0666,0.1701,0.0384,0.0167,0.0652,0.1777,0.0247,0.2407,0.0206
2024-12-24,model_Momentum3M,Hold,0.1788,0.0666,0.1697,0.0388,0.0167,0.0652,0.1774,0.0247,0.2416,0.0204
2024-12-26,model_Momentum3M,Hold,0.1792,0.0662,0.1699,0.0384,0.0167,0.0649,0.1773,0.0246,0.2425,0.0204
2024-12-27,model_Momentum3M,Hold,0.18,0.0659,0.1707,0.0381,0.017,0.0648,0.1763,0.0244,0.2423,0.0205
2024-12-30,model_Momentum3M,Hold,0.1782,0.0658,0.1716,0.038,0.0174,0.0645,0.1769,0.0245,0.2426,0.0205
2024-12-31,model_Momentum3M,Hold,0.1781,0.0655,0.1718,0.0376,0.0179,0.0646,0.1783,0.0241,0.2417,0.0205
2025-01-02,model_Momentum3M,Rebalance,0.1863,0.0241,0.1613,0.0271,0.1023,0.017,0.1397,0.0158,0.2207,0.1057
2025-01-03,model_Momentum3M,Hold,0.1856,0.0243,0.1614,0.0273,0.1018,0.017,0.1411,0.0159,0.2195,0.1062
2025-01-06,model_Momentum3M,Hold,0.1853,0.0242,0.1601,0.0279,0.1034,0.017,0.1398,0.0164,0.2213,0.1046
2025-01-07,model_Momentum3M,Hold,0.1851,0.0245,0.161,0.0271,0.1029,0.0171,0.1387,0.0162,0.2245,0.1029
2025-01-08,model_Momentum3M,Hold,0.1854,0.0244,0.1613,0.027,0.1024,0.017,0.1379,0.016,0.2262,0.1024
2025-01-10,model_Momentum3M,Hold,0.1856,0.0243,0.1601,0.0271,0.1043,0.0177,0.137,0.0161,0.2247,0.103
2025-01-13,model_Momentum3M,Hold,0.184,0.0239,0.1598,0.0266,0.1056,0.018,0.1385,0.0157,0.2267,0.1013
2025-01-14,model_Momentum3M,Hold,0.182,0.0236,0.1601,0.0262,0.1066,0.0182,0.1374,0.0155,0.2289,0.1013
2025-01-15,model_Momentum3M,Hold,0.179,0.0236,0.1612,0.0268,0.1087,0.018,0.1377,0.0159,0.2289,0.1003
2025-01-16,model_Momentum3M,Hold,0.1818,0.0235,0.1613,0.0262,0.1064,0.0181,0.1386,0.0155,0.2289,0.0995
2025-01-17,model_Momentum3M,Hold,0.1802,0.0235,0.1614,0.0267,0.1027,0.0184,0.1403,0.0157,0.2308,0.1004
2025-01-21,model_Momentum3M,Hold,0.183,0.0235,0.1591,0.0269,0.0984,0.0183,0.1398,0.0157,0.2372,0.0983
2025-01-22,model_Momentum3M,Hold,0.1849,0.0237,0.1563,0.0274,0.0983,0.0181,0.1371,0.0157,0.2413,0.0972
2025-01-23,model_Momentum3M,Hold,0.1912,0.0237,0.1547,0.0272,0.0978,0.0183,0.1353,0.0155,0.2394,0.0969
2025-01-24,model_Momentum3M,Hold,0.1929,0.0235,0.1545,0.027,0.0964,0.0185,0.1361,0.0156,0.2377,0.0979
2025-01-27,model_Momentum3M,Hold,0.1961,0.0238,0.1564,0.0265,0.0949,0.018,0.1343,0.0147,0.2366,0.0987
2025-01-28,model_Momentum3M,Hold,0.1953,0.0244,0.157,0.0272,0.0959,0.0183,0.1294,0.0151,0.2392,0.0983
2025-01-29,model_Momentum3M,Hold,0.1963,0.0242,0.1577,0.0271,0.0953,0.0183,0.1277,0.0151,0.2398,0.0985
2025-01-30,model_Momentum3M,Hold,0.1967,0.0244,0.1578,0.0267,0.0941,0.0187,0.1271,0.0155,0.2431,0.096
2025-01-31,model_Momentum3M,Hold,0.1966,0.0249,0.1575,0.0272,0.0903,0.0188,0.1299,0.0158,0.2411,0.0979
2025-02-03,model_Momentum3M,Hold,0.199,0.0251,0.1578,0.0274,0.0891,0.0191,0.1272,0.0157,0.2397,0.0998
2025-02-04,model_Momentum3M,Hold,0.1984,0.0253,0.1566,0.0277,0.0922,0.0188,0.126,0.016,0.2403,0.0986
2025-02-05,model_Momentum3M,Hold,0.2015,0.0255,0.1562,0.0268,0.0907,0.0185,0.1285,0.0147,0.2397,0.0978
2025-02-06,model_Momentum3M,Hold,0.1987,0.0252,0.1525,0.0275,0.0899,0.0185,0.13,0.015,0.2433,0.0994
2025-02-07,model_Momentum3M,Hold,0.2011,0.0253,0.154,0.0266,0.0905,0.0176,0.1298,0.0146,0.2407,0.1
2025-02-10,model_Momentum3M,Hold,0.2026,0.0251,0.1511,0.0268,0.0951,0.0175,0.1279,0.0145,0.2381,0.1013
2025-02-11,model_Momentum3M,Hold,0.2024,0.0252,0.1514,0.0267,0.0962,0.0174,0.127,0.0144,0.2382,0.1011
2025-02-12,model_Momentum3M,Hold,0.2027,0.0254,0.1526,0.0265,0.0931,0.0176,0.1284,0.0144,0.2384,0.101
2025-02-13,model_Momentum3M,Hold,0.2035,0.0253,0.1534,0.0265,0.0931,0.0177,0.1284,0.0145,0.2367,0.1009
2025-02-14,model_Momentum3M,Hold,0.202,0.0252,0.1525,0.0263,0.0959,0.0178,0.1273,0.0145,0.2381,0.1004
2025-02-18,model_Momentum3M,Hold,0.2007,0.0251,0.1534,0.026,0.0974,0.0178,0.1282,0.0143,0.238,0.0991
2025-02-19,model_Momentum3M,Hold,0.2023,0.0251,0.1536,0.0258,0.0968,0.0177,0.1267,0.0143,0.2382,0.0995
2025-02-20,model_Momentum3M,Hold,0.2037,0.0247,0.1531,0.0254,0.0968,0.0175,0.1269,0.0142,0.2363,0.1013
2025-02-21,model_Momentum3M,Hold,0.2088,0.0237,0.1518,0.0249,0.0945,0.0175,0.1284,0.014,0.2325,0.1039
2025-02-24,model_Momentum3M,Hold,0.2076,0.0235,0.1537,0.0244,0.0943,0.0173,0.1298,0.0139,0.2319,0.1036
2025-02-25,model_Momentum3M,Hold,0.2066,0.0232,0.1558,0.0241,0.0912,0.0176,0.1333,0.0135,0.2309,0.1038
2025-02-26,model_Momentum3M,Hold,0.2081,0.0231,0.1555,0.0244,0.0903,0.0175,0.1317,0.0133,0.2338,0.1023
2025-02-27,model_Momentum3M,Hold,0.2075,0.0229,0.1575,0.0237,0.0836,0.0174,0.1338,0.013,0.2381,0.1025
2025-02-28,model_Momentum3M,Hold,0.207,0.022,0.1576,0.0237,0.0832,0.0173,0.1332,0.0129,0.241,0.1021
2025-03-03,model_Momentum3M,Hold,0.2115,0.0219,0.1595,0.023,0.0764,0.0171,0.1329,0.0127,0.2397,0.1054
2025-03-04,model_Momentum3M,Hold,0.2126,0.0225,0.1596,0.0234,0.0769,0.0172,0.1348,0.0133,0.2335,0.1061
2025-03-05,model_Momentum3M,Hold,0.2115,0.0225,0.1594,0.0238,0.0763,0.0174,0.1362,0.0134,0.2348,0.1047
2025-03-06,model_Momentum3M,Hold,0.2089,0.0222,0.1602,0.0231,0.0777,0.0175,0.134,0.0134,0.2354,0.1075
2025-03-07,model_Momentum3M,Hold,0.2103,0.022,0.1596,0.0227,0.0774,0.0177,0.1364,0.0134,0.2324,0.108
2025-03-10,model_Momentum3M,Hold,0.2106,0.0216,0.1571,0.0222,0.0781,0.017,0.136,0.0128,0.2344,0.1102
2025-03-11,model_Momentum3M,Hold,0.2061,0.0214,0.1585,0.0227,0.0799,0.0169,0.1339,0.0129,0.2375,0.1101
2025-03-12,model_Momentum3M,Hold,0.2027,0.0212,0.1564,0.023,0.0819,0.0167,0.1331,0.0131,0.2422,0.1096
2025-03-13,model_Momentum3M,Hold,0.2045,0.021,0.1588,0.0227,0.0803,0.0168,0.1321,0.0129,0.2383,0.1124
2025-03-14,model_Momentum3M,Hold,0.1971,0.0208,0.1601,0.0229,0.0817,0.0165,0.1339,0.013,0.2423,0.1117
2025-03-17,model_Momentum3M,Hold,0.1965,0.0211,0.1602,0.0224,0.0826,0.0166,0.133,0.0128,0.2443,0.1105
2025-03-18,model_Momentum3M,Hold,0.1964,0.0212,0.1603,0.0223,0.0841,0.0165,0.1328,0.0126,0.2432,0.1106
2025-03-19,model_Momentum3M,Hold,0.1965,0.021,0.1605,0.0224,0.086,0.0165,0.1307,0.0128,0.2447,0.1089
2025-03-20,model_Momentum3M,Hold,0.1969,0.0196,0.162,0.0225,0.0856,0.0166,0.1307,0.0128,0.2433,0.11
2025-03-21,model_Momentum3M,Hold,0.197,0.02,0.162,0.0228,0.0861,0.0166,0.1303,0.0129,0.2429,0.1095
2025-03-24,model_Momentum3M,Hold,0.196,0.0199,0.1621,0.0233,0.086,0.0165,0.1305,0.013,0.2444,0.1083
2025-03-25,model_Momentum3M,Hold,0.1941,0.0201,0.1627,0.0237,0.0865,0.0165,0.1287,0.0133,0.2457,0.1087
2025-03-26,model_Momentum3M,Hold,0.1949,0.0201,0.1632,0.023,0.087,0.0166,0.1285,0.0128,0.2435,0.1103
2025-03-27,model_Momentum3M,Hold,0.2019,0.0199,0.1634,0.023,0.0873,0.0165,0.1277,0.0126,0.2364,0.1112
2025-03-28,model_Momentum3M,Hold,0.2035,0.0199,0.1639,0.0223,0.0872,0.0166,0.1291,0.0121,0.2333,0.1122
2025-03-31,model_Momentum3M,Hold,0.2042,0.0202,0.1643,0.0218,0.0867,0.0165,0.1254,0.012,0.2342,0.1147
2025-04-01,model_Momentum3M,Rebalance,0.1453,0.0867,0.145,0.0217,0.1338,0.0713,0.1368,0.0061,0.1346,0.1187
2025-04-02,model_Momentum3M,Hold,0.1455,0.0874,0.1446,0.0221,0.1344,0.0716,0.1384,0.0061,0.1346,0.1153
2025-04-03,model_Momentum3M,Hold,0.1523,0.0874,0.1511,0.0211,0.1178,0.0722,0.1357,0.0061,0.1336,0.1226
2025-04-04,model_Momentum3M,Hold,0.1554,0.0892,0.1488,0.0218,0.1088,0.0724,0.138,0.0064,0.131,0.1282
2025-04-07,model_Momentum3M,Hold,0.1575,0.09,0.1474,0.0226,0.1083,0.0719,0.1334,0.0065,0.134,0.1285
2025-04-08,model_Momentum3M,Hold,0.1589,0.0904,0.1494,0.0224,0.1032,0.0702,0.1341,0.0065,0.1347,0.1304
2025-04-09,model_Momentum3M,Hold,0.1525,0.0902,0.1477,0.0235,0.1151,0.0714,0.1319,0.0067,0.1372,0.1238
2025-04-10,model_Momentum3M,Hold,0.1559,0.0899,0.1532,0.0232,0.1049,0.0723,0.127,0.0067,0.1376,0.1293
2025-04-11,model_Momentum3M,Hold,0.1559,0.088,0.1534,0.0232,0.1061,0.0728,0.1285,0.0068,0.138,0.1274
2025-04-14,model_Momentum3M,Hold,0.1552,0.0885,0.1538,0.0226,0.1058,0.0728,0.1314,0.0068,0.1363,0.1268
2025-04-15,model_Momentum3M,Hold,0.155,0.0888,0.1543,0.0224,0.1045,0.0714,0.1315,0.0067,0.1366,0.1287
2025-04-16,model_Momentum3M,Hold,0.1601,0.0882,0.1541,0.0219,0.1084,0.0707,0.1288,0.0066,0.1324,0.1288
2025-04-17,model_Momentum3M,Hold,0.1602,0.0865,0.1528,0.0215,0.1126,0.0705,0.1289,0.0065,0.131,0.1296
2025-04-21,model_Momentum3M,Hold,0.1623,0.0874,0.1525,0.0213,0.1106,0.0705,0.1281,0.0064,0.1296,0.1312
2025-04-22,model_Momentum3M,Hold,0.1598,0.0863,0.1528,0.0214,0.1117,0.0705,0.1252,0.0064,0.136,0.13
2025-04-23,model_Momentum3M,Hold,0.1576,0.0877,0.1531,0.0223,0.1103,0.0704,0.1265,0.0066,0.1359,0.1295
2025-04-24,model_Momentum3M,Hold,0.1553,0.0877,0.1524,0.0228,0.1133,0.0707,0.1255,0.0067,0.1371,0.1284
2025-04-25,model_Momentum3M,Hold,0.1556,0.0888,0.1516,0.0232,0.1146,0.0707,0.124,0.0068,0.1364,0.1282
2025-04-28,model_Momentum3M,Hold,0.1555,0.0883,0.1515,0.0229,0.1154,0.0709,0.1251,0.0067,0.1362,0.1273
2025-04-29,model_Momentum3M,Hold,0.1574,0.0902,0.1524,0.023,0.1137,0.0716,0.1185,0.0067,0.1373,0.1292
2025-04-30,model_Momentum3M,Hold,0.1582,0.0907,0.1529,0.0227,0.1092,0.0719,0.119,0.0067,0.1382,0.1304
2025-05-01,model_Momentum3M,Hold,0.1584,0.0911,0.1457,0.0234,0.114,0.0722,0.1203,0.0068,0.1373,0.1308
2025-05-02,model_Momentum3M,Hold,0.1582,0.0911,0.1462,0.023,0.1138,0.0724,0.12,0.0068,0.1392,0.1293
2025-05-05,model_Momentum3M,Hold,0.1595,0.0927,0.1479,0.0228,0.1082,0.0717,0.1197,0.0069,0.1393,0.1312
2025-05-06,model_Momentum3M,Hold,0.1608,0.092,0.1489,0.0228,0.1104,0.0709,0.1171,0.0069,0.1372,0.1332
2025-05-07,model_Momentum3M,Hold,0.1614,0.0924,0.1499,0.0231,0.1083,0.0699,0.1173,0.0064,0.1374,0.1338
2025-05-08,model_Momentum3M,Hold,0.1597,0.0923,0.1474,0.0233,0.112,0.0704,0.1189,0.0064,0.1384,0.1312
2025-05-09,model_Momentum3M,Hold,0.1584,0.0918,0.1466,0.0234,0.1154,0.0707,0.1192,0.0063,0.1395,0.1288
2025-05-12,model_Momentum3M,Hold,0.1546,0.0946,0.1439,0.0249,0.1205,0.0709,0.1177,0.0065,0.1449,0.1216
2025-05-13,model_Momentum3M,Hold,0.1516,0.095,0.1435,0.0253,0.1259,0.0705,0.1151,0.0065,0.1457,0.1209
2025-05-14,model_Momentum3M,Hold,0.1526,0.0953,0.1435,0.0254,0.1253,0.0706,0.1141,0.0069,0.1444,0.1219
2025-05-15,model_Momentum3M,Hold,0.1565,0.095,0.1444,0.0245,0.121,0.0706,0.1136,0.0067,0.1436,0.1241
2025-05-16,model_Momentum3M,Hold,0.1567,0.0925,0.1444,0.0243,0.1187,0.071,0.1146,0.0067,0.1464,0.1247
2025-05-19,model_Momentum3M,Hold,0.1571,0.0928,0.1435,0.0243,0.1166,0.0704,0.1161,0.0067,0.1469,0.1256
2025-05-20,model_Momentum3M,Hold,0.1574,0.0934,0.143,0.0242,0.1166,0.0703,0.1137,0.0067,0.1476,0.1271
2025-05-21,model_Momentum3M,Hold,0.1583,0.0948,0.1441,0.0244,0.1155,0.0703,0.1104,0.007,0.1462,0.1289
2025-05-22,model_Momentum3M,Hold,0.157,0.0947,0.1431,0.0247,0.1161,0.0704,0.1109,0.0071,0.1471,0.129
2025-05-23,model_Momentum3M,Hold,0.1573,0.0929,0.1436,0.0245,0.1172,0.0708,0.11,0.007,0.1462,0.1304
2025-05-27,model_Momentum3M,Hold,0.1568,0.0932,0.1426,0.0247,0.1185,0.071,0.1123,0.0071,0.1457,0.1281
2025-05-28,model_Momentum3M,Hold,0.1568,0.094,0.1416,0.0247,0.1185,0.0707,0.112,0.0071,0.1459,0.1287
2025-05-29,model_Momentum3M,Hold,0.1565,0.0938,0.1417,0.0247,0.1186,0.0705,0.1136,0.0071,0.1457,0.1277
2025-05-30,model_Momentum3M,Hold,0.1574,0.0935,0.1426,0.0246,0.1164,0.072,0.1119,0.0071,0.1444,0.1301
2025-06-02,model_Momentum3M,Hold,0.1575,0.0929,0.1431,0.0248,0.1187,0.072,0.1111,0.007,0.1427,0.1303
2025-06-03,model_Momentum3M,Hold,0.1561,0.0916,0.1421,0.0244,0.1239,0.0725,0.1111,0.0068,0.143,0.1285
2025-06-04,model_Momentum3M,Hold,0.1564,0.0933,0.1415,0.0248,0.1224,0.0723,0.1124,0.0069,0.1428,0.1272
2025-06-05,model_Momentum3M,Hold,0.1581,0.0933,0.1411,0.025,0.1224,0.0715,0.1111,0.0069,0.1427,0.1278
2025-06-06,model_Momentum3M,Hold,0.1563,0.0931,0.1419,0.0254,0.1257,0.0717,0.1117,0.0071,0.1407,0.1263
2025-06-09,model_Momentum3M,Hold,0.1561,0.0929,0.1403,0.0258,0.1266,0.0718,0.1137,0.0072,0.1395,0.126
2025-06-10,model_Momentum3M,Hold,0.1556,0.0933,0.1387,0.0257,0.1299,0.0717,0.1151,0.0072,0.1391,0.1238
2025-06-11,model_Momentum3M,Hold,0.156,0.0922,0.1367,0.025,0.1313,0.0713,0.1142,0.0071,0.1403,0.1259
2025-06-12,model_Momentum3M,Hold,0.1569,0.0917,0.138,0.025,0.1332,0.0714,0.1137,0.0071,0.1376,0.1255
2025-06-13,model_Momentum3M,Hold,0.1561,0.0899,0.1376,0.0248,0.1405,0.0707,0.1124,0.007,0.1354,0.1255
2025-06-16,model_Momentum3M,Hold,0.1542,0.0907,0.1383,0.0253,0.137,0.0707,0.1132,0.0071,0.138,0.1255
2025-06-17,model_Momentum3M,Hold,0.1534,0.0907,0.1384,0.0253,0.1399,0.0704,0.1118,0.0071,0.1363,0.1268
2025-06-18,model_Momentum3M,Hold,0.1541,0.0894,0.1397,0.0252,0.1373,0.0702,0.1117,0.007,0.1371,0.1284
2025-06-20,model_Momentum3M,Hold,0.1557,0.0837,0.1414,0.025,0.1358,0.0694,0.1131,0.0068,0.1394,0.1297
2025-06-23,model_Momentum3M,Hold,0.1556,0.0863,0.1432,0.0248,0.1247,0.0699,0.1153,0.0067,0.1425,0.131
2025-06-24,model_Momentum3M,Hold,0.1593,0.0869,0.1405,0.025,0.1218,0.071,0.1177,0.0067,0.1429,0.1281
2025-06-25,model_Momentum3M,Hold,0.1607,0.0864,0.1402,0.0252,0.1209,0.0723,0.1167,0.007,0.1429,0.1278
2025-06-26,model_Momentum3M,Hold,0.1553,0.0862,0.1412,0.0257,0.1245,0.0721,0.1167,0.007,0.1448,0.1266
2025-06-27,model_Momentum3M,Hold,0.1556,0.0857,0.1423,0.0263,0.1248,0.0716,0.115,0.0072,0.1455,0.1261
2025-06-30,model_Momentum3M,Hold,0.1572,0.0866,0.1425,0.0258,0.1227,0.0714,0.1157,0.0071,0.1454,0.1256
2025-07-01,model_Momentum3M,Rebalance,0.1775,0.0742,0.1585,0.101,0.0801,0.0738,0.0894,0.0043,0.1325,0.1086
2025-07-02,model_Momentum3M,Hold,0.1745,0.074,0.1549,0.1006,0.0823,0.0749,0.0914,0.0044,0.1325,0.1104
2025-07-03,model_Momentum3M,Hold,0.174,0.0742,0.1557,0.1017,0.082,0.0749,0.0917,0.0044,0.1309,0.1106
2025-07-07,model_Momentum3M,Hold,0.1744,0.0738,0.1543,0.1025,0.0821,0.0747,0.0901,0.0044,0.131,0.1126
2025-07-08,model_Momentum3M,Hold,0.1727,0.0739,0.1538,0.0999,0.0862,0.0751,0.0919,0.0043,0.1317,0.1105
2025-07-09,model_Momentum3M,Hold,0.1731,0.0727,0.1523,0.1017,0.0862,0.0758,0.0922,0.0043,0.134,0.1075
2025-07-10,model_Momentum3M,Hold,0.1729,0.0706,0.1522,0.1011,0.0857,0.0755,0.0945,0.0044,0.1346,0.1086
2025-07-11,model_Momentum3M,Hold,0.1722,0.0693,0.1523,0.1032,0.0851,0.0755,0.0955,0.0045,0.1344,0.108
2025-07-14,model_Momentum3M,Hold,0.1722,0.0691,0.154,0.1035,0.0824,0.0752,0.0944,0.0045,0.1362,0.1086
2025-07-15,model_Momentum3M,Hold,0.174,0.0688,0.1525,0.1049,0.0797,0.0749,0.0938,0.0045,0.1364,0.1104
2025-07-16,model_Momentum3M,Hold,0.174,0.0696,0.1534,0.1032,0.0774,0.0753,0.0946,0.0046,0.137,0.1109
2025-07-17,model_Momentum3M,Hold,0.1606,0.0709,0.1548,0.1045,0.0811,0.0772,0.0964,0.0046,0.1395,0.1103
2025-07-18,model_Momentum3M,Hold,0.1648,0.0709,0.1554,0.1055,0.081,0.0777,0.0955,0.0047,0.1344,0.1103
2025-07-21,model_Momentum3M,Hold,0.1655,0.0707,0.154,0.1068,0.0799,0.0771,0.0955,0.0048,0.1338,0.1118
2025-07-22,model_Momentum3M,Hold,0.1656,0.0712,0.1549,0.1049,0.0808,0.0775,0.0975,0.0048,0.1311,0.1117
2025-07-23,model_Momentum3M,Hold,0.1648,0.0706,0.1544,0.1047,0.0824,0.077,0.0996,0.0047,0.1301,0.1117
2025-07-24,model_Momentum3M,Hold,0.165,0.0697,0.1541,0.1068,0.083,0.0771,0.0988,0.0048,0.1291,0.1117
2025-07-25,model_Momentum3M,Hold,0.1654,0.0697,0.1548,0.1059,0.0818,0.0772,0.0985,0.0048,0.1302,0.1116
2025-07-28,model_Momentum3M,Hold,0.1667,0.0688,0.1524,0.1075,0.0845,0.077,0.0957,0.0048,0.1321,0.1105
2025-07-29,model_Momentum3M,Hold,0.1683,0.069,0.1518,0.1063,0.0847,0.0766,0.0958,0.0049,0.1314,0.1113
2025-07-30,model_Momentum3M,Hold,0.1704,0.0684,0.1497,0.1069,0.0846,0.0759,0.0949,0.0049,0.128,0.1163
2025-07-31,model_Momentum3M,Hold,0.1677,0.0668,0.1512,0.1089,0.0839,0.0755,0.0931,0.0048,0.1305,0.1174
2025-08-01,model_Momentum3M,Hold,0.1731,0.0654,0.1527,0.1022,0.0822,0.0756,0.0948,0.0049,0.1293,0.1199
2025-08-04,model_Momentum3M,Hold,0.175,0.0656,0.152,0.0998,0.0806,0.0764,0.0953,0.005,0.1311,0.1191
2025-08-05,model_Momentum3M,Hold,0.1749,0.0623,0.1516,0.1001,0.0815,0.0773,0.0959,0.0049,0.1322,0.1194
2025-08-06,model_Momentum3M,Hold,0.1747,0.0622,0.1563,0.1038,0.0789,0.0761,0.0903,0.0049,0.1325,0.1202
2025-08-07,model_Momentum3M,Hold,0.1746,0.0602,0.1549,0.1033,0.0843,0.0753,0.0904,0.0049,0.1321,0.1199
2025-08-08,model_Momentum3M,Hold,0.1761,0.0591,0.1554,0.1022,0.0859,0.0747,0.0892,0.005,0.1323,0.1201
2025-08-11,model_Momentum3M,Hold,0.1728,0.0591,0.157,0.102,0.0858,0.0738,0.0867,0.005,0.1345,0.1233
2025-08-12,model_Momentum3M,Hold,0.1712,0.0585,0.1549,0.1013,0.0874,0.0746,0.0883,0.005,0.1358,0.123
2025-08-13,model_Momentum3M,Hold,0.1676,0.0599,0.1567,0.1018,0.0872,0.0752,0.089,0.0049,0.1366,0.121
2025-08-14,model_Momentum3M,Hold,0.1678,0.0601,0.1565,0.1049,0.0871,0.0748,0.0887,0.005,0.1338,0.1214
2025-08-15,model_Momentum3M,Hold,0.1706,0.0602,0.1563,0.1048,0.0869,0.0743,0.0904,0.005,0.1299,0.1216
2025-08-18,model_Momentum3M,Hold,0.1686,0.0607,0.1568,0.1049,0.0865,0.0736,0.0916,0.005,0.1303,0.1219
2025-08-19,model_Momentum3M,Hold,0.1688,0.062,0.1575,0.1027,0.0853,0.0737,0.0923,0.0049,0.1307,0.1222
2025-08-20,model_Momentum3M,Hold,0.1697,0.0615,0.1592,0.1004,0.0853,0.0739,0.091,0.0048,0.1305,0.1236
2025-08-21,model_Momentum3M,Hold,0.1691,0.0613,0.1596,0.0996,0.0865,0.0742,0.0909,0.0048,0.1302,0.1237
2025-08-22,model_Momentum3M,Hold,0.1667,0.0614,0.157,0.1007,0.0891,0.0743,0.0933,0.0049,0.1314,0.1214
2025-08-25,model_Momentum3M,Hold,0.1667,0.0609,0.1563,0.1009,0.0925,0.0734,0.0932,0.005,0.1303,0.1209
2025-08-26,model_Momentum3M,Hold,0.1663,0.0608,0.1574,0.1012,0.0916,0.0733,0.0937,0.0049,0.1309,0.1198
2025-08-27,model_Momentum3M,Hold,0.1658,0.0611,0.1559,0.1012,0.0933,0.0733,0.0945,0.0049,0.1305,0.1195
2025-08-28,model_Momentum3M,Hold,0.1654,0.0607,0.1538,0.1021,0.0947,0.0733,0.0945,0.005,0.1312,0.1193
2025-08-29,model_Momentum3M,Hold,0.1664,0.0614,0.1543,0.1006,0.0954,0.0728,0.0948,0.005,0.129,0.1203
2025-09-02,model_Momentum3M,Hold,0.166,0.0609,0.1536,0.0996,0.0986,0.0728,0.0937,0.005,0.1288,0.121
2025-09-03,model_Momentum3M,Hold,0.1676,0.0607,0.1559,0.1003,0.0942,0.0729,0.0948,0.0055,0.1275,0.1206
2025-09-04,model_Momentum3M,Hold,0.166,0.0595,0.1562,0.1031,0.0959,0.0715,0.095,0.0055,0.1285,0.1187
2025-09-05,model_Momentum3M,Hold,0.1668,0.0602,0.1545,0.1021,0.0935,0.0718,0.0975,0.0056,0.1289,0.1192
2025-09-08,model_Momentum3M,Hold,0.1665,0.0606,0.1542,0.104,0.0918,0.0718,0.0988,0.0056,0.1283,0.1182
2025-09-09,model_Momentum3M,Hold,0.1671,0.0601,0.1549,0.1056,0.0898,0.0718,0.0972,0.0057,0.1282,0.1196
2025-09-10,model_Momentum3M,Hold,0.1638,0.058,0.1563,0.1021,0.0966,0.0718,0.0975,0.0057,0.1286,0.1196
2025-09-11,model_Momentum3M,Hold,0.1658,0.0575,0.1564,0.1006,0.0941,0.0727,0.0971,0.0057,0.1318,0.1183
2025-09-12,model_Momentum3M,Hold,0.1674,0.0562,0.1573,0.1,0.0936,0.0724,0.0975,0.0057,0.1307,0.1191
2025-09-15,model_Momentum3M,Hold,0.1652,0.0563,0.157,0.1019,0.0944,0.0719,0.0987,0.006,0.1303,0.1183
2025-09-16,model_Momentum3M,Hold,0.1658,0.0557,0.1548,0.1024,0.1003,0.0703,0.0982,0.0059,0.1293,0.1174
2025-09-17,model_Momentum3M,Hold,0.167,0.0565,0.1566,0.1009,0.0985,0.0714,0.0972,0.0059,0.1277,0.1182
2025-09-18,model_Momentum3M,Hold,0.1679,0.0563,0.1552,0.101,0.0977,0.072,0.1001,0.0059,0.1282,0.1157
2025-09-19,model_Momentum3M,Hold,0.1696,0.0563,0.1551,0.101,0.0958,0.0714,0.0985,0.006,0.1291,0.1173
2025-09-22,model_Momentum3M,Hold,0.1714,0.0567,0.1552,0.1,0.097,0.0712,0.0988,0.006,0.1277,0.116
2025-09-23,model_Momentum3M,Hold,0.1705,0.0556,0.1563,0.0969,0.0985,0.0685,0.1,0.006,0.1297,0.118
2025-09-24,model_Momentum3M,Hold,0.1683,0.0566,0.1582,0.0969,0.1005,0.0675,0.099,0.0059,0.1285,0.1187
2025-09-25,model_Momentum3M,Hold,0.1689,0.0555,0.1597,0.0968,0.101,0.0665,0.0978,0.0059,0.1282,0.1198
2025-09-26,model_Momentum3M,Hold,0.168,0.0566,0.1613,0.0968,0.1017,0.0662,0.0967,0.0059,0.1271,0.1198
2025-09-29,model_Momentum3M,Hold,0.1668,0.0583,0.1607,0.0975,0.0999,0.0669,0.097,0.0058,0.1277,0.1193
2025-09-30,model_Momentum3M,Hold,0.1675,0.0581,0.1608,0.0961,0.0994,0.0673,0.0971,0.0057,0.1283,0.1198
2025-10-01,model_Momentum3M,Rebalance,0.4257,0.0238,0.0931,0.0786,0.0263,0.0166,0.0192,0.0489,0.1829,0.085
2025-10-02,model_Momentum3M,Hold,0.4239,0.0238,0.0929,0.0792,0.0251,0.0167,0.0192,0.049,0.1861,0.0842
2025-10-03,model_Momentum3M,Hold,0.4264,0.0238,0.0937,0.0777,0.0256,0.0166,0.0191,0.0486,0.1848,0.0837
2025-10-06,model_Momentum3M,Hold,0.4255,0.0241,0.0948,0.0785,0.0263,0.0166,0.0183,0.0498,0.1824,0.0836
2025-10-07,model_Momentum3M,Hold,0.4241,0.0245,0.0949,0.079,0.0263,0.0167,0.0179,0.049,0.1821,0.0854
2025-10-08,model_Momentum3M,Hold,0.4272,0.0246,0.0938,0.0801,0.0258,0.0165,0.0172,0.0487,0.1825,0.0837
2025-10-09,model_Momentum3M,Hold,0.4277,0.0247,0.0939,0.0817,0.025,0.0163,0.0172,0.0485,0.1803,0.0847
2025-10-10,model_Momentum3M,Hold,0.4317,0.024,0.0952,0.0787,0.0235,0.0162,0.0173,0.0482,0.1781,0.0871
2025-10-13,model_Momentum3M,Hold,0.4276,0.0242,0.0945,0.08,0.0245,0.0164,0.0173,0.0497,0.1808,0.085
2025-10-14,model_Momentum3M,Hold,0.4299,0.0241,0.0947,0.078,0.0243,0.0163,0.0174,0.0495,0.1809,0.0848
2025-10-15,model_Momentum3M,Hold,0.424,0.0239,0.0943,0.0786,0.025,0.0162,0.0179,0.0512,0.184,0.085
2025-10-16,model_Momentum3M,Hold,0.4237,0.0237,0.0929,0.0792,0.025,0.0162,0.0179,0.052,0.184,0.0854
2025-10-17,model_Momentum3M,Hold,0.4241,0.024,0.0932,0.0782,0.0244,0.0161,0.0177,0.0521,0.1844,0.0859
2025-10-20,model_Momentum3M,Hold,0.4237,0.0241,0.0933,0.0788,0.0241,0.016,0.018,0.0523,0.1853,0.0843
2025-10-21,model_Momentum3M,Hold,0.4139,0.0248,0.0921,0.0802,0.024,0.0159,0.0179,0.0506,0.1979,0.0828
2025-10-22,model_Momentum3M,Hold,0.4144,0.0246,0.0916,0.0785,0.0246,0.0158,0.0181,0.0508,0.1982,0.0835
2025-10-23,model_Momentum3M,Hold,0.4079,0.0246,0.0911,0.0794,0.0263,0.0158,0.0178,0.0509,0.2028,0.0834
2025-10-24,model_Momentum3M,Hold,0.4098,0.0244,0.0908,0.0806,0.0255,0.0158,0.0179,0.0523,0.1992,0.0836
2025-10-27,model_Momentum3M,Hold,0.4097,0.0246,0.0909,0.0813,0.0249,0.0158,0.018,0.054,0.1986,0.0822
2025-10-28,model_Momentum3M,Hold,0.4113,0.0251,0.0909,0.0829,0.0245,0.0159,0.0147,0.0541,0.1984,0.0823
2025-10-29,model_Momentum3M,Hold,0.4094,0.0248,0.0912,0.0843,0.0246,0.0157,0.0139,0.0563,0.1983,0.0816
2025-10-30,model_Momentum3M,Hold,0.412,0.0251,0.0926,0.082,0.0245,0.0155,0.0134,0.058,0.2014,0.0756
2025-10-31,model_Momentum3M,Hold,0.4068,0.0251,0.0925,0.0894,0.0247,0.0154,0.0137,0.0576,0.2005,0.0742
2025-11-03,model_Momentum3M,Hold,0.4081,0.0249,0.0924,0.0931,0.0246,0.0152,0.0132,0.0582,0.1956,0.0747
2025-11-04,model_Momentum3M,Hold,0.4134,0.0243,0.0938,0.0912,0.0241,0.0152,0.0127,0.0568,0.1932,0.0754
2025-11-05,model_Momentum3M,Hold,0.4077,0.0247,0.0955,0.0911,0.0235,0.015,0.0128,0.058,0.1969,0.0749
2025-11-06,model_Momentum3M,Hold,0.4078,0.024,0.0973,0.0883,0.0256,0.0162,0.0124,0.0579,0.1957,0.0748
2025-11-07,model_Momentum3M,Hold,0.4092,0.0242,0.0969,0.0881,0.0256,0.0162,0.0129,0.0563,0.1954,0.0752
2025-11-10,model_Momentum3M,Hold,0.4059,0.024,0.096,0.0891,0.026,0.016,0.0125,0.0583,0.1979,0.0742
2025-11-11,model_Momentum3M,Hold,0.4066,0.0236,0.0955,0.0887,0.0261,0.0161,0.0126,0.0581,0.1977,0.0748
2025-11-12,model_Momentum3M,Hold,0.4102,0.0239,0.0957,0.0865,0.0252,0.016,0.0123,0.0569,0.1994,0.074
2025-11-13,model_Momentum3M,Hold,0.4125,0.0241,0.0963,0.0844,0.0261,0.0161,0.012,0.0554,0.1993,0.0738
2025-11-14,model_Momentum3M,Hold,0.4169,0.0238,0.0957,0.0834,0.0262,0.0159,0.012,0.055,0.1967,0.0743
2025-11-17,model_Momentum3M,Hold,0.4179,0.0236,0.0946,0.0833,0.026,0.0156,0.0117,0.0571,0.1954,0.0748
2025-11-18,model_Momentum3M,Hold,0.4189,0.0235,0.0944,0.0798,0.0266,0.0156,0.0117,0.0571,0.1964,0.076
2025-11-19,model_Momentum3M,Hold,0.4117,0.024,0.0941,0.0809,0.026,0.0159,0.0116,0.0595,0.1998,0.0765
2025-11-20,model_Momentum3M,Hold,0.4098,0.0242,0.0963,0.0799,0.0256,0.016,0.0116,0.0596,0.2,0.077
2025-11-21,model_Momentum3M,Hold,0.4134,0.0247,0.0944,0.0792,0.0256,0.016,0.0118,0.0602,0.1994,0.0751
2025-11-24,model_Momentum3M,Hold,0.4094,0.0239,0.0937,0.081,0.026,0.0159,0.0118,0.0639,0.2006,0.0738
2025-11-25,model_Momentum3M,Hold,0.4079,0.0242,0.0937,0.0814,0.0254,0.0159,0.012,0.0642,0.2009,0.0744
2025-11-26,model_Momentum3M,Hold,0.4095,0.024,0.0928,0.0812,0.026,0.0159,0.0122,0.0635,0.2,0.0748
2025-11-28,model_Momentum3M,Hold,0.4086,0.0241,0.0922,0.0822,0.0262,0.0159,0.0122,0.0632,0.2005,0.0748
2025-12-01,model_Momentum3M,Hold,0.4078,0.025,0.092,0.0829,0.0267,0.016,0.0121,0.0625,0.1996,0.0754
2025-12-02,model_Momentum3M,Hold,0.4042,0.0254,0.0918,0.0834,0.027,0.0158,0.0124,0.0629,0.2018,0.0753
2025-12-03,model_Momentum3M,Hold,0.4009,0.0266,0.092,0.0827,0.0286,0.016,0.0111,0.0637,0.2036,0.0748
2025-12-04,model_Momentum3M,Hold,0.4039,0.0264,0.0928,0.0821,0.0285,0.0162,0.0108,0.0637,0.2004,0.0752
2025-12-05,model_Momentum3M,Hold,0.404,0.0262,0.0931,0.0825,0.029,0.0162,0.0105,0.0646,0.1989,0.075
2025-12-08,model_Momentum3M,Hold,0.4023,0.0267,0.0939,0.0832,0.0286,0.015,0.0106,0.0644,0.1986,0.0766
2025-12-09,model_Momentum3M,Hold,0.3996,0.027,0.0938,0.0836,0.0288,0.0146,0.0107,0.0651,0.2,0.0767
2025-12-10,model_Momentum3M,Hold,0.4007,0.0271,0.0924,0.0843,0.0285,0.0149,0.0109,0.0653,0.1991,0.0768
2025-12-11,model_Momentum3M,Hold,0.4011,0.0268,0.0934,0.0834,0.028,0.0152,0.0106,0.0634,0.2017,0.0765
2025-12-12,model_Momentum3M,Hold,0.4055,0.0267,0.0938,0.0813,0.0278,0.0151,0.0108,0.0623,0.2007,0.076
2025-12-15,model_Momentum3M,Hold,0.4128,0.0269,0.0944,0.0796,0.0269,0.0151,0.0109,0.0617,0.1957,0.076
2025-12-16,model_Momentum3M,Hold,0.4124,0.0269,0.0938,0.0805,0.0258,0.0151,0.011,0.0621,0.195,0.0772
2025-12-17,model_Momentum3M,Hold,0.4129,0.0272,0.0949,0.0802,0.0266,0.0154,0.0111,0.0603,0.1942,0.0772
2025-12-18,model_Momentum3M,Hold,0.4096,0.0269,0.0953,0.0826,0.0258,0.0153,0.0115,0.0617,0.1947,0.0765
2025-12-19,model_Momentum3M,Hold,0.4098,0.0271,0.095,0.0826,0.0261,0.0151,0.0112,0.0626,0.1945,0.0759
2025-12-22,model_Momentum3M,Hold,0.4095,0.027,0.0949,0.0831,0.0265,0.0154,0.0114,0.0632,0.1924,0.0767
2025-12-23,model_Momentum3M,Hold,0.407,0.0269,0.0954,0.0844,0.0264,0.0154,0.0113,0.064,0.1924,0.0768
2025-12-24,model_Momentum3M,Hold,0.4073,0.0268,0.0952,0.0844,0.0263,0.0154,0.0114,0.0639,0.1923,0.077
2025-12-26,model_Momentum3M,Hold,0.4069,0.0269,0.0944,0.0843,0.0261,0.0155,0.0114,0.0637,0.1942,0.0765
2025-12-29,model_Momentum3M,Hold,0.4064,0.027,0.0946,0.0842,0.0264,0.0156,0.0115,0.0638,0.194,0.0766
2025-12-30,model_Momentum3M,Hold,0.4084,0.0267,0.0949,0.084,0.0266,0.0155,0.0115,0.0635,0.1924,0.0764
2022-01-20,model_Momentum6M,Rebalance,0.0579,0.2083,0.1112,0.0524,0.0982,0.175,0.0965,0.0048,0.0981,0.0976
2022-01-21,model_Momentum6M,Hold,0.0594,0.2075,0.1112,0.0501,0.0962,0.1752,0.0973,0.0047,0.0993,0.0992
2022-01-24,model_Momentum6M,Hold,0.0583,0.2089,0.112,0.0506,0.0973,0.1748,0.0963,0.0047,0.099,0.0982
2022-01-25,model_Momentum6M,Hold,0.0579,0.2059,0.1125,0.0489,0.1051,0.1723,0.0955,0.0046,0.0993,0.0981
2022-01-26,model_Momentum6M,Hold,0.057,0.2052,0.1143,0.0491,0.1065,0.1725,0.0945,0.0047,0.098,0.0982
2022-01-27,model_Momentum6M,Hold,0.0571,0.2071,0.1137,0.0493,0.1058,0.1719,0.0923,0.0047,0.0983,0.0998
2022-01-28,model_Momentum6M,Hold,0.0588,0.2107,0.1133,0.0503,0.1054,0.1712,0.0933,0.0048,0.0932,0.099
2022-01-31,model_Momentum6M,Hold,0.0587,0.2134,0.1121,0.0513,0.1036,0.1708,0.0941,0.0048,0.0932,0.098
2022-02-01,model_Momentum6M,Hold,0.0582,0.2118,0.1114,0.0514,0.1075,0.1711,0.0937,0.0048,0.0933,0.0968
2022-02-02,model_Momentum6M,Hold,0.0591,0.214,0.1121,0.0509,0.107,0.1698,0.0938,0.0052,0.0923,0.0959
2022-02-03,model_Momentum6M,Hold,0.0603,0.2096,0.1144,0.0478,0.1083,0.171,0.0932,0.0051,0.0928,0.0976
2022-02-04,model_Momentum6M,Hold,0.0604,0.2119,0.1166,0.0546,0.1087,0.1609,0.093,0.0051,0.0911,0.0976
2022-02-07,model_Momentum6M,Hold,0.0602,0.2117,0.1188,0.0552,0.1085,0.1571,0.0924,0.005,0.0922,0.0989
2022-02-08,model_Momentum6M,Hold,0.0605,0.2125,0.1203,0.0565,0.1047,0.1562,0.0922,0.005,0.093,0.0991
2022-02-09,model_Momentum6M,Hold,0.0604,0.2155,0.1183,0.0555,0.1047,0.1577,0.0927,0.005,0.0922,0.0978
2022-02-10,model_Momentum6M,Hold,0.0604,0.212,0.12,0.0559,0.1071,0.1567,0.0918,0.005,0.092,0.0991
2022-02-11,model_Momentum6M,Hold,0.0602,0.2067,0.1213,0.0547,0.1108,0.154,0.0933,0.0049,0.0932,0.1009
2022-02-14,model_Momentum6M,Hold,0.0597,0.2077,0.1209,0.0561,0.1058,0.1556,0.0936,0.0051,0.0936,0.1018
2022-02-15,model_Momentum6M,Hold,0.0598,0.208,0.1213,0.0561,0.1052,0.157,0.0936,0.0051,0.0924,0.1014
2022-02-16,model_Momentum6M,Hold,0.0595,0.2102,0.1209,0.0566,0.1055,0.155,0.0943,0.0051,0.0912,0.1017
2022-02-17,model_Momentum6M,Hold,0.059,0.207,0.1205,0.0563,0.1073,0.1548,0.0955,0.005,0.0895,0.1051
2022-02-18,model_Momentum6M,Hold,0.0574,0.2067,0.1209,0.0558,0.107,0.1562,0.0956,0.0049,0.0892,0.1062
2022-02-22,model_Momentum6M,Hold,0.0582,0.2083,0.1212,0.0553,0.1041,0.155,0.0974,0.0049,0.0894,0.1061
2022-02-23,model_Momentum6M,Hold,0.0589,0.206,0.1205,0.0541,0.1048,0.1548,0.0978,0.0049,0.0892,0.109
2022-02-24,model_Momentum6M,Hold,0.0594,0.2072,0.1162,0.0563,0.1094,0.1546,0.0997,0.0051,0.0884,0.1036
2022-02-25,model_Momentum6M,Hold,0.0595,0.2052,0.1173,0.0556,0.1108,0.1535,0.0987,0.005,0.0899,0.1045
2022-02-28,model_Momentum6M,Hold,0.059,0.2024,0.1164,0.0559,0.118,0.1519,0.0971,0.0051,0.0894,0.1048
2022-03-01,model_Momentum6M,Hold,0.0584,0.2016,0.1127,0.0556,0.1248,0.1498,0.0974,0.0051,0.088,0.1065
2022-03-02,model_Momentum6M,Hold,0.0585,0.2025,0.1138,0.0549,0.1246,0.1489,0.0966,0.005,0.0879,0.1072
2022-03-03,model_Momentum6M,Hold,0.0585,0.2021,0.1153,0.0532,0.1254,0.1474,0.0975,0.005,0.0882,0.1075
2022-03-04,model_Momentum6M,Hold,0.0589,0.1996,0.1136,0.0526,0.1297,0.1456,0.099,0.0049,0.0876,0.1084
2022-03-07,model_Momentum6M,Hold,0.0593,0.1994,0.1148,0.051,0.1281,0.1452,0.0991,0.0048,0.0879,0.1102
2022-03-08,model_Momentum6M,Hold,0.0583,0.1982,0.1158,0.0508,0.1312,0.1442,0.1004,0.0049,0.0897,0.1067
2022-03-09,model_Momentum6M,Hold,0.0584,0.1998,0.116,0.0511,0.1292,0.1471,0.0994,0.0051,0.0889,0.1051
2022-03-10,model_Momentum6M,Hold,0.0574,0.199,0.1147,0.0536,0.1331,0.1468,0.0985,0.005,0.0869,0.1051
2022-03-11,model_Momentum6M,Hold,0.0568,0.2032,0.1163,0.0539,0.1316,0.1435,0.0984,0.005,0.0863,0.105
2022-03-14,model_Momentum6M,Hold,0.0579,0.2018,0.1187,0.0528,0.1274,0.1436,0.0989,0.0048,0.0884,0.1057
2022-03-15,model_Momentum6M,Hold,0.0581,0.2047,0.118,0.0542,0.1228,0.1445,0.0988,0.0049,0.0877,0.1064
2022-03-16,model_Momentum6M,Hold,0.0582,0.2074,0.1189,0.0555,0.1216,0.1438,0.0979,0.005,0.0872,0.1044
2022-03-17,model_Momentum6M,Hold,0.0583,0.2011,0.1178,0.0562,0.1283,0.1444,0.0978,0.0049,0.0873,0.1038
2022-03-18,model_Momentum6M,Hold,0.0585,0.2025,0.1171,0.0572,0.1264,0.1453,0.0979,0.005,0.0871,0.1031
2022-03-21,model_Momentum6M,Hold,0.0576,0.2011,0.1169,0.0568,0.131,0.1456,0.096,0.0049,0.0865,0.1033
2022-03-22,model_Momentum6M,Hold,0.0572,0.2013,0.1179,0.0576,0.1288,0.1459,0.0951,0.005,0.0866,0.1046
2022-03-23,model_Momentum6M,Hold,0.0555,0.1994,0.118,0.0577,0.1309,0.1468,0.0948,0.005,0.0863,0.1056
2022-03-24,model_Momentum6M,Hold,0.0553,0.2,0.118,0.0571,0.1296,0.1495,0.0945,0.0051,0.086,0.1048
2022-03-25,model_Momentum6M,Hold,0.0551,0.1988,0.1182,0.0568,0.1302,0.15,0.0947,0.005,0.0857,0.1055
2022-03-28,model_Momentum6M,Hold,0.0558,0.2013,0.1182,0.0584,0.1254,0.1517,0.0959,0.0051,0.0854,0.1028
2022-03-29,model_Momentum6M,Hold,0.055,0.2041,0.1164,0.0576,0.1269,0.1517,0.0972,0.005,0.0856,0.1005
2022-03-30,model_Momentum6M,Hold,0.0551,0.2028,0.1168,0.0566,0.1276,0.1522,0.0975,0.005,0.0852,0.1012
2022-03-31,model_Momentum6M,Hold,0.0545,0.2035,0.1156,0.0559,0.1289,0.1523,0.0978,0.0049,0.0844,0.1023
2022-04-01,model_Momentum6M,Hold,0.0542,0.2037,0.1154,0.0555,0.1305,0.1503,0.0992,0.0049,0.084,0.1023
2022-04-04,model_Momentum6M,Hold,0.054,0.2049,0.1126,0.0569,0.1322,0.1518,0.0973,0.005,0.0835,0.1018
2022-04-05,model_Momentum6M,Hold,0.0547,0.2054,0.1137,0.0558,0.1292,0.1523,0.0978,0.0049,0.0838,0.1024
2022-04-06,model_Momentum6M,Hold,0.0549,0.2039,0.116,0.054,0.1264,0.1513,0.0995,0.0048,0.0846,0.1047
2022-04-07,model_Momentum6M,Hold,0.0563,0.2044,0.1159,0.0536,0.1267,0.1518,0.098,0.0048,0.0842,0.1043
2022-04-08,model_Momentum6M,Hold,0.0561,0.2018,0.1161,0.0522,0.1324,0.151,0.0973,0.0047,0.0838,0.1046
2022-04-11,model_Momentum6M,Hold,0.0556,0.1985,0.1177,0.0521,0.1288,0.153,0.097,0.0046,0.0855,0.1072
2022-04-12,model_Momentum6M,Hold,0.0549,0.1982,0.1171,0.052,0.1323,0.1518,0.0964,0.0045,0.0846,0.1081
2022-04-13,model_Momentum6M,Hold,0.0551,0.1964,0.1163,0.0531,0.1356,0.1518,0.096,0.0046,0.084,0.107
2022-04-14,model_Momentum6M,Hold,0.0547,0.1944,0.1179,0.0523,0.137,0.1512,0.0958,0.0045,0.084,0.1082
2022-04-18,model_Momentum6M,Hold,0.0544,0.1919,0.1189,0.0529,0.1387,0.1515,0.0954,0.0046,0.0837,0.1081
2022-04-19,model_Momentum6M,Hold,0.0552,0.1929,0.1169,0.0539,0.1377,0.1512,0.0954,0.0046,0.0846,0.1075
2022-04-20,model_Momentum6M,Hold,0.0561,0.1938,0.1183,0.0522,0.1368,0.1499,0.0966,0.0045,0.0844,0.1073
2022-04-21,model_Momentum6M,Hold,0.0569,0.1944,0.1172,0.0506,0.1315,0.1525,0.0966,0.0044,0.0857,0.1103
2022-04-22,model_Momentum6M,Hold,0.0568,0.193,0.1167,0.0508,0.1307,0.1519,0.0976,0.0043,0.0867,0.1116
2022-04-25,model_Momentum6M,Hold,0.0572,0.1977,0.1155,0.0516,0.126,0.1525,0.0967,0.0045,0.0868,0.1115
2022-04-26,model_Momentum6M,Hold,0.0573,0.1942,0.1155,0.0506,0.1279,0.152,0.098,0.0044,0.0865,0.1137
2022-04-27,model_Momentum6M,Hold,0.0569,0.1934,0.1151,0.0499,0.1318,0.153,0.096,0.0043,0.0861,0.1134
2022-04-28,model_Momentum6M,Hold,0.0566,0.1969,0.1103,0.0514,0.1344,0.1519,0.0959,0.0043,0.0864,0.112
2022-04-29,model_Momentum6M,Hold,0.0563,0.1947,0.1102,0.0456,0.1372,0.1528,0.0948,0.0043,0.0875,0.1166
2022-05-02,model_Momentum6M,Hold,0.0559,0.1973,0.1101,0.0457,0.136,0.1535,0.0926,0.0044,0.0885,0.1161
2022-05-03,model_Momentum6M,Hold,0.055,0.195,0.1099,0.045,0.1406,0.154,0.0927,0.0044,0.0887,0.1147
2022-05-04,model_Momentum6M,Hold,0.0547,0.1948,0.1095,0.0441,0.1445,0.1541,0.0915,0.0044,0.0893,0.1129
2022-05-05,model_Momentum6M,Hold,0.0559,0.1932,0.1114,0.0426,0.1381,0.1537,0.0931,0.0044,0.0905,0.1171
2022-05-06,model_Momentum6M,Hold,0.0551,0.19,0.111,0.0418,0.1465,0.1525,0.0911,0.0044,0.09,0.1176
2022-05-09,model_Momentum6M,Hold,0.055,0.1926,0.1144,0.0413,0.1299,0.1573,0.0899,0.0044,0.0956,0.1198
2022-05-10,model_Momentum6M,Hold,0.0555,0.1956,0.1157,0.0419,0.1314,0.1579,0.0891,0.0046,0.0949,0.1135
2022-05-11,model_Momentum6M,Hold,0.0553,0.192,0.1153,0.0408,0.1353,0.1602,0.0887,0.0045,0.0937,0.1143
2022-05-12,model_Momentum6M,Hold,0.0563,0.1919,0.1136,0.0413,0.1341,0.1589,0.0887,0.0045,0.0955,0.1152
2022-05-13,model_Momentum6M,Hold,0.0559,0.191,0.1112,0.0426,0.1417,0.1567,0.089,0.0045,0.0931,0.1143
2022-05-16,model_Momentum6M,Hold,0.0557,0.1899,0.1106,0.0416,0.1455,0.1556,0.0879,0.0044,0.0935,0.1154
2022-05-17,model_Momentum6M,Hold,0.057,0.1894,0.1113,0.0425,0.1451,0.1569,0.0865,0.0044,0.0928,0.1142
2022-05-18,model_Momentum6M,Hold,0.0583,0.1853,0.1137,0.041,0.1413,0.1596,0.0857,0.0044,0.0943,0.1164
2022-05-19,model_Momentum6M,Hold,0.0584,0.186,0.113,0.0413,0.1435,0.1603,0.0861,0.0044,0.0945,0.1124
2022-05-20,model_Momentum6M,Hold,0.0585,0.187,0.1113,0.0412,0.1456,0.1617,0.0867,0.0043,0.092,0.1118
2022-05-23,model_Momentum6M,Hold,0.0583,0.1877,0.1119,0.0403,0.1512,0.1587,0.0855,0.0043,0.0904,0.1117
2022-05-24,model_Momentum6M,Hold,0.0578,0.1858,0.1134,0.0392,0.15,0.1586,0.0856,0.0041,0.0917,0.1139
2022-05-25,model_Momentum6M,Hold,0.0569,0.184,0.1136,0.0398,0.1549,0.1566,0.0847,0.0041,0.0907,0.1147
2022-05-26,model_Momentum6M,Hold,0.0566,0.1878,0.1138,0.0405,0.1526,0.1572,0.0844,0.0041,0.0896,0.1136
2022-05-27,model_Momentum6M,Hold,0.0559,0.1905,0.113,0.0408,0.1541,0.158,0.0847,0.0041,0.0885,0.1103
2022-05-31,model_Momentum6M,Hold,0.0567,0.1884,0.1142,0.043,0.1534,0.1564,0.0841,0.0042,0.0891,0.1105
2022-06-01,model_Momentum6M,Hold,0.0558,0.1894,0.1133,0.0437,0.1561,0.1554,0.0834,0.0042,0.0878,0.1109
2022-06-02,model_Momentum6M,Hold,0.0561,0.1914,0.1113,0.0444,0.1532,0.1589,0.0835,0.0043,0.0875,0.1094
2022-06-03,model_Momentum6M,Hold,0.056,0.1915,0.1103,0.0435,0.1567,0.1595,0.0823,0.0042,0.0867,0.1093
2022-06-06,model_Momentum6M,Hold,0.0556,0.1904,0.1105,0.0442,0.1568,0.162,0.0816,0.0043,0.0864,0.1084
2022-06-07,model_Momentum6M,Hold,0.055,0.1887,0.1097,0.0429,0.1635,0.1616,0.0812,0.0042,0.0855,0.1076
2022-06-08,model_Momentum6M,Hold,0.0554,0.1912,0.1108,0.0434,0.1671,0.1605,0.0792,0.0043,0.0869,0.1012
2022-06-09,model_Momentum6M,Hold,0.0554,0.1901,0.1104,0.0423,0.1664,0.1643,0.0777,0.0043,0.0877,0.1013
2022-06-10,model_Momentum6M,Hold,0.0554,0.1891,0.1099,0.041,0.1668,0.1652,0.0776,0.0043,0.0861,0.1047
2022-06-13,model_Momentum6M,Hold,0.0557,0.1902,0.1104,0.0404,0.162,0.168,0.0755,0.0043,0.0887,0.1049
2022-06-14,model_Momentum6M,Hold,0.0544,0.1902,0.111,0.0401,0.1644,0.1665,0.0751,0.0043,0.0884,0.1056
2022-06-15,model_Momentum6M,Hold,0.0551,0.1934,0.1114,0.0419,0.1622,0.1657,0.0749,0.0044,0.0874,0.1036
2022-06-16,model_Momentum6M,Hold,0.0556,0.1931,0.1129,0.0418,0.1538,0.1687,0.0747,0.0044,0.0883,0.1067
2022-06-17,model_Momentum6M,Hold,0.0561,0.1971,0.1135,0.0431,0.1451,0.17,0.0757,0.0045,0.0879,0.107
2022-06-21,model_Momentum6M,Hold,0.0561,0.1987,0.1138,0.0432,0.1466,0.1705,0.0743,0.0046,0.0864,0.1059
2022-06-22,model_Momentum6M,Hold,0.0576,0.2046,0.1151,0.0441,0.1384,0.1733,0.0765,0.0047,0.0881,0.0978
2022-06-23,model_Momentum6M,Hold,0.0579,0.2038,0.1143,0.0454,0.1335,0.1738,0.079,0.0047,0.0878,0.1
2022-06-24,model_Momentum6M,Hold,0.0577,0.2064,0.1149,0.0455,0.1299,0.175,0.0795,0.0048,0.0876,0.0987
2022-06-27,model_Momentum6M,Hold,0.0579,0.2032,0.1159,0.0445,0.1345,0.1721,0.0812,0.0047,0.0872,0.0989
2022-06-28,model_Momentum6M,Hold,0.0573,0.199,0.1171,0.0426,0.1405,0.1712,0.0813,0.0046,0.0864,0.0999
2022-06-29,model_Momentum6M,Hold,0.0593,0.199,0.1179,0.0439,0.1327,0.1741,0.0832,0.0046,0.0873,0.098
2022-06-30,model_Momentum6M,Hold,0.0596,0.1992,0.1186,0.0431,0.1294,0.1748,0.0842,0.0046,0.0878,0.0988
2022-07-01,model_Momentum6M,Rebalance,0.0596,0.3013,0.0654,0.0201,0.0663,0.2777,0.087,0.0088,0.0626,0.0512
2022-07-05,model_Momentum6M,Hold,0.0599,0.2995,0.0655,0.0212,0.0622,0.2784,0.0889,0.0092,0.0639,0.0513
2022-07-06,model_Momentum6M,Hold,0.0598,0.3013,0.0662,0.0214,0.061,0.2761,0.0896,0.0094,0.0644,0.0508
2022-07-07,model_Momentum6M,Hold,0.0597,0.3023,0.0661,0.0216,0.0652,0.2719,0.0886,0.0096,0.0639,0.0511
2022-07-08,model_Momentum6M,Hold,0.06,0.3041,0.0665,0.0216,0.0663,0.2697,0.0873,0.0098,0.0637,0.0511
2022-07-11,model_Momentum6M,Hold,0.0601,0.3014,0.0666,0.021,0.0655,0.2736,0.0861,0.0095,0.0643,0.0519
2022-07-12,model_Momentum6M,Hold,0.0603,0.3024,0.0668,0.0207,0.0626,0.2731,0.0866,0.0094,0.0654,0.0528
2022-07-13,model_Momentum6M,Hold,0.0597,0.3048,0.066,0.0211,0.0641,0.2711,0.0859,0.0093,0.0651,0.0529
2022-07-14,model_Momentum6M,Hold,0.0608,0.3062,0.0658,0.0215,0.0626,0.2687,0.0854,0.0094,0.0662,0.0534
2022-07-15,model_Momentum6M,Hold,0.0615,0.3045,0.0658,0.0217,0.0624,0.2682,0.0873,0.0094,0.0661,0.053
2022-07-18,model_Momentum6M,Hold,0.0609,0.3031,0.066,0.0219,0.0644,0.2678,0.0872,0.0092,0.0658,0.0537
2022-07-19,model_Momentum6M,Hold,0.0605,0.3059,0.0649,0.022,0.0653,0.2668,0.0873,0.0093,0.0653,0.0528
2022-07-20,model_Momentum6M,Hold,0.0593,0.3061,0.0642,0.0228,0.0662,0.2674,0.0876,0.0092,0.0654,0.0518
2022-07-21,model_Momentum6M,Hold,0.06,0.3097,0.0639,0.0229,0.0625,0.2679,0.0869,0.0092,0.0652,0.0518
2022-07-22,model_Momentum6M,Hold,0.0593,0.3102,0.0643,0.0225,0.0609,0.2683,0.0882,0.0087,0.0654,0.0522
2022-07-25,model_Momentum6M,Hold,0.0585,0.3094,0.0648,0.0221,0.0643,0.2671,0.0876,0.0086,0.0649,0.0527
2022-07-26,model_Momentum6M,Hold,0.0588,0.3051,0.0643,0.021,0.0632,0.2666,0.0913,0.0084,0.0682,0.0531
2022-07-27,model_Momentum6M,Hold,0.058,0.3114,0.0633,0.0216,0.0643,0.2644,0.0903,0.0088,0.0658,0.0519
2022-07-28,model_Momentum6M,Hold,0.0572,0.312,0.0626,0.0214,0.0639,0.2665,0.0914,0.0088,0.0653,0.0509
2022-07-29,model_Momentum6M,Hold,0.0556,0.31,0.0627,0.0233,0.0657,0.2669,0.0915,0.0088,0.0656,0.05
2022-08-01,model_Momentum6M,Hold,0.0562,0.3102,0.0624,0.0235,0.064,0.2673,0.0912,0.0087,0.0661,0.0505
2022-08-02,model_Momentum6M,Hold,0.0562,0.3103,0.0651,0.0235,0.0644,0.266,0.0893,0.0088,0.0658,0.0506
2022-08-03,model_Momentum6M,Hold,0.0563,0.3137,0.0649,0.0242,0.0612,0.2656,0.0884,0.009,0.0661,0.0507
2022-08-04,model_Momentum6M,Hold,0.0556,0.3124,0.0643,0.0245,0.0539,0.2753,0.0877,0.0089,0.0674,0.0501
2022-08-05,model_Momentum6M,Hold,0.0551,0.3096,0.0642,0.024,0.0555,0.2791,0.0872,0.0088,0.0668,0.0497
2022-08-08,model_Momentum6M,Hold,0.0548,0.3097,0.0642,0.0237,0.0561,0.2774,0.0884,0.0087,0.0671,0.0497
2022-08-09,model_Momentum6M,Hold,0.0545,0.3102,0.0654,0.0236,0.0571,0.2752,0.0885,0.0087,0.067,0.0498
2022-08-10,model_Momentum6M,Hold,0.0545,0.31,0.0653,0.0238,0.0568,0.2763,0.0889,0.0088,0.0662,0.0493
2022-08-11,model_Momentum6M,Hold,0.0545,0.3076,0.0662,0.0235,0.0595,0.2751,0.089,0.0087,0.0663,0.0497
2022-08-12,model_Momentum6M,Hold,0.054,0.3081,0.0665,0.0235,0.0583,0.2766,0.0891,0.0087,0.0663,0.0488
2022-08-15,model_Momentum6M,Hold,0.0542,0.3076,0.0665,0.0235,0.0563,0.2795,0.089,0.0088,0.0658,0.0489
2022-08-16,model_Momentum6M,Hold,0.0542,0.3079,0.0664,0.0237,0.0557,0.2789,0.0898,0.0087,0.0653,0.0494
2022-08-17,model_Momentum6M,Hold,0.0541,0.309,0.067,0.0235,0.057,0.2761,0.0903,0.0087,0.0647,0.0496
2022-08-18,model_Momentum6M,Hold,0.0536,0.309,0.0674,0.0235,0.0616,0.2749,0.0874,0.0087,0.0642,0.0496
2022-08-19,model_Momentum6M,Hold,0.0543,0.3086,0.0673,0.0231,0.0618,0.2741,0.0871,0.0086,0.065,0.0501
2022-08-22,model_Momentum6M,Hold,0.0538,0.3078,0.0667,0.0226,0.0638,0.2751,0.0867,0.0085,0.0643,0.0507
2022-08-23,model_Momentum6M,Hold,0.0531,0.305,0.0666,0.0227,0.0673,0.276,0.0855,0.0085,0.0645,0.0509
2022-08-24,model_Momentum6M,Hold,0.0526,0.3032,0.0663,0.0226,0.0697,0.2763,0.086,0.0084,0.0639,0.051
2022-08-25,model_Momentum6M,Hold,0.0522,0.303,0.0662,0.0229,0.069,0.2769,0.0863,0.0085,0.0639,0.0511
2022-08-26,model_Momentum6M,Hold,0.0518,0.3006,0.0667,0.0225,0.0707,0.2808,0.0868,0.0083,0.0595,0.0521
2022-08-29,model_Momentum6M,Hold,0.0521,0.2993,0.067,0.0225,0.0732,0.2808,0.0861,0.0083,0.0586,0.0522
2022-08-30,model_Momentum6M,Hold,0.053,0.301,0.0673,0.0226,0.0707,0.2796,0.0864,0.0084,0.0588,0.0523
2022-08-31,model_Momentum6M,Hold,0.0538,0.2998,0.0671,0.0225,0.071,0.2786,0.0869,0.0084,0.0591,0.0528
2022-09-01,model_Momentum6M,Hold,0.0551,0.301,0.0675,0.0227,0.069,0.2768,0.0862,0.0085,0.0599,0.0532
2022-09-02,model_Momentum6M,Hold,0.0545,0.2997,0.0681,0.023,0.0715,0.2762,0.0865,0.0085,0.0587,0.0534
2022-09-06,model_Momentum6M,Hold,0.0549,0.3004,0.0686,0.0228,0.07,0.2771,0.0882,0.0085,0.0565,0.0531
2022-09-07,model_Momentum6M,Hold,0.055,0.2989,0.069,0.023,0.0667,0.2809,0.0877,0.0085,0.0575,0.0527
2022-09-08,model_Momentum6M,Hold,0.0559,0.2987,0.0695,0.023,0.0669,0.2796,0.0887,0.0084,0.0566,0.0527
2022-09-09,model_Momentum6M,Hold,0.056,0.2974,0.0688,0.0233,0.0681,0.2793,0.0886,0.0085,0.0576,0.0525
2022-09-12,model_Momentum6M,Hold,0.0554,0.2969,0.0683,0.0234,0.0702,0.2814,0.0878,0.0083,0.0571,0.0511
2022-09-13,model_Momentum6M,Hold,0.0557,0.2939,0.069,0.0226,0.0713,0.2839,0.0875,0.0081,0.0575,0.0505
2022-09-14,model_Momentum6M,Hold,0.0558,0.2915,0.0684,0.023,0.0763,0.2836,0.0867,0.0082,0.0562,0.0503
2022-09-15,model_Momentum6M,Hold,0.0563,0.291,0.0688,0.0229,0.077,0.2804,0.0874,0.0082,0.0566,0.0514
2022-09-16,model_Momentum6M,Hold,0.056,0.2913,0.0691,0.0225,0.0755,0.2807,0.0877,0.0082,0.057,0.052
2022-09-19,model_Momentum6M,Hold,0.0557,0.2921,0.0697,0.0226,0.075,0.2813,0.0863,0.0082,0.0567,0.0524
2022-09-20,model_Momentum6M,Hold,0.0557,0.2916,0.071,0.0225,0.0746,0.2806,0.0851,0.0082,0.0575,0.0533
2022-09-21,model_Momentum6M,Hold,0.0557,0.2913,0.0713,0.0222,0.0736,0.2814,0.0845,0.0081,0.0576,0.0543
2022-09-22,model_Momentum6M,Hold,0.0565,0.2908,0.0707,0.0222,0.0718,0.2808,0.0859,0.0083,0.0579,0.0552
2022-09-23,model_Momentum6M,Hold,0.0572,0.2931,0.0708,0.0219,0.0647,0.2838,0.0879,0.0083,0.0582,0.0541
2022-09-26,model_Momentum6M,Hold,0.0576,0.2948,0.0707,0.0225,0.0636,0.2815,0.087,0.0084,0.0592,0.0546
2022-09-27,model_Momentum6M,Hold,0.057,0.2947,0.0707,0.0224,0.0656,0.2817,0.0864,0.0084,0.0591,0.0539
2022-09-28,model_Momentum6M,Hold,0.056,0.2948,0.07,0.0227,0.0681,0.2809,0.0866,0.0084,0.0588,0.0536
2022-09-29,model_Momentum6M,Hold,0.0564,0.2941,0.07,0.0223,0.0695,0.2803,0.0867,0.0083,0.0585,0.0539
2022-09-30,model_Momentum6M,Hold,0.0557,0.2936,0.0697,0.022,0.0681,0.284,0.0879,0.0082,0.0577,0.053
2022-10-03,model_Momentum6M,Hold,0.0555,0.2931,0.0696,0.0219,0.0721,0.282,0.0876,0.0082,0.0573,0.0527
2022-10-04,model_Momentum6M,Hold,0.0556,0.2933,0.0698,0.0221,0.0731,0.2836,0.0856,0.0081,0.0565,0.0523
2022-10-05,model_Momentum6M,Hold,0.0561,0.2951,0.0698,0.0222,0.0761,0.2793,0.0836,0.0082,0.0566,0.0531
2022-10-06,model_Momentum6M,Hold,0.0562,0.2931,0.0699,0.0223,0.0802,0.2776,0.0833,0.0082,0.0553,0.0538
2022-10-07,model_Momentum6M,Hold,0.0573,0.2901,0.0701,0.0218,0.0829,0.2768,0.0827,0.0082,0.0549,0.055
2022-10-10,model_Momentum6M,Hold,0.0572,0.2893,0.0708,0.0218,0.0807,0.2789,0.0815,0.0082,0.0556,0.0561
2022-10-11,model_Momentum6M,Hold,0.0579,0.2854,0.0712,0.0216,0.0797,0.2789,0.0834,0.0082,0.0561,0.0576
2022-10-12,model_Momentum6M,Hold,0.0572,0.285,0.0708,0.0219,0.0807,0.2782,0.083,0.0083,0.0565,0.0584
2022-10-13,model_Momentum6M,Hold,0.0571,0.2846,0.0714,0.0211,0.0804,0.2801,0.0815,0.0081,0.0575,0.0581
2022-10-14,model_Momentum6M,Hold,0.0575,0.2854,0.0723,0.0205,0.0784,0.2796,0.0813,0.0081,0.0584,0.0585
2022-10-17,model_Momentum6M,Hold,0.0577,0.2899,0.0714,0.0214,0.0771,0.2794,0.0812,0.0082,0.0573,0.0565
2022-10-18,model_Momentum6M,Hold,0.0579,0.2889,0.0713,0.0216,0.0757,0.2824,0.0801,0.0082,0.0578,0.0561
2022-10-19,model_Momentum6M,Hold,0.0544,0.2901,0.0715,0.0215,0.08,0.2825,0.0785,0.0081,0.0571,0.0562
2022-10-20,model_Momentum6M,Hold,0.0534,0.2911,0.0712,0.0218,0.0807,0.2822,0.0787,0.0083,0.0573,0.0555
2022-10-21,model_Momentum6M,Hold,0.0521,0.293,0.0717,0.022,0.0821,0.2792,0.0785,0.0082,0.0578,0.0554
2022-10-24,model_Momentum6M,Hold,0.053,0.2946,0.0717,0.0218,0.0819,0.2779,0.0778,0.0082,0.0577,0.0556
2022-10-25,model_Momentum6M,Hold,0.0517,0.2937,0.0702,0.0214,0.0827,0.2804,0.0803,0.0081,0.0565,0.0548
2022-10-26,model_Momentum6M,Hold,0.0518,0.2922,0.07,0.0205,0.0841,0.2802,0.0801,0.0074,0.0583,0.0554
2022-10-27,model_Momentum6M,Hold,0.0513,0.2929,0.0713,0.0198,0.084,0.2785,0.0817,0.0072,0.0587,0.0546
2022-10-28,model_Momentum6M,Hold,0.0515,0.2956,0.072,0.018,0.0816,0.2783,0.0819,0.0074,0.0592,0.0545
2022-10-31,model_Momentum6M,Hold,0.0517,0.2943,0.0731,0.018,0.0824,0.2764,0.0824,0.0073,0.0594,0.0549
2022-11-01,model_Momentum6M,Hold,0.0519,0.2918,0.075,0.017,0.083,0.2783,0.0821,0.007,0.0591,0.0548
2022-11-02,model_Momentum6M,Hold,0.0526,0.2899,0.0768,0.0167,0.0823,0.2778,0.0829,0.0069,0.0595,0.0546
2022-11-03,model_Momentum6M,Hold,0.0513,0.271,0.0753,0.016,0.0873,0.2966,0.0826,0.0065,0.059,0.0543
2022-11-04,model_Momentum6M,Hold,0.0508,0.2682,0.0747,0.0159,0.088,0.3019,0.082,0.0066,0.0584,0.0535
2022-11-07,model_Momentum6M,Hold,0.0509,0.2728,0.0744,0.0156,0.0878,0.2997,0.0815,0.0067,0.0575,0.0533
2022-11-08,model_Momentum6M,Hold,0.0507,0.2714,0.0742,0.0154,0.0865,0.304,0.0804,0.0067,0.0576,0.053
2022-11-09,model_Momentum6M,Hold,0.0514,0.2733,0.075,0.015,0.0817,0.3059,0.0801,0.0067,0.0578,0.0531
2022-11-10,model_Momentum6M,Hold,0.0514,0.2806,0.074,0.016,0.0804,0.3015,0.0822,0.0068,0.0575,0.0495
2022-11-11,model_Momentum6M,Hold,0.051,0.2818,0.0739,0.0166,0.0828,0.2984,0.0803,0.007,0.0588,0.0494
2022-11-14,model_Momentum6M,Hold,0.0502,0.2817,0.0725,0.0163,0.0805,0.3061,0.0786,0.0069,0.0582,0.0491
2022-11-15,model_Momentum6M,Hold,0.0502,0.2824,0.0738,0.0162,0.0828,0.3026,0.0791,0.0071,0.0576,0.0483
2022-11-16,model_Momentum6M,Hold,0.0507,0.2827,0.0748,0.016,0.0804,0.3048,0.0782,0.0071,0.0568,0.0484
2022-11-17,model_Momentum6M,Hold,0.0506,0.2808,0.0751,0.0158,0.0803,0.3054,0.0788,0.0072,0.0573,0.0489
2022-11-18,model_Momentum6M,Hold,0.051,0.2789,0.0752,0.0156,0.0789,0.3073,0.08,0.0071,0.0568,0.0493
2022-11-21,model_Momentum6M,Hold,0.051,0.2795,0.0757,0.0153,0.0771,0.3074,0.0798,0.0069,0.0573,0.05
2022-11-22,model_Momentum6M,Hold,0.0502,0.2778,0.0743,0.015,0.0792,0.3122,0.0792,0.0068,0.0562,0.0491
2022-11-23,model_Momentum6M,Hold,0.0508,0.2797,0.0744,0.0152,0.0777,0.3115,0.0789,0.007,0.056,0.049
2022-11-25,model_Momentum6M,Hold,0.051,0.28,0.0746,0.015,0.0767,0.3117,0.0797,0.0068,0.0561,0.0484
2022-11-28,model_Momentum6M,Hold,0.0512,0.2801,0.0745,0.0154,0.0758,0.3124,0.0786,0.0069,0.0553,0.0498
2022-11-29,model_Momentum6M,Hold,0.051,0.2774,0.0743,0.0151,0.0785,0.3099,0.0804,0.0068,0.056,0.0506
2022-11-30,model_Momentum6M,Hold,0.0509,0.2823,0.0735,0.0154,0.0769,0.3098,0.0799,0.007,0.0544,0.05
2022-12-01,model_Momentum6M,Hold,0.0509,0.2831,0.0732,0.0152,0.0764,0.3105,0.0792,0.007,0.0542,0.0503
2022-12-02,model_Momentum6M,Hold,0.0507,0.2791,0.0732,0.0149,0.0766,0.3153,0.078,0.0069,0.0544,0.0507
2022-12-05,model_Momentum6M,Hold,0.0504,0.2774,0.0733,0.0147,0.0758,0.3178,0.0781,0.007,0.0544,0.0512
2022-12-06,model_Momentum6M,Hold,0.0505,0.2753,0.0746,0.0145,0.074,0.3205,0.0773,0.007,0.0553,0.051
2022-12-07,model_Momentum6M,Hold,0.0507,0.275,0.0744,0.0144,0.0732,0.3223,0.0764,0.0068,0.0558,0.0509
2022-12-08,model_Momentum6M,Hold,0.0512,0.2773,0.0727,0.0146,0.071,0.3233,0.0772,0.0066,0.0551,0.051
2022-12-09,model_Momentum6M,Hold,0.052,0.2768,0.0731,0.0145,0.0703,0.3213,0.0784,0.0066,0.0556,0.0513
2022-12-12,model_Momentum6M,Hold,0.0522,0.2762,0.0729,0.0145,0.0726,0.3215,0.0776,0.0066,0.0552,0.0508
2022-12-13,model_Momentum6M,Hold,0.0524,0.2751,0.0717,0.0146,0.0747,0.3226,0.0778,0.0066,0.0546,0.0499
2022-12-14,model_Momentum6M,Hold,0.0526,0.273,0.0718,0.0146,0.0738,0.3243,0.0784,0.0066,0.0544,0.0506
2022-12-15,model_Momentum6M,Hold,0.0526,0.27,0.0725,0.0144,0.0757,0.3234,0.0791,0.0065,0.0541,0.0517
2022-12-16,model_Momentum6M,Hold,0.053,0.26,0.0739,0.0147,0.0753,0.3312,0.0779,0.0066,0.0551,0.0524
2022-12-19,model_Momentum6M,Hold,0.0535,0.2544,0.0747,0.0144,0.0764,0.3327,0.0785,0.0066,0.056,0.0529
2022-12-20,model_Momentum6M,Hold,0.0531,0.2589,0.076,0.0143,0.0763,0.3289,0.0784,0.0065,0.055,0.0526
2022-12-21,model_Momentum6M,Hold,0.053,0.2612,0.0756,0.0143,0.0793,0.3252,0.0781,0.0065,0.0552,0.0518
2022-12-22,model_Momentum6M,Hold,0.0535,0.2602,0.0759,0.014,0.0768,0.3271,0.0786,0.0064,0.055,0.0526
2022-12-23,model_Momentum6M,Hold,0.0532,0.2597,0.0762,0.0141,0.0806,0.3242,0.0786,0.0065,0.054,0.0527
2022-12-27,model_Momentum6M,Hold,0.0534,0.2589,0.0767,0.0138,0.0813,0.3243,0.0782,0.0063,0.054,0.053
2022-12-28,model_Momentum6M,Hold,0.0538,0.2603,0.077,0.0137,0.0782,0.3261,0.0777,0.0063,0.0539,0.053
2022-12-29,model_Momentum6M,Hold,0.0543,0.262,0.0766,0.014,0.0784,0.3236,0.0782,0.0064,0.0542,0.0523
2022-12-30,model_Momentum6M,Hold,0.0542,0.2611,0.0766,0.014,0.0799,0.3228,0.0787,0.0064,0.054,0.0523
2023-01-03,model_Momentum6M,Rebalance,0.1634,0.0249,0.175,0.01,0.1795,0.0258,0.0577,0.0414,0.1507,0.1716
2023-01-04,model_Momentum6M,Hold,0.1658,0.0248,0.1757,0.0099,0.1734,0.0258,0.0588,0.0409,0.1539,0.1711
2023-01-05,model_Momentum6M,Hold,0.1668,0.0244,0.1764,0.0098,0.1734,0.0256,0.0578,0.0404,0.1527,0.1726
2023-01-06,model_Momentum6M,Hold,0.1649,0.0244,0.1777,0.0099,0.1737,0.0257,0.0582,0.04,0.1534,0.1723
2023-01-09,model_Momentum6M,Hold,0.1655,0.0249,0.1728,0.0101,0.1766,0.0259,0.0581,0.0405,0.1543,0.1715
2023-01-10,model_Momentum6M,Hold,0.1669,0.0249,0.1731,0.0103,0.175,0.0259,0.0581,0.0404,0.155,0.1705
2023-01-11,model_Momentum6M,Hold,0.1648,0.0254,0.1717,0.0108,0.1761,0.0257,0.0601,0.0415,0.1552,0.1687
2023-01-12,model_Momentum6M,Hold,0.1624,0.0255,0.1709,0.0108,0.1816,0.0254,0.0607,0.0412,0.1549,0.1666
2023-01-13,model_Momentum6M,Hold,0.1643,0.0252,0.1721,0.011,0.1803,0.0253,0.0602,0.0414,0.154,0.1662
2023-01-17,model_Momentum6M,Hold,0.1654,0.0256,0.1725,0.0109,0.1809,0.0251,0.0609,0.0413,0.1517,0.1658
2023-01-18,model_Momentum6M,Hold,0.1658,0.0255,0.1744,0.011,0.1799,0.0253,0.0616,0.042,0.1499,0.1646
2023-01-19,model_Momentum6M,Hold,0.1665,0.0251,0.1718,0.0108,0.1847,0.0251,0.0614,0.043,0.1448,0.1669
2023-01-20,model_Momentum6M,Hold,0.166,0.0254,0.1706,0.0111,0.1832,0.0251,0.0617,0.0447,0.1458,0.1663
2023-01-23,model_Momentum6M,Hold,0.1664,0.0251,0.1704,0.0111,0.1829,0.0253,0.062,0.0452,0.147,0.1646
2023-01-24,model_Momentum6M,Hold,0.1667,0.0251,0.176,0.0111,0.1803,0.0261,0.0628,0.0449,0.1399,0.167
2023-01-25,model_Momentum6M,Hold,0.1654,0.0251,0.1777,0.0112,0.1814,0.0261,0.0624,0.044,0.1382,0.1684
2023-01-26,model_Momentum6M,Hold,0.1646,0.0251,0.1765,0.0114,0.1857,0.0263,0.0623,0.0448,0.1382,0.1652
2023-01-27,model_Momentum6M,Hold,0.1623,0.0252,0.1756,0.0117,0.1865,0.026,0.0634,0.0455,0.1397,0.164
2023-01-30,model_Momentum6M,Hold,0.1639,0.0253,0.1779,0.0117,0.1821,0.0263,0.0628,0.0449,0.138,0.1672
2023-01-31,model_Momentum6M,Hold,0.1631,0.0254,0.177,0.0118,0.1807,0.0266,0.0634,0.0453,0.1395,0.1673
2023-02-01,model_Momentum6M,Hold,0.1634,0.0256,0.1747,0.0119,0.1752,0.0261,0.0638,0.0455,0.139,0.1748
2023-02-02,model_Momentum6M,Hold,0.1648,0.0266,0.1651,0.0129,0.1718,0.0244,0.067,0.0491,0.145,0.1735
2023-02-03,model_Momentum6M,Hold,0.1656,0.0264,0.1678,0.0119,0.1721,0.0237,0.0664,0.0482,0.143,0.1749
2023-02-06,model_Momentum6M,Hold,0.1648,0.0261,0.1689,0.0118,0.1727,0.0236,0.0665,0.0475,0.1423,0.1758
2023-02-07,model_Momentum6M,Hold,0.1648,0.0261,0.168,0.0117,0.1776,0.0236,0.0656,0.0491,0.1413,0.1724
2023-02-08,model_Momentum6M,Hold,0.1645,0.0262,0.1717,0.0116,0.1737,0.0241,0.0662,0.046,0.1413,0.1747
2023-02-09,model_Momentum6M,Hold,0.1639,0.0267,0.1723,0.0116,0.172,0.0244,0.0669,0.0447,0.1407,0.1768
2023-02-10,model_Momentum6M,Hold,0.1615,0.0261,0.1703,0.0113,0.1796,0.0241,0.0661,0.0438,0.1396,0.1775
2023-02-13,model_Momentum6M,Hold,0.1614,0.0264,0.1723,0.0115,0.1746,0.0239,0.0664,0.0437,0.1408,0.179
2023-02-14,model_Momentum6M,Hold,0.1611,0.0264,0.1706,0.0116,0.1762,0.0237,0.0662,0.0441,0.1409,0.1792
2023-02-15,model_Momentum6M,Hold,0.1613,0.0267,0.171,0.0118,0.1716,0.024,0.0665,0.0452,0.1417,0.1803
2023-02-16,model_Momentum6M,Hold,0.1616,0.0264,0.1729,0.0116,0.1689,0.024,0.0659,0.0451,0.1419,0.1817
2023-02-17,model_Momentum6M,Hold,0.1633,0.0261,0.1742,0.0115,0.161,0.024,0.0661,0.0448,0.1438,0.1851
2023-02-21,model_Momentum6M,Hold,0.1617,0.0259,0.1745,0.0115,0.164,0.0243,0.0656,0.0444,0.1418,0.1862
2023-02-22,model_Momentum6M,Hold,0.1608,0.026,0.1758,0.0116,0.1638,0.0245,0.0652,0.0445,0.142,0.1858
2023-02-23,model_Momentum6M,Hold,0.1597,0.026,0.1738,0.0116,0.1683,0.0245,0.0648,0.0439,0.1411,0.1862
2023-02-24,model_Momentum6M,Hold,0.1576,0.0258,0.1766,0.0114,0.17,0.0248,0.0636,0.0434,0.1407,0.1862
2023-02-27,model_Momentum6M,Hold,0.157,0.0258,0.1763,0.0115,0.1705,0.0252,0.0637,0.0439,0.1418,0.1843
2023-02-28,model_Momentum6M,Hold,0.1605,0.0258,0.1765,0.0115,0.1673,0.0253,0.0631,0.0441,0.1414,0.1843
2023-03-01,model_Momentum6M,Hold,0.1586,0.0256,0.1759,0.0113,0.1722,0.0255,0.0601,0.0441,0.1442,0.1827
2023-03-02,model_Momentum6M,Hold,0.1604,0.0256,0.1733,0.0112,0.1738,0.0256,0.0598,0.0446,0.1429,0.1827
2023-03-03,model_Momentum6M,Hold,0.1611,0.0256,0.1733,0.0114,0.1754,0.0255,0.0593,0.0448,0.1428,0.1806
2023-03-06,model_Momentum6M,Hold,0.1594,0.0258,0.1737,0.0113,0.172,0.0255,0.0604,0.0458,0.1419,0.1842
2023-03-07,model_Momentum6M,Hold,0.1584,0.0258,0.1744,0.0115,0.1712,0.0259,0.0598,0.0461,0.1412,0.1856
2023-03-08,model_Momentum6M,Hold,0.1581,0.0259,0.1726,0.0116,0.1691,0.0259,0.0613,0.0465,0.1418,0.1873
2023-03-09,model_Momentum6M,Hold,0.1586,0.026,0.1726,0.0116,0.1657,0.0259,0.0601,0.0464,0.1424,0.1907
2023-03-10,model_Momentum6M,Hold,0.1601,0.0258,0.1735,0.0116,0.1639,0.0261,0.0559,0.0464,0.143,0.1936
2023-03-13,model_Momentum6M,Hold,0.1638,0.0258,0.1702,0.012,0.159,0.0263,0.0562,0.0471,0.1436,0.1959
2023-03-14,model_Momentum6M,Hold,0.1633,0.0258,0.1717,0.0122,0.1594,0.0266,0.056,0.0483,0.1417,0.1949
2023-03-15,model_Momentum6M,Hold,0.1651,0.0256,0.1697,0.0126,0.1495,0.0263,0.0573,0.0504,0.1444,0.1991
2023-03-16,model_Momentum6M,Hold,0.1655,0.0261,0.1714,0.013,0.1514,0.0262,0.0554,0.052,0.1449,0.1941
2023-03-17,model_Momentum6M,Hold,0.1651,0.0262,0.1713,0.0131,0.1492,0.0263,0.055,0.0537,0.1459,0.1941
2023-03-20,model_Momentum6M,Hold,0.1636,0.026,0.1739,0.0127,0.1518,0.0262,0.0544,0.0525,0.1451,0.1938
2023-03-21,model_Momentum6M,Hold,0.1614,0.0261,0.1744,0.0128,0.1589,0.0257,0.0539,0.0534,0.1425,0.1909
2023-03-22,model_Momentum6M,Hold,0.1626,0.0262,0.174,0.0129,0.1593,0.026,0.0525,0.0539,0.1419,0.1908
2023-03-23,model_Momentum6M,Hold,0.1638,0.0283,0.1732,0.0129,0.1585,0.0253,0.0523,0.0553,0.1418,0.1885
2023-03-24,model_Momentum6M,Hold,0.164,0.0281,0.1726,0.0127,0.1594,0.0251,0.0536,0.0547,0.1408,0.189
2023-03-27,model_Momentum6M,Hold,0.1638,0.0281,0.1723,0.0127,0.1625,0.0252,0.0528,0.0529,0.1405,0.1893
2023-03-28,model_Momentum6M,Hold,0.1613,0.0282,0.1733,0.0125,0.1647,0.0255,0.0526,0.0521,0.1406,0.1893
2023-03-29,model_Momentum6M,Hold,0.1621,0.0284,0.1734,0.0128,0.163,0.0255,0.054,0.0517,0.1411,0.188
2023-03-30,model_Momentum6M,Hold,0.1629,0.0287,0.1736,0.013,0.1607,0.0258,0.055,0.0515,0.1407,0.1881
2023-03-31,model_Momentum6M,Hold,0.1642,0.0286,0.1717,0.013,0.1615,0.0263,0.0549,0.0522,0.1418,0.1859
2023-04-03,model_Momentum6M,Hold,0.1622,0.0281,0.1694,0.0127,0.1728,0.0261,0.0536,0.0517,0.1389,0.1845
2023-04-04,model_Momentum6M,Hold,0.1658,0.0284,0.1692,0.013,0.1697,0.026,0.054,0.0524,0.1372,0.1842
2023-04-05,model_Momentum6M,Hold,0.1677,0.0279,0.1703,0.0126,0.1689,0.0258,0.0537,0.0522,0.137,0.1838
2023-04-06,model_Momentum6M,Hold,0.1684,0.0279,0.1701,0.0127,0.1687,0.0256,0.0539,0.054,0.1356,0.1832
2023-04-10,model_Momentum6M,Hold,0.1657,0.0277,0.1704,0.0127,0.1725,0.0256,0.0535,0.0528,0.1366,0.1827
2023-04-11,model_Momentum6M,Hold,0.1635,0.0279,0.1708,0.0123,0.1745,0.0255,0.0526,0.0517,0.1377,0.1834
2023-04-12,model_Momentum6M,Hold,0.163,0.0279,0.1722,0.0121,0.1741,0.0258,0.0521,0.0516,0.1381,0.1831
2023-04-13,model_Momentum6M,Hold,0.1637,0.0278,0.1711,0.0125,0.1757,0.0256,0.0507,0.0524,0.1389,0.1817
2023-04-14,model_Momentum6M,Hold,0.1641,0.0272,0.1707,0.0125,0.1769,0.0254,0.0502,0.0531,0.1382,0.1817
2023-04-17,model_Momentum6M,Hold,0.165,0.0272,0.1716,0.0125,0.1713,0.0254,0.0524,0.0516,0.1395,0.1834
2023-04-18,model_Momentum6M,Hold,0.1642,0.0272,0.1722,0.0125,0.1708,0.0255,0.0522,0.0509,0.1387,0.186
2023-04-19,model_Momentum6M,Hold,0.1748,0.0268,0.1702,0.0125,0.166,0.0254,0.0524,0.0501,0.1367,0.185
2023-04-20,model_Momentum6M,Hold,0.1738,0.0267,0.1711,0.0126,0.1643,0.0259,0.0524,0.0512,0.1366,0.1853
2023-04-21,model_Momentum6M,Hold,0.176,0.0268,0.1699,0.013,0.1623,0.0257,0.0527,0.0513,0.1363,0.186
2023-04-24,model_Momentum6M,Hold,0.1733,0.0268,0.1694,0.0129,0.1643,0.0259,0.0523,0.0513,0.1365,0.1873
2023-04-25,model_Momentum6M,Hold,0.1746,0.0265,0.1706,0.0126,0.1594,0.0259,0.0514,0.0509,0.1372,0.1908
2023-04-26,model_Momentum6M,Hold,0.1745,0.0268,0.1714,0.013,0.157,0.0258,0.0517,0.0514,0.1368,0.1916
2023-04-27,model_Momentum6M,Hold,0.1718,0.0266,0.178,0.0133,0.1547,0.0257,0.0517,0.0521,0.1368,0.1893
2023-04-28,model_Momentum6M,Hold,0.1714,0.0268,0.1771,0.0126,0.1582,0.0257,0.0517,0.0514,0.1365,0.1885
2023-05-01,model_Momentum6M,Hold,0.1721,0.0267,0.1781,0.0122,0.1581,0.0258,0.0507,0.0513,0.1358,0.1893
2023-05-02,model_Momentum6M,Hold,0.1768,0.027,0.1778,0.0127,0.1507,0.0261,0.0509,0.0516,0.1352,0.1913
2023-05-03,model_Momentum6M,Hold,0.1782,0.027,0.1755,0.0128,0.1507,0.0263,0.052,0.0519,0.1358,0.1897
2023-05-04,model_Momentum6M,Hold,0.1796,0.0266,0.1768,0.013,0.1446,0.0265,0.0529,0.0524,0.1366,0.1911
2023-05-05,model_Momentum6M,Hold,0.1779,0.0262,0.1765,0.0131,0.1469,0.0267,0.0531,0.0521,0.1368,0.1909
2023-05-08,model_Momentum6M,Hold,0.1777,0.0261,0.1771,0.0131,0.1466,0.0266,0.0526,0.0533,0.1358,0.191
2023-05-09,model_Momentum6M,Hold,0.1778,0.0262,0.1776,0.0133,0.1479,0.0254,0.0525,0.0534,0.1346,0.1915
2023-05-10,model_Momentum6M,Hold,0.1786,0.0267,0.1759,0.0137,0.1464,0.0255,0.053,0.0557,0.1348,0.1896
2023-05-11,model_Momentum6M,Hold,0.1775,0.0271,0.1757,0.014,0.1476,0.0251,0.0522,0.058,0.1346,0.1884
2023-05-12,model_Momentum6M,Hold,0.1785,0.0276,0.1744,0.0138,0.1474,0.0252,0.0518,0.0586,0.1341,0.1886
2023-05-15,model_Momentum6M,Hold,0.1776,0.0276,0.1746,0.0139,0.1473,0.0254,0.0525,0.0582,0.1345,0.1884
2023-05-16,model_Momentum6M,Hold,0.1792,0.0282,0.1755,0.0144,0.1434,0.0254,0.0517,0.0605,0.133,0.1889
2023-05-17,model_Momentum6M,Hold,0.1761,0.0284,0.1761,0.0144,0.1458,0.0251,0.0517,0.0604,0.1343,0.1876
2023-05-18,model_Momentum6M,Hold,0.1751,0.0286,0.1775,0.0147,0.146,0.025,0.0507,0.0612,0.1352,0.186
2023-05-19,model_Momentum6M,Hold,0.1752,0.0287,0.1768,0.0144,0.1486,0.0252,0.05,0.0609,0.1339,0.1863
2023-05-22,model_Momentum6M,Hold,0.1737,0.0288,0.1756,0.0143,0.1486,0.0248,0.0507,0.062,0.1372,0.1844
2023-05-23,model_Momentum6M,Hold,0.1708,0.0287,0.1754,0.0144,0.1515,0.0247,0.0512,0.0611,0.1367,0.1856
2023-05-24,model_Momentum6M,Hold,0.1701,0.0289,0.1735,0.0147,0.1555,0.0249,0.0502,0.061,0.1333,0.1879
2023-05-25,model_Momentum6M,Hold,0.1684,0.0296,0.1752,0.0147,0.1519,0.0252,0.0492,0.0629,0.1345,0.1884
2023-05-26,model_Momentum6M,Hold,0.169,0.0307,0.1742,0.0152,0.1518,0.0253,0.0493,0.0632,0.1339,0.1874
2023-05-30,model_Momentum6M,Hold,0.1683,0.0314,0.1774,0.0156,0.1476,0.0255,0.05,0.0632,0.1336,0.1875
2023-05-31,model_Momentum6M,Hold,0.1702,0.0315,0.1762,0.0155,0.1467,0.0253,0.0508,0.0633,0.1309,0.1896
2023-06-01,model_Momentum6M,Hold,0.1705,0.0312,0.1763,0.0157,0.147,0.0255,0.05,0.0633,0.1314,0.189
2023-06-02,model_Momentum6M,Hold,0.1673,0.0308,0.1757,0.0154,0.1495,0.0254,0.0497,0.0618,0.1383,0.1861
2023-06-05,model_Momentum6M,Hold,0.1684,0.0304,0.1791,0.0157,0.1485,0.0255,0.0503,0.0631,0.1337,0.1853
2023-06-06,model_Momentum6M,Hold,0.1659,0.0307,0.1799,0.0158,0.1491,0.0253,0.0513,0.0636,0.1336,0.1847
2023-06-07,model_Momentum6M,Hold,0.1628,0.0307,0.1801,0.015,0.1524,0.0254,0.0524,0.0606,0.136,0.1847
2023-06-08,model_Momentum6M,Hold,0.162,0.0304,0.1802,0.0154,0.1512,0.0256,0.052,0.0606,0.1361,0.1864
2023-06-09,model_Momentum6M,Hold,0.1636,0.0306,0.1825,0.0153,0.1487,0.0252,0.0521,0.0607,0.1351,0.1861
2023-06-12,model_Momentum6M,Hold,0.1628,0.0308,0.1815,0.0157,0.1469,0.0252,0.0522,0.0613,0.1367,0.187
2023-06-13,model_Momentum6M,Hold,0.162,0.0309,0.1814,0.0156,0.1483,0.0255,0.0521,0.0608,0.1373,0.1861
2023-06-14,model_Momentum6M,Hold,0.1649,0.031,0.1805,0.0156,0.1487,0.0259,0.0523,0.061,0.1369,0.1832
2023-06-15,model_Momentum6M,Hold,0.1653,0.0314,0.1805,0.0155,0.1509,0.0257,0.0512,0.0608,0.1373,0.1814
2023-06-16,model_Momentum6M,Hold,0.1677,0.0311,0.1802,0.0153,0.1502,0.026,0.0489,0.0602,0.1387,0.1817
2023-06-20,model_Momentum6M,Hold,0.1709,0.0313,0.1785,0.0156,0.1484,0.026,0.049,0.0609,0.1377,0.1817
2023-06-21,model_Momentum6M,Hold,0.1701,0.0309,0.1777,0.0154,0.1515,0.026,0.0487,0.0596,0.1365,0.1837
2023-06-22,model_Momentum6M,Hold,0.1738,0.0304,0.1783,0.0161,0.1475,0.026,0.0478,0.0611,0.1356,0.1834
2023-06-23,model_Momentum6M,Hold,0.1748,0.0297,0.1786,0.0162,0.1458,0.026,0.0474,0.0611,0.137,0.1834
2023-06-26,model_Momentum6M,Hold,0.1743,0.0294,0.1785,0.0158,0.1468,0.0259,0.0494,0.0587,0.1356,0.1856
2023-06-27,model_Momentum6M,Hold,0.1733,0.0298,0.1811,0.016,0.1457,0.0263,0.05,0.0587,0.1328,0.1861
2023-06-28,model_Momentum6M,Hold,0.1727,0.0298,0.1804,0.016,0.1474,0.0263,0.0485,0.0595,0.133,0.1864
2023-06-29,model_Momentum6M,Hold,0.1712,0.0302,0.1807,0.0157,0.1492,0.0263,0.0489,0.0585,0.1326,0.1867
2023-06-30,model_Momentum6M,Hold,0.1718,0.03,0.1809,0.0159,0.149,0.0267,0.0486,0.0582,0.1326,0.1864
2023-07-03,model_Momentum6M,Rebalance,0.1149,0.1603,0.1178,0.0091,0.1187,0.1582,0.1009,0.0114,0.1053,0.1035
2023-07-05,model_Momentum6M,Hold,0.1157,0.1607,0.1181,0.0092,0.1204,0.1543,0.1023,0.0117,0.1033,0.1043
2023-07-06,model_Momentum6M,Hold,0.1163,0.1608,0.1184,0.0091,0.1188,0.1553,0.1029,0.0116,0.1015,0.1052
2023-07-07,model_Momentum6M,Hold,0.115,0.1591,0.1187,0.0092,0.1228,0.1542,0.1026,0.0115,0.1022,0.1046
2023-07-10,model_Momentum6M,Hold,0.1158,0.1605,0.1179,0.009,0.1234,0.1559,0.1018,0.0112,0.1021,0.1023
2023-07-11,model_Momentum6M,Hold,0.1142,0.1583,0.1173,0.009,0.1288,0.1524,0.102,0.0111,0.1052,0.1019
2023-07-12,model_Momentum6M,Hold,0.1129,0.1602,0.1164,0.0091,0.1289,0.1546,0.1009,0.0112,0.1043,0.1016
2023-07-13,model_Momentum6M,Hold,0.1132,0.1592,0.1146,0.0092,0.1313,0.1554,0.1009,0.0116,0.1045,0.1002
2023-07-14,model_Momentum6M,Hold,0.1142,0.1606,0.1148,0.0093,0.1255,0.1563,0.1021,0.0117,0.1047,0.1008
2023-07-17,model_Momentum6M,Hold,0.1133,0.1628,0.1163,0.0092,0.1246,0.1568,0.1004,0.0117,0.1042,0.1006
2023-07-18,model_Momentum6M,Hold,0.1124,0.1629,0.1163,0.0091,0.1289,0.1551,0.0992,0.0115,0.1047,0.0999
2023-07-19,model_Momentum6M,Hold,0.1125,0.1607,0.1167,0.0093,0.1291,0.1549,0.1011,0.0113,0.1049,0.0996
2023-07-20,model_Momentum6M,Hold,0.1164,0.1563,0.1175,0.0088,0.1287,0.1551,0.1018,0.011,0.1049,0.0995
2023-07-21,model_Momentum6M,Hold,0.1179,0.1561,0.1165,0.0088,0.1299,0.1546,0.1026,0.011,0.1041,0.0985
2023-07-24,model_Momentum6M,Hold,0.1181,0.1551,0.1165,0.0087,0.1319,0.154,0.1024,0.0111,0.1039,0.0984
2023-07-25,model_Momentum6M,Hold,0.1153,0.1558,0.1155,0.0086,0.1316,0.1545,0.102,0.011,0.1084,0.0972
2023-07-26,model_Momentum6M,Hold,0.1156,0.1541,0.115,0.0085,0.132,0.1519,0.1042,0.0116,0.1104,0.0967
2023-07-27,model_Momentum6M,Hold,0.1148,0.1562,0.1146,0.0085,0.1311,0.1527,0.1035,0.0117,0.1096,0.0973
2023-07-28,model_Momentum6M,Hold,0.1146,0.1541,0.1147,0.0088,0.1329,0.1525,0.1038,0.0119,0.1099,0.0968
2023-07-31,model_Momentum6M,Hold,0.1131,0.1545,0.1147,0.0089,0.1341,0.1535,0.1031,0.0119,0.1096,0.0966
2023-08-01,model_Momentum6M,Hold,0.113,0.1577,0.115,0.0088,0.134,0.1529,0.1007,0.0119,0.1093,0.0967
2023-08-02,model_Momentum6M,Hold,0.1117,0.157,0.1223,0.0086,0.1307,0.1523,0.1014,0.0117,0.1083,0.0959
2023-08-03,model_Momentum6M,Hold,0.1108,0.1571,0.1239,0.0087,0.1399,0.1437,0.1018,0.0117,0.1068,0.0956
2023-08-04,model_Momentum6M,Hold,0.1114,0.1551,0.124,0.0094,0.1411,0.1456,0.1008,0.0117,0.1055,0.0953
2023-08-07,model_Momentum6M,Hold,0.111,0.1554,0.1245,0.0095,0.1407,0.1455,0.1027,0.0119,0.1042,0.0946
2023-08-08,model_Momentum6M,Hold,0.1087,0.1559,0.1237,0.0094,0.1453,0.1444,0.1018,0.012,0.1036,0.0953
2023-08-09,model_Momentum6M,Hold,0.1085,0.1543,0.1217,0.0093,0.1485,0.1455,0.1019,0.0118,0.1034,0.0951
2023-08-10,model_Momentum6M,Hold,0.1081,0.154,0.1219,0.0093,0.1485,0.1462,0.1014,0.0119,0.1037,0.0949
2023-08-11,model_Momentum6M,Hold,0.1081,0.1525,0.1224,0.0093,0.1501,0.1467,0.1012,0.0118,0.1038,0.094
2023-08-14,model_Momentum6M,Hold,0.109,0.1539,0.1228,0.0094,0.1495,0.1478,0.0993,0.0119,0.1027,0.0936
2023-08-15,model_Momentum6M,Hold,0.1096,0.1543,0.1234,0.0094,0.1493,0.1474,0.0983,0.012,0.1022,0.0942
2023-08-16,model_Momentum6M,Hold,0.1094,0.1547,0.1238,0.0092,0.1488,0.148,0.0986,0.0119,0.102,0.0936
2023-08-17,model_Momentum6M,Hold,0.1098,0.1537,0.1234,0.0092,0.1502,0.1473,0.0981,0.012,0.103,0.0933
2023-08-18,model_Momentum6M,Hold,0.109,0.1529,0.1227,0.0091,0.1514,0.148,0.0976,0.0119,0.1031,0.0944
2023-08-21,model_Momentum6M,Hold,0.1093,0.155,0.1222,0.0092,0.1505,0.1484,0.097,0.012,0.1024,0.0941
2023-08-22,model_Momentum6M,Hold,0.111,0.1567,0.1215,0.0092,0.1465,0.1489,0.0975,0.0121,0.102,0.0945
2023-08-23,model_Momentum6M,Hold,0.1101,0.1587,0.1202,0.0093,0.1452,0.1481,0.0992,0.0123,0.1024,0.0945
2023-08-24,model_Momentum6M,Hold,0.109,0.1586,0.1224,0.009,0.1445,0.149,0.0985,0.0121,0.1015,0.0954
2023-08-25,model_Momentum6M,Hold,0.1088,0.16,0.1216,0.0091,0.1454,0.149,0.0972,0.012,0.1014,0.0955
2023-08-28,model_Momentum6M,Hold,0.1065,0.1598,0.1212,0.009,0.1448,0.1486,0.0968,0.012,0.1059,0.0954
2023-08-29,model_Momentum6M,Hold,0.1065,0.1594,0.1201,0.009,0.1456,0.149,0.097,0.0122,0.1062,0.0949
2023-08-30,model_Momentum6M,Hold,0.1068,0.159,0.1199,0.009,0.1458,0.1496,0.0973,0.0123,0.1049,0.0954
2023-08-31,model_Momentum6M,Hold,0.1054,0.1593,0.1198,0.0092,0.1462,0.1497,0.0961,0.0123,0.1072,0.0948
2023-09-01,model_Momentum6M,Hold,0.1045,0.16,0.1191,0.0092,0.1492,0.1497,0.0959,0.0122,0.1066,0.0938
2023-09-05,model_Momentum6M,Hold,0.1031,0.1602,0.1189,0.0092,0.1509,0.148,0.096,0.0123,0.1072,0.0943
2023-09-06,model_Momentum6M,Hold,0.1041,0.1608,0.1194,0.0091,0.1492,0.1488,0.096,0.0122,0.107,0.0934
2023-09-07,model_Momentum6M,Hold,0.1033,0.1618,0.1201,0.0092,0.1483,0.1482,0.0963,0.0123,0.1066,0.0939
2023-09-08,model_Momentum6M,Hold,0.1031,0.1601,0.1202,0.0092,0.1476,0.1512,0.095,0.0124,0.1067,0.0945
2023-09-11,model_Momentum6M,Hold,0.1047,0.16,0.1212,0.0095,0.1428,0.1531,0.0929,0.0124,0.1082,0.0951
2023-09-12,model_Momentum6M,Hold,0.1048,0.1548,0.1224,0.0094,0.1473,0.1529,0.0923,0.0123,0.1076,0.0961
2023-09-13,model_Momentum6M,Hold,0.1065,0.1564,0.1243,0.0098,0.1422,0.1555,0.0927,0.0126,0.1028,0.0971
2023-09-14,model_Momentum6M,Hold,0.1052,0.1559,0.1242,0.0097,0.1435,0.1551,0.0944,0.0125,0.1029,0.0967
2023-09-15,model_Momentum6M,Hold,0.1054,0.1556,0.1243,0.0095,0.1433,0.1549,0.0951,0.0126,0.1027,0.0965
2023-09-18,model_Momentum6M,Hold,0.1047,0.1573,0.1251,0.0095,0.1442,0.1536,0.094,0.0127,0.1028,0.0962
2023-09-19,model_Momentum6M,Hold,0.1047,0.1585,0.1262,0.0093,0.1428,0.1539,0.0938,0.0127,0.1023,0.0958
2023-09-20,model_Momentum6M,Hold,0.1051,0.1595,0.1268,0.0093,0.1409,0.1528,0.0949,0.0124,0.1018,0.0965
2023-09-21,model_Momentum6M,Hold,0.1062,0.1609,0.1282,0.0091,0.1404,0.1524,0.0892,0.0124,0.1027,0.0986
2023-09-22,model_Momentum6M,Hold,0.1055,0.1633,0.1287,0.0091,0.1409,0.1525,0.0879,0.0124,0.1024,0.0974
2023-09-25,model_Momentum6M,Hold,0.1046,0.1635,0.1293,0.0092,0.1434,0.1538,0.0874,0.0125,0.0998,0.0967
2023-09-26,model_Momentum6M,Hold,0.1044,0.1619,0.1301,0.0089,0.1451,0.1539,0.0862,0.0123,0.0999,0.0973
2023-09-27,model_Momentum6M,Hold,0.103,0.1629,0.1303,0.0089,0.1488,0.1521,0.086,0.0125,0.0989,0.0967
2023-09-28,model_Momentum6M,Hold,0.1059,0.156,0.1315,0.0089,0.1484,0.1531,0.0876,0.0126,0.0987,0.0973
2023-09-29,model_Momentum6M,Hold,0.1049,0.1598,0.1304,0.009,0.145,0.1528,0.0886,0.0125,0.0995,0.0975
2023-10-02,model_Momentum6M,Hold,0.1052,0.1629,0.1319,0.0093,0.1416,0.1527,0.0882,0.0131,0.0973,0.0978
2023-10-03,model_Momentum6M,Hold,0.1058,0.1626,0.1307,0.009,0.1427,0.155,0.0878,0.013,0.0963,0.0972
2023-10-04,model_Momentum6M,Hold,0.1057,0.1643,0.1318,0.0092,0.1368,0.1567,0.0884,0.0132,0.0954,0.0985
2023-10-05,model_Momentum6M,Hold,0.1065,0.1647,0.1327,0.0091,0.1361,0.1542,0.0887,0.0132,0.0954,0.0995
2023-10-06,model_Momentum6M,Hold,0.1067,0.1652,0.134,0.0092,0.1348,0.154,0.088,0.0134,0.0955,0.0991
2023-10-09,model_Momentum6M,Hold,0.1052,0.163,0.1333,0.0091,0.1387,0.1538,0.0892,0.0133,0.095,0.0993
2023-10-10,model_Momentum6M,Hold,0.1056,0.1624,0.1338,0.0091,0.1371,0.1551,0.0889,0.0132,0.0963,0.0984
2023-10-11,model_Momentum6M,Hold,0.1003,0.1632,0.1355,0.0093,0.1373,0.1567,0.0897,0.0135,0.096,0.0986
2023-10-12,model_Momentum6M,Hold,0.0995,0.1611,0.1374,0.0095,0.1401,0.156,0.0881,0.0135,0.0958,0.0991
2023-10-13,model_Momentum6M,Hold,0.0994,0.1585,0.137,0.0092,0.1462,0.1546,0.0879,0.0132,0.0947,0.0993
2023-10-16,model_Momentum6M,Hold,0.0996,0.1583,0.1366,0.0093,0.1476,0.1535,0.0886,0.0132,0.0948,0.0985
2023-10-17,model_Momentum6M,Hold,0.0989,0.1588,0.1363,0.0092,0.1476,0.1546,0.0881,0.0132,0.0948,0.0987
2023-10-18,model_Momentum6M,Hold,0.1034,0.1578,0.1356,0.009,0.1507,0.1518,0.0858,0.0131,0.0934,0.0993
2023-10-19,model_Momentum6M,Hold,0.1041,0.1585,0.1353,0.0091,0.153,0.1514,0.0839,0.0132,0.0926,0.0989
2023-10-20,model_Momentum6M,Hold,0.1065,0.1569,0.1332,0.0089,0.1513,0.1518,0.0851,0.0131,0.093,0.1001
2023-10-23,model_Momentum6M,Hold,0.1067,0.1576,0.134,0.0091,0.1495,0.1514,0.0854,0.0134,0.093,0.0998
2023-10-24,model_Momentum6M,Hold,0.1047,0.1569,0.1339,0.0092,0.1475,0.1515,0.0858,0.0135,0.0971,0.1
2023-10-25,model_Momentum6M,Hold,0.1042,0.1565,0.136,0.0088,0.1489,0.1514,0.0833,0.0123,0.0972,0.1015
2023-10-26,model_Momentum6M,Hold,0.1057,0.1576,0.136,0.0087,0.1481,0.1546,0.0859,0.0121,0.0973,0.094
2023-10-27,model_Momentum6M,Hold,0.1053,0.1579,0.1354,0.0094,0.1484,0.1551,0.0845,0.0122,0.0969,0.0949
2023-10-30,model_Momentum6M,Hold,0.1044,0.1577,0.1356,0.0097,0.1452,0.156,0.0849,0.0123,0.0981,0.0962
2023-10-31,model_Momentum6M,Hold,0.1053,0.1588,0.1357,0.0096,0.1442,0.1557,0.0843,0.0122,0.0989,0.0952
2023-11-01,model_Momentum6M,Hold,0.1055,0.1602,0.1369,0.0099,0.1433,0.1557,0.0838,0.0124,0.0981,0.0943
2023-11-02,model_Momentum6M,Hold,0.1043,0.1607,0.1385,0.0097,0.1405,0.1558,0.0864,0.0122,0.0979,0.094
2023-11-03,model_Momentum6M,Hold,0.1029,0.1615,0.1377,0.0097,0.1398,0.1558,0.0893,0.0122,0.0983,0.0929
2023-11-06,model_Momentum6M,Hold,0.1027,0.1625,0.1373,0.0098,0.1385,0.1559,0.089,0.0124,0.0987,0.0933
2023-11-07,model_Momentum6M,Hold,0.1052,0.1678,0.1402,0.0103,0.1377,0.1398,0.0898,0.0128,0.1009,0.0957
2023-11-08,model_Momentum6M,Hold,0.1054,0.1697,0.1394,0.0103,0.1331,0.1432,0.0904,0.0129,0.1003,0.0952
2023-11-09,model_Momentum6M,Hold,0.1049,0.169,0.1415,0.0102,0.1328,0.1465,0.0862,0.0129,0.1003,0.0957
2023-11-10,model_Momentum6M,Hold,0.1043,0.1703,0.1411,0.0103,0.1336,0.1459,0.0863,0.013,0.1006,0.0946
2023-11-13,model_Momentum6M,Hold,0.1067,0.1687,0.1414,0.0103,0.133,0.1461,0.0854,0.013,0.1007,0.0948
2023-11-14,model_Momentum6M,Hold,0.1056,0.1673,0.1395,0.0103,0.1331,0.1445,0.0931,0.0128,0.1008,0.0931
2023-11-15,model_Momentum6M,Hold,0.1059,0.1688,0.1362,0.01,0.1314,0.1463,0.0928,0.0128,0.1021,0.0937
2023-11-16,model_Momentum6M,Hold,0.1085,0.17,0.1376,0.01,0.1264,0.1466,0.0913,0.013,0.1027,0.0938
2023-11-17,model_Momentum6M,Hold,0.1075,0.1699,0.1385,0.0102,0.1298,0.1443,0.0911,0.0129,0.1021,0.0938
2023-11-20,model_Momentum6M,Hold,0.1088,0.1707,0.1369,0.0102,0.1296,0.1449,0.0913,0.0129,0.1012,0.0935
2023-11-21,model_Momentum6M,Hold,0.1095,0.1703,0.138,0.01,0.1282,0.147,0.0906,0.013,0.1001,0.0932
2023-11-22,model_Momentum6M,Hold,0.1098,0.1709,0.1381,0.0102,0.1273,0.1451,0.0909,0.013,0.101,0.0937
2023-11-24,model_Momentum6M,Hold,0.1095,0.1706,0.1384,0.0101,0.1279,0.1446,0.091,0.0128,0.1012,0.0939
2023-11-27,model_Momentum6M,Hold,0.1097,0.1703,0.1389,0.0102,0.1264,0.1436,0.0911,0.0128,0.1027,0.0942
2023-11-28,model_Momentum6M,Hold,0.1088,0.1702,0.1374,0.0102,0.1264,0.1417,0.0934,0.0129,0.1041,0.0949
2023-11-29,model_Momentum6M,Hold,0.1104,0.1705,0.1364,0.0101,0.1261,0.1406,0.0944,0.0127,0.104,0.0947
2023-11-30,model_Momentum6M,Hold,0.1106,0.1696,0.1376,0.0101,0.1244,0.142,0.0943,0.0124,0.1042,0.0949
2023-12-01,model_Momentum6M,Hold,0.1097,0.1696,0.1354,0.01,0.1233,0.1411,0.1004,0.0121,0.1035,0.0948
2023-12-04,model_Momentum6M,Hold,0.1098,0.1685,0.1354,0.0098,0.1218,0.1396,0.1017,0.0119,0.107,0.0944
2023-12-05,model_Momentum6M,Hold,0.1101,0.17,0.1367,0.0101,0.1196,0.1368,0.1027,0.0122,0.1063,0.0956
2023-12-06,model_Momentum6M,Hold,0.1112,0.1705,0.1357,0.0099,0.1175,0.137,0.1049,0.0121,0.1079,0.0932
2023-12-07,model_Momentum6M,Hold,0.1102,0.1703,0.1361,0.0101,0.1167,0.1373,0.105,0.0128,0.1084,0.0931
2023-12-08,model_Momentum6M,Hold,0.1103,0.1708,0.1366,0.0101,0.1186,0.1376,0.1025,0.0125,0.1082,0.0928
2023-12-11,model_Momentum6M,Hold,0.1114,0.1723,0.1367,0.0099,0.1186,0.1373,0.1018,0.0123,0.1072,0.0924
2023-12-12,model_Momentum6M,Hold,0.1119,0.1728,0.1387,0.01,0.1168,0.1388,0.0997,0.0122,0.1066,0.0923
2023-12-13,model_Momentum6M,Hold,0.1109,0.1706,0.1363,0.01,0.1175,0.1379,0.1055,0.0121,0.1068,0.0925
2023-12-14,model_Momentum6M,Hold,0.1111,0.1683,0.1304,0.0098,0.1192,0.1372,0.1118,0.0119,0.1086,0.0917
2023-12-15,model_Momentum6M,Hold,0.1106,0.1702,0.1302,0.01,0.1187,0.1382,0.109,0.012,0.1093,0.0916
2023-12-18,model_Momentum6M,Hold,0.1112,0.1688,0.1312,0.0103,0.1195,0.1382,0.108,0.0123,0.108,0.0924
2023-12-19,model_Momentum6M,Hold,0.1111,0.1679,0.1319,0.0102,0.1202,0.1382,0.1079,0.0123,0.1079,0.0925
2023-12-20,model_Momentum6M,Hold,0.1118,0.1696,0.1317,0.0103,0.1205,0.1382,0.107,0.0127,0.107,0.0914
2023-12-21,model_Momentum6M,Hold,0.1113,0.1718,0.1307,0.0102,0.1202,0.1381,0.1075,0.0127,0.1074,0.0901
2023-12-22,model_Momentum6M,Hold,0.1114,0.1738,0.1305,0.0102,0.1197,0.138,0.1061,0.0127,0.1077,0.0898
2023-12-26,model_Momentum6M,Hold,0.1107,0.1718,0.1298,0.0101,0.1231,0.1379,0.1063,0.0126,0.1086,0.089
2023-12-27,model_Momentum6M,Hold,0.1111,0.1718,0.13,0.0101,0.1226,0.1381,0.1063,0.0125,0.1091,0.0886
2023-12-28,model_Momentum6M,Hold,0.112,0.1712,0.1306,0.0101,0.1194,0.1377,0.1074,0.0125,0.1103,0.0888
2023-12-29,model_Momentum6M,Hold,0.1119,0.1712,0.1315,0.01,0.1189,0.1387,0.1058,0.0125,0.1102,0.0893
2024-01-02,model_Momentum6M,Rebalance,0.0761,0.3278,0.0347,0.0395,0.0195,0.2722,0.1256,0.0574,0.0334,0.0139
2024-01-03,model_Momentum6M,Hold,0.077,0.3243,0.0352,0.0397,0.0202,0.2739,0.1237,0.0586,0.0332,0.014
2024-01-04,model_Momentum6M,Hold,0.0784,0.3248,0.035,0.0388,0.0188,0.2743,0.1245,0.0578,0.0335,0.0141
2024-01-05,model_Momentum6M,Hold,0.0782,0.3242,0.0351,0.039,0.0189,0.2741,0.1253,0.0575,0.0336,0.0141
2024-01-08,model_Momentum6M,Hold,0.0783,0.3236,0.0347,0.0395,0.0183,0.2733,0.1269,0.0581,0.0333,0.0141
2024-01-09,model_Momentum6M,Hold,0.0788,0.327,0.0339,0.0402,0.018,0.2695,0.1259,0.0591,0.0334,0.0141
2024-01-10,model_Momentum6M,Hold,0.0796,0.328,0.0346,0.0407,0.0177,0.2671,0.1261,0.0594,0.033,0.0138
2024-01-11,model_Momentum6M,Hold,0.0796,0.3313,0.0347,0.0412,0.0177,0.2654,0.1233,0.0595,0.0333,0.014
2024-01-12,model_Momentum6M,Hold,0.0792,0.3366,0.0345,0.0407,0.0176,0.2629,0.1227,0.0593,0.0328,0.0138
2024-01-16,model_Momentum6M,Hold,0.0797,0.3372,0.0346,0.0406,0.017,0.2609,0.1238,0.0596,0.0329,0.0138
2024-01-17,model_Momentum6M,Hold,0.0801,0.3391,0.0349,0.0404,0.0168,0.2618,0.121,0.0594,0.0326,0.0137
2024-01-18,model_Momentum6M,Hold,0.0797,0.3427,0.035,0.0406,0.0167,0.2602,0.1191,0.0599,0.0325,0.0136
2024-01-19,model_Momentum6M,Hold,0.0795,0.3438,0.035,0.0407,0.0165,0.2585,0.1194,0.0606,0.0326,0.0134
2024-01-22,model_Momentum6M,Hold,0.0789,0.3458,0.035,0.0405,0.0166,0.2579,0.1191,0.0602,0.0326,0.0134
2024-01-23,model_Momentum6M,Hold,0.0787,0.3481,0.035,0.0408,0.0167,0.2601,0.1177,0.0606,0.029,0.0134
2024-01-24,model_Momentum6M,Hold,0.0773,0.3507,0.0355,0.0414,0.0171,0.2566,0.1177,0.062,0.0284,0.0134
2024-01-25,model_Momentum6M,Hold,0.0772,0.3481,0.0349,0.041,0.0172,0.259,0.1184,0.0623,0.0288,0.0132
2024-01-26,model_Momentum6M,Hold,0.077,0.3477,0.0351,0.0414,0.0173,0.2576,0.1194,0.0625,0.0288,0.0133
2024-01-29,model_Momentum6M,Hold,0.0776,0.348,0.0346,0.0417,0.0171,0.2555,0.1208,0.0627,0.0288,0.0133
2024-01-30,model_Momentum6M,Hold,0.0784,0.3494,0.0354,0.0415,0.0175,0.2561,0.1169,0.0625,0.0288,0.0134
2024-01-31,model_Momentum6M,Hold,0.0796,0.3489,0.0355,0.0413,0.0173,0.2573,0.1188,0.0589,0.029,0.0135
2024-02-01,model_Momentum6M,Hold,0.0796,0.3514,0.0317,0.0419,0.0168,0.2581,0.1189,0.0586,0.0291,0.0139
2024-02-02,model_Momentum6M,Hold,0.0778,0.3529,0.0319,0.0451,0.0164,0.2564,0.1178,0.059,0.0287,0.0138
2024-02-05,model_Momentum6M,Hold,0.0814,0.3678,0.0333,0.047,0.017,0.2273,0.1201,0.0625,0.0295,0.0142
2024-02-06,model_Momentum6M,Hold,0.0833,0.3634,0.0337,0.0468,0.0175,0.2281,0.1201,0.0629,0.0299,0.0142
2024-02-07,model_Momentum6M,Hold,0.0828,0.3654,0.0345,0.0472,0.0175,0.2253,0.1197,0.0636,0.0299,0.0141
2024-02-08,model_Momentum6M,Hold,0.0817,0.365,0.034,0.0467,0.0173,0.2287,0.1197,0.0633,0.0296,0.014
2024-02-09,model_Momentum6M,Hold,0.081,0.367,0.0339,0.0478,0.0169,0.2279,0.1176,0.0645,0.0294,0.0139
2024-02-12,model_Momentum6M,Hold,0.0815,0.3625,0.034,0.0472,0.0173,0.2305,0.1192,0.0638,0.0299,0.0141
2024-02-13,model_Momentum6M,Hold,0.0822,0.365,0.0345,0.0471,0.0171,0.2298,0.1162,0.064,0.0298,0.0142
2024-02-14,model_Momentum6M,Hold,0.0819,0.3695,0.0345,0.0473,0.017,0.2269,0.1157,0.0637,0.0295,0.0142
2024-02-15,model_Momentum6M,Hold,0.0815,0.3633,0.0344,0.0461,0.0176,0.233,0.1196,0.0612,0.0294,0.0138
2024-02-16,model_Momentum6M,Hold,0.0821,0.3626,0.0342,0.0462,0.0178,0.2337,0.12,0.0604,0.0291,0.0139
2024-02-20,model_Momentum6M,Hold,0.0843,0.3577,0.0343,0.0457,0.0175,0.236,0.12,0.0609,0.0295,0.014
2024-02-21,model_Momentum6M,Hold,0.085,0.3546,0.0344,0.046,0.0177,0.2353,0.1223,0.0614,0.0293,0.014
2024-02-22,model_Momentum6M,Hold,0.0844,0.359,0.034,0.0469,0.0168,0.2349,0.1199,0.061,0.029,0.0139
2024-02-23,model_Momentum6M,Hold,0.084,0.3617,0.0341,0.0466,0.0165,0.2342,0.1198,0.0605,0.0289,0.0139
2024-02-26,model_Momentum6M,Hold,0.0843,0.3656,0.0341,0.047,0.0165,0.2332,0.1182,0.0584,0.0289,0.0139
2024-02-27,model_Momentum6M,Hold,0.0843,0.3635,0.0341,0.0463,0.0167,0.2339,0.1199,0.0585,0.0289,0.0138
2024-02-28,model_Momentum6M,Hold,0.0847,0.3637,0.0343,0.0463,0.0166,0.2347,0.1197,0.0575,0.0286,0.0139
2024-02-29,model_Momentum6M,Hold,0.0835,0.3596,0.0342,0.0471,0.0164,0.2357,0.1226,0.0582,0.0288,0.0138
2024-03-01,model_Momentum6M,Hold,0.0829,0.3629,0.0339,0.0471,0.0166,0.2359,0.1213,0.0572,0.0285,0.0137
2024-03-04,model_Momentum6M,Hold,0.0835,0.3637,0.0334,0.0467,0.0163,0.2372,0.1224,0.0554,0.0282,0.0132
2024-03-05,model_Momentum6M,Hold,0.0831,0.3602,0.0342,0.0462,0.0167,0.2403,0.1215,0.0556,0.0288,0.0134
2024-03-06,model_Momentum6M,Hold,0.083,0.3611,0.0344,0.0457,0.0167,0.242,0.1201,0.0546,0.0286,0.0138
2024-03-07,model_Momentum6M,Hold,0.0832,0.3627,0.0341,0.046,0.0164,0.2412,0.1192,0.0552,0.0283,0.0137
2024-03-08,model_Momentum6M,Hold,0.0839,0.3574,0.0343,0.046,0.0167,0.2397,0.1231,0.0561,0.0289,0.0139
2024-03-11,model_Momentum6M,Hold,0.0832,0.3521,0.0347,0.045,0.0169,0.2455,0.1226,0.0569,0.0289,0.0142
2024-03-12,model_Momentum6M,Hold,0.0831,0.3567,0.0344,0.0457,0.0169,0.241,0.121,0.0569,0.0301,0.0142
2024-03-13,model_Momentum6M,Hold,0.0824,0.354,0.0346,0.0458,0.0175,0.2426,0.1199,0.0573,0.0317,0.0143
2024-03-14,model_Momentum6M,Hold,0.0818,0.3547,0.0346,0.0465,0.0175,0.2413,0.1187,0.0588,0.0315,0.0146
2024-03-15,model_Momentum6M,Hold,0.08,0.3539,0.0352,0.0457,0.0174,0.2426,0.1198,0.0584,0.0323,0.0146
2024-03-18,model_Momentum6M,Hold,0.0779,0.3521,0.0353,0.0458,0.0176,0.2436,0.1195,0.0611,0.0322,0.0148
2024-03-19,model_Momentum6M,Hold,0.0782,0.3563,0.0351,0.046,0.0179,0.2392,0.1193,0.0607,0.0323,0.0148
2024-03-20,model_Momentum6M,Hold,0.0768,0.3573,0.0353,0.0464,0.0182,0.2355,0.1214,0.0612,0.033,0.0148
2024-03-21,model_Momentum6M,Hold,0.0796,0.3357,0.0366,0.0481,0.0189,0.2405,0.1282,0.0629,0.0342,0.0154
2024-03-22,model_Momentum6M,Hold,0.0797,0.3315,0.0365,0.0488,0.0189,0.2441,0.1263,0.0649,0.0341,0.0152
2024-03-25,model_Momentum6M,Hold,0.0794,0.3285,0.0369,0.0491,0.0196,0.2454,0.1275,0.0647,0.0336,0.0153
2024-03-26,model_Momentum6M,Hold,0.0805,0.3311,0.037,0.0487,0.0186,0.2457,0.1253,0.065,0.0329,0.0153
2024-03-27,model_Momentum6M,Hold,0.0805,0.3296,0.0366,0.0483,0.0187,0.2467,0.1278,0.0639,0.0329,0.0152
2024-03-28,model_Momentum6M,Hold,0.0799,0.3321,0.0364,0.048,0.0189,0.2454,0.1279,0.0634,0.0331,0.015
2024-04-01,model_Momentum6M,Hold,0.0793,0.327,0.0363,0.0484,0.0196,0.2481,0.1253,0.0657,0.0353,0.015
2024-04-02,model_Momentum6M,Hold,0.08,0.3273,0.0365,0.0488,0.0197,0.2467,0.1249,0.0659,0.0352,0.015
2024-04-03,model_Momentum6M,Hold,0.0798,0.3248,0.0368,0.0495,0.0198,0.2477,0.125,0.0664,0.0355,0.0148
2024-04-04,model_Momentum6M,Hold,0.0798,0.3264,0.0368,0.0494,0.0201,0.2476,0.1253,0.0651,0.0348,0.0148
2024-04-05,model_Momentum6M,Hold,0.0798,0.3256,0.0369,0.0502,0.0201,0.2467,0.1261,0.0653,0.0346,0.0146
2024-04-08,model_Momentum6M,Hold,0.0792,0.3243,0.0368,0.0502,0.0197,0.2456,0.1282,0.0663,0.035,0.0148
2024-04-09,model_Momentum6M,Hold,0.0799,0.3239,0.0356,0.0499,0.0194,0.2454,0.1299,0.0665,0.0349,0.0147
2024-04-10,model_Momentum6M,Hold,0.0806,0.3219,0.0362,0.051,0.0199,0.2466,0.1256,0.0676,0.0356,0.0148
2024-04-11,model_Momentum6M,Hold,0.0806,0.3217,0.0347,0.0517,0.0195,0.2462,0.1264,0.0688,0.0357,0.0147
2024-04-12,model_Momentum6M,Hold,0.0809,0.3185,0.0357,0.052,0.0195,0.2463,0.1269,0.0695,0.0358,0.0149
2024-04-15,model_Momentum6M,Hold,0.0814,0.3189,0.036,0.0517,0.0193,0.2478,0.1251,0.0688,0.036,0.0149
2024-04-16,model_Momentum6M,Hold,0.0821,0.3214,0.0363,0.0519,0.019,0.2456,0.1235,0.069,0.0361,0.015
2024-04-17,model_Momentum6M,Hold,0.0797,0.3225,0.0362,0.0514,0.0189,0.2473,0.1231,0.0696,0.0362,0.0151
2024-04-18,model_Momentum6M,Hold,0.0788,0.3221,0.0364,0.0505,0.0189,0.2502,0.1225,0.0694,0.0362,0.0151
2024-04-19,model_Momentum6M,Hold,0.0803,0.3231,0.0374,0.0492,0.019,0.2488,0.1217,0.0686,0.0365,0.0154
2024-04-22,model_Momentum6M,Hold,0.0795,0.3209,0.0372,0.0496,0.0189,0.2496,0.1236,0.069,0.0363,0.0154
2024-04-23,model_Momentum6M,Hold,0.0798,0.3198,0.0372,0.0501,0.0187,0.2485,0.1244,0.0697,0.0364,0.0155
2024-04-24,model_Momentum6M,Hold,0.0795,0.3175,0.0376,0.0495,0.0187,0.2503,0.1249,0.0703,0.0361,0.0156
2024-04-25,model_Momentum6M,Hold,0.0802,0.3157,0.0377,0.0491,0.0191,0.253,0.1236,0.0696,0.0362,0.0159
2024-04-26,model_Momentum6M,Hold,0.08,0.3121,0.0373,0.0503,0.019,0.2519,0.1215,0.0761,0.0361,0.0157
2024-04-29,model_Momentum6M,Hold,0.0799,0.3075,0.0378,0.0508,0.0191,0.2544,0.1247,0.0736,0.0363,0.0159
2024-04-30,model_Momentum6M,Hold,0.0798,0.3087,0.0378,0.0497,0.0186,0.2554,0.1226,0.0729,0.0384,0.0161
2024-05-01,model_Momentum6M,Hold,0.0799,0.3057,0.0381,0.0507,0.018,0.256,0.1233,0.0732,0.0391,0.0161
2024-05-02,model_Momentum6M,Hold,0.0788,0.3041,0.0375,0.0517,0.017,0.2599,0.1234,0.0736,0.038,0.016
2024-05-03,model_Momentum6M,Hold,0.0781,0.3049,0.0368,0.0517,0.0169,0.26,0.1248,0.0733,0.0378,0.0157
2024-05-06,model_Momentum6M,Hold,0.0775,0.3057,0.0373,0.0521,0.0172,0.2605,0.1235,0.0733,0.0374,0.0156
2024-05-07,model_Momentum6M,Hold,0.0773,0.3081,0.037,0.0518,0.0173,0.2597,0.1224,0.0741,0.0367,0.0156
2024-05-08,model_Momentum6M,Hold,0.0767,0.3106,0.0372,0.0518,0.0175,0.2583,0.1213,0.0736,0.0372,0.0158
2024-05-09,model_Momentum6M,Hold,0.0763,0.3043,0.0373,0.052,0.0177,0.262,0.1234,0.0736,0.0375,0.0159
2024-05-10,model_Momentum6M,Hold,0.0763,0.3039,0.0376,0.0514,0.0174,0.2618,0.1244,0.073,0.0381,0.016
2024-05-13,model_Momentum6M,Hold,0.0763,0.305,0.0375,0.0512,0.0173,0.2615,0.1235,0.0733,0.0383,0.016
2024-05-14,model_Momentum6M,Hold,0.0757,0.304,0.0376,0.0512,0.0172,0.2593,0.1267,0.0736,0.0384,0.0161
2024-05-15,model_Momentum6M,Hold,0.0755,0.3031,0.0378,0.0505,0.0173,0.2603,0.1268,0.074,0.0386,0.0161
2024-05-16,model_Momentum6M,Hold,0.0752,0.3009,0.0375,0.0496,0.0172,0.2645,0.125,0.0743,0.0397,0.0161
2024-05-17,model_Momentum6M,Hold,0.0745,0.2957,0.0379,0.0497,0.0173,0.2695,0.1247,0.0748,0.0398,0.0161
2024-05-20,model_Momentum6M,Hold,0.0735,0.2965,0.0375,0.0492,0.0173,0.2719,0.1237,0.0749,0.0396,0.016
2024-05-21,model_Momentum6M,Hold,0.0736,0.2957,0.0378,0.0493,0.0173,0.2715,0.124,0.0756,0.0389,0.0162
2024-05-22,model_Momentum6M,Hold,0.0748,0.2984,0.0377,0.0492,0.0169,0.2708,0.123,0.0748,0.0382,0.0161
2024-05-23,model_Momentum6M,Hold,0.0752,0.3004,0.0377,0.0492,0.0167,0.272,0.1201,0.0744,0.0382,0.0161
2024-05-24,model_Momentum6M,Hold,0.0752,0.2964,0.0382,0.0492,0.0167,0.2745,0.1202,0.0752,0.0383,0.0161
2024-05-28,model_Momentum6M,Hold,0.0741,0.2948,0.0383,0.0499,0.017,0.276,0.1194,0.0762,0.0381,0.0161
2024-05-29,model_Momentum6M,Hold,0.0742,0.2945,0.0387,0.0505,0.0169,0.2748,0.1191,0.077,0.0382,0.0162
2024-05-30,model_Momentum6M,Hold,0.0755,0.2879,0.0394,0.0501,0.0173,0.2774,0.1212,0.0759,0.0388,0.0165
2024-05-31,model_Momentum6M,Hold,0.0752,0.2828,0.0399,0.0489,0.0176,0.2814,0.1229,0.0754,0.0392,0.0166
2024-06-03,model_Momentum6M,Hold,0.0755,0.2815,0.0393,0.0493,0.017,0.2851,0.1212,0.0755,0.0389,0.0167
2024-06-04,model_Momentum6M,Hold,0.0755,0.2862,0.0387,0.0493,0.0166,0.2829,0.1204,0.0754,0.0383,0.0167
2024-06-05,model_Momentum6M,Hold,0.0751,0.2883,0.0388,0.0497,0.0166,0.2821,0.1188,0.0758,0.0383,0.0166
2024-06-06,model_Momentum6M,Hold,0.0757,0.2883,0.0387,0.0506,0.0167,0.2808,0.1186,0.0762,0.0379,0.0165
2024-06-07,model_Momentum6M,Hold,0.0775,0.283,0.0386,0.05,0.0163,0.2889,0.1159,0.0747,0.0386,0.0164
2024-06-10,model_Momentum6M,Hold,0.0771,0.2835,0.0382,0.0505,0.0166,0.2902,0.1147,0.0747,0.0384,0.0163
2024-06-11,model_Momentum6M,Hold,0.0758,0.2868,0.0378,0.0505,0.0167,0.2883,0.1142,0.0752,0.0386,0.0162
2024-06-12,model_Momentum6M,Hold,0.0751,0.2798,0.0383,0.0506,0.0166,0.292,0.1169,0.0761,0.0387,0.0161
2024-06-13,model_Momentum6M,Hold,0.0746,0.2773,0.038,0.0499,0.0162,0.2952,0.1186,0.0752,0.0389,0.0161
2024-06-14,model_Momentum6M,Hold,0.0753,0.2836,0.0381,0.0502,0.0159,0.2867,0.1187,0.0764,0.039,0.0161
2024-06-17,model_Momentum6M,Hold,0.0755,0.2835,0.0387,0.0505,0.016,0.2857,0.1179,0.0769,0.039,0.0163
2024-06-18,model_Momentum6M,Hold,0.0757,0.2829,0.0391,0.0501,0.016,0.2868,0.1183,0.0759,0.039,0.0163
2024-06-20,model_Momentum6M,Hold,0.0759,0.297,0.0386,0.0499,0.0158,0.278,0.1154,0.0747,0.0385,0.0161
2024-06-21,model_Momentum6M,Hold,0.0748,0.2977,0.0383,0.0504,0.0156,0.277,0.1158,0.0756,0.0385,0.0161
2024-06-24,model_Momentum6M,Hold,0.0747,0.2967,0.0387,0.0496,0.0163,0.2756,0.1176,0.0756,0.0388,0.0164
2024-06-25,model_Momentum6M,Hold,0.0751,0.2979,0.0387,0.05,0.0162,0.2728,0.1163,0.078,0.0386,0.0165
2024-06-26,model_Momentum6M,Hold,0.0751,0.2971,0.0385,0.0522,0.0161,0.2709,0.1164,0.0784,0.0386,0.0166
2024-06-27,model_Momentum6M,Hold,0.0749,0.2955,0.0385,0.0533,0.0163,0.27,0.117,0.079,0.0393,0.0162
2024-06-28,model_Momentum6M,Hold,0.0748,0.2976,0.0388,0.0524,0.0166,0.2666,0.1196,0.0781,0.0391,0.0164
2024-07-01,model_Momentum6M,Rebalance,0.1294,0.0151,0.1264,0.1668,0.1223,0.01,0.1039,0.029,0.1506,0.1464
2024-07-02,model_Momentum6M,Hold,0.1288,0.0151,0.1263,0.1684,0.1206,0.0101,0.1045,0.0292,0.1514,0.1457
2024-07-03,model_Momentum6M,Hold,0.1281,0.0152,0.1262,0.1669,0.1213,0.0102,0.1049,0.0294,0.1519,0.1459
2024-07-05,model_Momentum6M,Hold,0.1301,0.0149,0.1261,0.1688,0.1178,0.0102,0.1045,0.0301,0.1513,0.1462
2024-07-08,model_Momentum6M,Hold,0.1282,0.015,0.1258,0.1688,0.1192,0.0103,0.1047,0.03,0.1515,0.1465
2024-07-09,model_Momentum6M,Hold,0.1277,0.0149,0.1265,0.169,0.1191,0.0103,0.1043,0.03,0.1495,0.1488
2024-07-10,model_Momentum6M,Hold,0.1284,0.0146,0.1272,0.1679,0.118,0.0102,0.1042,0.0301,0.1512,0.1482
2024-07-11,model_Momentum6M,Hold,0.128,0.0146,0.1285,0.1616,0.1205,0.0102,0.1097,0.0288,0.1514,0.1467
2024-07-12,model_Momentum6M,Hold,0.1273,0.0152,0.1281,0.1603,0.1205,0.0103,0.1101,0.0286,0.1517,0.1479
2024-07-15,model_Momentum6M,Hold,0.1259,0.0155,0.1286,0.1582,0.126,0.0102,0.1106,0.0287,0.1492,0.1472
2024-07-16,model_Momentum6M,Hold,0.1252,0.0158,0.1284,0.1579,0.1264,0.0104,0.1106,0.0282,0.1495,0.1477
2024-07-17,model_Momentum6M,Hold,0.1266,0.0157,0.128,0.1524,0.1275,0.0105,0.111,0.0275,0.1502,0.1506
2024-07-18,model_Momentum6M,Hold,0.1226,0.016,0.13,0.151,0.1289,0.0104,0.1101,0.0274,0.1513,0.1524
2024-07-19,model_Momentum6M,Hold,0.1251,0.0161,0.1283,0.1507,0.1285,0.0103,0.1093,0.0274,0.1513,0.153
2024-07-22,model_Momentum6M,Hold,0.1267,0.0161,0.13,0.1496,0.1261,0.0097,0.1094,0.0279,0.1523,0.1522
2024-07-23,model_Momentum6M,Hold,0.1275,0.0161,0.1302,0.1534,0.1242,0.01,0.1059,0.028,0.1525,0.152
2024-07-24,model_Momentum6M,Hold,0.1329,0.0162,0.1313,0.1503,0.1238,0.0103,0.1019,0.0269,0.1519,0.1544
2024-07-25,model_Momentum6M,Hold,0.131,0.0162,0.1309,0.1491,0.1276,0.0102,0.102,0.026,0.1517,0.1552
2024-07-26,model_Momentum6M,Hold,0.1249,0.0155,0.1267,0.1453,0.1222,0.0099,0.1004,0.0249,0.1792,0.1509
2024-07-29,model_Momentum6M,Hold,0.125,0.0155,0.127,0.1467,0.1212,0.0101,0.0997,0.0254,0.1773,0.1521
2024-07-30,model_Momentum6M,Hold,0.125,0.0155,0.1274,0.1447,0.1215,0.01,0.1005,0.0254,0.1786,0.1513
2024-07-31,model_Momentum6M,Hold,0.1256,0.0156,0.1273,0.1488,0.122,0.01,0.0989,0.0256,0.1796,0.1466
2024-08-01,model_Momentum6M,Hold,0.1292,0.0153,0.1342,0.1449,0.1203,0.0108,0.096,0.0252,0.1762,0.148
2024-08-02,model_Momentum6M,Hold,0.1339,0.0155,0.1344,0.1356,0.1135,0.0108,0.097,0.0252,0.179,0.155
2024-08-05,model_Momentum6M,Hold,0.134,0.0154,0.1349,0.1333,0.1123,0.011,0.0984,0.0247,0.1825,0.1535
2024-08-06,model_Momentum6M,Hold,0.1343,0.0155,0.1362,0.1333,0.1097,0.0109,0.1006,0.0244,0.1819,0.1531
2024-08-07,model_Momentum6M,Hold,0.1351,0.0155,0.1374,0.1342,0.1096,0.0109,0.0982,0.0246,0.1793,0.1551
2024-08-08,model_Momentum6M,Hold,0.1328,0.0152,0.1373,0.1346,0.1136,0.0108,0.0975,0.0246,0.1797,0.1539
2024-08-09,model_Momentum6M,Hold,0.1317,0.0152,0.138,0.1357,0.1132,0.0108,0.0979,0.0249,0.1786,0.1541
2024-08-12,model_Momentum6M,Hold,0.1308,0.0151,0.1382,0.1358,0.1168,0.0106,0.0963,0.0248,0.1777,0.1539
2024-08-13,model_Momentum6M,Hold,0.1299,0.0152,0.1374,0.1371,0.1145,0.0106,0.097,0.0248,0.1786,0.1547
2024-08-14,model_Momentum6M,Hold,0.1314,0.0152,0.1379,0.1365,0.1143,0.0106,0.0964,0.0241,0.1792,0.1544
2024-08-15,model_Momentum6M,Hold,0.1312,0.0153,0.1365,0.1409,0.115,0.0104,0.0968,0.024,0.1786,0.1513
2024-08-16,model_Momentum6M,Hold,0.1308,0.0153,0.139,0.14,0.1138,0.0104,0.0962,0.0242,0.1778,0.1526
2024-08-19,model_Momentum6M,Hold,0.1313,0.0154,0.139,0.1403,0.1135,0.0103,0.0965,0.0246,0.1771,0.1519
2024-08-20,model_Momentum6M,Hold,0.1306,0.0155,0.1391,0.1415,0.1102,0.0103,0.0963,0.0248,0.1788,0.153
2024-08-21,model_Momentum6M,Hold,0.1305,0.0155,0.1396,0.1416,0.1085,0.0103,0.0965,0.0244,0.1798,0.1531
2024-08-22,model_Momentum6M,Hold,0.1314,0.0154,0.1414,0.1385,0.108,0.0103,0.0987,0.0241,0.179,0.1532
2024-08-23,model_Momentum6M,Hold,0.1305,0.0154,0.1407,0.1376,0.1088,0.0102,0.0999,0.0241,0.1796,0.1532
2024-08-26,model_Momentum6M,Hold,0.1299,0.0154,0.1401,0.1357,0.1102,0.0103,0.0997,0.0241,0.1814,0.1532
2024-08-27,model_Momentum6M,Hold,0.1308,0.0157,0.141,0.1344,0.1085,0.0103,0.0992,0.024,0.1815,0.1547
2024-08-28,model_Momentum6M,Hold,0.1307,0.0155,0.1425,0.1327,0.1091,0.0103,0.0981,0.0237,0.1819,0.1554
2024-08-29,model_Momentum6M,Hold,0.1298,0.0156,0.1427,0.1329,0.1114,0.0102,0.0965,0.0234,0.1826,0.1549
2024-08-30,model_Momentum6M,Hold,0.1292,0.0155,0.1424,0.1367,0.1073,0.0102,0.0971,0.0234,0.1835,0.1547
2024-09-03,model_Momentum6M,Hold,0.1328,0.0157,0.1429,0.1369,0.1022,0.0102,0.0976,0.0229,0.1809,0.1579
2024-09-04,model_Momentum6M,Hold,0.1326,0.0159,0.1449,0.1348,0.099,0.0102,0.097,0.0228,0.1829,0.16
2024-09-05,model_Momentum6M,Hold,0.1313,0.0157,0.144,0.1385,0.0995,0.0102,0.0969,0.0229,0.1821,0.1589
2024-09-06,model_Momentum6M,Hold,0.1343,0.0159,0.1452,0.1356,0.0982,0.0101,0.0976,0.0224,0.181,0.1597
2024-09-09,model_Momentum6M,Hold,0.1361,0.0159,0.1447,0.1376,0.0962,0.0102,0.0984,0.0219,0.1793,0.1596
2024-09-10,model_Momentum6M,Hold,0.1366,0.0161,0.1431,0.1405,0.0918,0.0103,0.0994,0.0218,0.1812,0.1591
2024-09-11,model_Momentum6M,Hold,0.1361,0.0163,0.1417,0.1445,0.0909,0.0104,0.1001,0.0222,0.1814,0.1565
2024-09-12,model_Momentum6M,Hold,0.1355,0.0161,0.1417,0.1455,0.0907,0.0104,0.1006,0.0226,0.1828,0.154
2024-09-13,model_Momentum6M,Hold,0.1342,0.016,0.1416,0.1443,0.0911,0.0105,0.1021,0.0229,0.1833,0.154
2024-09-16,model_Momentum6M,Hold,0.1348,0.0161,0.1428,0.1422,0.0924,0.0106,0.1017,0.0228,0.1842,0.1524
2024-09-17,model_Momentum6M,Hold,0.1356,0.0154,0.1423,0.1439,0.0956,0.0107,0.1013,0.023,0.1831,0.1491
2024-09-18,model_Momentum6M,Hold,0.1326,0.0154,0.1423,0.1444,0.0956,0.0106,0.1017,0.0232,0.1838,0.1503
2024-09-19,model_Momentum6M,Hold,0.1318,0.0154,0.1409,0.1471,0.0966,0.0106,0.1004,0.0236,0.1845,0.1491
2024-09-20,model_Momentum6M,Hold,0.1311,0.0154,0.1408,0.1483,0.0954,0.0106,0.0995,0.0238,0.1856,0.1495
2024-09-23,model_Momentum6M,Hold,0.131,0.0154,0.142,0.1484,0.0958,0.0107,0.0992,0.0232,0.1847,0.1497
2024-09-24,model_Momentum6M,Hold,0.1291,0.0154,0.1406,0.1482,0.0952,0.0108,0.1008,0.0233,0.1866,0.15
2024-09-25,model_Momentum6M,Hold,0.129,0.0154,0.1421,0.148,0.0929,0.0108,0.1013,0.0233,0.1868,0.1504
2024-09-26,model_Momentum6M,Hold,0.1295,0.0163,0.143,0.1473,0.0878,0.011,0.0994,0.0235,0.1912,0.1509
2024-09-27,model_Momentum6M,Hold,0.1292,0.016,0.1438,0.145,0.093,0.011,0.099,0.0237,0.1884,0.1509
2024-09-30,model_Momentum6M,Hold,0.131,0.0161,0.1453,0.1436,0.0927,0.0109,0.0981,0.024,0.1875,0.1508
2024-10-01,model_Momentum6M,Hold,0.13,0.016,0.1461,0.1422,0.097,0.0107,0.0964,0.0241,0.1874,0.15
2024-10-02,model_Momentum6M,Hold,0.1304,0.0163,0.1483,0.1422,0.0975,0.0107,0.0959,0.024,0.1855,0.1493
2024-10-03,model_Momentum6M,Hold,0.1294,0.0166,0.1481,0.1408,0.101,0.0106,0.0957,0.0241,0.1856,0.1482
2024-10-04,model_Momentum6M,Hold,0.1288,0.0165,0.1491,0.1431,0.1015,0.0105,0.0945,0.0241,0.1847,0.1473
2024-10-07,model_Momentum6M,Hold,0.1309,0.0164,0.1461,0.1401,0.1028,0.0116,0.0943,0.0237,0.1859,0.1482
2024-10-08,model_Momentum6M,Hold,0.1323,0.0165,0.1469,0.1415,0.1,0.0115,0.0945,0.0239,0.1856,0.1471
2024-10-09,model_Momentum6M,Hold,0.1332,0.0167,0.1443,0.1428,0.0998,0.0116,0.0945,0.0234,0.1852,0.1484
2024-10-10,model_Momentum6M,Hold,0.1328,0.0166,0.145,0.1439,0.1018,0.0116,0.0951,0.0234,0.183,0.1468
2024-10-11,model_Momentum6M,Hold,0.1321,0.0164,0.1457,0.1441,0.1016,0.0116,0.0962,0.0234,0.183,0.1458
2024-10-14,model_Momentum6M,Hold,0.1329,0.0165,0.1462,0.1426,0.0998,0.0117,0.0978,0.0235,0.1837,0.1453
2024-10-15,model_Momentum6M,Hold,0.133,0.0168,0.147,0.1436,0.0935,0.0119,0.0994,0.0238,0.1848,0.1463
2024-10-16,model_Momentum6M,Hold,0.1343,0.0169,0.1468,0.1423,0.0929,0.0119,0.1001,0.0236,0.1847,0.1464
2024-10-17,model_Momentum6M,Hold,0.1346,0.017,0.1479,0.143,0.0935,0.012,0.0991,0.0233,0.1841,0.1454
2024-10-18,model_Momentum6M,Hold,0.136,0.0171,0.1468,0.1438,0.0941,0.0121,0.0993,0.0233,0.1829,0.1446
2024-10-21,model_Momentum6M,Hold,0.1345,0.0172,0.1459,0.1451,0.0948,0.0122,0.0983,0.0236,0.1841,0.1443
2024-10-22,model_Momentum6M,Hold,0.1338,0.017,0.1455,0.146,0.0963,0.0122,0.0973,0.0238,0.1804,0.1477
2024-10-23,model_Momentum6M,Hold,0.1363,0.0172,0.147,0.1436,0.0946,0.0122,0.0999,0.0238,0.177,0.1484
2024-10-24,model_Momentum6M,Hold,0.1362,0.0169,0.1474,0.1455,0.0957,0.0121,0.0973,0.0238,0.1757,0.1494
2024-10-25,model_Momentum6M,Hold,0.1348,0.0169,0.1459,0.1481,0.0972,0.012,0.0955,0.0244,0.175,0.1502
2024-10-28,model_Momentum6M,Hold,0.1339,0.0169,0.1451,0.1477,0.0923,0.012,0.0947,0.0245,0.1818,0.151
2024-10-29,model_Momentum6M,Hold,0.1335,0.017,0.1458,0.1501,0.0911,0.0119,0.0941,0.025,0.1809,0.1506
2024-10-30,model_Momentum6M,Hold,0.1342,0.0162,0.1454,0.151,0.0913,0.0118,0.0952,0.0256,0.1778,0.1516
2024-10-31,model_Momentum6M,Hold,0.1332,0.0161,0.1386,0.1463,0.092,0.0117,0.0938,0.0252,0.1794,0.1638
2024-11-01,model_Momentum6M,Hold,0.1381,0.016,0.1373,0.1539,0.0892,0.0115,0.0924,0.025,0.176,0.1606
2024-11-04,model_Momentum6M,Hold,0.1373,0.0159,0.1373,0.1525,0.0911,0.0114,0.0944,0.0247,0.1745,0.1609
2024-11-05,model_Momentum6M,Hold,0.1364,0.0159,0.1377,0.1543,0.0906,0.0114,0.0944,0.0246,0.1741,0.1607
2024-11-06,model_Momentum6M,Hold,0.1321,0.016,0.1382,0.1564,0.0928,0.0111,0.0915,0.025,0.1799,0.1571
2024-11-07,model_Momentum6M,Hold,0.1321,0.0164,0.1386,0.1607,0.0833,0.0115,0.0933,0.026,0.1812,0.157
2024-11-08,model_Momentum6M,Hold,0.1331,0.0161,0.1392,0.1587,0.0825,0.0114,0.0932,0.0255,0.1823,0.158
2024-11-11,model_Momentum6M,Hold,0.1334,0.0162,0.142,0.1578,0.084,0.0115,0.091,0.0258,0.1805,0.1577
2024-11-12,model_Momentum6M,Hold,0.1335,0.0164,0.1429,0.16,0.0832,0.0114,0.0889,0.0261,0.1776,0.1598
2024-11-13,model_Momentum6M,Hold,0.1317,0.0167,0.1415,0.1627,0.0831,0.0114,0.0888,0.0255,0.1777,0.1609
2024-11-14,model_Momentum6M,Hold,0.1311,0.0164,0.1407,0.1609,0.0854,0.0115,0.0883,0.0251,0.1791,0.1615
2024-11-15,model_Momentum6M,Hold,0.1332,0.0161,0.144,0.1555,0.0853,0.0117,0.0868,0.0248,0.1781,0.1645
2024-11-18,model_Momentum6M,Hold,0.1342,0.016,0.1443,0.1541,0.0852,0.012,0.0861,0.0251,0.1779,0.165
2024-11-19,model_Momentum6M,Hold,0.1347,0.0162,0.1439,0.1572,0.0836,0.0121,0.086,0.0257,0.1761,0.1645
2024-11-20,model_Momentum6M,Hold,0.1337,0.0164,0.1438,0.1563,0.0847,0.0121,0.0861,0.0254,0.1762,0.1653
2024-11-21,model_Momentum6M,Hold,0.1351,0.0165,0.1456,0.1527,0.0858,0.0121,0.0873,0.0242,0.1753,0.1653
2024-11-22,model_Momentum6M,Hold,0.1348,0.0163,0.1455,0.1507,0.0865,0.0122,0.0887,0.0236,0.1756,0.1662
2024-11-25,model_Momentum6M,Hold,0.1338,0.0163,0.145,0.1523,0.0852,0.0121,0.0908,0.0238,0.1763,0.1645
2024-11-26,model_Momentum6M,Hold,0.1321,0.0162,0.1444,0.1554,0.0837,0.012,0.0896,0.0237,0.1778,0.1651
2024-11-27,model_Momentum6M,Hold,0.1335,0.0161,0.1448,0.1542,0.0838,0.012,0.0888,0.0238,0.1776,0.1656
2024-11-29,model_Momentum6M,Hold,0.1328,0.0161,0.1442,0.1553,0.084,0.012,0.0882,0.0237,0.1784,0.1653
2024-12-02,model_Momentum6M,Hold,0.1316,0.0162,0.1419,0.1585,0.0835,0.0121,0.0884,0.0242,0.1788,0.1648
2024-12-03,model_Momentum6M,Hold,0.1322,0.0159,0.1373,0.162,0.0845,0.012,0.0879,0.0244,0.1781,0.1656
2024-12-04,model_Momentum6M,Hold,0.132,0.0163,0.1378,0.1659,0.0838,0.0119,0.0855,0.0249,0.1774,0.1645
2024-12-05,model_Momentum6M,Hold,0.1308,0.0161,0.1379,0.1667,0.082,0.0117,0.0854,0.0245,0.1802,0.1648
2024-12-06,model_Momentum6M,Hold,0.1304,0.0163,0.1369,0.1711,0.0802,0.0116,0.0839,0.0247,0.1794,0.1655
2024-12-09,model_Momentum6M,Hold,0.1304,0.0162,0.1347,0.1713,0.0837,0.0115,0.0867,0.025,0.1782,0.1622
2024-12-10,model_Momentum6M,Hold,0.1317,0.0164,0.1344,0.1713,0.0842,0.0115,0.0853,0.0265,0.1767,0.1619
2024-12-11,model_Momentum6M,Hold,0.13,0.0165,0.1342,0.1751,0.0846,0.0114,0.0843,0.0279,0.1766,0.1594
2024-12-12,model_Momentum6M,Hold,0.1296,0.0163,0.1344,0.1741,0.0866,0.0113,0.0837,0.0274,0.1764,0.1602
2024-12-13,model_Momentum6M,Hold,0.1293,0.0163,0.1348,0.1733,0.0865,0.0114,0.0838,0.0272,0.177,0.1604
2024-12-16,model_Momentum6M,Hold,0.1288,0.0162,0.1343,0.1779,0.0832,0.0112,0.083,0.0282,0.1769,0.1601
2024-12-17,model_Momentum6M,Hold,0.1307,0.0164,0.134,0.1781,0.0805,0.0113,0.0845,0.0283,0.1764,0.1598
2024-12-18,model_Momentum6M,Hold,0.1324,0.0163,0.1343,0.1743,0.0818,0.0112,0.0829,0.028,0.1774,0.1613
2024-12-19,model_Momentum6M,Hold,0.1324,0.0174,0.1349,0.1756,0.08,0.0111,0.082,0.0279,0.1789,0.1598
2024-12-20,model_Momentum6M,Hold,0.1326,0.0169,0.1348,0.1743,0.081,0.011,0.0824,0.0279,0.1792,0.1599
2024-12-23,model_Momentum6M,Hold,0.1325,0.0165,0.1347,0.1743,0.0831,0.0109,0.0821,0.0283,0.1786,0.159
2024-12-24,model_Momentum6M,Hold,0.132,0.0165,0.1343,0.176,0.0835,0.0109,0.0819,0.0283,0.1791,0.1574
2024-12-26,model_Momentum6M,Hold,0.1325,0.0165,0.1347,0.1743,0.0833,0.0109,0.082,0.0282,0.1801,0.1577
2024-12-27,model_Momentum6M,Hold,0.133,0.0164,0.1352,0.1728,0.0847,0.0108,0.0814,0.028,0.1798,0.158
2024-12-30,model_Momentum6M,Hold,0.1313,0.0163,0.1356,0.1721,0.0866,0.0108,0.0815,0.0279,0.1796,0.1582
2024-12-31,model_Momentum6M,Hold,0.1313,0.0162,0.1358,0.17,0.0889,0.0108,0.0821,0.0276,0.179,0.1584
2025-01-02,model_Momentum6M,Rebalance,0.1215,0.0196,0.0739,0.0564,0.2844,0.013,0.0615,0.0235,0.0502,0.2959
2025-01-03,model_Momentum6M,Hold,0.121,0.0197,0.0739,0.0569,0.2827,0.013,0.0621,0.0237,0.0499,0.2971
2025-01-06,model_Momentum6M,Hold,0.1207,0.0196,0.0733,0.0581,0.2868,0.013,0.0615,0.0244,0.0502,0.2925
2025-01-07,model_Momentum6M,Hold,0.1214,0.02,0.0742,0.0568,0.2876,0.0132,0.0614,0.0243,0.0513,0.2897
2025-01-08,model_Momentum6M,Hold,0.122,0.02,0.0746,0.0567,0.2872,0.0131,0.0613,0.024,0.0519,0.2892
2025-01-10,model_Momentum6M,Hold,0.1213,0.0198,0.0736,0.0565,0.2905,0.0136,0.0605,0.0241,0.0512,0.289
2025-01-13,model_Momentum6M,Hold,0.1206,0.0195,0.0736,0.0556,0.295,0.0138,0.0613,0.0236,0.0518,0.285
2025-01-14,model_Momentum6M,Hold,0.1192,0.0193,0.0737,0.0549,0.2977,0.014,0.0608,0.0232,0.0523,0.285
2025-01-15,model_Momentum6M,Hold,0.1169,0.0192,0.074,0.0559,0.3026,0.0138,0.0607,0.0238,0.0521,0.2811
2025-01-16,model_Momentum6M,Hold,0.1197,0.0193,0.0747,0.0551,0.2985,0.014,0.0616,0.0234,0.0526,0.2812
2025-01-17,model_Momentum6M,Hold,0.1194,0.0194,0.0751,0.0565,0.29,0.0143,0.0628,0.0238,0.0533,0.2854
2025-01-21,model_Momentum6M,Hold,0.1231,0.0197,0.0753,0.0578,0.2824,0.0144,0.0636,0.0241,0.0557,0.284
2025-01-22,model_Momentum6M,Hold,0.1248,0.0199,0.0741,0.0592,0.2826,0.0143,0.0625,0.0243,0.0568,0.2816
2025-01-23,model_Momentum6M,Hold,0.1291,0.0199,0.0735,0.0587,0.2814,0.0145,0.0617,0.024,0.0564,0.2809
2025-01-24,model_Momentum6M,Hold,0.1303,0.0198,0.0734,0.0582,0.2776,0.0147,0.0621,0.0241,0.056,0.2839
2025-01-27,model_Momentum6M,Hold,0.1328,0.02,0.0744,0.0574,0.2739,0.0143,0.0614,0.0227,0.0559,0.287
2025-01-28,model_Momentum6M,Hold,0.1319,0.0205,0.0745,0.0586,0.276,0.0145,0.059,0.0234,0.0564,0.2851
2025-01-29,model_Momentum6M,Hold,0.1327,0.0203,0.0749,0.0585,0.2747,0.0145,0.0583,0.0234,0.0565,0.286
2025-01-30,model_Momentum6M,Hold,0.1344,0.0208,0.0758,0.0582,0.2739,0.0149,0.0586,0.0242,0.0579,0.2814
2025-01-31,model_Momentum6M,Hold,0.1347,0.0212,0.0758,0.0595,0.2636,0.0151,0.0601,0.0248,0.0576,0.2877
2025-02-03,model_Momentum6M,Hold,0.1359,0.0213,0.0757,0.0597,0.2593,0.0153,0.0586,0.0246,0.057,0.2925
2025-02-04,model_Momentum6M,Hold,0.1348,0.0214,0.0748,0.0601,0.2669,0.015,0.0578,0.0249,0.0569,0.2875
2025-02-05,model_Momentum6M,Hold,0.1379,0.0218,0.0752,0.0586,0.2646,0.0149,0.0594,0.0231,0.0572,0.2873
2025-02-06,model_Momentum6M,Hold,0.1357,0.0215,0.0732,0.0601,0.2616,0.0148,0.06,0.0234,0.058,0.2916
2025-02-07,model_Momentum6M,Hold,0.1372,0.0215,0.0738,0.0579,0.263,0.0141,0.0598,0.0227,0.0572,0.2928
2025-02-10,model_Momentum6M,Hold,0.1361,0.021,0.0714,0.0575,0.2721,0.0138,0.058,0.0223,0.0558,0.2921
2025-02-11,model_Momentum6M,Hold,0.1357,0.0211,0.0713,0.0571,0.2748,0.0137,0.0575,0.0221,0.0557,0.291
2025-02-12,model_Momentum6M,Hold,0.137,0.0214,0.0725,0.0571,0.2681,0.0139,0.0586,0.0223,0.0562,0.293
2025-02-13,model_Momentum6M,Hold,0.1375,0.0213,0.0728,0.0571,0.2679,0.014,0.0586,0.0224,0.0558,0.2927
2025-02-14,model_Momentum6M,Hold,0.1358,0.0211,0.0721,0.0565,0.2747,0.014,0.0578,0.0222,0.0558,0.2899
2025-02-18,model_Momentum6M,Hold,0.135,0.021,0.0725,0.0559,0.2791,0.014,0.0582,0.022,0.0558,0.2863
2025-02-19,model_Momentum6M,Hold,0.1361,0.021,0.0727,0.0555,0.2776,0.014,0.0576,0.022,0.0559,0.2876
2025-02-20,model_Momentum6M,Hold,0.1365,0.0206,0.0721,0.0543,0.2766,0.0138,0.0574,0.0218,0.0552,0.2915
2025-02-21,model_Momentum6M,Hold,0.1398,0.0197,0.0714,0.0534,0.2697,0.0137,0.0581,0.0215,0.0543,0.2985
2025-02-24,model_Momentum6M,Hold,0.1393,0.0197,0.0725,0.0522,0.2697,0.0136,0.0588,0.0214,0.0543,0.2985
2025-02-25,model_Momentum6M,Hold,0.1397,0.0195,0.0741,0.0521,0.2629,0.014,0.0609,0.0208,0.0545,0.3015
2025-02-26,model_Momentum6M,Hold,0.1416,0.0195,0.0744,0.0531,0.2618,0.014,0.0605,0.0208,0.0555,0.299
2025-02-27,model_Momentum6M,Hold,0.1439,0.0198,0.0767,0.0525,0.2469,0.0141,0.0627,0.0206,0.0576,0.3052
2025-02-28,model_Momentum6M,Hold,0.144,0.019,0.0771,0.0527,0.2467,0.0141,0.0626,0.0205,0.0585,0.305
2025-03-03,model_Momentum6M,Hold,0.1485,0.0191,0.0787,0.0516,0.2284,0.0141,0.063,0.0204,0.0587,0.3176
2025-03-04,model_Momentum6M,Hold,0.1483,0.0195,0.0782,0.0522,0.2286,0.0141,0.0635,0.0213,0.0568,0.3176
2025-03-05,model_Momentum6M,Hold,0.1482,0.0196,0.0785,0.0533,0.2278,0.0143,0.0645,0.0215,0.0574,0.315
2025-03-06,model_Momentum6M,Hold,0.1451,0.0192,0.0782,0.0513,0.2301,0.0143,0.0629,0.0214,0.057,0.3205
2025-03-07,model_Momentum6M,Hold,0.146,0.0191,0.0778,0.0504,0.229,0.0144,0.0639,0.0214,0.0562,0.3218
2025-03-10,model_Momentum6M,Hold,0.1454,0.0186,0.0763,0.049,0.23,0.0137,0.0634,0.0203,0.0565,0.3269
2025-03-11,model_Momentum6M,Hold,0.1419,0.0183,0.0767,0.05,0.2345,0.0136,0.0622,0.0203,0.057,0.3255
2025-03-12,model_Momentum6M,Hold,0.1392,0.0181,0.0755,0.0505,0.2397,0.0135,0.0617,0.0206,0.058,0.3232
2025-03-13,model_Momentum6M,Hold,0.14,0.0179,0.0764,0.0497,0.2343,0.0135,0.0611,0.0203,0.0569,0.3301
2025-03-14,model_Momentum6M,Hold,0.1349,0.0178,0.0771,0.0501,0.2385,0.0133,0.0619,0.0204,0.0579,0.3283
2025-03-17,model_Momentum6M,Hold,0.1348,0.018,0.0773,0.0492,0.2416,0.0133,0.0616,0.0201,0.0585,0.3256
2025-03-18,model_Momentum6M,Hold,0.1343,0.018,0.077,0.0487,0.2449,0.0133,0.0613,0.0197,0.058,0.3246
2025-03-19,model_Momentum6M,Hold,0.1343,0.0179,0.0771,0.049,0.2504,0.0132,0.0603,0.02,0.0583,0.3195
2025-03-20,model_Momentum6M,Hold,0.1343,0.0167,0.0777,0.0491,0.2489,0.0133,0.0602,0.0199,0.0579,0.322
2025-03-21,model_Momentum6M,Hold,0.1343,0.017,0.0776,0.0496,0.2501,0.0132,0.06,0.0201,0.0577,0.3203
2025-03-24,model_Momentum6M,Hold,0.134,0.0169,0.0779,0.0509,0.2506,0.0132,0.0602,0.0204,0.0583,0.3177
2025-03-25,model_Momentum6M,Hold,0.1323,0.017,0.078,0.0515,0.2513,0.0132,0.0593,0.0208,0.0584,0.3182
2025-03-26,model_Momentum6M,Hold,0.1323,0.017,0.0779,0.05,0.2518,0.0132,0.0589,0.0199,0.0576,0.3215
2025-03-27,model_Momentum6M,Hold,0.1363,0.0167,0.0775,0.0497,0.2512,0.0131,0.0582,0.0195,0.0556,0.3222
2025-03-28,model_Momentum6M,Hold,0.1371,0.0167,0.0776,0.048,0.2504,0.0131,0.0587,0.0187,0.0548,0.3247
2025-03-31,model_Momentum6M,Hold,0.1371,0.0169,0.0775,0.0468,0.2481,0.013,0.0568,0.0185,0.0548,0.3305
2025-04-01,model_Momentum6M,Hold,0.1368,0.017,0.0788,0.0475,0.2507,0.0131,0.0563,0.0189,0.0554,0.3254
2025-04-02,model_Momentum6M,Hold,0.1379,0.0173,0.0792,0.0487,0.2535,0.0133,0.0574,0.019,0.0558,0.318
2025-04-03,model_Momentum6M,Hold,0.145,0.0174,0.0831,0.0467,0.2232,0.0134,0.0565,0.0192,0.0556,0.3398
2025-04-04,model_Momentum6M,Hold,0.1476,0.0177,0.0816,0.0482,0.2056,0.0134,0.0573,0.02,0.0544,0.3543
2025-04-07,model_Momentum6M,Hold,0.1492,0.0178,0.0806,0.0498,0.2041,0.0133,0.0553,0.0203,0.0555,0.3542
2025-04-08,model_Momentum6M,Hold,0.1508,0.0179,0.0819,0.0494,0.1949,0.013,0.0557,0.0204,0.0559,0.3601
2025-04-09,model_Momentum6M,Hold,0.1447,0.0179,0.0809,0.0517,0.2173,0.0132,0.0547,0.0209,0.0569,0.3419
2025-04-10,model_Momentum6M,Hold,0.1479,0.0178,0.0839,0.0512,0.1981,0.0134,0.0527,0.021,0.0571,0.3569
2025-04-11,model_Momentum6M,Hold,0.1482,0.0175,0.0842,0.0513,0.2007,0.0135,0.0534,0.0212,0.0574,0.3526
2025-04-14,model_Momentum6M,Hold,0.1481,0.0176,0.0847,0.0501,0.2008,0.0136,0.0548,0.0213,0.0568,0.3522
2025-04-15,model_Momentum6M,Hold,0.1476,0.0177,0.0848,0.0497,0.1979,0.0133,0.0547,0.021,0.0569,0.3566
2025-04-16,model_Momentum6M,Hold,0.1512,0.0174,0.084,0.0481,0.2037,0.013,0.0532,0.0206,0.0547,0.3541
2025-04-17,model_Momentum6M,Hold,0.1502,0.0169,0.0828,0.0469,0.21,0.0129,0.0528,0.0199,0.0537,0.3538
2025-04-21,model_Momentum6M,Hold,0.152,0.0171,0.0825,0.0463,0.2062,0.0129,0.0524,0.0199,0.0531,0.3576
2025-04-22,model_Momentum6M,Hold,0.15,0.0169,0.0828,0.0467,0.2086,0.0129,0.0514,0.0198,0.0558,0.3551
2025-04-23,model_Momentum6M,Hold,0.1483,0.0172,0.0832,0.0488,0.2065,0.0129,0.052,0.0204,0.0559,0.3547
2025-04-24,model_Momentum6M,Hold,0.1459,0.0172,0.0827,0.0498,0.2119,0.013,0.0516,0.0207,0.0563,0.3511
2025-04-25,model_Momentum6M,Hold,0.1458,0.0174,0.082,0.0506,0.2138,0.0129,0.0508,0.0211,0.0559,0.3496
2025-04-28,model_Momentum6M,Hold,0.146,0.0173,0.0821,0.0501,0.2155,0.013,0.0513,0.0208,0.0559,0.3478
2025-04-29,model_Momentum6M,Hold,0.1474,0.0176,0.0824,0.0501,0.2119,0.0131,0.0485,0.0208,0.0562,0.352
2025-04-30,model_Momentum6M,Hold,0.1487,0.0178,0.083,0.0496,0.2042,0.0132,0.0489,0.0208,0.0568,0.3568
2025-05-01,model_Momentum6M,Hold,0.1477,0.0177,0.0784,0.0508,0.2114,0.0131,0.049,0.0209,0.0559,0.3549
2025-05-02,model_Momentum6M,Hold,0.1481,0.0178,0.079,0.0501,0.2121,0.0132,0.0491,0.021,0.057,0.3525
2025-05-05,model_Momentum6M,Hold,0.1498,0.0182,0.0802,0.0498,0.2023,0.0132,0.0492,0.0213,0.0572,0.3587
2025-05-06,model_Momentum6M,Hold,0.1498,0.0179,0.08,0.0493,0.2045,0.0129,0.0477,0.0211,0.0559,0.361
2025-05-07,model_Momentum6M,Hold,0.1506,0.018,0.0808,0.0502,0.2011,0.0127,0.0478,0.0196,0.056,0.3631
2025-05-08,model_Momentum6M,Hold,0.1492,0.018,0.0795,0.0506,0.2082,0.0129,0.0486,0.0198,0.0565,0.3567
2025-05-09,model_Momentum6M,Hold,0.1482,0.0179,0.0792,0.0508,0.2149,0.0129,0.0488,0.0196,0.057,0.3506
2025-05-12,model_Momentum6M,Hold,0.146,0.0187,0.0784,0.0546,0.2264,0.0131,0.0486,0.0202,0.0598,0.3342
2025-05-13,model_Momentum6M,Hold,0.1424,0.0186,0.0778,0.0552,0.2353,0.0129,0.0473,0.0203,0.0598,0.3304
2025-05-14,model_Momentum6M,Hold,0.143,0.0186,0.0776,0.0553,0.2334,0.0129,0.0467,0.0212,0.0591,0.3321
2025-05-15,model_Momentum6M,Hold,0.1466,0.0186,0.0781,0.0534,0.2256,0.0129,0.0466,0.0207,0.0588,0.3386
2025-05-16,model_Momentum6M,Hold,0.1471,0.0181,0.0783,0.0531,0.2217,0.013,0.047,0.0209,0.0601,0.3407
2025-05-19,model_Momentum6M,Hold,0.1476,0.0182,0.0778,0.0531,0.2179,0.0129,0.0477,0.0209,0.0604,0.3434
2025-05-20,model_Momentum6M,Hold,0.1475,0.0183,0.0774,0.0527,0.2174,0.0129,0.0466,0.0206,0.0604,0.3464
2025-05-21,model_Momentum6M,Hold,0.1477,0.0185,0.0776,0.0528,0.2143,0.0128,0.045,0.0215,0.0596,0.35
2025-05-22,model_Momentum6M,Hold,0.1463,0.0184,0.077,0.0535,0.2152,0.0128,0.0452,0.0219,0.0599,0.3499
2025-05-23,model_Momentum6M,Hold,0.1459,0.018,0.0769,0.0528,0.2163,0.0128,0.0446,0.0215,0.0593,0.3519
2025-05-27,model_Momentum6M,Hold,0.1459,0.0181,0.0766,0.0535,0.2194,0.0129,0.0457,0.0218,0.0593,0.3469
2025-05-28,model_Momentum6M,Hold,0.1457,0.0182,0.076,0.0535,0.219,0.0128,0.0455,0.0219,0.0593,0.3481
2025-05-29,model_Momentum6M,Hold,0.1458,0.0183,0.0762,0.0534,0.2199,0.0128,0.0463,0.0217,0.0593,0.3462
2025-05-30,model_Momentum6M,Hold,0.1463,0.0182,0.0766,0.0531,0.2152,0.0131,0.0455,0.0216,0.0587,0.3519
2025-06-02,model_Momentum6M,Hold,0.1458,0.018,0.0765,0.0534,0.2185,0.013,0.045,0.0212,0.0577,0.3509
2025-06-03,model_Momentum6M,Hold,0.1443,0.0177,0.0758,0.0525,0.2278,0.0131,0.0449,0.0206,0.0578,0.3455
2025-06-04,model_Momentum6M,Hold,0.1452,0.0181,0.0758,0.0536,0.2261,0.0131,0.0456,0.0211,0.0579,0.3435
2025-06-05,model_Momentum6M,Hold,0.1464,0.018,0.0754,0.0538,0.2254,0.0129,0.045,0.0212,0.0578,0.3442
2025-06-06,model_Momentum6M,Hold,0.1444,0.018,0.0757,0.0546,0.2311,0.0129,0.0451,0.0216,0.0568,0.3396
2025-06-09,model_Momentum6M,Hold,0.1441,0.0179,0.0748,0.0555,0.2325,0.0129,0.0459,0.0219,0.0563,0.3383
2025-06-10,model_Momentum6M,Hold,0.1437,0.018,0.074,0.0552,0.2387,0.0129,0.0465,0.022,0.0562,0.3328
2025-06-11,model_Momentum6M,Hold,0.1433,0.0177,0.0725,0.0534,0.24,0.0128,0.0459,0.0216,0.0563,0.3365
2025-06-12,model_Momentum6M,Hold,0.1438,0.0175,0.073,0.0532,0.2429,0.0128,0.0456,0.0213,0.0551,0.3348
2025-06-13,model_Momentum6M,Hold,0.1417,0.017,0.0721,0.0524,0.2536,0.0125,0.0446,0.021,0.0537,0.3313
2025-06-16,model_Momentum6M,Hold,0.1407,0.0173,0.0728,0.0537,0.2486,0.0126,0.0451,0.0214,0.055,0.3329
2025-06-17,model_Momentum6M,Hold,0.1389,0.0171,0.0724,0.0534,0.2521,0.0124,0.0443,0.0213,0.054,0.3342
2025-06-18,model_Momentum6M,Hold,0.1396,0.0169,0.073,0.053,0.2473,0.0124,0.0442,0.021,0.0543,0.3383
2025-06-20,model_Momentum6M,Hold,0.1407,0.0158,0.0738,0.0525,0.244,0.0122,0.0447,0.0203,0.055,0.341
2025-06-23,model_Momentum6M,Hold,0.1426,0.0165,0.0757,0.0528,0.2273,0.0125,0.0462,0.0204,0.057,0.3491
2025-06-24,model_Momentum6M,Hold,0.1473,0.0168,0.075,0.0537,0.224,0.0128,0.0476,0.0205,0.0577,0.3447
2025-06-25,model_Momentum6M,Hold,0.1486,0.0167,0.0749,0.0543,0.2224,0.0131,0.0472,0.0213,0.0577,0.3439
2025-06-26,model_Momentum6M,Hold,0.1435,0.0166,0.0753,0.0552,0.2288,0.013,0.0471,0.0215,0.0585,0.3405
2025-06-27,model_Momentum6M,Hold,0.1436,0.0165,0.0758,0.0565,0.2291,0.0129,0.0464,0.022,0.0587,0.3386
2025-06-30,model_Momentum6M,Hold,0.1457,0.0168,0.0763,0.0556,0.2264,0.0129,0.0469,0.0217,0.0589,0.3388
2025-07-01,model_Momentum6M,Rebalance,0.0521,0.0642,0.1386,0.193,0.1443,0.0586,0.0926,0.0225,0.0073,0.2268
2025-07-02,model_Momentum6M,Hold,0.0509,0.0637,0.1347,0.1911,0.1474,0.0592,0.0941,0.0226,0.0073,0.2291
2025-07-03,model_Momentum6M,Hold,0.0506,0.0636,0.1349,0.1925,0.1465,0.059,0.0941,0.0226,0.0072,0.2291
2025-07-07,model_Momentum6M,Hold,0.0506,0.0631,0.1334,0.1936,0.1463,0.0587,0.0923,0.0223,0.0071,0.2326
2025-07-08,model_Momentum6M,Hold,0.0502,0.0633,0.1331,0.1889,0.1537,0.059,0.0942,0.0219,0.0072,0.2285
2025-07-09,model_Momentum6M,Hold,0.0505,0.0625,0.1323,0.1929,0.1543,0.0598,0.0949,0.0223,0.0073,0.2231
2025-07-10,model_Momentum6M,Hold,0.0504,0.0606,0.1322,0.1919,0.1533,0.0595,0.0972,0.0224,0.0074,0.2252
2025-07-11,model_Momentum6M,Hold,0.0501,0.0594,0.132,0.1953,0.1519,0.0594,0.098,0.0228,0.0073,0.2236
2025-07-14,model_Momentum6M,Hold,0.0502,0.0594,0.1338,0.1965,0.1475,0.0594,0.0972,0.0231,0.0075,0.2255
2025-07-15,model_Momentum6M,Hold,0.0508,0.0591,0.1325,0.1991,0.1428,0.0591,0.0965,0.0233,0.0075,0.2292
2025-07-16,model_Momentum6M,Hold,0.0509,0.06,0.1338,0.1966,0.1391,0.0597,0.0977,0.0235,0.0075,0.2311
2025-07-17,model_Momentum6M,Hold,0.0466,0.0606,0.1337,0.1971,0.1443,0.0606,0.0986,0.0236,0.0076,0.2274
2025-07-18,model_Momentum6M,Hold,0.0476,0.0604,0.1338,0.1984,0.1437,0.0608,0.0974,0.0237,0.0073,0.2269
2025-07-21,model_Momentum6M,Hold,0.0477,0.0601,0.1323,0.2003,0.1414,0.0602,0.0971,0.0242,0.0073,0.2294
2025-07-22,model_Momentum6M,Hold,0.0477,0.0604,0.1329,0.1966,0.1429,0.0604,0.099,0.0241,0.0071,0.2289
2025-07-23,model_Momentum6M,Hold,0.0473,0.0597,0.1321,0.1957,0.1452,0.0599,0.1009,0.0238,0.007,0.2283
2025-07-24,model_Momentum6M,Hold,0.0472,0.0588,0.1314,0.1989,0.1458,0.0597,0.0998,0.024,0.0069,0.2275
2025-07-25,model_Momentum6M,Hold,0.0475,0.059,0.1324,0.198,0.1441,0.06,0.0998,0.0241,0.007,0.2281
2025-07-28,model_Momentum6M,Hold,0.0478,0.0582,0.1303,0.2008,0.149,0.0598,0.0969,0.0242,0.0071,0.2258
2025-07-29,model_Momentum6M,Hold,0.0483,0.0584,0.1298,0.1986,0.1493,0.0595,0.097,0.0245,0.0071,0.2274
2025-07-30,model_Momentum6M,Hold,0.0485,0.0574,0.127,0.198,0.1479,0.0585,0.0953,0.0247,0.0069,0.2358
2025-07-31,model_Momentum6M,Hold,0.0477,0.056,0.1281,0.2015,0.1465,0.0581,0.0934,0.0241,0.007,0.2376
2025-08-01,model_Momentum6M,Hold,0.0496,0.0552,0.1303,0.1905,0.1445,0.0586,0.0957,0.0245,0.007,0.2442
2025-08-04,model_Momentum6M,Hold,0.0505,0.0558,0.1306,0.1873,0.1427,0.0597,0.0969,0.0252,0.0071,0.2443
2025-08-05,model_Momentum6M,Hold,0.0504,0.0529,0.1301,0.1878,0.1441,0.0603,0.0975,0.0249,0.0072,0.2448
2025-08-06,model_Momentum6M,Hold,0.0503,0.0527,0.134,0.1944,0.1393,0.0593,0.0917,0.025,0.0072,0.2461
2025-08-07,model_Momentum6M,Hold,0.05,0.0508,0.1322,0.1926,0.1482,0.0584,0.0914,0.0247,0.0071,0.2445
2025-08-08,model_Momentum6M,Hold,0.0505,0.0499,0.1327,0.1906,0.1511,0.058,0.0902,0.0251,0.0071,0.2449
2025-08-11,model_Momentum6M,Hold,0.0494,0.0498,0.1336,0.1895,0.1505,0.057,0.0874,0.0251,0.0072,0.2506
2025-08-12,model_Momentum6M,Hold,0.0489,0.0492,0.1317,0.1881,0.1532,0.0576,0.0889,0.0252,0.0073,0.2499
2025-08-13,model_Momentum6M,Hold,0.0479,0.0504,0.1334,0.1893,0.1529,0.0582,0.0897,0.0248,0.0073,0.2461
2025-08-14,model_Momentum6M,Hold,0.0477,0.0504,0.1324,0.194,0.1518,0.0575,0.0888,0.0249,0.0071,0.2454
2025-08-15,model_Momentum6M,Hold,0.0484,0.0503,0.132,0.1933,0.1512,0.057,0.0904,0.0249,0.0069,0.2455
2025-08-18,model_Momentum6M,Hold,0.0478,0.0507,0.1323,0.1934,0.1504,0.0564,0.0916,0.0248,0.0069,0.2457
2025-08-19,model_Momentum6M,Hold,0.048,0.0519,0.1334,0.19,0.1488,0.0567,0.0926,0.0245,0.007,0.2472
2025-08-20,model_Momentum6M,Hold,0.0483,0.0516,0.135,0.186,0.1491,0.057,0.0914,0.0242,0.007,0.2503
2025-08-21,model_Momentum6M,Hold,0.0481,0.0514,0.1352,0.1843,0.1511,0.0571,0.0912,0.0242,0.007,0.2504
2025-08-22,model_Momentum6M,Hold,0.0473,0.0513,0.1328,0.1861,0.1553,0.0571,0.0934,0.0244,0.007,0.2452
2025-08-25,model_Momentum6M,Hold,0.0471,0.0508,0.1316,0.1856,0.1606,0.0562,0.093,0.0248,0.0069,0.2433
2025-08-26,model_Momentum6M,Hold,0.0471,0.0508,0.1329,0.1867,0.1593,0.0563,0.0937,0.0247,0.007,0.2417
2025-08-27,model_Momentum6M,Hold,0.0469,0.0509,0.1314,0.1862,0.162,0.0562,0.0943,0.0246,0.0069,0.2406
2025-08-28,model_Momentum6M,Hold,0.0467,0.0505,0.1293,0.1875,0.1642,0.056,0.0941,0.025,0.007,0.2397
2025-08-29,model_Momentum6M,Hold,0.0469,0.051,0.1296,0.1845,0.165,0.0556,0.0943,0.025,0.0068,0.2413
2025-09-02,model_Momentum6M,Hold,0.0467,0.0505,0.1286,0.1822,0.1701,0.0554,0.0929,0.0249,0.0068,0.2419
2025-09-03,model_Momentum6M,Hold,0.0472,0.0503,0.1307,0.1838,0.1627,0.0555,0.0942,0.0274,0.0067,0.2415
2025-09-04,model_Momentum6M,Hold,0.0466,0.0493,0.1307,0.1885,0.1654,0.0544,0.0941,0.0271,0.0068,0.2373
2025-09-05,model_Momentum6M,Hold,0.047,0.05,0.1296,0.1871,0.1616,0.0547,0.0968,0.0276,0.0068,0.2388
2025-09-08,model_Momentum6M,Hold,0.0469,0.0503,0.1294,0.1906,0.1587,0.0547,0.0982,0.0276,0.0068,0.2369
2025-09-09,model_Momentum6M,Hold,0.047,0.0498,0.1298,0.1932,0.155,0.0546,0.0964,0.0284,0.0068,0.2392
2025-09-10,model_Momentum6M,Hold,0.0459,0.0478,0.1304,0.186,0.1659,0.0544,0.0963,0.0282,0.0068,0.2384
2025-09-11,model_Momentum6M,Hold,0.0468,0.0478,0.1317,0.185,0.1631,0.0556,0.0968,0.0282,0.007,0.2379
2025-09-12,model_Momentum6M,Hold,0.0473,0.0468,0.1324,0.1839,0.1624,0.0553,0.0972,0.0283,0.0069,0.2394
2025-09-15,model_Momentum6M,Hold,0.0465,0.0467,0.1315,0.1865,0.1629,0.0547,0.0979,0.0296,0.0069,0.2368
2025-09-16,model_Momentum6M,Hold,0.0464,0.0459,0.1291,0.1864,0.1722,0.0532,0.097,0.0292,0.0068,0.2338
2025-09-17,model_Momentum6M,Hold,0.0468,0.0467,0.1308,0.1842,0.1695,0.0542,0.0961,0.029,0.0067,0.2359
2025-09-18,model_Momentum6M,Hold,0.0473,0.0467,0.1301,0.185,0.1687,0.0549,0.0993,0.0294,0.0068,0.2317
2025-09-19,model_Momentum6M,Hold,0.0478,0.0467,0.1302,0.1853,0.1658,0.0545,0.0979,0.0298,0.0068,0.2352
2025-09-22,model_Momentum6M,Hold,0.0484,0.0472,0.1304,0.1836,0.168,0.0544,0.0984,0.0297,0.0068,0.2331
2025-09-23,model_Momentum6M,Hold,0.0481,0.0463,0.1314,0.178,0.1707,0.0523,0.0996,0.0296,0.0069,0.237
2025-09-24,model_Momentum6M,Hold,0.0473,0.0469,0.1325,0.1772,0.1734,0.0514,0.0981,0.029,0.0068,0.2374
2025-09-25,model_Momentum6M,Hold,0.0474,0.0459,0.1336,0.1768,0.174,0.0505,0.0968,0.0291,0.0068,0.2392
2025-09-26,model_Momentum6M,Hold,0.0471,0.0467,0.1346,0.1764,0.1749,0.0502,0.0956,0.0289,0.0067,0.2389
2025-09-29,model_Momentum6M,Hold,0.0468,0.0482,0.1343,0.178,0.1721,0.0508,0.096,0.0286,0.0067,0.2383
2025-09-30,model_Momentum6M,Hold,0.0471,0.0481,0.1347,0.1759,0.1716,0.0512,0.0963,0.0284,0.0068,0.2397
2025-10-01,model_Momentum6M,Hold,0.0467,0.0473,0.1329,0.1758,0.1762,0.0506,0.0959,0.0285,0.0068,0.2393
2025-10-02,model_Momentum6M,Hold,0.0469,0.0478,0.1338,0.1787,0.1693,0.0513,0.097,0.0288,0.007,0.2393
2025-10-03,model_Momentum6M,Hold,0.0472,0.0478,0.1352,0.1755,0.1731,0.0512,0.0966,0.0286,0.0069,0.2379
2025-10-06,model_Momentum6M,Hold,0.0469,0.0483,0.1359,0.1764,0.177,0.0511,0.0921,0.0292,0.0068,0.2364
2025-10-07,model_Momentum6M,Hold,0.0465,0.0487,0.1354,0.1767,0.1763,0.0509,0.0897,0.0286,0.0068,0.2404
2025-10-08,model_Momentum6M,Hold,0.0474,0.0495,0.1355,0.1811,0.1745,0.051,0.0872,0.0287,0.0068,0.2382
2025-10-09,model_Momentum6M,Hold,0.0474,0.0497,0.1356,0.1845,0.1691,0.0502,0.087,0.0286,0.0068,0.2411
2025-10-10,model_Momentum6M,Hold,0.0483,0.0487,0.1386,0.1795,0.1606,0.0504,0.0885,0.0287,0.0067,0.25
2025-10-13,model_Momentum6M,Hold,0.0476,0.049,0.1371,0.1818,0.1663,0.0509,0.088,0.0294,0.0068,0.243
2025-10-14,model_Momentum6M,Hold,0.0482,0.049,0.1382,0.1781,0.1664,0.0509,0.0891,0.0295,0.0069,0.2438
2025-10-15,model_Momentum6M,Hold,0.0471,0.0482,0.1365,0.178,0.1693,0.0502,0.0908,0.0303,0.0069,0.2426
2025-10-16,model_Momentum6M,Hold,0.0471,0.0477,0.1344,0.1794,0.1697,0.05,0.0907,0.0307,0.0069,0.2434
2025-10-17,model_Momentum6M,Hold,0.0474,0.0485,0.1355,0.1781,0.1661,0.05,0.0904,0.0309,0.007,0.2462
2025-10-20,model_Momentum6M,Hold,0.0475,0.049,0.1361,0.18,0.1649,0.0499,0.092,0.0311,0.007,0.2424
2025-10-21,model_Momentum6M,Hold,0.0466,0.0506,0.135,0.184,0.1651,0.0498,0.0918,0.0303,0.0075,0.2393
2025-10-22,model_Momentum6M,Hold,0.0466,0.0501,0.1341,0.1799,0.1686,0.0493,0.0926,0.0303,0.0075,0.2409
2025-10-23,model_Momentum6M,Hold,0.0453,0.0495,0.1317,0.1799,0.1787,0.049,0.0902,0.0301,0.0076,0.2379
2025-10-24,model_Momentum6M,Hold,0.0456,0.0492,0.1316,0.1828,0.1734,0.0491,0.091,0.0309,0.0075,0.2388
2025-10-27,model_Momentum6M,Hold,0.0458,0.0499,0.1323,0.1854,0.1701,0.0493,0.0917,0.0321,0.0075,0.2358
2025-10-28,model_Momentum6M,Hold,0.0467,0.0516,0.1343,0.1917,0.1696,0.0502,0.0759,0.0327,0.0076,0.2397
2025-10-29,model_Momentum6M,Hold,0.0465,0.0512,0.135,0.1954,0.1706,0.0497,0.0719,0.034,0.0076,0.2381
2025-10-30,model_Momentum6M,Hold,0.0479,0.0529,0.1402,0.1943,0.1742,0.0503,0.0709,0.0358,0.0079,0.2255
2025-10-31,model_Momentum6M,Hold,0.0466,0.0521,0.138,0.2088,0.1727,0.049,0.0718,0.0351,0.0078,0.2183
2025-11-03,model_Momentum6M,Hold,0.0465,0.0515,0.1371,0.2163,0.1708,0.0481,0.0684,0.0353,0.0075,0.2185
2025-11-04,model_Momentum6M,Hold,0.0475,0.0506,0.1402,0.2134,0.1687,0.0486,0.0666,0.0347,0.0075,0.2221
2025-11-05,model_Momentum6M,Hold,0.0469,0.0516,0.1431,0.2138,0.1651,0.0479,0.0671,0.0355,0.0077,0.2212
2025-11-06,model_Momentum6M,Hold,0.0464,0.0495,0.1443,0.2048,0.1777,0.0515,0.0646,0.035,0.0075,0.2186
2025-11-07,model_Momentum6M,Hold,0.0465,0.0499,0.1433,0.204,0.1774,0.0512,0.0669,0.034,0.0075,0.2193
2025-11-10,model_Momentum6M,Hold,0.0461,0.0495,0.1421,0.2065,0.1806,0.0507,0.065,0.0352,0.0076,0.2166
2025-11-11,model_Momentum6M,Hold,0.0462,0.0487,0.1413,0.2055,0.181,0.0511,0.0653,0.0351,0.0076,0.2182
2025-11-12,model_Momentum6M,Hold,0.0473,0.05,0.1438,0.2035,0.1776,0.0514,0.0646,0.0349,0.0078,0.2191
2025-11-13,model_Momentum6M,Hold,0.0476,0.0504,0.1446,0.1984,0.1839,0.0518,0.0629,0.034,0.0078,0.2186
2025-11-14,model_Momentum6M,Hold,0.0482,0.05,0.1441,0.1964,0.1851,0.0512,0.0631,0.0338,0.0077,0.2205
2025-11-17,model_Momentum6M,Hold,0.0485,0.0497,0.1429,0.1969,0.1839,0.0505,0.062,0.0352,0.0077,0.2226
2025-11-18,model_Momentum6M,Hold,0.0486,0.0496,0.1427,0.1887,0.1885,0.0505,0.0621,0.0352,0.0077,0.2264
2025-11-19,model_Momentum6M,Hold,0.0477,0.0504,0.142,0.191,0.1841,0.0513,0.0613,0.0367,0.0078,0.2277
2025-11-20,model_Momentum6M,Hold,0.0475,0.051,0.1454,0.1887,0.1812,0.0515,0.0612,0.0367,0.0078,0.2289
2025-11-21,model_Momentum6M,Hold,0.0482,0.0524,0.1435,0.1885,0.1825,0.0519,0.0627,0.0374,0.0079,0.2251
2025-11-24,model_Momentum6M,Hold,0.0477,0.0504,0.142,0.1924,0.1851,0.0515,0.0628,0.0395,0.0079,0.2207
2025-11-25,model_Momentum6M,Hold,0.0475,0.0511,0.1421,0.1933,0.1808,0.0514,0.0639,0.0397,0.0079,0.2223
2025-11-26,model_Momentum6M,Hold,0.0475,0.0506,0.1401,0.192,0.1844,0.0512,0.0647,0.0391,0.0078,0.2226
2025-11-28,model_Momentum6M,Hold,0.0472,0.0506,0.1388,0.1939,0.1852,0.0512,0.0643,0.0389,0.0078,0.2221
2025-12-01,model_Momentum6M,Hold,0.0468,0.052,0.1375,0.194,0.1871,0.0511,0.0635,0.0381,0.0077,0.2221
2025-12-02,model_Momentum6M,Hold,0.0462,0.0527,0.1366,0.1944,0.1883,0.0503,0.0644,0.0382,0.0078,0.221
2025-12-03,model_Momentum6M,Hold,0.0456,0.0549,0.1362,0.1918,0.1985,0.0507,0.0576,0.0385,0.0078,0.2183
2025-12-04,model_Momentum6M,Hold,0.046,0.0546,0.1375,0.1905,0.1982,0.0514,0.0559,0.0386,0.0077,0.2197
2025-12-05,model_Momentum6M,Hold,0.0459,0.054,0.1375,0.1909,0.201,0.0512,0.0545,0.039,0.0076,0.2184
2025-12-08,model_Momentum6M,Hold,0.0456,0.055,0.1385,0.1921,0.1975,0.0472,0.0549,0.0388,0.0076,0.2228
2025-12-09,model_Momentum6M,Hold,0.0451,0.0554,0.138,0.1924,0.1987,0.046,0.0551,0.0391,0.0076,0.2224
2025-12-10,model_Momentum6M,Hold,0.0453,0.0555,0.1359,0.1942,0.1967,0.0468,0.0561,0.0392,0.0076,0.2227
2025-12-11,model_Momentum6M,Hold,0.0456,0.0553,0.1383,0.1934,0.1944,0.0483,0.0552,0.0383,0.0078,0.2233
2025-12-12,model_Momentum6M,Hold,0.0465,0.0555,0.1399,0.19,0.1943,0.0482,0.0565,0.0379,0.0078,0.2235
2025-12-15,model_Momentum6M,Hold,0.0477,0.0563,0.142,0.1873,0.1897,0.0487,0.0575,0.0379,0.0076,0.2252
2025-12-16,model_Momentum6M,Hold,0.0477,0.0566,0.1414,0.19,0.1825,0.0488,0.0578,0.0382,0.0076,0.2293
2025-12-17,model_Momentum6M,Hold,0.0474,0.0566,0.142,0.1879,0.1866,0.0494,0.0582,0.0368,0.0075,0.2276
2025-12-18,model_Momentum6M,Hold,0.047,0.0561,0.1425,0.1933,0.1811,0.0491,0.0602,0.0377,0.0076,0.2255
2025-12-19,model_Momentum6M,Hold,0.0471,0.0565,0.1423,0.1937,0.1833,0.0483,0.0589,0.0382,0.0076,0.2241
2025-12-22,model_Momentum6M,Hold,0.0467,0.0558,0.141,0.1934,0.1844,0.0489,0.0594,0.0383,0.0074,0.2247
2025-12-23,model_Momentum6M,Hold,0.0463,0.0556,0.1413,0.1958,0.1833,0.0487,0.0585,0.0387,0.0074,0.2244
2025-12-24,model_Momentum6M,Hold,0.0463,0.0553,0.1409,0.1956,0.1829,0.0488,0.0592,0.0386,0.0074,0.2248
2025-12-26,model_Momentum6M,Hold,0.0465,0.0557,0.1404,0.1963,0.1821,0.0493,0.0592,0.0387,0.0075,0.2243
2025-12-29,model_Momentum6M,Hold,0.0463,0.0557,0.1402,0.1955,0.1833,0.0493,0.0598,0.0386,0.0075,0.2239
2025-12-30,model_Momentum6M,Hold,0.0465,0.0551,0.1406,0.1949,0.1847,0.0492,0.0598,0.0384,0.0074,0.2233
2022-01-20,model_Momentum12M,Rebalance,0.0681,0.1869,0.0993,0.0208,0.0769,0.1793,0.1608,0.0067,0.1233,0.0779
2022-01-21,model_Momentum12M,Hold,0.0697,0.1857,0.099,0.0199,0.0751,0.179,0.1616,0.0066,0.1244,0.079
2022-01-24,model_Momentum12M,Hold,0.0685,0.1872,0.0999,0.0201,0.0761,0.1789,0.1603,0.0066,0.1242,0.0783
2022-01-25,model_Momentum12M,Hold,0.0681,0.1847,0.1004,0.0194,0.0822,0.1765,0.1591,0.0064,0.1247,0.0783
2022-01-26,model_Momentum12M,Hold,0.0672,0.1844,0.1022,0.0196,0.0835,0.1771,0.1577,0.0066,0.1232,0.0785
2022-01-27,model_Momentum12M,Hold,0.0675,0.1864,0.1018,0.0197,0.0831,0.1768,0.1542,0.0066,0.1239,0.0799
2022-01-28,model_Momentum12M,Hold,0.0696,0.1899,0.1016,0.0201,0.0829,0.1762,0.1561,0.0068,0.1176,0.0794
2022-01-31,model_Momentum12M,Hold,0.0694,0.1922,0.1005,0.0205,0.0814,0.1757,0.1574,0.0067,0.1175,0.0785
2022-02-01,model_Momentum12M,Hold,0.0688,0.1909,0.0999,0.0206,0.0846,0.1762,0.1568,0.0068,0.1178,0.0776
2022-02-02,model_Momentum12M,Hold,0.0699,0.1928,0.1005,0.0204,0.0841,0.1748,0.157,0.0073,0.1164,0.0769
2022-02-03,model_Momentum12M,Hold,0.0712,0.1887,0.1024,0.0191,0.0851,0.1757,0.1557,0.0072,0.1169,0.0781
2022-02-04,model_Momentum12M,Hold,0.0717,0.1917,0.105,0.0219,0.0858,0.1663,0.1563,0.0072,0.1155,0.0786
2022-02-07,model_Momentum12M,Hold,0.0715,0.1918,0.107,0.0222,0.0857,0.1625,0.1554,0.0071,0.117,0.0797
2022-02-08,model_Momentum12M,Hold,0.0719,0.1926,0.1084,0.0227,0.0827,0.1616,0.1551,0.0071,0.118,0.0799
2022-02-09,model_Momentum12M,Hold,0.0717,0.195,0.1066,0.0223,0.0827,0.163,0.1559,0.0071,0.1169,0.0788
2022-02-10,model_Momentum12M,Hold,0.0718,0.1922,0.1082,0.0225,0.0847,0.1623,0.1545,0.0071,0.1167,0.0799
2022-02-11,model_Momentum12M,Hold,0.0715,0.1872,0.1092,0.022,0.0876,0.1592,0.1569,0.007,0.1181,0.0813
2022-02-14,model_Momentum12M,Hold,0.0709,0.188,0.1089,0.0225,0.0836,0.1609,0.1574,0.0072,0.1186,0.082
2022-02-15,model_Momentum12M,Hold,0.071,0.1884,0.1093,0.0225,0.0831,0.1624,0.1574,0.0072,0.1171,0.0817
2022-02-16,model_Momentum12M,Hold,0.0707,0.1904,0.109,0.0227,0.0834,0.1604,0.1587,0.0072,0.1156,0.082
2022-02-17,model_Momentum12M,Hold,0.0702,0.1876,0.1087,0.0226,0.0849,0.1602,0.1606,0.0071,0.1135,0.0847
2022-02-18,model_Momentum12M,Hold,0.0682,0.1873,0.109,0.0224,0.0846,0.1617,0.1609,0.007,0.1132,0.0856
2022-02-22,model_Momentum12M,Hold,0.0691,0.1884,0.109,0.0222,0.0821,0.1601,0.1636,0.007,0.1132,0.0854
2022-02-23,model_Momentum12M,Hold,0.0698,0.1861,0.1084,0.0217,0.0827,0.1598,0.1641,0.0069,0.1128,0.0876
2022-02-24,model_Momentum12M,Hold,0.0704,0.1872,0.1045,0.0226,0.0863,0.1595,0.1673,0.0072,0.1118,0.0833
2022-02-25,model_Momentum12M,Hold,0.0705,0.1855,0.1055,0.0223,0.0873,0.1584,0.1656,0.0071,0.1138,0.084
2022-02-28,model_Momentum12M,Hold,0.0701,0.1834,0.105,0.0225,0.0933,0.1572,0.1634,0.0072,0.1134,0.0845
2022-03-01,model_Momentum12M,Hold,0.0696,0.183,0.1017,0.0224,0.0989,0.1553,0.1641,0.0072,0.1119,0.086
2022-03-02,model_Momentum12M,Hold,0.0697,0.1839,0.1028,0.0221,0.0987,0.1544,0.1628,0.0071,0.1118,0.0866
2022-03-03,model_Momentum12M,Hold,0.0696,0.1832,0.104,0.0214,0.0992,0.1526,0.1641,0.007,0.112,0.0867
2022-03-04,model_Momentum12M,Hold,0.0701,0.1809,0.1025,0.0211,0.1026,0.1507,0.1666,0.007,0.1111,0.0874
2022-03-07,model_Momentum12M,Hold,0.0705,0.1805,0.1034,0.0205,0.1012,0.1502,0.1666,0.0068,0.1115,0.0888
2022-03-08,model_Momentum12M,Hold,0.0691,0.1792,0.1042,0.0204,0.1035,0.1489,0.1685,0.0069,0.1136,0.0858
2022-03-09,model_Momentum12M,Hold,0.0693,0.1807,0.1044,0.0205,0.102,0.1519,0.1669,0.0071,0.1126,0.0845
2022-03-10,model_Momentum12M,Hold,0.0684,0.1806,0.1036,0.0216,0.1054,0.1522,0.166,0.0071,0.1104,0.0848
2022-03-11,model_Momentum12M,Hold,0.0677,0.1846,0.1051,0.0217,0.1043,0.1489,0.1659,0.007,0.1098,0.0849
2022-03-14,model_Momentum12M,Hold,0.0688,0.1829,0.107,0.0212,0.1007,0.1486,0.1665,0.0069,0.1121,0.0853
2022-03-15,model_Momentum12M,Hold,0.0691,0.1855,0.1064,0.0218,0.0971,0.1497,0.1664,0.0069,0.1113,0.0858
2022-03-16,model_Momentum12M,Hold,0.0694,0.1883,0.1074,0.0223,0.0963,0.1491,0.165,0.0071,0.1108,0.0843
2022-03-17,model_Momentum12M,Hold,0.0695,0.1828,0.1065,0.0227,0.1017,0.1498,0.165,0.007,0.1111,0.0839
2022-03-18,model_Momentum12M,Hold,0.0697,0.184,0.1058,0.0231,0.1002,0.1508,0.1652,0.0071,0.1108,0.0833
2022-03-21,model_Momentum12M,Hold,0.0689,0.1832,0.1059,0.023,0.1041,0.1515,0.1624,0.007,0.1103,0.0837
2022-03-22,model_Momentum12M,Hold,0.0684,0.1835,0.1069,0.0233,0.1024,0.1519,0.161,0.0072,0.1105,0.0848
2022-03-23,model_Momentum12M,Hold,0.0665,0.182,0.1071,0.0234,0.1043,0.153,0.1606,0.0072,0.1102,0.0858
2022-03-24,model_Momentum12M,Hold,0.0662,0.1825,0.1071,0.0231,0.1032,0.1558,0.16,0.0073,0.1099,0.085
2022-03-25,model_Momentum12M,Hold,0.0659,0.1813,0.1073,0.023,0.1036,0.1563,0.1603,0.0072,0.1094,0.0856
2022-03-28,model_Momentum12M,Hold,0.0667,0.1834,0.1072,0.0236,0.0997,0.1578,0.1622,0.0072,0.109,0.0833
2022-03-29,model_Momentum12M,Hold,0.0656,0.1857,0.1054,0.0233,0.1007,0.1576,0.1642,0.0071,0.109,0.0813
2022-03-30,model_Momentum12M,Hold,0.0657,0.1844,0.1056,0.0228,0.1013,0.1581,0.1646,0.0071,0.1085,0.0819
2022-03-31,model_Momentum12M,Hold,0.0651,0.1851,0.1046,0.0225,0.1023,0.1582,0.1651,0.007,0.1074,0.0828
2022-04-01,model_Momentum12M,Hold,0.0646,0.1851,0.1043,0.0224,0.1035,0.1561,0.1674,0.007,0.107,0.0827
2022-04-04,model_Momentum12M,Hold,0.0646,0.1867,0.1021,0.023,0.1051,0.1579,0.1646,0.0071,0.1066,0.0825
2022-04-05,model_Momentum12M,Hold,0.0652,0.1869,0.1029,0.0225,0.1025,0.1582,0.1652,0.007,0.1067,0.0828
2022-04-06,model_Momentum12M,Hold,0.0653,0.185,0.1047,0.0217,0.1001,0.1568,0.1676,0.0068,0.1074,0.0845
2022-04-07,model_Momentum12M,Hold,0.0671,0.1856,0.1047,0.0216,0.1004,0.1574,0.1652,0.0068,0.107,0.0842
2022-04-08,model_Momentum12M,Hold,0.0668,0.1834,0.105,0.0211,0.105,0.1568,0.1642,0.0066,0.1066,0.0845
2022-04-11,model_Momentum12M,Hold,0.0663,0.1803,0.1063,0.021,0.1021,0.1587,0.1635,0.0065,0.1087,0.0866
2022-04-12,model_Momentum12M,Hold,0.0655,0.1803,0.106,0.021,0.105,0.1577,0.1629,0.0065,0.1078,0.0875
2022-04-13,model_Momentum12M,Hold,0.0658,0.1789,0.1054,0.0215,0.1078,0.1579,0.1624,0.0065,0.1071,0.0867
2022-04-14,model_Momentum12M,Hold,0.0654,0.1771,0.1069,0.0211,0.1089,0.1573,0.1621,0.0064,0.1071,0.0877
2022-04-18,model_Momentum12M,Hold,0.0651,0.175,0.1079,0.0214,0.1103,0.1578,0.1614,0.0065,0.1069,0.0877
2022-04-19,model_Momentum12M,Hold,0.066,0.1759,0.106,0.0218,0.1095,0.1575,0.1616,0.0065,0.108,0.0872
2022-04-20,model_Momentum12M,Hold,0.067,0.1764,0.1071,0.0211,0.1086,0.1558,0.1632,0.0064,0.1076,0.0868
2022-04-21,model_Momentum12M,Hold,0.0677,0.1765,0.1058,0.0204,0.1042,0.1581,0.1629,0.0062,0.1089,0.0891
2022-04-22,model_Momentum12M,Hold,0.0676,0.1751,0.1054,0.0204,0.1034,0.1573,0.1644,0.0062,0.1102,0.09
2022-04-25,model_Momentum12M,Hold,0.0681,0.1794,0.1043,0.0208,0.0998,0.158,0.1629,0.0064,0.1103,0.09
2022-04-26,model_Momentum12M,Hold,0.0681,0.176,0.1042,0.0203,0.1012,0.1574,0.165,0.0063,0.1098,0.0917
2022-04-27,model_Momentum12M,Hold,0.0678,0.1757,0.104,0.0201,0.1045,0.1588,0.1619,0.006,0.1096,0.0916
2022-04-28,model_Momentum12M,Hold,0.0675,0.179,0.0997,0.0207,0.1066,0.1577,0.1619,0.0062,0.11,0.0906
2022-04-29,model_Momentum12M,Hold,0.067,0.1768,0.0995,0.0184,0.1086,0.1584,0.1598,0.0061,0.1113,0.0941
2022-05-02,model_Momentum12M,Hold,0.0666,0.1793,0.0995,0.0184,0.1078,0.1593,0.1563,0.0063,0.1126,0.0938
2022-05-03,model_Momentum12M,Hold,0.0656,0.1772,0.0994,0.0181,0.1115,0.1598,0.1564,0.0062,0.1129,0.0928
2022-05-04,model_Momentum12M,Hold,0.0653,0.1771,0.0991,0.0178,0.1147,0.1601,0.1546,0.0063,0.1137,0.0913
2022-05-05,model_Momentum12M,Hold,0.0665,0.1752,0.1005,0.0172,0.1093,0.1592,0.1567,0.0062,0.1149,0.0945
2022-05-06,model_Momentum12M,Hold,0.0658,0.1728,0.1004,0.0168,0.1162,0.1584,0.1538,0.0062,0.1145,0.0951
2022-05-09,model_Momentum12M,Hold,0.0653,0.1744,0.1031,0.0166,0.1027,0.1627,0.1513,0.0062,0.1212,0.0965
2022-05-10,model_Momentum12M,Hold,0.066,0.1772,0.1043,0.0169,0.1039,0.1635,0.1499,0.0064,0.1205,0.0915
2022-05-11,model_Momentum12M,Hold,0.0658,0.1741,0.104,0.0164,0.107,0.1659,0.1493,0.0064,0.1189,0.0922
2022-05-12,model_Momentum12M,Hold,0.0669,0.1739,0.1024,0.0166,0.106,0.1645,0.1492,0.0064,0.1212,0.0928
2022-05-13,model_Momentum12M,Hold,0.0667,0.1735,0.1005,0.0172,0.1123,0.1626,0.1501,0.0064,0.1184,0.0924
2022-05-16,model_Momentum12M,Hold,0.0664,0.1727,0.1001,0.0168,0.1154,0.1616,0.1484,0.0063,0.119,0.0933
2022-05-17,model_Momentum12M,Hold,0.068,0.1724,0.1008,0.0172,0.1152,0.1632,0.1461,0.0063,0.1183,0.0925
2022-05-18,model_Momentum12M,Hold,0.0695,0.1684,0.1029,0.0165,0.1121,0.1656,0.1447,0.0063,0.1199,0.0941
2022-05-19,model_Momentum12M,Hold,0.0696,0.169,0.1021,0.0167,0.1137,0.1663,0.1453,0.0062,0.1202,0.0908
2022-05-20,model_Momentum12M,Hold,0.0698,0.17,0.1006,0.0166,0.1154,0.1678,0.1463,0.0061,0.117,0.0904
2022-05-23,model_Momentum12M,Hold,0.0696,0.171,0.1014,0.0163,0.1201,0.1651,0.1445,0.0061,0.1153,0.0905
2022-05-24,model_Momentum12M,Hold,0.0691,0.1691,0.1027,0.0158,0.1191,0.1648,0.1446,0.0059,0.1168,0.0922
2022-05-25,model_Momentum12M,Hold,0.0681,0.1679,0.1031,0.0161,0.1233,0.1632,0.1434,0.0058,0.1159,0.0931
2022-05-26,model_Momentum12M,Hold,0.0677,0.1714,0.1033,0.0164,0.1216,0.1639,0.1431,0.0058,0.1145,0.0922
2022-05-27,model_Momentum12M,Hold,0.0669,0.1739,0.1027,0.0165,0.1228,0.1648,0.1437,0.0059,0.1132,0.0896
2022-05-31,model_Momentum12M,Hold,0.068,0.1723,0.1039,0.0174,0.1224,0.1634,0.1428,0.006,0.1141,0.0899
2022-06-01,model_Momentum12M,Hold,0.067,0.1735,0.1033,0.0178,0.1248,0.1627,0.1418,0.006,0.1126,0.0904
2022-06-02,model_Momentum12M,Hold,0.0674,0.1753,0.1014,0.018,0.1224,0.1662,0.142,0.0061,0.1122,0.0891
2022-06-03,model_Momentum12M,Hold,0.0673,0.1755,0.1006,0.0177,0.1254,0.1669,0.1401,0.006,0.1112,0.0892
2022-06-06,model_Momentum12M,Hold,0.0669,0.1747,0.1008,0.018,0.1255,0.1697,0.1389,0.0061,0.111,0.0884
2022-06-07,model_Momentum12M,Hold,0.0663,0.1733,0.1002,0.0175,0.131,0.1695,0.1384,0.006,0.1099,0.0879
2022-06-08,model_Momentum12M,Hold,0.0668,0.1758,0.1014,0.0177,0.134,0.1685,0.1351,0.0062,0.1118,0.0827
2022-06-09,model_Momentum12M,Hold,0.0668,0.1747,0.1009,0.0172,0.1334,0.1724,0.1326,0.0062,0.1129,0.0828
2022-06-10,model_Momentum12M,Hold,0.0668,0.1738,0.1005,0.0167,0.1338,0.1734,0.1325,0.0062,0.1107,0.0856
2022-06-13,model_Momentum12M,Hold,0.0671,0.1747,0.1009,0.0165,0.1298,0.1763,0.1287,0.0061,0.1141,0.0858
2022-06-14,model_Momentum12M,Hold,0.0656,0.1749,0.1015,0.0163,0.1319,0.1749,0.1283,0.0062,0.1139,0.0864
2022-06-15,model_Momentum12M,Hold,0.0665,0.178,0.102,0.0171,0.1303,0.1742,0.1281,0.0063,0.1126,0.0848
2022-06-16,model_Momentum12M,Hold,0.0671,0.1775,0.1032,0.0171,0.1234,0.1771,0.1275,0.0063,0.1136,0.0872
2022-06-17,model_Momentum12M,Hold,0.0676,0.181,0.1036,0.0175,0.1162,0.1783,0.1291,0.0064,0.113,0.0874
2022-06-21,model_Momentum12M,Hold,0.0677,0.1827,0.1041,0.0176,0.1176,0.1791,0.1268,0.0066,0.1112,0.0867
2022-06-22,model_Momentum12M,Hold,0.0691,0.1872,0.1049,0.0179,0.1106,0.1812,0.13,0.0067,0.1129,0.0796
2022-06-23,model_Momentum12M,Hold,0.0694,0.1863,0.1039,0.0184,0.1064,0.1814,0.134,0.0067,0.1123,0.0813
2022-06-24,model_Momentum12M,Hold,0.0691,0.1885,0.1044,0.0184,0.1035,0.1825,0.1347,0.0068,0.112,0.0802
2022-06-27,model_Momentum12M,Hold,0.0693,0.1853,0.1052,0.018,0.107,0.1793,0.1375,0.0067,0.1114,0.0803
2022-06-28,model_Momentum12M,Hold,0.0686,0.1816,0.1063,0.0173,0.1119,0.1784,0.1378,0.0065,0.1104,0.0811
2022-06-29,model_Momentum12M,Hold,0.0708,0.181,0.1067,0.0177,0.1053,0.1809,0.1405,0.0066,0.1112,0.0793
2022-06-30,model_Momentum12M,Hold,0.071,0.1808,0.1071,0.0174,0.1025,0.1813,0.142,0.0065,0.1116,0.0798
2022-07-01,model_Momentum12M,Hold,0.0712,0.1807,0.1076,0.0177,0.1027,0.1809,0.1433,0.0064,0.1096,0.0798
2022-07-05,model_Momentum12M,Hold,0.0716,0.1796,0.1077,0.0186,0.0964,0.1813,0.1465,0.0068,0.1117,0.0799
2022-07-06,model_Momentum12M,Hold,0.0714,0.1807,0.1089,0.0188,0.0945,0.1798,0.1476,0.0068,0.1125,0.0791
2022-07-07,model_Momentum12M,Hold,0.0711,0.1808,0.1084,0.0189,0.1007,0.1767,0.1455,0.007,0.1114,0.0794
2022-07-08,model_Momentum12M,Hold,0.0714,0.1819,0.109,0.0189,0.1025,0.1752,0.1434,0.0071,0.1111,0.0794
2022-07-11,model_Momentum12M,Hold,0.0717,0.1804,0.1093,0.0184,0.1012,0.1778,0.1415,0.0069,0.1121,0.0808
2022-07-12,model_Momentum12M,Hold,0.0718,0.181,0.1096,0.0181,0.0967,0.1775,0.1423,0.0069,0.114,0.0821
2022-07-13,model_Momentum12M,Hold,0.0712,0.1825,0.1084,0.0185,0.0991,0.1763,0.1413,0.0068,0.1136,0.0823
2022-07-14,model_Momentum12M,Hold,0.0724,0.1833,0.108,0.0189,0.0968,0.1747,0.1404,0.0069,0.1155,0.0831
2022-07-15,model_Momentum12M,Hold,0.0732,0.182,0.1078,0.019,0.0964,0.1741,0.1433,0.0068,0.1151,0.0823
2022-07-18,model_Momentum12M,Hold,0.0723,0.1808,0.1079,0.0192,0.0992,0.1735,0.1429,0.0067,0.1144,0.0832
2022-07-19,model_Momentum12M,Hold,0.072,0.1828,0.1063,0.0193,0.1007,0.1731,0.1432,0.0068,0.1138,0.082
2022-07-20,model_Momentum12M,Hold,0.0706,0.1831,0.1053,0.02,0.1022,0.1737,0.1439,0.0067,0.1141,0.0804
2022-07-21,model_Momentum12M,Hold,0.0718,0.186,0.1053,0.0201,0.097,0.1748,0.1433,0.0067,0.1142,0.0808
2022-07-22,model_Momentum12M,Hold,0.0709,0.1862,0.1059,0.0198,0.0945,0.1749,0.1455,0.0063,0.1144,0.0815
2022-07-25,model_Momentum12M,Hold,0.0698,0.1853,0.1064,0.0194,0.0995,0.1738,0.1442,0.0063,0.1134,0.0821
2022-07-26,model_Momentum12M,Hold,0.0697,0.1816,0.105,0.0183,0.0972,0.1724,0.1492,0.0061,0.1183,0.0822
2022-07-27,model_Momentum12M,Hold,0.0692,0.1864,0.1039,0.019,0.0994,0.1719,0.1484,0.0064,0.1148,0.0807
2022-07-28,model_Momentum12M,Hold,0.0682,0.1871,0.103,0.0189,0.099,0.1735,0.1506,0.0064,0.1141,0.0793
2022-07-29,model_Momentum12M,Hold,0.0662,0.1857,0.1029,0.0205,0.1017,0.1736,0.1505,0.0064,0.1146,0.0778
2022-08-01,model_Momentum12M,Hold,0.0671,0.186,0.1025,0.0207,0.0991,0.174,0.1502,0.0064,0.1154,0.0786
2022-08-02,model_Momentum12M,Hold,0.067,0.1859,0.1069,0.0206,0.0996,0.173,0.1469,0.0064,0.1149,0.0787
2022-08-03,model_Momentum12M,Hold,0.0673,0.1885,0.1069,0.0214,0.095,0.1734,0.146,0.0066,0.1158,0.0791
2022-08-04,model_Momentum12M,Hold,0.0671,0.1891,0.1067,0.0217,0.0843,0.181,0.1458,0.0065,0.119,0.0788
2022-08-05,model_Momentum12M,Hold,0.0665,0.1875,0.1067,0.0214,0.0868,0.1836,0.145,0.0065,0.1179,0.0782
2022-08-08,model_Momentum12M,Hold,0.066,0.1872,0.1065,0.0211,0.0876,0.1822,0.1468,0.0064,0.1182,0.078
2022-08-09,model_Momentum12M,Hold,0.0654,0.1872,0.1081,0.0208,0.0891,0.1803,0.1466,0.0064,0.1179,0.0781
2022-08-10,model_Momentum12M,Hold,0.0655,0.1873,0.1081,0.0211,0.0887,0.1813,0.1476,0.0064,0.1166,0.0774
2022-08-11,model_Momentum12M,Hold,0.0653,0.1851,0.1092,0.0207,0.0925,0.1798,0.1472,0.0064,0.1162,0.0777
2022-08-12,model_Momentum12M,Hold,0.0648,0.1857,0.1099,0.0208,0.0907,0.1811,0.1476,0.0064,0.1164,0.0765
2022-08-15,model_Momentum12M,Hold,0.0652,0.1858,0.1101,0.0208,0.0878,0.1834,0.1477,0.0064,0.1159,0.0768
2022-08-16,model_Momentum12M,Hold,0.0652,0.186,0.1099,0.021,0.0869,0.183,0.149,0.0064,0.115,0.0776
2022-08-17,model_Momentum12M,Hold,0.0649,0.1863,0.1107,0.0208,0.0888,0.1809,0.1496,0.0064,0.1138,0.0778
2022-08-18,model_Momentum12M,Hold,0.0643,0.1862,0.1114,0.0208,0.0959,0.1799,0.1447,0.0064,0.1128,0.0777
2022-08-19,model_Momentum12M,Hold,0.0651,0.1857,0.1111,0.0204,0.096,0.1792,0.1439,0.0063,0.114,0.0783
2022-08-22,model_Momentum12M,Hold,0.0644,0.1852,0.1101,0.0199,0.0991,0.1798,0.1433,0.0062,0.1127,0.0793
2022-08-23,model_Momentum12M,Hold,0.0635,0.1831,0.1096,0.02,0.1044,0.1799,0.141,0.0062,0.1128,0.0795
2022-08-24,model_Momentum12M,Hold,0.0628,0.1818,0.1089,0.0199,0.1079,0.1799,0.1416,0.0061,0.1116,0.0795
2022-08-25,model_Momentum12M,Hold,0.0623,0.1817,0.1088,0.0202,0.1069,0.1804,0.1423,0.0062,0.1116,0.0796
2022-08-26,model_Momentum12M,Hold,0.0619,0.1806,0.1099,0.0198,0.1098,0.1832,0.1433,0.0061,0.1042,0.0812
2022-08-29,model_Momentum12M,Hold,0.0622,0.1796,0.1103,0.0198,0.1135,0.1829,0.1419,0.0061,0.1025,0.0813
2022-08-30,model_Momentum12M,Hold,0.0634,0.1808,0.1108,0.0199,0.1096,0.1824,0.1425,0.0061,0.1029,0.0815
2022-08-31,model_Momentum12M,Hold,0.0642,0.1797,0.1103,0.0198,0.1099,0.1814,0.1431,0.0061,0.1033,0.0822
2022-09-01,model_Momentum12M,Hold,0.0658,0.1805,0.1109,0.02,0.1069,0.1802,0.142,0.0062,0.1046,0.0829
2022-09-02,model_Momentum12M,Hold,0.0649,0.1793,0.1118,0.0201,0.1105,0.1795,0.1422,0.0062,0.1024,0.0831
2022-09-06,model_Momentum12M,Hold,0.0655,0.1801,0.1127,0.0201,0.1084,0.1804,0.1452,0.0062,0.0987,0.0828
2022-09-07,model_Momentum12M,Hold,0.0658,0.1796,0.1136,0.0203,0.1036,0.1833,0.1447,0.0062,0.1006,0.0823
2022-09-08,model_Momentum12M,Hold,0.0668,0.1792,0.1144,0.0202,0.1037,0.1822,0.1462,0.0061,0.0989,0.0822
2022-09-09,model_Momentum12M,Hold,0.0668,0.1782,0.1131,0.0205,0.1053,0.1818,0.1459,0.0062,0.1006,0.0817
2022-09-12,model_Momentum12M,Hold,0.0662,0.1781,0.1124,0.0206,0.1088,0.1834,0.1448,0.0061,0.0999,0.0796
2022-09-13,model_Momentum12M,Hold,0.0665,0.1761,0.1134,0.0199,0.1104,0.1848,0.144,0.0059,0.1005,0.0786
2022-09-14,model_Momentum12M,Hold,0.0665,0.1744,0.1122,0.0201,0.1179,0.1843,0.1425,0.006,0.0981,0.0782
2022-09-15,model_Momentum12M,Hold,0.0668,0.1735,0.1125,0.02,0.1186,0.1816,0.1432,0.0059,0.0983,0.0796
2022-09-16,model_Momentum12M,Hold,0.0665,0.1737,0.113,0.0197,0.1162,0.1817,0.1437,0.006,0.099,0.0805
2022-09-19,model_Momentum12M,Hold,0.0663,0.1744,0.1141,0.0198,0.1157,0.1824,0.1415,0.0059,0.0986,0.0813
2022-09-20,model_Momentum12M,Hold,0.0661,0.1738,0.1161,0.0197,0.1149,0.1817,0.1394,0.0059,0.0999,0.0825
2022-09-21,model_Momentum12M,Hold,0.0661,0.1737,0.1166,0.0194,0.1134,0.1822,0.1384,0.0059,0.1001,0.0841
2022-09-22,model_Momentum12M,Hold,0.067,0.1733,0.1155,0.0194,0.1106,0.1817,0.1405,0.006,0.1005,0.0854
2022-09-23,model_Momentum12M,Hold,0.0682,0.1754,0.1163,0.0192,0.1,0.1845,0.1446,0.0061,0.1016,0.0841
2022-09-26,model_Momentum12M,Hold,0.0687,0.1765,0.1161,0.0198,0.0984,0.183,0.1431,0.0061,0.1032,0.085
2022-09-27,model_Momentum12M,Hold,0.0679,0.1764,0.1161,0.0197,0.1014,0.1832,0.1421,0.0061,0.1031,0.0839
2022-09-28,model_Momentum12M,Hold,0.0667,0.1764,0.1148,0.0199,0.1053,0.1825,0.1424,0.0061,0.1026,0.0834
2022-09-29,model_Momentum12M,Hold,0.0671,0.1757,0.1147,0.0195,0.1072,0.1819,0.1422,0.006,0.1018,0.0837
2022-09-30,model_Momentum12M,Hold,0.0664,0.1759,0.1145,0.0193,0.1054,0.1848,0.1447,0.0059,0.1007,0.0825
2022-10-03,model_Momentum12M,Hold,0.066,0.1751,0.114,0.0192,0.1112,0.183,0.1439,0.0059,0.0998,0.0818
2022-10-04,model_Momentum12M,Hold,0.0662,0.1756,0.1145,0.0194,0.1131,0.1844,0.1407,0.0059,0.0987,0.0813
2022-10-05,model_Momentum12M,Hold,0.0667,0.1764,0.1144,0.0195,0.1175,0.1813,0.1372,0.0059,0.0987,0.0824
2022-10-06,model_Momentum12M,Hold,0.0667,0.1747,0.1143,0.0195,0.1234,0.1797,0.1364,0.006,0.096,0.0833
2022-10-07,model_Momentum12M,Hold,0.0678,0.1723,0.1141,0.019,0.1272,0.1786,0.135,0.006,0.0951,0.0849
2022-10-10,model_Momentum12M,Hold,0.0677,0.172,0.1154,0.019,0.1238,0.1801,0.1331,0.0059,0.0964,0.0866
2022-10-11,model_Momentum12M,Hold,0.0682,0.169,0.1157,0.0188,0.122,0.1794,0.1356,0.0059,0.0969,0.0886
2022-10-12,model_Momentum12M,Hold,0.0674,0.1686,0.1149,0.019,0.1233,0.1788,0.1349,0.006,0.0975,0.0898
2022-10-13,model_Momentum12M,Hold,0.0673,0.1685,0.1159,0.0183,0.123,0.1801,0.1325,0.0059,0.0992,0.0894
2022-10-14,model_Momentum12M,Hold,0.0677,0.1689,0.1173,0.0178,0.1198,0.1797,0.1322,0.0058,0.1008,0.09
2022-10-17,model_Momentum12M,Hold,0.0684,0.1724,0.1164,0.0186,0.1184,0.1805,0.1327,0.006,0.0994,0.0873
2022-10-18,model_Momentum12M,Hold,0.0687,0.1722,0.1165,0.0189,0.1166,0.1828,0.1311,0.006,0.1003,0.0869
2022-10-19,model_Momentum12M,Hold,0.0645,0.1729,0.1169,0.0188,0.1232,0.1829,0.1286,0.0059,0.0992,0.0871
2022-10-20,model_Momentum12M,Hold,0.0634,0.1736,0.1164,0.019,0.1244,0.1828,0.1289,0.006,0.0995,0.086
2022-10-21,model_Momentum12M,Hold,0.0618,0.1745,0.1171,0.0192,0.1263,0.1806,0.1285,0.0059,0.1003,0.0857
2022-10-24,model_Momentum12M,Hold,0.0629,0.1755,0.1171,0.019,0.126,0.1798,0.1273,0.0059,0.1002,0.0862
2022-10-25,model_Momentum12M,Hold,0.0614,0.1752,0.1148,0.0188,0.1275,0.1816,0.1316,0.0059,0.0982,0.085
2022-10-26,model_Momentum12M,Hold,0.0613,0.1737,0.1142,0.0179,0.1292,0.1809,0.1308,0.0053,0.1011,0.0856
2022-10-27,model_Momentum12M,Hold,0.0607,0.1738,0.116,0.0172,0.1287,0.1795,0.1331,0.0052,0.1016,0.0842
2022-10-28,model_Momentum12M,Hold,0.061,0.1756,0.1173,0.0157,0.1252,0.1795,0.1337,0.0053,0.1025,0.0841
2022-10-31,model_Momentum12M,Hold,0.061,0.1743,0.1187,0.0157,0.1261,0.1778,0.1341,0.0053,0.1025,0.0846
2022-11-01,model_Momentum12M,Hold,0.0611,0.1725,0.1215,0.0148,0.1268,0.1787,0.1334,0.005,0.1019,0.0842
2022-11-02,model_Momentum12M,Hold,0.0618,0.171,0.1242,0.0144,0.1254,0.1779,0.1343,0.0049,0.1023,0.0837
2022-11-03,model_Momentum12M,Hold,0.0601,0.1596,0.1216,0.0138,0.1327,0.1896,0.1336,0.0047,0.1013,0.083
2022-11-04,model_Momentum12M,Hold,0.0597,0.1582,0.1208,0.0137,0.1341,0.1934,0.1329,0.0048,0.1004,0.082
2022-11-07,model_Momentum12M,Hold,0.0599,0.1613,0.1206,0.0135,0.134,0.1924,0.1324,0.0048,0.0992,0.0818
2022-11-08,model_Momentum12M,Hold,0.0598,0.1609,0.1207,0.0134,0.1325,0.1957,0.1309,0.0048,0.0995,0.0817
2022-11-09,model_Momentum12M,Hold,0.0609,0.1625,0.1222,0.0131,0.1255,0.1976,0.1309,0.0048,0.1002,0.0821
2022-11-10,model_Momentum12M,Hold,0.0611,0.1676,0.1212,0.0141,0.1239,0.1955,0.1348,0.005,0.1001,0.0768
2022-11-11,model_Momentum12M,Hold,0.0605,0.168,0.1208,0.0145,0.1276,0.1932,0.1315,0.0051,0.1022,0.0765
2022-11-14,model_Momentum12M,Hold,0.0599,0.1691,0.1193,0.0144,0.1248,0.1995,0.1296,0.0051,0.1017,0.0766
2022-11-15,model_Momentum12M,Hold,0.0598,0.1691,0.1211,0.0142,0.128,0.1968,0.1301,0.0052,0.1006,0.0751
2022-11-16,model_Momentum12M,Hold,0.0606,0.1697,0.1231,0.0141,0.1247,0.1987,0.129,0.0052,0.0995,0.0755
2022-11-17,model_Momentum12M,Hold,0.0603,0.1683,0.1235,0.0138,0.1242,0.1987,0.1297,0.0052,0.1,0.0762
2022-11-18,model_Momentum12M,Hold,0.0608,0.1671,0.1235,0.0137,0.1221,0.2,0.1317,0.0051,0.0993,0.0767
2022-11-21,model_Momentum12M,Hold,0.0609,0.1675,0.1244,0.0134,0.1194,0.2001,0.1315,0.0051,0.1,0.0778
2022-11-22,model_Momentum12M,Hold,0.06,0.1669,0.1224,0.0132,0.123,0.2037,0.1308,0.005,0.0984,0.0766
2022-11-23,model_Momentum12M,Hold,0.0608,0.1683,0.1228,0.0134,0.1207,0.2036,0.1304,0.0051,0.0982,0.0766
2022-11-25,model_Momentum12M,Hold,0.0611,0.1686,0.1231,0.0132,0.1193,0.2038,0.1318,0.005,0.0985,0.0757
2022-11-28,model_Momentum12M,Hold,0.0615,0.1688,0.1231,0.0136,0.118,0.2045,0.1301,0.0051,0.0972,0.0781
2022-11-29,model_Momentum12M,Hold,0.0609,0.1663,0.1222,0.0133,0.1215,0.2018,0.1324,0.005,0.0978,0.0788
2022-11-30,model_Momentum12M,Hold,0.0611,0.1701,0.1214,0.0136,0.1196,0.2028,0.1323,0.0052,0.0956,0.0784
2022-12-01,model_Momentum12M,Hold,0.0611,0.1708,0.1211,0.0134,0.1191,0.2036,0.1313,0.0052,0.0954,0.0789
2022-12-02,model_Momentum12M,Hold,0.0609,0.1685,0.1213,0.0132,0.1195,0.2068,0.1294,0.0051,0.0957,0.0796
2022-12-05,model_Momentum12M,Hold,0.0606,0.1676,0.1214,0.013,0.1182,0.2085,0.1296,0.0052,0.0958,0.0804
2022-12-06,model_Momentum12M,Hold,0.0607,0.1663,0.1236,0.0128,0.1154,0.2102,0.1283,0.0051,0.0974,0.0801
2022-12-07,model_Momentum12M,Hold,0.061,0.1663,0.1233,0.0128,0.1144,0.2117,0.1269,0.005,0.0984,0.0801
2022-12-08,model_Momentum12M,Hold,0.0618,0.1683,0.1209,0.013,0.1113,0.2131,0.1288,0.0049,0.0975,0.0804
2022-12-09,model_Momentum12M,Hold,0.0627,0.1676,0.1214,0.0129,0.1099,0.2113,0.1304,0.0049,0.0981,0.0808
2022-12-12,model_Momentum12M,Hold,0.0629,0.1672,0.1209,0.0129,0.1135,0.2113,0.1291,0.0048,0.0974,0.0799
2022-12-13,model_Momentum12M,Hold,0.0632,0.1666,0.119,0.013,0.1168,0.2121,0.1295,0.0049,0.0964,0.0786
2022-12-14,model_Momentum12M,Hold,0.0633,0.1653,0.1191,0.0129,0.1154,0.2132,0.1304,0.0049,0.096,0.0795
2022-12-15,model_Momentum12M,Hold,0.0631,0.1628,0.1199,0.0128,0.1179,0.2118,0.1309,0.0048,0.0952,0.0809
2022-12-16,model_Momentum12M,Hold,0.0635,0.1564,0.1218,0.0129,0.1169,0.2163,0.1288,0.0048,0.0966,0.0819
2022-12-19,model_Momentum12M,Hold,0.0638,0.1523,0.1227,0.0126,0.1181,0.2164,0.1292,0.0048,0.0978,0.0823
2022-12-20,model_Momentum12M,Hold,0.0633,0.1552,0.125,0.0126,0.1181,0.2141,0.129,0.0048,0.0961,0.0819
2022-12-21,model_Momentum12M,Hold,0.0631,0.1563,0.124,0.0126,0.1226,0.2114,0.1284,0.0047,0.0964,0.0805
2022-12-22,model_Momentum12M,Hold,0.0638,0.1558,0.1246,0.0123,0.1188,0.2128,0.1292,0.0047,0.0961,0.0819
2022-12-23,model_Momentum12M,Hold,0.0633,0.1551,0.1248,0.0124,0.1244,0.2103,0.129,0.0047,0.094,0.0819
2022-12-27,model_Momentum12M,Hold,0.0635,0.1545,0.1256,0.012,0.1253,0.2102,0.1282,0.0046,0.094,0.0822
2022-12-28,model_Momentum12M,Hold,0.0641,0.1558,0.1263,0.0121,0.1208,0.212,0.1277,0.0046,0.094,0.0825
2022-12-29,model_Momentum12M,Hold,0.0647,0.1568,0.1257,0.0123,0.1211,0.2103,0.1286,0.0047,0.0945,0.0814
2022-12-30,model_Momentum12M,Hold,0.0644,0.156,0.1255,0.0122,0.1233,0.2095,0.1291,0.0047,0.0941,0.0812
2023-01-03,model_Momentum12M,Rebalance,0.104,0.0247,0.1924,0.0115,0.2292,0.0264,0.038,0.0418,0.1204,0.2117
2023-01-04,model_Momentum12M,Hold,0.1058,0.0247,0.1939,0.0114,0.2222,0.0264,0.0388,0.0414,0.1234,0.2118
2023-01-05,model_Momentum12M,Hold,0.1064,0.0243,0.1946,0.0113,0.2222,0.0263,0.0382,0.0409,0.1223,0.2136
2023-01-06,model_Momentum12M,Hold,0.1051,0.0243,0.1958,0.0114,0.2224,0.0263,0.0384,0.0404,0.1229,0.2131
2023-01-09,model_Momentum12M,Hold,0.1055,0.0248,0.1905,0.0116,0.2261,0.0266,0.0383,0.0409,0.1236,0.2121
2023-01-10,model_Momentum12M,Hold,0.1066,0.0248,0.1911,0.0119,0.2243,0.0265,0.0384,0.0409,0.1243,0.2111
2023-01-11,model_Momentum12M,Hold,0.1053,0.0253,0.1896,0.0125,0.2258,0.0264,0.0397,0.042,0.1245,0.209
2023-01-12,model_Momentum12M,Hold,0.1035,0.0254,0.1883,0.0124,0.2325,0.026,0.0401,0.0417,0.124,0.206
2023-01-13,model_Momentum12M,Hold,0.1048,0.0251,0.1898,0.0127,0.231,0.026,0.0397,0.0418,0.1234,0.2056
2023-01-17,model_Momentum12M,Hold,0.1056,0.0255,0.1902,0.0126,0.2317,0.0257,0.0402,0.0418,0.1216,0.2051
2023-01-18,model_Momentum12M,Hold,0.1058,0.0254,0.1924,0.0127,0.2306,0.0259,0.0407,0.0425,0.1201,0.2038
2023-01-19,model_Momentum12M,Hold,0.106,0.0249,0.1891,0.0125,0.2361,0.0257,0.0405,0.0434,0.1158,0.2061
2023-01-20,model_Momentum12M,Hold,0.1058,0.0253,0.1879,0.0128,0.2344,0.0257,0.0407,0.0452,0.1167,0.2056
2023-01-23,model_Momentum12M,Hold,0.1062,0.025,0.1879,0.0128,0.2342,0.0259,0.0409,0.0457,0.1178,0.2036
2023-01-24,model_Momentum12M,Hold,0.1062,0.025,0.1938,0.0128,0.2306,0.0267,0.0414,0.0453,0.1119,0.2063
2023-01-25,model_Momentum12M,Hold,0.1051,0.0249,0.1953,0.0129,0.2316,0.0267,0.0411,0.0443,0.1103,0.2077
2023-01-26,model_Momentum12M,Hold,0.1046,0.0249,0.1938,0.0131,0.2368,0.0269,0.0409,0.0451,0.1103,0.2035
2023-01-27,model_Momentum12M,Hold,0.1031,0.025,0.1929,0.0135,0.2378,0.0266,0.0417,0.0458,0.1115,0.202
2023-01-30,model_Momentum12M,Hold,0.1042,0.0251,0.1955,0.0134,0.2323,0.0269,0.0413,0.0452,0.1102,0.206
2023-01-31,model_Momentum12M,Hold,0.1038,0.0252,0.1946,0.0136,0.2307,0.0271,0.0417,0.0456,0.1114,0.2063
2023-02-01,model_Momentum12M,Hold,0.1039,0.0254,0.1921,0.0137,0.2237,0.0267,0.042,0.0459,0.1111,0.2156
2023-02-02,model_Momentum12M,Hold,0.1053,0.0266,0.1824,0.0149,0.2204,0.025,0.0443,0.0497,0.1164,0.2151
2023-02-03,model_Momentum12M,Hold,0.1058,0.0264,0.1852,0.0137,0.2206,0.0243,0.0439,0.0487,0.1147,0.2166
2023-02-06,model_Momentum12M,Hold,0.1051,0.026,0.1863,0.0136,0.2212,0.0242,0.0439,0.048,0.1141,0.2175
2023-02-07,model_Momentum12M,Hold,0.105,0.026,0.1851,0.0135,0.2272,0.0241,0.0433,0.0496,0.1131,0.2131
2023-02-08,model_Momentum12M,Hold,0.1049,0.0261,0.1892,0.0134,0.2224,0.0247,0.0436,0.0465,0.1132,0.216
2023-02-09,model_Momentum12M,Hold,0.1045,0.0266,0.1899,0.0133,0.2201,0.025,0.0441,0.0452,0.1126,0.2186
2023-02-10,model_Momentum12M,Hold,0.1026,0.0259,0.187,0.013,0.2291,0.0246,0.0435,0.0441,0.1114,0.2187
2023-02-13,model_Momentum12M,Hold,0.1026,0.0263,0.1895,0.0132,0.223,0.0245,0.0437,0.044,0.1125,0.2209
2023-02-14,model_Momentum12M,Hold,0.1024,0.0262,0.1875,0.0134,0.2249,0.0243,0.0436,0.0444,0.1125,0.2209
2023-02-15,model_Momentum12M,Hold,0.1027,0.0265,0.1881,0.0136,0.2192,0.0246,0.0438,0.0456,0.1133,0.2226
2023-02-16,model_Momentum12M,Hold,0.1029,0.0263,0.1902,0.0134,0.2159,0.0246,0.0434,0.0455,0.1135,0.2243
2023-02-17,model_Momentum12M,Hold,0.1042,0.0261,0.1922,0.0133,0.2062,0.0246,0.0436,0.0453,0.1153,0.2291
2023-02-21,model_Momentum12M,Hold,0.103,0.0257,0.1921,0.0132,0.2097,0.0249,0.0433,0.0448,0.1134,0.23
2023-02-22,model_Momentum12M,Hold,0.1024,0.0259,0.1934,0.0134,0.2093,0.025,0.043,0.0449,0.1135,0.2293
2023-02-23,model_Momentum12M,Hold,0.1015,0.0258,0.1909,0.0133,0.2146,0.025,0.0426,0.0442,0.1126,0.2294
2023-02-24,model_Momentum12M,Hold,0.0999,0.0255,0.1936,0.0131,0.2163,0.0252,0.0417,0.0436,0.1121,0.229
2023-02-27,model_Momentum12M,Hold,0.0996,0.0256,0.1933,0.0131,0.2171,0.0257,0.0418,0.0441,0.1129,0.2267
2023-02-28,model_Momentum12M,Hold,0.102,0.0256,0.1939,0.0133,0.2134,0.0259,0.0415,0.0444,0.1129,0.2272
2023-03-01,model_Momentum12M,Hold,0.1006,0.0253,0.1928,0.0129,0.2192,0.0259,0.0394,0.0443,0.1149,0.2246
2023-03-02,model_Momentum12M,Hold,0.1017,0.0253,0.19,0.0128,0.2213,0.0261,0.0392,0.0448,0.1138,0.2247
2023-03-03,model_Momentum12M,Hold,0.1022,0.0254,0.1901,0.013,0.2233,0.026,0.0389,0.0451,0.1138,0.2222
2023-03-06,model_Momentum12M,Hold,0.1011,0.0255,0.1904,0.013,0.219,0.026,0.0396,0.046,0.113,0.2265
2023-03-07,model_Momentum12M,Hold,0.1003,0.0255,0.191,0.0132,0.2178,0.0264,0.0392,0.0463,0.1123,0.228
2023-03-08,model_Momentum12M,Hold,0.1002,0.0256,0.1892,0.0133,0.2152,0.0264,0.0402,0.0467,0.1129,0.2303
2023-03-09,model_Momentum12M,Hold,0.1006,0.0257,0.1891,0.0133,0.211,0.0263,0.0395,0.0467,0.1134,0.2345
2023-03-10,model_Momentum12M,Hold,0.1014,0.0255,0.19,0.0133,0.2085,0.0265,0.0367,0.0466,0.1137,0.2378
2023-03-13,model_Momentum12M,Hold,0.104,0.0256,0.1868,0.0137,0.2027,0.0269,0.0369,0.0474,0.1146,0.2413
2023-03-14,model_Momentum12M,Hold,0.1036,0.0256,0.1884,0.014,0.2031,0.0271,0.0368,0.0486,0.113,0.2399
2023-03-15,model_Momentum12M,Hold,0.1052,0.0255,0.1869,0.0145,0.1911,0.0269,0.0377,0.0508,0.1155,0.2459
2023-03-16,model_Momentum12M,Hold,0.1054,0.0259,0.1887,0.015,0.1936,0.0269,0.0365,0.0525,0.1159,0.2398
2023-03-17,model_Momentum12M,Hold,0.1052,0.0261,0.1887,0.0151,0.1909,0.0269,0.0363,0.0542,0.1168,0.2399
2023-03-20,model_Momentum12M,Hold,0.1041,0.0259,0.1912,0.0146,0.1938,0.0268,0.0358,0.0529,0.1159,0.239
2023-03-21,model_Momentum12M,Hold,0.1024,0.0258,0.1912,0.0147,0.2023,0.0262,0.0354,0.0537,0.1135,0.2348
2023-03-22,model_Momentum12M,Hold,0.1031,0.026,0.1907,0.0148,0.2028,0.0265,0.0345,0.0541,0.113,0.2346
2023-03-23,model_Momentum12M,Hold,0.104,0.028,0.1901,0.0149,0.2021,0.0258,0.0344,0.0556,0.1131,0.2321
2023-03-24,model_Momentum12M,Hold,0.1041,0.0278,0.1895,0.0146,0.2032,0.0256,0.0352,0.055,0.1122,0.2327
2023-03-27,model_Momentum12M,Hold,0.1038,0.0278,0.1889,0.0145,0.2069,0.0257,0.0346,0.0531,0.1118,0.2328
2023-03-28,model_Momentum12M,Hold,0.1021,0.0278,0.1896,0.0144,0.2093,0.0259,0.0344,0.0522,0.1118,0.2324
2023-03-29,model_Momentum12M,Hold,0.1028,0.0281,0.1901,0.0147,0.2075,0.026,0.0354,0.0519,0.1124,0.2312
2023-03-30,model_Momentum12M,Hold,0.1034,0.0284,0.1905,0.015,0.2048,0.0263,0.0361,0.0518,0.1121,0.2315
2023-03-31,model_Momentum12M,Hold,0.1043,0.0284,0.1886,0.0149,0.206,0.0269,0.0361,0.0525,0.1132,0.2291
2023-04-03,model_Momentum12M,Hold,0.1026,0.0278,0.1853,0.0145,0.2195,0.0265,0.0351,0.0518,0.1104,0.2264
2023-04-04,model_Momentum12M,Hold,0.1051,0.0281,0.1854,0.0149,0.216,0.0265,0.0354,0.0526,0.1093,0.2265
2023-04-05,model_Momentum12M,Hold,0.1064,0.0277,0.1868,0.0145,0.2152,0.0263,0.0353,0.0525,0.1092,0.2262
2023-04-06,model_Momentum12M,Hold,0.1069,0.0276,0.1866,0.0146,0.215,0.0261,0.0354,0.0543,0.1081,0.2255
2023-04-10,model_Momentum12M,Hold,0.1049,0.0275,0.1866,0.0145,0.2194,0.026,0.035,0.053,0.1087,0.2244
2023-04-11,model_Momentum12M,Hold,0.1034,0.0276,0.1867,0.0141,0.2216,0.0259,0.0344,0.0519,0.1094,0.225
2023-04-12,model_Momentum12M,Hold,0.1031,0.0276,0.1882,0.0138,0.221,0.0262,0.0341,0.0517,0.1097,0.2246
2023-04-13,model_Momentum12M,Hold,0.1035,0.0274,0.187,0.0143,0.2231,0.026,0.0332,0.0525,0.1103,0.2228
2023-04-14,model_Momentum12M,Hold,0.1037,0.0268,0.1865,0.0143,0.2245,0.0258,0.0328,0.0531,0.1097,0.2228
2023-04-17,model_Momentum12M,Hold,0.1045,0.0269,0.188,0.0144,0.2179,0.0259,0.0343,0.0518,0.111,0.2253
2023-04-18,model_Momentum12M,Hold,0.1039,0.0269,0.1884,0.0143,0.217,0.0259,0.0342,0.051,0.1102,0.2282
2023-04-19,model_Momentum12M,Hold,0.1112,0.0267,0.1872,0.0144,0.212,0.026,0.0345,0.0505,0.1093,0.2282
2023-04-20,model_Momentum12M,Hold,0.1106,0.0266,0.1881,0.0145,0.2098,0.0265,0.0345,0.0516,0.1092,0.2286
2023-04-21,model_Momentum12M,Hold,0.1121,0.0267,0.187,0.015,0.2076,0.0264,0.0347,0.0518,0.1091,0.2297
2023-04-24,model_Momentum12M,Hold,0.1102,0.0266,0.1862,0.0148,0.2097,0.0264,0.0344,0.0517,0.109,0.2309
2023-04-25,model_Momentum12M,Hold,0.1111,0.0263,0.1877,0.0145,0.2036,0.0265,0.0338,0.0513,0.1097,0.2355
2023-04-26,model_Momentum12M,Hold,0.1111,0.0266,0.1886,0.015,0.2006,0.0264,0.0341,0.0518,0.1093,0.2365
2023-04-27,model_Momentum12M,Hold,0.1093,0.0264,0.1957,0.0153,0.1976,0.0263,0.034,0.0525,0.1093,0.2335
2023-04-28,model_Momentum12M,Hold,0.109,0.0266,0.1946,0.0145,0.2019,0.0262,0.034,0.0518,0.109,0.2324
2023-05-01,model_Momentum12M,Hold,0.1094,0.0265,0.1956,0.014,0.2017,0.0263,0.0333,0.0516,0.1083,0.2332
2023-05-02,model_Momentum12M,Hold,0.1127,0.0269,0.1959,0.0146,0.1928,0.0267,0.0336,0.0521,0.1082,0.2365
2023-05-03,model_Momentum12M,Hold,0.1138,0.027,0.1936,0.0147,0.1932,0.027,0.0344,0.0525,0.1089,0.2349
2023-05-04,model_Momentum12M,Hold,0.1149,0.0266,0.1956,0.0151,0.1857,0.0273,0.035,0.0531,0.1098,0.2371
2023-05-05,model_Momentum12M,Hold,0.1137,0.0261,0.195,0.0151,0.1885,0.0274,0.0351,0.0528,0.1098,0.2366
2023-05-08,model_Momentum12M,Hold,0.1135,0.0261,0.1955,0.0151,0.1881,0.0273,0.0348,0.054,0.1089,0.2366
2023-05-09,model_Momentum12M,Hold,0.1135,0.0261,0.1959,0.0153,0.1895,0.026,0.0347,0.054,0.1079,0.237
2023-05-10,model_Momentum12M,Hold,0.1142,0.0267,0.1944,0.0159,0.1879,0.0262,0.0351,0.0564,0.1083,0.235
2023-05-11,model_Momentum12M,Hold,0.1134,0.027,0.1939,0.0162,0.1893,0.0257,0.0345,0.0587,0.108,0.2333
2023-05-12,model_Momentum12M,Hold,0.114,0.0275,0.1927,0.0159,0.189,0.0259,0.0343,0.0593,0.1076,0.2337
2023-05-15,model_Momentum12M,Hold,0.1135,0.0276,0.1928,0.0161,0.189,0.0261,0.0347,0.0589,0.108,0.2334
2023-05-16,model_Momentum12M,Hold,0.1146,0.0281,0.194,0.0166,0.184,0.0261,0.0342,0.0613,0.1068,0.2343
2023-05-17,model_Momentum12M,Hold,0.1125,0.0283,0.1944,0.0167,0.1869,0.0258,0.0342,0.0611,0.1077,0.2324
2023-05-18,model_Momentum12M,Hold,0.1118,0.0285,0.1959,0.017,0.1872,0.0256,0.0335,0.0619,0.1084,0.2303
2023-05-19,model_Momentum12M,Hold,0.1117,0.0286,0.1949,0.0167,0.1902,0.0258,0.033,0.0616,0.1072,0.2303
2023-05-22,model_Momentum12M,Hold,0.1109,0.0287,0.1938,0.0165,0.1904,0.0254,0.0335,0.0627,0.11,0.2282
2023-05-23,model_Momentum12M,Hold,0.1088,0.0285,0.1931,0.0165,0.1938,0.0252,0.0338,0.0617,0.1094,0.2292
2023-05-24,model_Momentum12M,Hold,0.108,0.0287,0.1905,0.0169,0.1983,0.0254,0.033,0.0614,0.1063,0.2315
2023-05-25,model_Momentum12M,Hold,0.107,0.0294,0.1923,0.0168,0.1937,0.0258,0.0324,0.0633,0.1073,0.232
2023-05-26,model_Momentum12M,Hold,0.1074,0.0305,0.1913,0.0175,0.1937,0.0258,0.0324,0.0636,0.1068,0.2309
2023-05-30,model_Momentum12M,Hold,0.107,0.0312,0.195,0.0179,0.1884,0.0261,0.0329,0.0636,0.1067,0.2312
2023-05-31,model_Momentum12M,Hold,0.1083,0.0312,0.1937,0.0179,0.1874,0.0258,0.0335,0.0638,0.1046,0.2338
2023-06-01,model_Momentum12M,Hold,0.1084,0.031,0.1939,0.0181,0.1877,0.026,0.0329,0.0638,0.105,0.2332
2023-06-02,model_Momentum12M,Hold,0.1064,0.0306,0.1933,0.0177,0.191,0.0259,0.0327,0.0623,0.1105,0.2295
2023-06-05,model_Momentum12M,Hold,0.1071,0.0302,0.1969,0.0181,0.1896,0.0261,0.0331,0.0636,0.1068,0.2285
2023-06-06,model_Momentum12M,Hold,0.1055,0.0305,0.1977,0.0182,0.1903,0.0259,0.0338,0.064,0.1067,0.2276
2023-06-07,model_Momentum12M,Hold,0.1034,0.0304,0.1976,0.0172,0.1942,0.0259,0.0344,0.0609,0.1084,0.2274
2023-06-08,model_Momentum12M,Hold,0.1028,0.0302,0.1977,0.0177,0.1926,0.0261,0.0342,0.0609,0.1085,0.2294
2023-06-09,model_Momentum12M,Hold,0.1039,0.0304,0.2003,0.0176,0.1896,0.0257,0.0342,0.0611,0.1078,0.2292
2023-06-12,model_Momentum12M,Hold,0.1035,0.0306,0.1993,0.0181,0.1873,0.0257,0.0343,0.0617,0.1091,0.2304
2023-06-13,model_Momentum12M,Hold,0.1029,0.0306,0.1992,0.0179,0.1891,0.026,0.0343,0.0612,0.1096,0.2292
2023-06-14,model_Momentum12M,Hold,0.1049,0.0308,0.1986,0.018,0.1899,0.0265,0.0344,0.0615,0.1094,0.2261
2023-06-15,model_Momentum12M,Hold,0.1051,0.0312,0.1984,0.0178,0.1927,0.0263,0.0337,0.0613,0.1097,0.2238
2023-06-16,model_Momentum12M,Hold,0.1067,0.0309,0.1983,0.0176,0.1919,0.0266,0.0322,0.0607,0.1109,0.2242
2023-06-20,model_Momentum12M,Hold,0.1089,0.0312,0.1967,0.0179,0.1899,0.0267,0.0323,0.0615,0.1102,0.2247
2023-06-21,model_Momentum12M,Hold,0.1082,0.0307,0.1954,0.0178,0.1935,0.0266,0.032,0.0601,0.1091,0.2266
2023-06-22,model_Momentum12M,Hold,0.1108,0.0303,0.1964,0.0186,0.1888,0.0266,0.0315,0.0617,0.1085,0.2268
2023-06-23,model_Momentum12M,Hold,0.1115,0.0296,0.1969,0.0187,0.1868,0.0267,0.0313,0.0618,0.1098,0.2269
2023-06-26,model_Momentum12M,Hold,0.1112,0.0293,0.1968,0.0182,0.1879,0.0265,0.0326,0.0593,0.1086,0.2296
2023-06-27,model_Momentum12M,Hold,0.1104,0.0296,0.1994,0.0185,0.1864,0.027,0.033,0.0593,0.1063,0.23
2023-06-28,model_Momentum12M,Hold,0.1099,0.0296,0.1985,0.0184,0.1883,0.0269,0.0319,0.06,0.1063,0.2301
2023-06-29,model_Momentum12M,Hold,0.1088,0.03,0.1986,0.0181,0.1904,0.0269,0.0322,0.0589,0.1059,0.2302
2023-06-30,model_Momentum12M,Hold,0.1093,0.0298,0.1988,0.0183,0.1902,0.0273,0.032,0.0587,0.1059,0.2299
2023-07-03,model_Momentum12M,Hold,0.1071,0.0299,0.1992,0.0182,0.1889,0.027,0.0326,0.0586,0.1066,0.2321
2023-07-05,model_Momentum12M,Hold,0.1073,0.0298,0.1986,0.0182,0.1907,0.0262,0.0329,0.0595,0.1041,0.2327
2023-07-06,model_Momentum12M,Hold,0.108,0.0299,0.1994,0.0181,0.1883,0.0264,0.0331,0.0592,0.1025,0.2352
2023-07-07,model_Momentum12M,Hold,0.1064,0.0294,0.1991,0.0181,0.1939,0.0261,0.0329,0.0585,0.1027,0.2329
2023-07-10,model_Momentum12M,Hold,0.1078,0.0299,0.1991,0.0179,0.1962,0.0265,0.0328,0.0574,0.1033,0.2292
2023-07-11,model_Momentum12M,Hold,0.1056,0.0293,0.1968,0.0177,0.2033,0.0258,0.0327,0.0563,0.1057,0.227
2023-07-12,model_Momentum12M,Hold,0.1048,0.0297,0.1957,0.0179,0.2042,0.0262,0.0324,0.057,0.1051,0.2268
2023-07-13,model_Momentum12M,Hold,0.105,0.0295,0.1927,0.0182,0.2078,0.0263,0.0324,0.0591,0.1053,0.2237
2023-07-14,model_Momentum12M,Hold,0.1064,0.0299,0.194,0.0185,0.1996,0.0266,0.033,0.0602,0.1059,0.2259
2023-07-17,model_Momentum12M,Hold,0.1057,0.0304,0.1966,0.0184,0.1984,0.0267,0.0325,0.06,0.1056,0.2259
2023-07-18,model_Momentum12M,Hold,0.1045,0.0303,0.1961,0.0181,0.2046,0.0264,0.0319,0.0589,0.1058,0.2235
2023-07-19,model_Momentum12M,Hold,0.1046,0.0299,0.1966,0.0184,0.2049,0.0263,0.0326,0.0579,0.106,0.2229
2023-07-20,model_Momentum12M,Hold,0.1081,0.029,0.1979,0.0175,0.2042,0.0263,0.0328,0.0561,0.1059,0.2223
2023-07-21,model_Momentum12M,Hold,0.1097,0.029,0.1965,0.0174,0.2063,0.0263,0.0331,0.0561,0.1052,0.2205
2023-07-24,model_Momentum12M,Hold,0.1095,0.0288,0.1959,0.0171,0.2089,0.0261,0.0329,0.0565,0.1047,0.2196
2023-07-25,model_Momentum12M,Hold,0.1073,0.029,0.1948,0.0171,0.2091,0.0263,0.0329,0.0565,0.1096,0.2176
2023-07-26,model_Momentum12M,Hold,0.1072,0.0286,0.1933,0.0167,0.209,0.0257,0.0335,0.0591,0.1112,0.2157
2023-07-27,model_Momentum12M,Hold,0.1066,0.029,0.1929,0.0169,0.2079,0.0259,0.0333,0.0596,0.1105,0.2174
2023-07-28,model_Momentum12M,Hold,0.106,0.0285,0.1925,0.0173,0.21,0.0258,0.0333,0.0607,0.1105,0.2155
2023-07-31,model_Momentum12M,Hold,0.1047,0.0286,0.1924,0.0175,0.2118,0.026,0.033,0.0608,0.1101,0.2152
2023-08-01,model_Momentum12M,Hold,0.1046,0.0292,0.193,0.0173,0.2118,0.0259,0.0323,0.0606,0.1099,0.2154
2023-08-02,model_Momentum12M,Hold,0.1032,0.029,0.2049,0.0169,0.2062,0.0257,0.0325,0.0594,0.1087,0.2134
2023-08-03,model_Momentum12M,Hold,0.1011,0.0286,0.2049,0.0169,0.2179,0.024,0.0322,0.0588,0.1059,0.2099
2023-08-04,model_Momentum12M,Hold,0.1014,0.0282,0.2047,0.0183,0.2194,0.0242,0.0318,0.0587,0.1044,0.2088
2023-08-07,model_Momentum12M,Hold,0.1012,0.0283,0.2058,0.0185,0.219,0.0243,0.0324,0.0598,0.1032,0.2075
2023-08-08,model_Momentum12M,Hold,0.0986,0.0283,0.2036,0.0182,0.2252,0.024,0.032,0.0598,0.1022,0.2082
2023-08-09,model_Momentum12M,Hold,0.0985,0.028,0.2002,0.0179,0.2302,0.0242,0.032,0.0591,0.102,0.2079
2023-08-10,model_Momentum12M,Hold,0.0982,0.028,0.2007,0.0181,0.2302,0.0243,0.0319,0.0592,0.1023,0.2074
2023-08-11,model_Momentum12M,Hold,0.0981,0.0277,0.2014,0.0179,0.2326,0.0243,0.0318,0.0587,0.1023,0.2052
2023-08-14,model_Momentum12M,Hold,0.0989,0.0279,0.2021,0.0182,0.2317,0.0245,0.0312,0.0596,0.1013,0.2045
2023-08-15,model_Momentum12M,Hold,0.0993,0.028,0.2027,0.0181,0.2309,0.0244,0.0308,0.0598,0.1006,0.2054
2023-08-16,model_Momentum12M,Hold,0.0993,0.0281,0.2037,0.0178,0.2307,0.0246,0.031,0.0595,0.1006,0.2046
2023-08-17,model_Momentum12M,Hold,0.0995,0.0278,0.2027,0.0177,0.2323,0.0244,0.0308,0.06,0.1014,0.2034
2023-08-18,model_Momentum12M,Hold,0.0986,0.0277,0.2012,0.0176,0.2339,0.0245,0.0306,0.059,0.1014,0.2055
2023-08-21,model_Momentum12M,Hold,0.0991,0.0281,0.2009,0.0179,0.233,0.0246,0.0305,0.0596,0.1009,0.2054
2023-08-22,model_Momentum12M,Hold,0.1011,0.0285,0.2006,0.0179,0.2278,0.0248,0.0307,0.0604,0.101,0.2071
2023-08-23,model_Momentum12M,Hold,0.1005,0.029,0.199,0.018,0.2263,0.0247,0.0314,0.0616,0.1016,0.2078
2023-08-24,model_Momentum12M,Hold,0.0994,0.0289,0.2025,0.0176,0.2251,0.0248,0.0311,0.0605,0.1006,0.2095
2023-08-25,model_Momentum12M,Hold,0.0993,0.0292,0.2012,0.0177,0.2265,0.0249,0.0307,0.0603,0.1005,0.2097
2023-08-28,model_Momentum12M,Hold,0.0972,0.0291,0.2005,0.0175,0.2256,0.0248,0.0306,0.0603,0.105,0.2094
2023-08-29,model_Momentum12M,Hold,0.0972,0.0291,0.1987,0.0176,0.2268,0.0249,0.0307,0.0613,0.1053,0.2085
2023-08-30,model_Momentum12M,Hold,0.0974,0.029,0.1982,0.0175,0.227,0.0249,0.0307,0.0617,0.104,0.2094
2023-08-31,model_Momentum12M,Hold,0.0961,0.029,0.198,0.0179,0.2277,0.0249,0.0304,0.0619,0.1062,0.208
2023-09-01,model_Momentum12M,Hold,0.0953,0.0292,0.1971,0.0178,0.2324,0.025,0.0303,0.0612,0.1057,0.206
2023-09-05,model_Momentum12M,Hold,0.0938,0.0291,0.1962,0.0177,0.2344,0.0246,0.0302,0.0614,0.1059,0.2065
2023-09-06,model_Momentum12M,Hold,0.0951,0.0293,0.1976,0.0176,0.2325,0.0248,0.0303,0.0613,0.1062,0.2053
2023-09-07,model_Momentum12M,Hold,0.0942,0.0295,0.1987,0.0179,0.231,0.0247,0.0304,0.0616,0.1057,0.2061
2023-09-08,model_Momentum12M,Hold,0.094,0.0292,0.1987,0.0179,0.2299,0.0252,0.03,0.062,0.1058,0.2073
2023-09-11,model_Momentum12M,Hold,0.0956,0.0292,0.2006,0.0186,0.2226,0.0256,0.0294,0.0622,0.1073,0.209
2023-09-12,model_Momentum12M,Hold,0.0948,0.028,0.2009,0.0182,0.2277,0.0253,0.0289,0.061,0.1058,0.2094
2023-09-13,model_Momentum12M,Hold,0.0966,0.0284,0.2044,0.019,0.2204,0.0258,0.0292,0.0626,0.1014,0.2122
2023-09-14,model_Momentum12M,Hold,0.0955,0.0283,0.2045,0.0187,0.2224,0.0257,0.0297,0.0625,0.1015,0.2113
2023-09-15,model_Momentum12M,Hold,0.0957,0.0282,0.2047,0.0184,0.2222,0.0257,0.0299,0.0629,0.1014,0.2109
2023-09-18,model_Momentum12M,Hold,0.0949,0.0285,0.2056,0.0183,0.2233,0.0255,0.0295,0.0632,0.1013,0.2099
2023-09-19,model_Momentum12M,Hold,0.095,0.0288,0.2078,0.0181,0.2215,0.0256,0.0295,0.0634,0.1009,0.2094
2023-09-20,model_Momentum12M,Hold,0.0956,0.029,0.2092,0.0179,0.2189,0.0254,0.0299,0.0621,0.1006,0.2114
2023-09-21,model_Momentum12M,Hold,0.096,0.0291,0.2103,0.0175,0.2168,0.0252,0.0279,0.0616,0.1009,0.2146
2023-09-22,model_Momentum12M,Hold,0.0956,0.0296,0.2114,0.0175,0.218,0.0253,0.0276,0.0618,0.1008,0.2124
2023-09-25,model_Momentum12M,Hold,0.0947,0.0296,0.2123,0.0177,0.2218,0.0255,0.0274,0.062,0.0982,0.2107
2023-09-26,model_Momentum12M,Hold,0.0942,0.0292,0.2128,0.0172,0.2236,0.0254,0.027,0.0613,0.098,0.2113
2023-09-27,model_Momentum12M,Hold,0.0927,0.0293,0.2126,0.017,0.2288,0.025,0.0268,0.0617,0.0967,0.2095
2023-09-28,model_Momentum12M,Hold,0.0948,0.0279,0.2134,0.0169,0.2269,0.0251,0.0272,0.0622,0.096,0.2097
2023-09-29,model_Momentum12M,Hold,0.0945,0.0288,0.2129,0.0172,0.223,0.0252,0.0276,0.0621,0.0974,0.2113
2023-10-02,model_Momentum12M,Hold,0.0948,0.0293,0.2154,0.0178,0.2178,0.0252,0.0275,0.0647,0.0953,0.2121
2023-10-03,model_Momentum12M,Hold,0.0956,0.0294,0.2141,0.0173,0.2202,0.0256,0.0275,0.0643,0.0945,0.2115
2023-10-04,model_Momentum12M,Hold,0.0958,0.0298,0.2166,0.0177,0.2117,0.026,0.0277,0.0659,0.094,0.2148
2023-10-05,model_Momentum12M,Hold,0.0962,0.0298,0.2175,0.0175,0.21,0.0255,0.0278,0.0658,0.0937,0.2164
2023-10-06,model_Momentum12M,Hold,0.0963,0.0298,0.2194,0.0177,0.2079,0.0254,0.0275,0.0666,0.0937,0.2155
2023-10-09,model_Momentum12M,Hold,0.0947,0.0293,0.2177,0.0175,0.2133,0.0253,0.0278,0.066,0.093,0.2153
2023-10-10,model_Momentum12M,Hold,0.0953,0.0293,0.219,0.0176,0.2114,0.0256,0.0278,0.0657,0.0944,0.2139
2023-10-11,model_Momentum12M,Hold,0.0905,0.0295,0.2217,0.0179,0.2115,0.0259,0.0281,0.0668,0.0941,0.2141
2023-10-12,model_Momentum12M,Hold,0.0891,0.0289,0.2232,0.0181,0.2144,0.0256,0.0273,0.0665,0.0933,0.2138
2023-10-13,model_Momentum12M,Hold,0.0886,0.0282,0.2213,0.0175,0.2225,0.0252,0.0271,0.0648,0.0917,0.2131
2023-10-16,model_Momentum12M,Hold,0.0887,0.0282,0.2207,0.0176,0.2246,0.025,0.0273,0.0648,0.0918,0.2113
2023-10-17,model_Momentum12M,Hold,0.0882,0.0283,0.2204,0.0174,0.2247,0.0252,0.0272,0.0648,0.0919,0.2118
2023-10-18,model_Momentum12M,Hold,0.0917,0.028,0.2181,0.017,0.2282,0.0246,0.0264,0.0641,0.09,0.212
2023-10-19,model_Momentum12M,Hold,0.0921,0.0281,0.2171,0.0171,0.2312,0.0245,0.0257,0.0644,0.0891,0.2107
2023-10-20,model_Momentum12M,Hold,0.0944,0.0278,0.2141,0.0169,0.2289,0.0246,0.0261,0.0641,0.0896,0.2135
2023-10-23,model_Momentum12M,Hold,0.0945,0.0279,0.2154,0.0173,0.2262,0.0245,0.0262,0.0652,0.0896,0.213
2023-10-24,model_Momentum12M,Hold,0.0928,0.0278,0.2152,0.0174,0.2233,0.0246,0.0263,0.0658,0.0935,0.2133
2023-10-25,model_Momentum12M,Hold,0.0923,0.0277,0.2183,0.0166,0.2252,0.0245,0.0256,0.06,0.0935,0.2164
2023-10-26,model_Momentum12M,Hold,0.0951,0.0283,0.2218,0.0167,0.2275,0.0254,0.0268,0.0599,0.0951,0.2034
2023-10-27,model_Momentum12M,Hold,0.0945,0.0283,0.2203,0.018,0.2274,0.0254,0.0263,0.0602,0.0945,0.205
2023-10-30,model_Momentum12M,Hold,0.0937,0.0283,0.2206,0.0185,0.2226,0.0256,0.0264,0.0607,0.0957,0.2078
2023-10-31,model_Momentum12M,Hold,0.0948,0.0286,0.2215,0.0185,0.2216,0.0256,0.0263,0.0602,0.0967,0.2063
2023-11-01,model_Momentum12M,Hold,0.095,0.0288,0.2235,0.0189,0.2204,0.0256,0.0262,0.0612,0.096,0.2044
2023-11-02,model_Momentum12M,Hold,0.0942,0.029,0.227,0.0188,0.2169,0.0257,0.0271,0.0606,0.0961,0.2046
2023-11-03,model_Momentum12M,Hold,0.0934,0.0293,0.2267,0.0187,0.2168,0.0259,0.0281,0.0609,0.097,0.2031
2023-11-06,model_Momentum12M,Hold,0.0933,0.0295,0.2261,0.019,0.2148,0.0259,0.028,0.0619,0.0974,0.204
2023-11-07,model_Momentum12M,Hold,0.0942,0.03,0.2276,0.0196,0.2105,0.0229,0.0279,0.063,0.0981,0.2062
2023-11-08,model_Momentum12M,Hold,0.0951,0.0306,0.2282,0.0197,0.2052,0.0236,0.0283,0.0641,0.0983,0.2068
2023-11-09,model_Momentum12M,Hold,0.0944,0.0304,0.231,0.0196,0.2043,0.0241,0.0269,0.0637,0.0982,0.2074
2023-11-10,model_Momentum12M,Hold,0.0941,0.0307,0.2307,0.0199,0.2057,0.024,0.027,0.0643,0.0985,0.2052
2023-11-13,model_Momentum12M,Hold,0.096,0.0304,0.2308,0.0198,0.2044,0.024,0.0266,0.0641,0.0985,0.2054
2023-11-14,model_Momentum12M,Hold,0.0956,0.0303,0.2292,0.0199,0.206,0.0239,0.0292,0.0637,0.0992,0.203
2023-11-15,model_Momentum12M,Hold,0.0964,0.0307,0.2249,0.0195,0.2043,0.0244,0.0293,0.0641,0.101,0.2054
2023-11-16,model_Momentum12M,Hold,0.0989,0.031,0.2276,0.0195,0.1969,0.0244,0.0288,0.0654,0.1017,0.2058
2023-11-17,model_Momentum12M,Hold,0.0976,0.0308,0.228,0.0197,0.2012,0.024,0.0286,0.0642,0.1007,0.2051
2023-11-20,model_Momentum12M,Hold,0.0991,0.0311,0.2259,0.0198,0.2016,0.0241,0.0288,0.0646,0.1002,0.2048
2023-11-21,model_Momentum12M,Hold,0.0998,0.031,0.2281,0.0195,0.1996,0.0245,0.0286,0.065,0.0992,0.2046
2023-11-22,model_Momentum12M,Hold,0.0999,0.0311,0.228,0.0197,0.1979,0.0242,0.0287,0.0652,0.0999,0.2053
2023-11-24,model_Momentum12M,Hold,0.0996,0.031,0.2283,0.0197,0.1987,0.0241,0.0287,0.0641,0.1001,0.2057
2023-11-27,model_Momentum12M,Hold,0.0997,0.031,0.229,0.0198,0.1963,0.0239,0.0287,0.0641,0.1015,0.2061
2023-11-28,model_Momentum12M,Hold,0.0989,0.0309,0.2264,0.0197,0.1962,0.0235,0.0294,0.0644,0.1028,0.2076
2023-11-29,model_Momentum12M,Hold,0.1006,0.031,0.2253,0.0196,0.1961,0.0234,0.0298,0.0634,0.103,0.2077
2023-11-30,model_Momentum12M,Hold,0.1009,0.0309,0.2275,0.0196,0.1938,0.0237,0.0298,0.0621,0.1033,0.2084
2023-12-01,model_Momentum12M,Hold,0.1007,0.0311,0.2255,0.0195,0.1934,0.0237,0.0319,0.0613,0.1033,0.2095
2023-12-04,model_Momentum12M,Hold,0.1009,0.031,0.2257,0.0192,0.1913,0.0235,0.0324,0.0601,0.1069,0.209
2023-12-05,model_Momentum12M,Hold,0.1009,0.0312,0.2272,0.0197,0.1873,0.0229,0.0326,0.0613,0.106,0.211
2023-12-06,model_Momentum12M,Hold,0.1026,0.0315,0.2273,0.0196,0.1852,0.0231,0.0336,0.0616,0.1083,0.2073
2023-12-07,model_Momentum12M,Hold,0.1015,0.0314,0.2274,0.0198,0.1836,0.0231,0.0335,0.0647,0.1085,0.2065
2023-12-08,model_Momentum12M,Hold,0.1015,0.0314,0.228,0.0198,0.1863,0.0231,0.0327,0.0635,0.1082,0.2055
2023-12-11,model_Momentum12M,Hold,0.1027,0.0318,0.2285,0.0195,0.1868,0.0232,0.0325,0.0624,0.1075,0.2051
2023-12-12,model_Momentum12M,Hold,0.1032,0.0319,0.232,0.0197,0.184,0.0234,0.0319,0.0621,0.1069,0.205
2023-12-13,model_Momentum12M,Hold,0.1026,0.0316,0.2286,0.0197,0.1856,0.0233,0.0338,0.0614,0.1074,0.206
2023-12-14,model_Momentum12M,Hold,0.1035,0.0313,0.2203,0.0194,0.1896,0.0234,0.0361,0.0609,0.1099,0.2056
2023-12-15,model_Momentum12M,Hold,0.103,0.0317,0.22,0.0199,0.1889,0.0235,0.0352,0.0617,0.1107,0.2054
2023-12-18,model_Momentum12M,Hold,0.1031,0.0313,0.2204,0.0203,0.1892,0.0234,0.0347,0.0627,0.1088,0.2062
2023-12-19,model_Momentum12M,Hold,0.1027,0.031,0.2212,0.0202,0.1899,0.0234,0.0346,0.0627,0.1084,0.206
2023-12-20,model_Momentum12M,Hold,0.1035,0.0314,0.2211,0.0203,0.1904,0.0234,0.0343,0.0645,0.1076,0.2036
2023-12-21,model_Momentum12M,Hold,0.1035,0.0319,0.2203,0.0203,0.1908,0.0235,0.0346,0.0649,0.1085,0.2017
2023-12-22,model_Momentum12M,Hold,0.1037,0.0324,0.2203,0.0202,0.1903,0.0235,0.0342,0.0652,0.1089,0.2013
2023-12-26,model_Momentum12M,Hold,0.1029,0.0319,0.2188,0.02,0.1954,0.0234,0.0342,0.0645,0.1097,0.1992
2023-12-27,model_Momentum12M,Hold,0.1034,0.032,0.2193,0.02,0.1948,0.0235,0.0343,0.064,0.1103,0.1984
2023-12-28,model_Momentum12M,Hold,0.1044,0.0319,0.2207,0.0201,0.1899,0.0235,0.0347,0.0642,0.1117,0.1992
2023-12-29,model_Momentum12M,Hold,0.1041,0.0319,0.2219,0.0199,0.1889,0.0236,0.0341,0.064,0.1114,0.2002
2024-01-02,model_Momentum12M,Rebalance,0.1644,0.175,0.0774,0.0095,0.0445,0.1514,0.2494,0.0206,0.074,0.0339
2024-01-03,model_Momentum12M,Hold,0.1664,0.173,0.0785,0.0095,0.0459,0.1522,0.2454,0.0211,0.0736,0.0342
2024-01-04,model_Momentum12M,Hold,0.169,0.173,0.0779,0.0093,0.0427,0.1523,0.2466,0.0207,0.0741,0.0344
2024-01-05,model_Momentum12M,Hold,0.1684,0.1724,0.0781,0.0093,0.043,0.1519,0.2478,0.0206,0.0742,0.0343
2024-01-08,model_Momentum12M,Hold,0.1687,0.1721,0.0773,0.0094,0.0417,0.1515,0.2509,0.0208,0.0735,0.0342
2024-01-09,model_Momentum12M,Hold,0.1702,0.1744,0.0756,0.0096,0.041,0.1497,0.2497,0.0212,0.0741,0.0344
2024-01-10,model_Momentum12M,Hold,0.1718,0.1748,0.0771,0.0097,0.0403,0.1483,0.2499,0.0213,0.0731,0.0336
2024-01-11,model_Momentum12M,Hold,0.1723,0.1772,0.0776,0.0099,0.0404,0.1479,0.2451,0.0214,0.074,0.0342
2024-01-12,model_Momentum12M,Hold,0.1721,0.1806,0.0773,0.0098,0.0403,0.1469,0.2446,0.0214,0.0731,0.0338
2024-01-16,model_Momentum12M,Hold,0.1728,0.1806,0.0775,0.0098,0.0389,0.1456,0.2465,0.0215,0.0732,0.0337
2024-01-17,model_Momentum12M,Hold,0.1744,0.1823,0.0784,0.0098,0.0386,0.1466,0.2419,0.0215,0.0727,0.0338
2024-01-18,model_Momentum12M,Hold,0.1743,0.185,0.079,0.0098,0.0384,0.1463,0.2391,0.0218,0.0728,0.0335
2024-01-19,model_Momentum12M,Hold,0.1739,0.1857,0.0791,0.0099,0.038,0.1454,0.2398,0.022,0.0731,0.0331
2024-01-22,model_Momentum12M,Hold,0.1728,0.187,0.079,0.0098,0.0384,0.1453,0.2394,0.0219,0.0731,0.0332
2024-01-23,model_Momentum12M,Hold,0.1739,0.1899,0.0798,0.01,0.0388,0.1478,0.2386,0.0223,0.0656,0.0334
2024-01-24,model_Momentum12M,Hold,0.171,0.1917,0.0811,0.0102,0.04,0.1462,0.2391,0.0228,0.0644,0.0334
2024-01-25,model_Momentum12M,Hold,0.1708,0.1902,0.0797,0.0101,0.0402,0.1474,0.2404,0.0229,0.0652,0.0331
2024-01-26,model_Momentum12M,Hold,0.1701,0.1897,0.0801,0.0101,0.0403,0.1464,0.2421,0.023,0.0652,0.0331
2024-01-29,model_Momentum12M,Hold,0.1711,0.1895,0.0789,0.0102,0.0397,0.145,0.2445,0.023,0.065,0.0331
2024-01-30,model_Momentum12M,Hold,0.1731,0.1907,0.0808,0.0102,0.0408,0.1456,0.2371,0.023,0.0654,0.0334
2024-01-31,model_Momentum12M,Hold,0.1748,0.1893,0.0806,0.0101,0.04,0.1454,0.2396,0.0215,0.0652,0.0336
2024-02-01,model_Momentum12M,Hold,0.1759,0.1919,0.0724,0.0103,0.0391,0.1468,0.2414,0.0216,0.066,0.0347
2024-02-02,model_Momentum12M,Hold,0.1732,0.194,0.0734,0.0111,0.0386,0.1469,0.2407,0.0219,0.0656,0.0346
2024-02-05,model_Momentum12M,Hold,0.1788,0.1996,0.0756,0.0114,0.0394,0.1285,0.2423,0.0229,0.0664,0.0351
2024-02-06,model_Momentum12M,Hold,0.1821,0.1961,0.076,0.0113,0.0403,0.1282,0.241,0.0229,0.067,0.0351
2024-02-07,model_Momentum12M,Hold,0.1811,0.1973,0.0779,0.0114,0.0403,0.1267,0.2402,0.0231,0.0671,0.0348
2024-02-08,model_Momentum12M,Hold,0.1793,0.1978,0.077,0.0114,0.0401,0.1291,0.2411,0.0231,0.0665,0.0346
2024-02-09,model_Momentum12M,Hold,0.1788,0.2001,0.0773,0.0117,0.0394,0.1294,0.2383,0.0237,0.0665,0.0347
2024-02-12,model_Momentum12M,Hold,0.1788,0.1965,0.0771,0.0115,0.04,0.1302,0.2404,0.0233,0.0673,0.0349
2024-02-13,model_Momentum12M,Hold,0.1808,0.1984,0.0784,0.0115,0.0397,0.1301,0.2349,0.0234,0.0673,0.0354
2024-02-14,model_Momentum12M,Hold,0.1806,0.2013,0.0786,0.0116,0.0397,0.1287,0.2343,0.0234,0.0666,0.0353
2024-02-15,model_Momentum12M,Hold,0.1787,0.1967,0.078,0.0112,0.0406,0.1314,0.2408,0.0223,0.0661,0.0342
2024-02-16,model_Momentum12M,Hold,0.1797,0.1961,0.0774,0.0112,0.0411,0.1316,0.2411,0.022,0.0654,0.0343
2024-02-20,model_Momentum12M,Hold,0.1839,0.1926,0.0773,0.0111,0.0403,0.1324,0.2402,0.0221,0.0658,0.0344
2024-02-21,model_Momentum12M,Hold,0.1844,0.1901,0.0771,0.0111,0.0406,0.1314,0.2436,0.0222,0.0653,0.0343
2024-02-22,model_Momentum12M,Hold,0.1846,0.1939,0.0769,0.0114,0.0387,0.1322,0.2408,0.0222,0.0651,0.0344
2024-02-23,model_Momentum12M,Hold,0.184,0.1956,0.077,0.0113,0.0382,0.132,0.2408,0.022,0.0649,0.0343
2024-02-26,model_Momentum12M,Hold,0.1849,0.198,0.0773,0.0114,0.0381,0.1316,0.238,0.0213,0.0651,0.0343
2024-02-27,model_Momentum12M,Hold,0.1842,0.1963,0.077,0.0112,0.0385,0.1316,0.2408,0.0213,0.0648,0.0342
2024-02-28,model_Momentum12M,Hold,0.1853,0.1964,0.0773,0.0112,0.0382,0.132,0.2403,0.0209,0.0642,0.0343
2024-02-29,model_Momentum12M,Hold,0.1822,0.1938,0.0772,0.0114,0.0378,0.1323,0.2457,0.0211,0.0644,0.034
2024-03-01,model_Momentum12M,Hold,0.1816,0.1963,0.0766,0.0115,0.0384,0.133,0.244,0.0209,0.064,0.0339
2024-03-04,model_Momentum12M,Hold,0.1828,0.1967,0.0755,0.0113,0.0378,0.1336,0.246,0.0202,0.0633,0.0328
2024-03-05,model_Momentum12M,Hold,0.1816,0.1945,0.0771,0.0112,0.0385,0.1352,0.244,0.0202,0.0646,0.0332
2024-03-06,model_Momentum12M,Hold,0.1817,0.1952,0.0778,0.0111,0.0385,0.1362,0.2413,0.0199,0.0641,0.0342
2024-03-07,model_Momentum12M,Hold,0.1825,0.1966,0.0773,0.0112,0.0381,0.1362,0.2403,0.0202,0.0636,0.034
2024-03-08,model_Momentum12M,Hold,0.1824,0.192,0.077,0.0111,0.0384,0.1341,0.246,0.0203,0.0644,0.0342
2024-03-11,model_Momentum12M,Hold,0.181,0.1892,0.0779,0.0109,0.0388,0.1374,0.245,0.0206,0.0644,0.0348
2024-03-12,model_Momentum12M,Hold,0.1809,0.1919,0.0773,0.011,0.0389,0.1351,0.242,0.0206,0.0673,0.0349
2024-03-13,model_Momentum12M,Hold,0.1792,0.1902,0.0778,0.0111,0.0401,0.1358,0.2395,0.0207,0.0706,0.035
2024-03-14,model_Momentum12M,Hold,0.1784,0.1911,0.078,0.0113,0.0402,0.1355,0.2377,0.0213,0.0704,0.036
2024-03-15,model_Momentum12M,Hold,0.1744,0.1905,0.0793,0.0111,0.0399,0.136,0.2397,0.0212,0.0721,0.0359
2024-03-18,model_Momentum12M,Hold,0.1705,0.1902,0.0797,0.0111,0.0405,0.1371,0.24,0.0222,0.0723,0.0365
2024-03-19,model_Momentum12M,Hold,0.171,0.1923,0.0793,0.0112,0.0413,0.1345,0.2394,0.0221,0.0724,0.0365
2024-03-20,model_Momentum12M,Hold,0.1675,0.1924,0.0794,0.0112,0.0419,0.1321,0.243,0.0222,0.0739,0.0364
2024-03-21,model_Momentum12M,Hold,0.1701,0.1771,0.0807,0.0114,0.0427,0.1322,0.2515,0.0224,0.0748,0.0371
2024-03-22,model_Momentum12M,Hold,0.1709,0.1756,0.0809,0.0116,0.0427,0.1346,0.2488,0.0231,0.0751,0.0368
2024-03-25,model_Momentum12M,Hold,0.1699,0.1736,0.0815,0.0117,0.0441,0.1351,0.2505,0.023,0.0737,0.037
2024-03-26,model_Momentum12M,Hold,0.173,0.1757,0.082,0.0116,0.0421,0.1358,0.2471,0.0232,0.0724,0.037
2024-03-27,model_Momentum12M,Hold,0.1723,0.1743,0.0809,0.0115,0.0423,0.1359,0.2512,0.0228,0.0722,0.0367
2024-03-28,model_Momentum12M,Hold,0.1712,0.1757,0.0805,0.0114,0.0428,0.1353,0.2516,0.0226,0.0727,0.0364
2024-04-01,model_Momentum12M,Hold,0.17,0.1731,0.0804,0.0115,0.0444,0.1369,0.2466,0.0234,0.0776,0.0363
2024-04-02,model_Momentum12M,Hold,0.1713,0.1732,0.0808,0.0116,0.0446,0.136,0.2456,0.0235,0.0772,0.0363
2024-04-03,model_Momentum12M,Hold,0.1709,0.1718,0.0814,0.0118,0.0446,0.1365,0.2458,0.0236,0.0779,0.0358
2024-04-04,model_Momentum12M,Hold,0.1708,0.1726,0.0814,0.0117,0.0454,0.1364,0.2463,0.0232,0.0764,0.0357
2024-04-05,model_Momentum12M,Hold,0.1707,0.1721,0.0816,0.0119,0.0453,0.1359,0.2478,0.0233,0.076,0.0354
2024-04-08,model_Momentum12M,Hold,0.1693,0.1711,0.0811,0.0119,0.0443,0.135,0.2515,0.0236,0.0766,0.0356
2024-04-09,model_Momentum12M,Hold,0.1705,0.1707,0.0785,0.0118,0.0437,0.1348,0.2547,0.0236,0.0764,0.0354
2024-04-10,model_Momentum12M,Hold,0.1724,0.1701,0.08,0.0121,0.0449,0.1357,0.2467,0.0241,0.0782,0.0358
2024-04-11,model_Momentum12M,Hold,0.1728,0.1704,0.0768,0.0123,0.044,0.1359,0.249,0.0246,0.0786,0.0356
2024-04-12,model_Momentum12M,Hold,0.173,0.1682,0.0788,0.0123,0.0439,0.1355,0.2491,0.0247,0.0784,0.0359
2024-04-15,model_Momentum12M,Hold,0.1742,0.1685,0.0795,0.0123,0.0436,0.1365,0.2458,0.0245,0.0791,0.0361
2024-04-16,model_Momentum12M,Hold,0.1759,0.17,0.0802,0.0123,0.043,0.1354,0.243,0.0246,0.0794,0.0362
2024-04-17,model_Momentum12M,Hold,0.1715,0.1713,0.0805,0.0123,0.0429,0.1369,0.2432,0.0249,0.0798,0.0367
2024-04-18,model_Momentum12M,Hold,0.1699,0.1715,0.0809,0.0121,0.043,0.1388,0.2424,0.0249,0.0799,0.0367
2024-04-19,model_Momentum12M,Hold,0.1723,0.1712,0.0828,0.0117,0.043,0.1373,0.2396,0.0245,0.0803,0.0372
2024-04-22,model_Momentum12M,Hold,0.1704,0.1699,0.0823,0.0118,0.0428,0.1377,0.2434,0.0246,0.0798,0.0373
2024-04-23,model_Momentum12M,Hold,0.1708,0.1691,0.0823,0.0119,0.0421,0.1369,0.2446,0.0248,0.0799,0.0375
2024-04-24,model_Momentum12M,Hold,0.1701,0.1678,0.083,0.0117,0.0422,0.1378,0.2455,0.025,0.0793,0.0376
2024-04-25,model_Momentum12M,Hold,0.1714,0.1666,0.0831,0.0116,0.043,0.1391,0.2426,0.0247,0.0794,0.0385
2024-04-26,model_Momentum12M,Hold,0.1721,0.1658,0.0828,0.012,0.0431,0.1394,0.2398,0.0272,0.0796,0.0382
2024-04-29,model_Momentum12M,Hold,0.1708,0.1623,0.0833,0.012,0.0431,0.1399,0.2446,0.0262,0.0794,0.0384
2024-04-30,model_Momentum12M,Hold,0.1705,0.1628,0.0833,0.0118,0.0419,0.1404,0.2404,0.0259,0.0841,0.0388
2024-05-01,model_Momentum12M,Hold,0.1704,0.161,0.084,0.012,0.0405,0.1405,0.2414,0.026,0.0855,0.0387
2024-05-02,model_Momentum12M,Hold,0.1691,0.1613,0.0831,0.0123,0.0386,0.1436,0.2433,0.0263,0.0837,0.0387
2024-05-03,model_Momentum12M,Hold,0.1679,0.1619,0.0817,0.0123,0.0384,0.1438,0.2463,0.0262,0.0834,0.0381
2024-05-06,model_Momentum12M,Hold,0.167,0.1627,0.0829,0.0125,0.0392,0.1445,0.2444,0.0263,0.0827,0.0379
2024-05-07,model_Momentum12M,Hold,0.1672,0.1645,0.0826,0.0124,0.0395,0.1445,0.2431,0.0267,0.0815,0.038
2024-05-08,model_Momentum12M,Hold,0.1661,0.166,0.0831,0.0124,0.04,0.1438,0.241,0.0265,0.0825,0.0386
2024-05-09,model_Momentum12M,Hold,0.1645,0.1621,0.0831,0.0124,0.0402,0.1454,0.2443,0.0264,0.0828,0.0387
2024-05-10,model_Momentum12M,Hold,0.1641,0.1614,0.0835,0.0123,0.0394,0.1449,0.2456,0.0261,0.0839,0.0388
2024-05-13,model_Momentum12M,Hold,0.1643,0.1621,0.0834,0.0122,0.0392,0.1448,0.2441,0.0262,0.0846,0.0389
2024-05-14,model_Momentum12M,Hold,0.1622,0.161,0.0833,0.0122,0.039,0.1431,0.2494,0.0263,0.0845,0.0391
2024-05-15,model_Momentum12M,Hold,0.1617,0.1604,0.0837,0.012,0.0391,0.1435,0.2495,0.0264,0.0847,0.039
2024-05-16,model_Momentum12M,Hold,0.1615,0.1595,0.0831,0.0118,0.0389,0.146,0.2463,0.0265,0.0874,0.039
2024-05-17,model_Momentum12M,Hold,0.1599,0.1568,0.084,0.0119,0.0393,0.1489,0.2459,0.0267,0.0875,0.039
2024-05-20,model_Momentum12M,Hold,0.1585,0.1579,0.0834,0.0118,0.0393,0.1509,0.245,0.0269,0.0875,0.0388
2024-05-21,model_Momentum12M,Hold,0.1588,0.1574,0.0841,0.0118,0.0392,0.1506,0.2455,0.0271,0.0861,0.0394
2024-05-22,model_Momentum12M,Hold,0.1615,0.1591,0.0841,0.0118,0.0384,0.1504,0.2439,0.0269,0.0846,0.0393
2024-05-23,model_Momentum12M,Hold,0.163,0.1608,0.0845,0.0118,0.0382,0.1517,0.239,0.0268,0.0848,0.0393
2024-05-24,model_Momentum12M,Hold,0.1628,0.1585,0.0855,0.0118,0.0381,0.1529,0.239,0.0271,0.0851,0.0392
2024-05-28,model_Momentum12M,Hold,0.1609,0.1581,0.0858,0.012,0.039,0.1542,0.2381,0.0275,0.0849,0.0396
2024-05-29,model_Momentum12M,Hold,0.161,0.1579,0.0868,0.0122,0.0386,0.1535,0.2375,0.0278,0.085,0.0398
2024-05-30,model_Momentum12M,Hold,0.1625,0.153,0.0875,0.012,0.0393,0.1535,0.2395,0.0272,0.0855,0.04
2024-05-31,model_Momentum12M,Hold,0.161,0.1496,0.0882,0.0116,0.0398,0.1551,0.2417,0.0269,0.086,0.0401
2024-06-03,model_Momentum12M,Hold,0.1623,0.1495,0.0874,0.0118,0.0385,0.1578,0.2394,0.027,0.0858,0.0405
2024-06-04,model_Momentum12M,Hold,0.163,0.1527,0.0864,0.0118,0.0378,0.1572,0.2388,0.0271,0.0847,0.0407
2024-06-05,model_Momentum12M,Hold,0.1627,0.1542,0.0867,0.0119,0.0378,0.1572,0.2364,0.0273,0.0851,0.0405
2024-06-06,model_Momentum12M,Hold,0.164,0.1543,0.0865,0.0122,0.0381,0.1566,0.2361,0.0275,0.0842,0.0405
2024-06-07,model_Momentum12M,Hold,0.1681,0.1515,0.0864,0.012,0.0373,0.1611,0.2306,0.0269,0.0859,0.0402
2024-06-10,model_Momentum12M,Hold,0.1676,0.1523,0.0858,0.0122,0.0381,0.1624,0.229,0.027,0.0856,0.0399
2024-06-11,model_Momentum12M,Hold,0.1653,0.1546,0.0852,0.0122,0.0384,0.1619,0.2288,0.0273,0.0863,0.0399
2024-06-12,model_Momentum12M,Hold,0.1633,0.1503,0.0859,0.0122,0.038,0.1634,0.2335,0.0275,0.0863,0.0395
2024-06-13,model_Momentum12M,Hold,0.1621,0.1488,0.0852,0.012,0.0371,0.165,0.2365,0.0272,0.0867,0.0395
2024-06-14,model_Momentum12M,Hold,0.1635,0.1521,0.0855,0.0121,0.0363,0.1601,0.2366,0.0276,0.0868,0.0394
2024-06-17,model_Momentum12M,Hold,0.1637,0.152,0.0867,0.0122,0.0366,0.1595,0.235,0.0278,0.0867,0.0398
2024-06-18,model_Momentum12M,Hold,0.164,0.1513,0.0874,0.012,0.0366,0.1598,0.2352,0.0273,0.0866,0.0398
2024-06-20,model_Momentum12M,Hold,0.1654,0.1598,0.0868,0.0121,0.0364,0.1559,0.2309,0.0271,0.086,0.0397
2024-06-21,model_Momentum12M,Hold,0.1634,0.1606,0.0863,0.0122,0.036,0.1557,0.2323,0.0275,0.0863,0.0398
2024-06-24,model_Momentum12M,Hold,0.1622,0.1591,0.0867,0.0119,0.0374,0.154,0.2344,0.0273,0.0865,0.0403
2024-06-25,model_Momentum12M,Hold,0.1635,0.1601,0.0869,0.0121,0.0372,0.1528,0.2324,0.0282,0.0862,0.0405
2024-06-26,model_Momentum12M,Hold,0.1637,0.1599,0.0867,0.0126,0.037,0.1519,0.2328,0.0284,0.0863,0.0407
2024-06-27,model_Momentum12M,Hold,0.1631,0.1589,0.0865,0.0129,0.0375,0.1513,0.2338,0.0286,0.0876,0.0399
2024-06-28,model_Momentum12M,Hold,0.1621,0.1591,0.0867,0.0126,0.038,0.1485,0.2379,0.0281,0.0869,0.04
2024-07-01,model_Momentum12M,Hold,0.1625,0.1602,0.0873,0.013,0.0386,0.1447,0.2378,0.0285,0.0864,0.0408
2024-07-02,model_Momentum12M,Hold,0.1614,0.1598,0.0871,0.0131,0.038,0.1459,0.2388,0.0287,0.0867,0.0406
2024-07-03,model_Momentum12M,Hold,0.16,0.1608,0.0867,0.0129,0.0381,0.147,0.2387,0.0288,0.0866,0.0404
2024-07-05,model_Momentum12M,Hold,0.163,0.1576,0.0869,0.0131,0.0371,0.1471,0.2386,0.0296,0.0865,0.0407
2024-07-08,model_Momentum12M,Hold,0.1604,0.1582,0.0866,0.0131,0.0375,0.1488,0.2389,0.0294,0.0866,0.0407
2024-07-09,model_Momentum12M,Hold,0.1601,0.1579,0.0872,0.0131,0.0376,0.1491,0.2384,0.0295,0.0856,0.0414
2024-07-10,model_Momentum12M,Hold,0.1613,0.1555,0.0879,0.0131,0.0373,0.1487,0.2386,0.0296,0.0867,0.0413
2024-07-11,model_Momentum12M,Hold,0.1591,0.1537,0.0879,0.0124,0.0377,0.1464,0.2485,0.028,0.0859,0.0405
2024-07-12,model_Momentum12M,Hold,0.1572,0.1582,0.087,0.0123,0.0374,0.1464,0.2478,0.0276,0.0855,0.0405
2024-07-15,model_Momentum12M,Hold,0.1553,0.161,0.0872,0.0121,0.0391,0.1448,0.2485,0.0277,0.084,0.0403
2024-07-16,model_Momentum12M,Hold,0.1535,0.1631,0.0866,0.012,0.039,0.1477,0.2472,0.0271,0.0837,0.0402
2024-07-17,model_Momentum12M,Hold,0.1548,0.1618,0.0861,0.0115,0.0392,0.1478,0.2476,0.0264,0.0839,0.0409
2024-07-18,model_Momentum12M,Hold,0.1501,0.1653,0.0876,0.0115,0.0397,0.1478,0.2457,0.0262,0.0846,0.0414
2024-07-19,model_Momentum12M,Hold,0.1534,0.1663,0.0865,0.0114,0.0396,0.1461,0.2441,0.0263,0.0847,0.0416
2024-07-22,model_Momentum12M,Hold,0.156,0.1676,0.0881,0.0114,0.0391,0.1382,0.2455,0.0269,0.0856,0.0416
2024-07-23,model_Momentum12M,Hold,0.1573,0.1679,0.0884,0.0117,0.0386,0.1432,0.2383,0.0271,0.0859,0.0416
2024-07-24,model_Momentum12M,Hold,0.1637,0.1685,0.089,0.0115,0.0384,0.1467,0.2287,0.0259,0.0854,0.0422
2024-07-25,model_Momentum12M,Hold,0.1618,0.1693,0.089,0.0114,0.0396,0.1459,0.2297,0.0251,0.0856,0.0426
2024-07-26,model_Momentum12M,Hold,0.1566,0.1642,0.0874,0.0113,0.0385,0.1435,0.2295,0.0245,0.1026,0.042
2024-07-29,model_Momentum12M,Hold,0.1565,0.1637,0.0875,0.0114,0.0382,0.1467,0.2275,0.0249,0.1014,0.0423
2024-07-30,model_Momentum12M,Hold,0.1562,0.1641,0.0876,0.0112,0.0382,0.1449,0.229,0.0249,0.102,0.042
2024-07-31,model_Momentum12M,Hold,0.1574,0.1651,0.0878,0.0115,0.0385,0.1449,0.2261,0.0251,0.1028,0.0408
2024-08-01,model_Momentum12M,Hold,0.1607,0.1608,0.0918,0.0112,0.0376,0.155,0.2176,0.0245,0.1,0.0409
2024-08-02,model_Momentum12M,Hold,0.1646,0.1606,0.0909,0.0103,0.0351,0.154,0.2175,0.0243,0.1004,0.0423
2024-08-05,model_Momentum12M,Hold,0.1638,0.159,0.0908,0.0101,0.0345,0.1552,0.2194,0.0236,0.1019,0.0417
2024-08-06,model_Momentum12M,Hold,0.1634,0.1597,0.0911,0.01,0.0336,0.1536,0.223,0.0233,0.101,0.0413
2024-08-07,model_Momentum12M,Hold,0.1651,0.1604,0.0923,0.0102,0.0337,0.154,0.2187,0.0235,0.1,0.0421
2024-08-08,model_Momentum12M,Hold,0.1636,0.1582,0.0931,0.0103,0.0352,0.1538,0.219,0.0238,0.1011,0.0421
2024-08-09,model_Momentum12M,Hold,0.1623,0.1584,0.0936,0.0104,0.0351,0.1535,0.2201,0.0241,0.1005,0.0422
2024-08-12,model_Momentum12M,Hold,0.1623,0.1588,0.0944,0.0104,0.0365,0.1524,0.2179,0.0241,0.1007,0.0424
2024-08-13,model_Momentum12M,Hold,0.1611,0.1597,0.0938,0.0105,0.0357,0.1521,0.2194,0.0241,0.1012,0.0426
2024-08-14,model_Momentum12M,Hold,0.1631,0.1595,0.0941,0.0105,0.0357,0.1517,0.218,0.0234,0.1015,0.0425
2024-08-15,model_Momentum12M,Hold,0.1633,0.1608,0.0935,0.0109,0.036,0.149,0.2197,0.0234,0.1015,0.0418
2024-08-16,model_Momentum12M,Hold,0.1628,0.1611,0.0952,0.0108,0.0356,0.1496,0.2182,0.0235,0.101,0.0421
2024-08-19,model_Momentum12M,Hold,0.1634,0.1616,0.0952,0.0108,0.0355,0.148,0.219,0.024,0.1006,0.042
2024-08-20,model_Momentum12M,Hold,0.1624,0.1627,0.0952,0.0109,0.0345,0.1481,0.2183,0.0241,0.1015,0.0422
2024-08-21,model_Momentum12M,Hold,0.1621,0.1631,0.0954,0.0109,0.0339,0.1482,0.2186,0.0238,0.102,0.0422
2024-08-22,model_Momentum12M,Hold,0.1625,0.161,0.0962,0.0106,0.0336,0.147,0.2225,0.0234,0.1011,0.0421
2024-08-23,model_Momentum12M,Hold,0.1614,0.1604,0.0957,0.0105,0.0339,0.1461,0.2252,0.0234,0.1014,0.0421
2024-08-26,model_Momentum12M,Hold,0.1604,0.161,0.0952,0.0104,0.0342,0.1466,0.2245,0.0233,0.1023,0.042
2024-08-27,model_Momentum12M,Hold,0.1611,0.1629,0.0955,0.0102,0.0336,0.1463,0.2228,0.0231,0.1021,0.0423
2024-08-28,model_Momentum12M,Hold,0.1615,0.1621,0.0969,0.0102,0.0339,0.1463,0.221,0.0229,0.1026,0.0426
2024-08-29,model_Momentum12M,Hold,0.161,0.1632,0.0974,0.0102,0.0348,0.1462,0.2182,0.0227,0.1035,0.0427
2024-08-30,model_Momentum12M,Hold,0.1605,0.1628,0.0973,0.0105,0.0335,0.146,0.2198,0.0228,0.1041,0.0427
2024-09-03,model_Momentum12M,Hold,0.164,0.1642,0.0971,0.0105,0.0317,0.1454,0.2196,0.0222,0.102,0.0433
2024-09-04,model_Momentum12M,Hold,0.1635,0.1652,0.0983,0.0103,0.0307,0.1451,0.218,0.022,0.103,0.0438
2024-09-05,model_Momentum12M,Hold,0.1626,0.1646,0.0981,0.0106,0.031,0.1453,0.2188,0.0223,0.103,0.0437
2024-09-06,model_Momentum12M,Hold,0.1652,0.1657,0.0983,0.0103,0.0304,0.1441,0.2189,0.0216,0.1017,0.0436
2024-09-09,model_Momentum12M,Hold,0.1671,0.1648,0.0977,0.0105,0.0297,0.1452,0.2201,0.021,0.1005,0.0435
2024-09-10,model_Momentum12M,Hold,0.1669,0.1665,0.0962,0.0106,0.0282,0.145,0.2214,0.0209,0.1011,0.0432
2024-09-11,model_Momentum12M,Hold,0.1658,0.1674,0.095,0.0109,0.0279,0.146,0.2224,0.0212,0.101,0.0423
2024-09-12,model_Momentum12M,Hold,0.1652,0.1662,0.095,0.011,0.0278,0.1463,0.2235,0.0216,0.1018,0.0417
2024-09-13,model_Momentum12M,Hold,0.1632,0.1647,0.0948,0.0109,0.0279,0.1472,0.2263,0.0218,0.1018,0.0416
2024-09-16,model_Momentum12M,Hold,0.1633,0.1652,0.0952,0.0107,0.0282,0.1483,0.2246,0.0216,0.1019,0.041
2024-09-17,model_Momentum12M,Hold,0.1654,0.1586,0.0955,0.0109,0.0294,0.1507,0.2252,0.022,0.102,0.0404
2024-09-18,model_Momentum12M,Hold,0.1622,0.1594,0.0957,0.0109,0.0294,0.1499,0.2268,0.0222,0.1026,0.0408
2024-09-19,model_Momentum12M,Hold,0.1618,0.1597,0.0952,0.0112,0.0298,0.1508,0.2247,0.0227,0.1034,0.0407
2024-09-20,model_Momentum12M,Hold,0.1614,0.1603,0.0953,0.0113,0.0295,0.151,0.2232,0.0229,0.1043,0.0408
2024-09-23,model_Momentum12M,Hold,0.1613,0.1601,0.0962,0.0113,0.0297,0.1516,0.2226,0.0224,0.1039,0.0409
2024-09-24,model_Momentum12M,Hold,0.1585,0.1596,0.0949,0.0113,0.0294,0.1528,0.2257,0.0224,0.1046,0.0409
2024-09-25,model_Momentum12M,Hold,0.158,0.1589,0.0958,0.0112,0.0286,0.1534,0.2262,0.0223,0.1045,0.0409
2024-09-26,model_Momentum12M,Hold,0.1571,0.1666,0.0955,0.0111,0.0268,0.1542,0.2198,0.0224,0.1059,0.0407
2024-09-27,model_Momentum12M,Hold,0.1572,0.1643,0.0962,0.0109,0.0285,0.1552,0.2195,0.0226,0.1047,0.0408
2024-09-30,model_Momentum12M,Hold,0.1592,0.1658,0.0972,0.0108,0.0284,0.1537,0.2174,0.0228,0.1041,0.0407
2024-10-01,model_Momentum12M,Hold,0.1592,0.1658,0.0984,0.0108,0.0299,0.1519,0.2153,0.0231,0.1048,0.0408
2024-10-02,model_Momentum12M,Hold,0.1594,0.1679,0.0997,0.0108,0.03,0.1513,0.2138,0.0229,0.1036,0.0405
2024-10-03,model_Momentum12M,Hold,0.1581,0.171,0.0996,0.0107,0.031,0.1496,0.2132,0.023,0.1035,0.0402
2024-10-04,model_Momentum12M,Hold,0.1583,0.171,0.1008,0.0109,0.0314,0.1491,0.2117,0.0231,0.1036,0.0402
2024-10-07,model_Momentum12M,Hold,0.1583,0.1674,0.0972,0.0105,0.0313,0.1624,0.208,0.0224,0.1027,0.0398
2024-10-08,model_Momentum12M,Hold,0.1597,0.1687,0.0975,0.0106,0.0304,0.1608,0.2079,0.0226,0.1023,0.0394
2024-10-09,model_Momentum12M,Hold,0.1605,0.1698,0.0957,0.0107,0.0303,0.1616,0.2077,0.0221,0.1019,0.0397
2024-10-10,model_Momentum12M,Hold,0.1602,0.1687,0.0962,0.0107,0.0309,0.162,0.209,0.0221,0.1008,0.0393
2024-10-11,model_Momentum12M,Hold,0.1594,0.167,0.0967,0.0108,0.0308,0.1616,0.2116,0.0221,0.1008,0.0391
2024-10-14,model_Momentum12M,Hold,0.1592,0.167,0.0964,0.0106,0.0301,0.1617,0.2137,0.0221,0.1005,0.0387
2024-10-15,model_Momentum12M,Hold,0.1579,0.1685,0.0961,0.0106,0.0279,0.1628,0.2153,0.0221,0.1002,0.0386
2024-10-16,model_Momentum12M,Hold,0.1589,0.1685,0.0955,0.0104,0.0276,0.163,0.2159,0.0219,0.0998,0.0384
2024-10-17,model_Momentum12M,Hold,0.1591,0.1699,0.0961,0.0105,0.0278,0.1641,0.2135,0.0216,0.0993,0.0381
2024-10-18,model_Momentum12M,Hold,0.1603,0.1699,0.0952,0.0105,0.0279,0.165,0.2134,0.0215,0.0985,0.0379
2024-10-21,model_Momentum12M,Hold,0.1586,0.1712,0.0947,0.0106,0.0281,0.1664,0.2115,0.0218,0.0992,0.0378
2024-10-22,model_Momentum12M,Hold,0.1587,0.1706,0.095,0.0107,0.0287,0.1671,0.2104,0.0221,0.0977,0.0389
2024-10-23,model_Momentum12M,Hold,0.1603,0.1705,0.0952,0.0105,0.028,0.1656,0.2143,0.0219,0.0951,0.0388
2024-10-24,model_Momentum12M,Hold,0.1617,0.1697,0.0963,0.0107,0.0286,0.1654,0.2107,0.0222,0.0952,0.0394
2024-10-25,model_Momentum12M,Hold,0.1611,0.1708,0.0959,0.011,0.0292,0.166,0.208,0.0229,0.0955,0.0398
2024-10-28,model_Momentum12M,Hold,0.1603,0.1705,0.0956,0.011,0.0278,0.1655,0.2068,0.023,0.0994,0.0401
2024-10-29,model_Momentum12M,Hold,0.1601,0.1721,0.0962,0.0111,0.0275,0.1647,0.2057,0.0235,0.099,0.0401
2024-10-30,model_Momentum12M,Hold,0.1623,0.165,0.0967,0.0113,0.0278,0.1641,0.2098,0.0243,0.0981,0.0407
2024-10-31,model_Momentum12M,Hold,0.1621,0.1655,0.0928,0.011,0.0282,0.1643,0.2081,0.024,0.0997,0.0443
2024-11-01,model_Momentum12M,Hold,0.1688,0.1652,0.0923,0.0117,0.0274,0.1629,0.2059,0.0239,0.0983,0.0436
2024-11-04,model_Momentum12M,Hold,0.1676,0.1645,0.0922,0.0115,0.028,0.1614,0.2101,0.0237,0.0973,0.0436
2024-11-05,model_Momentum12M,Hold,0.167,0.1645,0.0927,0.0117,0.0279,0.1608,0.2107,0.0236,0.0974,0.0437
2024-11-06,model_Momentum12M,Hold,0.1634,0.1673,0.0941,0.012,0.0289,0.1588,0.2064,0.0242,0.1017,0.0432
2024-11-07,model_Momentum12M,Hold,0.1614,0.1695,0.0931,0.0122,0.0256,0.162,0.2077,0.0248,0.1011,0.0426
2024-11-08,model_Momentum12M,Hold,0.1629,0.1668,0.0937,0.012,0.0254,0.1619,0.208,0.0245,0.1019,0.0429
2024-11-11,model_Momentum12M,Hold,0.1635,0.168,0.0958,0.012,0.0259,0.1626,0.2035,0.0248,0.101,0.0429
2024-11-12,model_Momentum12M,Hold,0.1642,0.1708,0.0967,0.0122,0.0257,0.1624,0.1994,0.0251,0.0998,0.0436
2024-11-13,model_Momentum12M,Hold,0.1621,0.1741,0.0958,0.0124,0.0257,0.1622,0.1993,0.0246,0.0999,0.044
2024-11-14,model_Momentum12M,Hold,0.1618,0.171,0.0956,0.0123,0.0265,0.1644,0.1988,0.0242,0.101,0.0443
2024-11-15,model_Momentum12M,Hold,0.1643,0.1683,0.0978,0.0119,0.0265,0.1664,0.1954,0.024,0.1004,0.0451
2024-11-18,model_Momentum12M,Hold,0.165,0.1666,0.0976,0.0117,0.0264,0.1706,0.1931,0.0242,0.0998,0.045
2024-11-19,model_Momentum12M,Hold,0.1653,0.1677,0.0972,0.0119,0.0258,0.1713,0.1925,0.0247,0.0987,0.0448
2024-11-20,model_Momentum12M,Hold,0.1639,0.1694,0.0969,0.0119,0.0261,0.1715,0.1924,0.0244,0.0986,0.045
2024-11-21,model_Momentum12M,Hold,0.1646,0.1701,0.0976,0.0115,0.0263,0.1708,0.1939,0.0231,0.0975,0.0447
2024-11-22,model_Momentum12M,Hold,0.164,0.1678,0.0974,0.0114,0.0265,0.1711,0.1969,0.0225,0.0976,0.0449
2024-11-25,model_Momentum12M,Hold,0.1626,0.1669,0.0969,0.0115,0.026,0.1701,0.2012,0.0226,0.0978,0.0444
2024-11-26,model_Momentum12M,Hold,0.1616,0.1671,0.0972,0.0118,0.0258,0.1698,0.1998,0.0227,0.0994,0.0448
2024-11-27,model_Momentum12M,Hold,0.1634,0.167,0.0975,0.0117,0.0258,0.1694,0.1981,0.0228,0.0993,0.045
2024-11-29,model_Momentum12M,Hold,0.163,0.167,0.0973,0.0118,0.0259,0.1698,0.1974,0.0228,0.1,0.045
2024-12-02,model_Momentum12M,Hold,0.1613,0.1676,0.0957,0.012,0.0258,0.1715,0.1977,0.0232,0.1001,0.0449
2024-12-03,model_Momentum12M,Hold,0.1632,0.1661,0.0932,0.0124,0.0263,0.1717,0.1978,0.0236,0.1004,0.0454
2024-12-04,model_Momentum12M,Hold,0.1635,0.1704,0.0938,0.0127,0.0261,0.1708,0.193,0.0241,0.1003,0.0452
2024-12-05,model_Momentum12M,Hold,0.163,0.1696,0.0946,0.0129,0.0257,0.1681,0.1941,0.0239,0.1026,0.0456
2024-12-06,model_Momentum12M,Hold,0.1633,0.1721,0.0943,0.0133,0.0253,0.1674,0.1915,0.0242,0.1026,0.046
2024-12-09,model_Momentum12M,Hold,0.1627,0.171,0.0925,0.0132,0.0263,0.166,0.1973,0.0244,0.1016,0.045
2024-12-10,model_Momentum12M,Hold,0.1642,0.1732,0.0922,0.0132,0.0264,0.1658,0.1938,0.0259,0.1006,0.0448
2024-12-11,model_Momentum12M,Hold,0.1628,0.1743,0.0925,0.0136,0.0266,0.1649,0.1925,0.0274,0.101,0.0443
2024-12-12,model_Momentum12M,Hold,0.1631,0.1732,0.093,0.0136,0.0274,0.1648,0.1919,0.027,0.1014,0.0448
2024-12-13,model_Momentum12M,Hold,0.1625,0.1726,0.0932,0.0135,0.0273,0.1657,0.192,0.0267,0.1016,0.0447
2024-12-16,model_Momentum12M,Hold,0.1628,0.1733,0.0934,0.0139,0.0265,0.1641,0.1912,0.0279,0.1021,0.0449
2024-12-17,model_Momentum12M,Hold,0.1641,0.1738,0.0926,0.0138,0.0254,0.1633,0.1934,0.0278,0.1012,0.0446
2024-12-18,model_Momentum12M,Hold,0.1666,0.1737,0.0929,0.0136,0.0259,0.1626,0.1902,0.0275,0.1019,0.045
2024-12-19,model_Momentum12M,Hold,0.1653,0.1837,0.0926,0.0136,0.0251,0.1595,0.1867,0.0272,0.102,0.0443
2024-12-20,model_Momentum12M,Hold,0.1664,0.1792,0.0931,0.0135,0.0256,0.159,0.1885,0.0274,0.1027,0.0446
2024-12-23,model_Momentum12M,Hold,0.1672,0.1762,0.0935,0.0136,0.0264,0.1589,0.1888,0.028,0.1029,0.0445
2024-12-24,model_Momentum12M,Hold,0.1668,0.1764,0.0933,0.0138,0.0265,0.1592,0.1886,0.028,0.1033,0.0442
2024-12-26,model_Momentum12M,Hold,0.1673,0.1757,0.0936,0.0136,0.0265,0.1585,0.1888,0.0279,0.1039,0.0442
2024-12-27,model_Momentum12M,Hold,0.1682,0.1749,0.0941,0.0135,0.027,0.1585,0.1877,0.0277,0.1039,0.0444
2024-12-30,model_Momentum12M,Hold,0.1666,0.1748,0.0946,0.0135,0.0276,0.1578,0.1885,0.0278,0.1041,0.0446
2024-12-31,model_Momentum12M,Hold,0.1664,0.1738,0.0947,0.0134,0.0284,0.1579,0.1899,0.0274,0.1036,0.0446
2025-01-02,model_Momentum12M,Rebalance,0.1498,0.084,0.0923,0.0156,0.1776,0.0702,0.0843,0.0078,0.1378,0.1806
2025-01-03,model_Momentum12M,Hold,0.1493,0.0846,0.0924,0.0157,0.1766,0.0698,0.0852,0.0079,0.137,0.1815
2025-01-06,model_Momentum12M,Hold,0.149,0.0844,0.0916,0.0161,0.1794,0.07,0.0844,0.0081,0.1382,0.1788
2025-01-07,model_Momentum12M,Hold,0.149,0.0854,0.0923,0.0156,0.1788,0.0706,0.0838,0.008,0.1404,0.1761
2025-01-08,model_Momentum12M,Hold,0.1496,0.0853,0.0926,0.0156,0.1783,0.07,0.0835,0.0079,0.1417,0.1755
2025-01-10,model_Momentum12M,Hold,0.1489,0.0845,0.0914,0.0155,0.1806,0.0729,0.0825,0.008,0.14,0.1757
2025-01-13,model_Momentum12M,Hold,0.1478,0.0831,0.0914,0.0153,0.1831,0.0739,0.0835,0.0078,0.1414,0.1729
2025-01-14,model_Momentum12M,Hold,0.146,0.0822,0.0915,0.0151,0.1847,0.0746,0.0828,0.0077,0.1427,0.1728
2025-01-15,model_Momentum12M,Hold,0.1437,0.082,0.0921,0.0154,0.1883,0.0741,0.0829,0.0079,0.1426,0.171
2025-01-16,model_Momentum12M,Hold,0.1463,0.082,0.0924,0.0151,0.1848,0.0748,0.0837,0.0077,0.1431,0.1702
2025-01-17,model_Momentum12M,Hold,0.1454,0.0822,0.0927,0.0154,0.1788,0.076,0.085,0.0078,0.1446,0.1721
2025-01-21,model_Momentum12M,Hold,0.1487,0.0826,0.092,0.0156,0.1726,0.0759,0.0853,0.0078,0.1497,0.1697
2025-01-22,model_Momentum12M,Hold,0.1503,0.0835,0.0904,0.016,0.1724,0.0755,0.0837,0.0079,0.1523,0.168
2025-01-23,model_Momentum12M,Hold,0.1553,0.0834,0.0895,0.0158,0.1714,0.0762,0.0825,0.0078,0.151,0.1672
2025-01-24,model_Momentum12M,Hold,0.1567,0.0827,0.0893,0.0157,0.169,0.077,0.083,0.0078,0.1499,0.169
2025-01-27,model_Momentum12M,Hold,0.1594,0.0837,0.0905,0.0154,0.1665,0.0751,0.082,0.0074,0.1494,0.1706
2025-01-28,model_Momentum12M,Hold,0.1583,0.0856,0.0906,0.0158,0.1677,0.0758,0.0787,0.0076,0.1506,0.1693
2025-01-29,model_Momentum12M,Hold,0.1592,0.0849,0.091,0.0157,0.1669,0.076,0.0777,0.0076,0.151,0.1699
2025-01-30,model_Momentum12M,Hold,0.1599,0.0861,0.0913,0.0155,0.1651,0.0776,0.0775,0.0078,0.1534,0.1658
2025-01-31,model_Momentum12M,Hold,0.1599,0.0876,0.0912,0.0158,0.1585,0.0782,0.0793,0.0079,0.1523,0.1692
2025-02-03,model_Momentum12M,Hold,0.1614,0.0881,0.0911,0.0159,0.156,0.0793,0.0774,0.0079,0.1509,0.172
2025-02-04,model_Momentum12M,Hold,0.1606,0.0887,0.0902,0.016,0.1611,0.0779,0.0766,0.008,0.1511,0.1696
2025-02-05,model_Momentum12M,Hold,0.1635,0.0898,0.0902,0.0156,0.1588,0.0769,0.0782,0.0074,0.151,0.1686
2025-02-06,model_Momentum12M,Hold,0.1613,0.0887,0.0881,0.016,0.1574,0.077,0.0792,0.0075,0.1533,0.1715
2025-02-07,model_Momentum12M,Hold,0.1634,0.089,0.0891,0.0154,0.1587,0.0733,0.0792,0.0073,0.1519,0.1727
2025-02-10,model_Momentum12M,Hold,0.1637,0.0878,0.0869,0.0155,0.1657,0.0722,0.0776,0.0072,0.1494,0.1739
2025-02-11,model_Momentum12M,Hold,0.1634,0.0883,0.0869,0.0154,0.1675,0.0718,0.0769,0.0072,0.1493,0.1734
2025-02-12,model_Momentum12M,Hold,0.164,0.089,0.0879,0.0153,0.1626,0.0728,0.078,0.0072,0.1497,0.1737
2025-02-13,model_Momentum12M,Hold,0.1646,0.0886,0.0883,0.0153,0.1624,0.0734,0.078,0.0072,0.1487,0.1735
2025-02-14,model_Momentum12M,Hold,0.1629,0.0881,0.0876,0.0152,0.1669,0.0736,0.0771,0.0072,0.1491,0.1722
2025-02-18,model_Momentum12M,Hold,0.162,0.0878,0.0881,0.015,0.1696,0.0736,0.0776,0.0071,0.1491,0.17
2025-02-19,model_Momentum12M,Hold,0.1633,0.0878,0.0882,0.0149,0.1686,0.0731,0.0768,0.0071,0.1493,0.1708
2025-02-20,model_Momentum12M,Hold,0.1644,0.0865,0.0879,0.0146,0.1686,0.0724,0.0768,0.0071,0.148,0.1737
2025-02-21,model_Momentum12M,Hold,0.1688,0.083,0.0873,0.0144,0.1649,0.0723,0.0779,0.007,0.1459,0.1784
2025-02-24,model_Momentum12M,Hold,0.1681,0.0825,0.0886,0.0141,0.1648,0.0719,0.0789,0.007,0.1458,0.1783
2025-02-25,model_Momentum12M,Hold,0.1679,0.0817,0.0901,0.014,0.16,0.0732,0.0813,0.0068,0.1457,0.1794
2025-02-26,model_Momentum12M,Hold,0.1697,0.0814,0.0902,0.0142,0.1588,0.0731,0.0806,0.0067,0.148,0.1773
2025-02-27,model_Momentum12M,Hold,0.1706,0.0816,0.0921,0.014,0.1483,0.0732,0.0826,0.0066,0.152,0.1792
2025-02-28,model_Momentum12M,Hold,0.1709,0.0786,0.0926,0.014,0.1482,0.073,0.0825,0.0066,0.1545,0.1792
2025-03-03,model_Momentum12M,Hold,0.1754,0.0786,0.0941,0.0137,0.1366,0.0725,0.0827,0.0065,0.1543,0.1857
2025-03-04,model_Momentum12M,Hold,0.1757,0.0804,0.0938,0.0139,0.1371,0.0727,0.0836,0.0068,0.1498,0.1862
2025-03-05,model_Momentum12M,Hold,0.175,0.0806,0.0939,0.0141,0.1362,0.0739,0.0846,0.0068,0.1509,0.1842
2025-03-06,model_Momentum12M,Hold,0.1722,0.0793,0.094,0.0136,0.1382,0.074,0.0829,0.0068,0.1507,0.1883
2025-03-07,model_Momentum12M,Hold,0.1732,0.0787,0.0935,0.0134,0.1376,0.0746,0.0843,0.0068,0.1486,0.1891
2025-03-10,model_Momentum12M,Hold,0.1735,0.0771,0.0921,0.0131,0.1389,0.0716,0.0841,0.0065,0.15,0.1931
2025-03-11,model_Momentum12M,Hold,0.1698,0.0764,0.0929,0.0134,0.1421,0.0712,0.0828,0.0065,0.1519,0.1929
2025-03-12,model_Momentum12M,Hold,0.167,0.0757,0.0917,0.0136,0.1457,0.0705,0.0823,0.0067,0.1549,0.192
2025-03-13,model_Momentum12M,Hold,0.1683,0.0748,0.093,0.0134,0.1427,0.0708,0.0816,0.0066,0.1523,0.1966
2025-03-14,model_Momentum12M,Hold,0.1625,0.0744,0.0939,0.0135,0.1454,0.0698,0.0829,0.0066,0.1552,0.1957
2025-03-17,model_Momentum12M,Hold,0.1619,0.0752,0.0939,0.0132,0.147,0.07,0.0823,0.0065,0.1564,0.1936
2025-03-18,model_Momentum12M,Hold,0.1616,0.0755,0.0938,0.0131,0.1492,0.0697,0.082,0.0064,0.1553,0.1934
2025-03-19,model_Momentum12M,Hold,0.1616,0.0749,0.094,0.0132,0.1527,0.0696,0.0807,0.0065,0.1563,0.1905
2025-03-20,model_Momentum12M,Hold,0.1625,0.0702,0.0952,0.0133,0.1525,0.07,0.081,0.0065,0.156,0.1929
2025-03-21,model_Momentum12M,Hold,0.1624,0.0715,0.095,0.0134,0.1532,0.0699,0.0806,0.0066,0.1555,0.1918
2025-03-24,model_Momentum12M,Hold,0.162,0.0712,0.0954,0.0138,0.1534,0.0697,0.0809,0.0067,0.1568,0.1902
2025-03-25,model_Momentum12M,Hold,0.1602,0.0717,0.0956,0.014,0.1541,0.0697,0.0797,0.0068,0.1575,0.1907
2025-03-26,model_Momentum12M,Hold,0.1604,0.0718,0.0956,0.0136,0.1546,0.0698,0.0793,0.0065,0.1556,0.1929
2025-03-27,model_Momentum12M,Hold,0.1658,0.0709,0.0955,0.0135,0.1548,0.0695,0.0787,0.0064,0.1507,0.1941
2025-03-28,model_Momentum12M,Hold,0.1669,0.0707,0.0957,0.0131,0.1543,0.0696,0.0795,0.0061,0.1486,0.1956
2025-03-31,model_Momentum12M,Hold,0.167,0.0715,0.0956,0.0127,0.153,0.0693,0.0769,0.0061,0.1487,0.1992
2025-04-01,model_Momentum12M,Hold,0.1663,0.0721,0.097,0.0129,0.1543,0.0695,0.076,0.0062,0.15,0.1958
2025-04-02,model_Momentum12M,Hold,0.167,0.0729,0.097,0.0132,0.1554,0.0701,0.0772,0.0062,0.1504,0.1906
2025-04-03,model_Momentum12M,Hold,0.1744,0.0727,0.1011,0.0126,0.1359,0.0704,0.0755,0.0062,0.1489,0.2023
2025-04-04,model_Momentum12M,Hold,0.1776,0.0741,0.0994,0.013,0.1253,0.0706,0.0767,0.0065,0.1457,0.2111
2025-04-07,model_Momentum12M,Hold,0.1795,0.0745,0.0982,0.0134,0.1244,0.0699,0.0739,0.0066,0.1486,0.211
2025-04-08,model_Momentum12M,Hold,0.1811,0.0749,0.0996,0.0133,0.1185,0.0682,0.0743,0.0066,0.1495,0.2141
2025-04-09,model_Momentum12M,Hold,0.1742,0.0749,0.0986,0.0139,0.1325,0.0695,0.0732,0.0068,0.1525,0.2038
2025-04-10,model_Momentum12M,Hold,0.1776,0.0744,0.102,0.0138,0.1204,0.0702,0.0703,0.0068,0.1525,0.2121
2025-04-11,model_Momentum12M,Hold,0.1778,0.0729,0.1023,0.0138,0.1219,0.0708,0.0712,0.0069,0.1532,0.2094
2025-04-14,model_Momentum12M,Hold,0.1773,0.0735,0.1027,0.0134,0.1218,0.0709,0.073,0.0069,0.1516,0.2088
2025-04-15,model_Momentum12M,Hold,0.177,0.0737,0.103,0.0133,0.1202,0.0695,0.073,0.0068,0.1518,0.2117
2025-04-16,model_Momentum12M,Hold,0.1823,0.073,0.1026,0.013,0.1244,0.0686,0.0713,0.0067,0.1468,0.2113
2025-04-17,model_Momentum12M,Hold,0.1821,0.0715,0.1016,0.0127,0.1289,0.0683,0.0712,0.0065,0.1449,0.2123
2025-04-21,model_Momentum12M,Hold,0.1843,0.0721,0.1012,0.0126,0.1266,0.0683,0.0706,0.0065,0.1432,0.2146
2025-04-22,model_Momentum12M,Hold,0.1812,0.0711,0.1013,0.0126,0.1276,0.0682,0.069,0.0065,0.1501,0.2124
2025-04-23,model_Momentum12M,Hold,0.1792,0.0724,0.1017,0.0132,0.1263,0.0682,0.0698,0.0066,0.1503,0.2121
2025-04-24,model_Momentum12M,Hold,0.1765,0.0724,0.1012,0.0135,0.1298,0.0685,0.0693,0.0067,0.1517,0.2103
2025-04-25,model_Momentum12M,Hold,0.1767,0.0733,0.1007,0.0137,0.1312,0.0685,0.0684,0.0069,0.1508,0.2098
2025-04-28,model_Momentum12M,Hold,0.1768,0.0729,0.1007,0.0136,0.1322,0.0687,0.0691,0.0068,0.1507,0.2085
2025-04-29,model_Momentum12M,Hold,0.1783,0.0743,0.1009,0.0136,0.1298,0.0691,0.0652,0.0068,0.1514,0.2108
2025-04-30,model_Momentum12M,Hold,0.1792,0.0747,0.1013,0.0134,0.1246,0.0694,0.0655,0.0068,0.1524,0.2128
2025-05-01,model_Momentum12M,Hold,0.179,0.0749,0.0963,0.0138,0.1298,0.0695,0.066,0.0068,0.151,0.2129
2025-05-02,model_Momentum12M,Hold,0.1788,0.0749,0.0966,0.0136,0.1297,0.0698,0.0659,0.0069,0.1532,0.2107
2025-05-05,model_Momentum12M,Hold,0.1803,0.0762,0.0978,0.0134,0.1233,0.0692,0.0658,0.0069,0.1533,0.2138
2025-05-06,model_Momentum12M,Hold,0.1814,0.0754,0.0981,0.0134,0.1254,0.0682,0.0642,0.0069,0.1506,0.2164
2025-05-07,model_Momentum12M,Hold,0.1822,0.0758,0.0989,0.0136,0.1232,0.0672,0.0643,0.0064,0.151,0.2175
2025-05-08,model_Momentum12M,Hold,0.1805,0.0758,0.0973,0.0137,0.1275,0.0678,0.0653,0.0064,0.1522,0.2135
2025-05-09,model_Momentum12M,Hold,0.1792,0.0754,0.0969,0.0138,0.1315,0.0681,0.0655,0.0064,0.1535,0.2098
2025-05-12,model_Momentum12M,Hold,0.1754,0.078,0.0954,0.0147,0.1377,0.0686,0.0649,0.0065,0.16,0.1987
2025-05-13,model_Momentum12M,Hold,0.1718,0.0782,0.0951,0.0149,0.1438,0.0681,0.0634,0.0066,0.1607,0.1974
2025-05-14,model_Momentum12M,Hold,0.1728,0.0785,0.095,0.015,0.1429,0.0682,0.0628,0.0069,0.1592,0.1988
2025-05-15,model_Momentum12M,Hold,0.1769,0.0781,0.0954,0.0144,0.1378,0.068,0.0624,0.0067,0.158,0.2022
2025-05-16,model_Momentum12M,Hold,0.177,0.076,0.0954,0.0143,0.1351,0.0684,0.0629,0.0068,0.161,0.203
2025-05-19,model_Momentum12M,Hold,0.1775,0.0762,0.0948,0.0143,0.1327,0.0679,0.0638,0.0068,0.1616,0.2045
2025-05-20,model_Momentum12M,Hold,0.1775,0.0766,0.0943,0.0142,0.1325,0.0676,0.0623,0.0067,0.162,0.2064
2025-05-21,model_Momentum12M,Hold,0.1782,0.0775,0.0948,0.0143,0.131,0.0675,0.0604,0.007,0.1602,0.2091
2025-05-22,model_Momentum12M,Hold,0.1767,0.0774,0.0941,0.0145,0.1316,0.0676,0.0606,0.0071,0.1611,0.2092
2025-05-23,model_Momentum12M,Hold,0.1767,0.0759,0.0944,0.0143,0.1327,0.0679,0.06,0.007,0.1599,0.2111
2025-05-27,model_Momentum12M,Hold,0.1765,0.0763,0.0939,0.0145,0.1345,0.0681,0.0614,0.0071,0.1597,0.2079
2025-05-28,model_Momentum12M,Hold,0.1764,0.0769,0.0932,0.0145,0.1343,0.0678,0.0612,0.0071,0.1598,0.2087
2025-05-29,model_Momentum12M,Hold,0.1764,0.0768,0.0933,0.0145,0.1347,0.0678,0.0622,0.0071,0.1599,0.2073
2025-05-30,model_Momentum12M,Hold,0.177,0.0765,0.0938,0.0144,0.1319,0.0691,0.0612,0.0071,0.1582,0.2109
2025-06-02,model_Momentum12M,Hold,0.1771,0.0759,0.0941,0.0145,0.1344,0.069,0.0607,0.007,0.1562,0.211
2025-06-03,model_Momentum12M,Hold,0.1756,0.0748,0.0934,0.0143,0.1403,0.0695,0.0607,0.0068,0.1565,0.2081
2025-06-04,model_Momentum12M,Hold,0.1762,0.0764,0.0932,0.0146,0.1389,0.0694,0.0615,0.0069,0.1566,0.2064
2025-06-05,model_Momentum12M,Hold,0.1779,0.0763,0.0928,0.0146,0.1387,0.0685,0.0608,0.0069,0.1563,0.2071
2025-06-06,model_Momentum12M,Hold,0.1761,0.0763,0.0935,0.0149,0.1427,0.0689,0.0611,0.0071,0.1543,0.205
2025-06-09,model_Momentum12M,Hold,0.1761,0.0761,0.0925,0.0152,0.1438,0.069,0.0623,0.0072,0.1532,0.2047
2025-06-10,model_Momentum12M,Hold,0.1756,0.0765,0.0916,0.0151,0.1477,0.069,0.0631,0.0073,0.1528,0.2013
2025-06-11,model_Momentum12M,Hold,0.1755,0.0754,0.0899,0.0147,0.1488,0.0684,0.0624,0.0071,0.1536,0.2041
2025-06-12,model_Momentum12M,Hold,0.1766,0.075,0.0908,0.0146,0.151,0.0685,0.0622,0.0071,0.1507,0.2036
2025-06-13,model_Momentum12M,Hold,0.1754,0.0734,0.0904,0.0145,0.159,0.0678,0.0613,0.007,0.1481,0.2031
2025-06-16,model_Momentum12M,Hold,0.1735,0.0741,0.0909,0.0148,0.1553,0.0678,0.0619,0.0071,0.1511,0.2034
2025-06-17,model_Momentum12M,Hold,0.1723,0.074,0.0909,0.0148,0.1583,0.0674,0.061,0.0071,0.149,0.2052
2025-06-18,model_Momentum12M,Hold,0.173,0.0729,0.0917,0.0147,0.1552,0.0672,0.0609,0.007,0.1498,0.2076
2025-06-20,model_Momentum12M,Hold,0.1746,0.0682,0.0927,0.0146,0.1534,0.0664,0.0616,0.0068,0.1521,0.2095
2025-06-23,model_Momentum12M,Hold,0.1749,0.0705,0.0941,0.0145,0.1412,0.067,0.063,0.0067,0.1559,0.2121
2025-06-24,model_Momentum12M,Hold,0.1794,0.0712,0.0925,0.0147,0.1382,0.0682,0.0644,0.0067,0.1567,0.2079
2025-06-25,model_Momentum12M,Hold,0.181,0.0707,0.0923,0.0148,0.1372,0.0694,0.0638,0.007,0.1566,0.2073
2025-06-26,model_Momentum12M,Hold,0.1751,0.0706,0.0931,0.0151,0.1414,0.0693,0.0639,0.0071,0.1589,0.2057
2025-06-27,model_Momentum12M,Hold,0.1754,0.0702,0.0938,0.0154,0.1417,0.0688,0.063,0.0072,0.1596,0.2048
2025-06-30,model_Momentum12M,Hold,0.1773,0.071,0.094,0.0152,0.1395,0.0687,0.0634,0.0071,0.1597,0.2041
2025-07-01,model_Momentum12M,Hold,0.176,0.0712,0.0934,0.0151,0.1431,0.0693,0.0644,0.0071,0.1598,0.2006
2025-07-02,model_Momentum12M,Hold,0.1722,0.0707,0.0909,0.015,0.1464,0.0701,0.0656,0.0071,0.1591,0.2029
2025-07-03,model_Momentum12M,Hold,0.1719,0.071,0.0914,0.0151,0.1461,0.0702,0.0659,0.0071,0.1574,0.2038
2025-07-07,model_Momentum12M,Hold,0.172,0.0704,0.0905,0.0152,0.1461,0.0699,0.0646,0.0071,0.1572,0.207
2025-07-08,model_Momentum12M,Hold,0.1698,0.0703,0.0899,0.0148,0.1527,0.07,0.0657,0.0069,0.1575,0.2025
2025-07-09,model_Momentum12M,Hold,0.1707,0.0694,0.0893,0.0151,0.1533,0.0709,0.0661,0.007,0.1608,0.1976
2025-07-10,model_Momentum12M,Hold,0.1703,0.0673,0.0892,0.015,0.1522,0.0705,0.0677,0.007,0.1614,0.1994
2025-07-11,model_Momentum12M,Hold,0.1701,0.0663,0.0895,0.0154,0.1516,0.0707,0.0686,0.0072,0.1616,0.1989
2025-07-14,model_Momentum12M,Hold,0.1704,0.0662,0.0906,0.0154,0.147,0.0706,0.068,0.0073,0.164,0.2004
2025-07-15,model_Momentum12M,Hold,0.1724,0.066,0.0898,0.0157,0.1424,0.0704,0.0676,0.0074,0.1645,0.2039
2025-07-16,model_Momentum12M,Hold,0.1725,0.0667,0.0904,0.0154,0.1383,0.0708,0.0682,0.0074,0.1652,0.2049
2025-07-17,model_Momentum12M,Hold,0.1591,0.068,0.0911,0.0156,0.1449,0.0726,0.0694,0.0075,0.1682,0.2036
2025-07-18,model_Momentum12M,Hold,0.1636,0.0681,0.0917,0.0158,0.145,0.0731,0.0689,0.0076,0.1623,0.204
2025-07-21,model_Momentum12M,Hold,0.1643,0.068,0.0909,0.016,0.1431,0.0726,0.0689,0.0078,0.1616,0.2069
2025-07-22,model_Momentum12M,Hold,0.1643,0.0683,0.0913,0.0157,0.1446,0.0729,0.0703,0.0077,0.1583,0.2065
2025-07-23,model_Momentum12M,Hold,0.1634,0.0677,0.0909,0.0156,0.1472,0.0724,0.0718,0.0076,0.1569,0.2064
2025-07-24,model_Momentum12M,Hold,0.1638,0.0669,0.0909,0.016,0.1485,0.0725,0.0713,0.0077,0.1559,0.2066
2025-07-25,model_Momentum12M,Hold,0.1642,0.067,0.0913,0.0158,0.1463,0.0727,0.0711,0.0078,0.1573,0.2065
2025-07-28,model_Momentum12M,Hold,0.1651,0.066,0.0897,0.016,0.151,0.0723,0.0689,0.0078,0.1591,0.204
2025-07-29,model_Momentum12M,Hold,0.1663,0.066,0.0892,0.0158,0.151,0.0718,0.0689,0.0079,0.158,0.2051
2025-07-30,model_Momentum12M,Hold,0.1678,0.0652,0.0876,0.0159,0.1501,0.0709,0.0679,0.0079,0.1533,0.2135
2025-07-31,model_Momentum12M,Hold,0.1652,0.0637,0.0886,0.0162,0.1491,0.0706,0.0667,0.0078,0.1565,0.2156
2025-08-01,model_Momentum12M,Hold,0.1697,0.062,0.089,0.0151,0.1453,0.0703,0.0676,0.0078,0.1542,0.219
2025-08-04,model_Momentum12M,Hold,0.1715,0.0622,0.0885,0.0147,0.1424,0.071,0.0679,0.008,0.1563,0.2174
2025-08-05,model_Momentum12M,Hold,0.1712,0.059,0.0882,0.0148,0.1438,0.0717,0.0682,0.0079,0.1575,0.2178
2025-08-06,model_Momentum12M,Hold,0.1718,0.0592,0.0914,0.0154,0.1399,0.071,0.0646,0.008,0.1585,0.2203
2025-08-07,model_Momentum12M,Hold,0.1709,0.057,0.0901,0.0152,0.1487,0.0699,0.0643,0.0079,0.1573,0.2187
2025-08-08,model_Momentum12M,Hold,0.1718,0.0558,0.0902,0.015,0.1512,0.0692,0.0633,0.008,0.1571,0.2184
2025-08-11,model_Momentum12M,Hold,0.1681,0.0557,0.0907,0.0149,0.1505,0.068,0.0613,0.008,0.1592,0.2235
2025-08-12,model_Momentum12M,Hold,0.1661,0.055,0.0894,0.0148,0.153,0.0687,0.0623,0.008,0.1603,0.2225
2025-08-13,model_Momentum12M,Hold,0.1632,0.0564,0.0907,0.0149,0.153,0.0694,0.063,0.0079,0.1618,0.2196
2025-08-14,model_Momentum12M,Hold,0.1638,0.0568,0.0908,0.0154,0.1532,0.0693,0.0629,0.0079,0.159,0.2208
2025-08-15,model_Momentum12M,Hold,0.1668,0.057,0.0908,0.0154,0.153,0.0688,0.0642,0.008,0.1545,0.2215
2025-08-18,model_Momentum12M,Hold,0.1649,0.0575,0.0911,0.0155,0.1525,0.0683,0.0652,0.008,0.155,0.2221
2025-08-19,model_Momentum12M,Hold,0.165,0.0586,0.0915,0.0151,0.1502,0.0683,0.0656,0.0078,0.1554,0.2225
2025-08-20,model_Momentum12M,Hold,0.1654,0.058,0.0922,0.0147,0.1499,0.0683,0.0645,0.0077,0.1548,0.2244
2025-08-21,model_Momentum12M,Hold,0.1646,0.0577,0.0923,0.0146,0.1518,0.0685,0.0643,0.0077,0.1542,0.2243
2025-08-22,model_Momentum12M,Hold,0.1622,0.0578,0.0908,0.0148,0.1563,0.0686,0.066,0.0078,0.1556,0.2202
2025-08-25,model_Momentum12M,Hold,0.1618,0.0573,0.0902,0.0148,0.162,0.0676,0.0658,0.0079,0.1539,0.2188
2025-08-26,model_Momentum12M,Hold,0.1619,0.0573,0.0911,0.0148,0.1607,0.0677,0.0663,0.0079,0.155,0.2174
2025-08-27,model_Momentum12M,Hold,0.1611,0.0574,0.0901,0.0148,0.1635,0.0676,0.0668,0.0079,0.1544,0.2164
2025-08-28,model_Momentum12M,Hold,0.1605,0.057,0.0887,0.0149,0.1658,0.0675,0.0667,0.008,0.1549,0.2158
2025-08-29,model_Momentum12M,Hold,0.1612,0.0576,0.0889,0.0147,0.1666,0.0669,0.0668,0.008,0.1521,0.2172
2025-09-02,model_Momentum12M,Hold,0.1602,0.0569,0.0881,0.0145,0.1715,0.0666,0.0657,0.008,0.1512,0.2174
2025-09-03,model_Momentum12M,Hold,0.1626,0.057,0.0899,0.0147,0.1647,0.0671,0.0669,0.0088,0.1505,0.218
2025-09-04,model_Momentum12M,Hold,0.1614,0.056,0.0903,0.0151,0.1682,0.066,0.0672,0.0087,0.1521,0.2152
2025-09-05,model_Momentum12M,Hold,0.1623,0.0567,0.0893,0.015,0.164,0.0662,0.0689,0.0089,0.1526,0.216
2025-09-08,model_Momentum12M,Hold,0.1627,0.0573,0.0896,0.0153,0.1617,0.0666,0.0702,0.0089,0.1525,0.2152
2025-09-09,model_Momentum12M,Hold,0.1635,0.0569,0.0901,0.0156,0.1584,0.0666,0.0691,0.0092,0.1526,0.218
2025-09-10,model_Momentum12M,Hold,0.159,0.0545,0.0902,0.0149,0.169,0.0661,0.0688,0.0091,0.1519,0.2165
2025-09-11,model_Momentum12M,Hold,0.1611,0.054,0.0904,0.0147,0.1648,0.067,0.0686,0.009,0.1559,0.2144
2025-09-12,model_Momentum12M,Hold,0.1627,0.0529,0.0909,0.0146,0.1641,0.0667,0.0689,0.0091,0.1546,0.2156
2025-09-15,model_Momentum12M,Hold,0.1608,0.0531,0.0908,0.0149,0.1656,0.0664,0.0698,0.0095,0.1543,0.2147
2025-09-16,model_Momentum12M,Hold,0.1607,0.0522,0.0892,0.0149,0.1752,0.0646,0.0692,0.0094,0.1525,0.212
2025-09-17,model_Momentum12M,Hold,0.1619,0.0531,0.0902,0.0147,0.1722,0.0657,0.0685,0.0093,0.1507,0.2136
2025-09-18,model_Momentum12M,Hold,0.1633,0.053,0.0897,0.0148,0.1712,0.0664,0.0707,0.0095,0.1517,0.2096
2025-09-19,model_Momentum12M,Hold,0.1648,0.0529,0.0896,0.0148,0.1679,0.0658,0.0696,0.0095,0.1527,0.2124
2025-09-22,model_Momentum12M,Hold,0.1665,0.0533,0.0896,0.0146,0.1699,0.0656,0.0698,0.0095,0.1509,0.2101
2025-09-23,model_Momentum12M,Hold,0.1648,0.052,0.0898,0.0141,0.1717,0.0628,0.0703,0.0094,0.1525,0.2125
2025-09-24,model_Momentum12M,Hold,0.1624,0.0529,0.0908,0.0141,0.1749,0.0618,0.0695,0.0093,0.1509,0.2135
2025-09-25,model_Momentum12M,Hold,0.1629,0.0518,0.0915,0.0141,0.1755,0.0608,0.0685,0.0093,0.1504,0.2152
2025-09-26,model_Momentum12M,Hold,0.162,0.0528,0.0924,0.0141,0.1768,0.0606,0.0678,0.0093,0.1491,0.2153
2025-09-29,model_Momentum12M,Hold,0.1612,0.0545,0.0923,0.0142,0.174,0.0613,0.0682,0.0091,0.1502,0.2149
2025-09-30,model_Momentum12M,Hold,0.1616,0.0542,0.0923,0.014,0.173,0.0616,0.0681,0.0091,0.1507,0.2154
2025-10-01,model_Momentum12M,Hold,0.1603,0.0533,0.091,0.014,0.1777,0.0608,0.0679,0.0091,0.1508,0.2151
2025-10-02,model_Momentum12M,Hold,0.1609,0.0539,0.0916,0.0142,0.1705,0.0617,0.0686,0.0092,0.1546,0.2149
2025-10-03,model_Momentum12M,Hold,0.1615,0.0536,0.0922,0.0139,0.1738,0.0614,0.0681,0.0091,0.1532,0.2131
2025-10-06,model_Momentum12M,Hold,0.1609,0.0544,0.0931,0.014,0.1784,0.0614,0.0652,0.0093,0.1509,0.2124
2025-10-07,model_Momentum12M,Hold,0.1598,0.055,0.0928,0.0141,0.1779,0.0613,0.0635,0.0091,0.1501,0.2163
2025-10-08,model_Momentum12M,Hold,0.1627,0.0558,0.0928,0.0144,0.1759,0.0613,0.0617,0.0092,0.1521,0.2141
2025-10-09,model_Momentum12M,Hold,0.1636,0.0564,0.0934,0.0147,0.1714,0.0607,0.0619,0.0092,0.1509,0.2179
2025-10-10,model_Momentum12M,Hold,0.166,0.055,0.0951,0.0143,0.1622,0.0607,0.0627,0.0092,0.1499,0.2251
2025-10-13,model_Momentum12M,Hold,0.1639,0.0554,0.0942,0.0145,0.1681,0.0613,0.0624,0.0094,0.1517,0.219
2025-10-14,model_Momentum12M,Hold,0.1649,0.0551,0.0944,0.0141,0.1674,0.0611,0.0629,0.0094,0.1519,0.2187
2025-10-15,model_Momentum12M,Hold,0.1617,0.0543,0.0935,0.0141,0.1706,0.0603,0.0642,0.0097,0.1536,0.218
2025-10-16,model_Momentum12M,Hold,0.1617,0.0538,0.0921,0.0143,0.1713,0.0602,0.0643,0.0098,0.1537,0.219
2025-10-17,model_Momentum12M,Hold,0.1623,0.0546,0.0927,0.0141,0.1672,0.06,0.0639,0.0099,0.1544,0.221
2025-10-20,model_Momentum12M,Hold,0.1628,0.0552,0.0931,0.0143,0.1661,0.0599,0.065,0.0099,0.1558,0.2177
2025-10-21,model_Momentum12M,Hold,0.1588,0.0566,0.0917,0.0145,0.1652,0.0595,0.0645,0.0096,0.1662,0.2135
2025-10-22,model_Momentum12M,Hold,0.1581,0.0559,0.0908,0.0141,0.1681,0.0587,0.0648,0.0096,0.1656,0.2142
2025-10-23,model_Momentum12M,Hold,0.1538,0.0552,0.0892,0.0141,0.1781,0.0582,0.0631,0.0095,0.1673,0.2114
2025-10-24,model_Momentum12M,Hold,0.1556,0.0551,0.0896,0.0144,0.1737,0.0587,0.064,0.0098,0.1656,0.2134
2025-10-27,model_Momentum12M,Hold,0.1567,0.056,0.0903,0.0147,0.1709,0.0591,0.0647,0.0102,0.1662,0.2112
2025-10-28,model_Momentum12M,Hold,0.1593,0.0578,0.0915,0.0152,0.17,0.0601,0.0534,0.0104,0.1682,0.2142
2025-10-29,model_Momentum12M,Hold,0.1594,0.0576,0.0922,0.0155,0.1716,0.0597,0.0507,0.0108,0.1689,0.2135
2025-10-30,model_Momentum12M,Hold,0.1625,0.0589,0.0949,0.0153,0.1735,0.0598,0.0495,0.0113,0.1738,0.2003
2025-10-31,model_Momentum12M,Hold,0.161,0.0591,0.0951,0.0167,0.1753,0.0593,0.0511,0.0113,0.1737,0.1975
2025-11-03,model_Momentum12M,Hold,0.1624,0.0591,0.0956,0.0175,0.1753,0.0589,0.0493,0.0115,0.1704,0.2
2025-11-04,model_Momentum12M,Hold,0.1652,0.0579,0.0974,0.0172,0.1724,0.0593,0.0478,0.0112,0.169,0.2025
2025-11-05,model_Momentum12M,Hold,0.1633,0.059,0.0994,0.0172,0.1688,0.0584,0.0482,0.0115,0.1726,0.2016
2025-11-06,model_Momentum12M,Hold,0.1606,0.0563,0.0996,0.0164,0.1806,0.0624,0.0461,0.0113,0.1687,0.198
2025-11-07,model_Momentum12M,Hold,0.1607,0.0567,0.0989,0.0163,0.1802,0.062,0.0477,0.0109,0.168,0.1986
2025-11-10,model_Momentum12M,Hold,0.1597,0.0563,0.0981,0.0165,0.1835,0.0615,0.0464,0.0113,0.1703,0.1963
2025-11-11,model_Momentum12M,Hold,0.1597,0.0553,0.0975,0.0165,0.1838,0.0619,0.0465,0.0113,0.1699,0.1976
2025-11-12,model_Momentum12M,Hold,0.1623,0.0563,0.0984,0.0162,0.1789,0.0618,0.0457,0.0111,0.1727,0.1967
2025-11-13,model_Momentum12M,Hold,0.1622,0.0563,0.0983,0.0157,0.1841,0.0619,0.0442,0.0108,0.1715,0.1951
2025-11-14,model_Momentum12M,Hold,0.164,0.0559,0.0978,0.0155,0.185,0.0611,0.0443,0.0107,0.1693,0.1965
2025-11-17,model_Momentum12M,Hold,0.1651,0.0556,0.0971,0.0155,0.184,0.0603,0.0435,0.0112,0.169,0.1986
2025-11-18,model_Momentum12M,Hold,0.1642,0.055,0.0962,0.0148,0.1871,0.0597,0.0433,0.0111,0.1685,0.2003
2025-11-19,model_Momentum12M,Hold,0.1615,0.056,0.0959,0.015,0.183,0.0608,0.0427,0.0116,0.1716,0.2019
2025-11-20,model_Momentum12M,Hold,0.1607,0.0566,0.0981,0.0148,0.1801,0.061,0.0427,0.0116,0.1716,0.2028
2025-11-21,model_Momentum12M,Hold,0.1627,0.058,0.0965,0.0147,0.1808,0.0613,0.0436,0.0117,0.1718,0.1988
2025-11-24,model_Momentum12M,Hold,0.1616,0.0562,0.096,0.0151,0.1843,0.0612,0.0439,0.0125,0.1733,0.1959
2025-11-25,model_Momentum12M,Hold,0.1613,0.057,0.0963,0.0152,0.1803,0.0612,0.0447,0.0126,0.1739,0.1977
2025-11-26,model_Momentum12M,Hold,0.1611,0.0564,0.0949,0.0151,0.1838,0.0609,0.0453,0.0124,0.1723,0.1979
2025-11-28,model_Momentum12M,Hold,0.1606,0.0565,0.0941,0.0153,0.1849,0.061,0.0451,0.0123,0.1725,0.1978
2025-12-01,model_Momentum12M,Hold,0.1594,0.0582,0.0934,0.0153,0.1871,0.0609,0.0446,0.0121,0.1708,0.1981
2025-12-02,model_Momentum12M,Hold,0.1575,0.059,0.0929,0.0153,0.1885,0.06,0.0452,0.0121,0.1721,0.1972
2025-12-03,model_Momentum12M,Hold,0.1548,0.0611,0.0922,0.0151,0.1978,0.0603,0.0403,0.0122,0.172,0.1941
2025-12-04,model_Momentum12M,Hold,0.1561,0.0608,0.0931,0.015,0.1976,0.0611,0.0391,0.0122,0.1695,0.1954
2025-12-05,model_Momentum12M,Hold,0.156,0.0603,0.0934,0.015,0.2009,0.061,0.0383,0.0123,0.1681,0.1946
2025-12-08,model_Momentum12M,Hold,0.1557,0.0617,0.0944,0.0152,0.1981,0.0565,0.0387,0.0123,0.1682,0.1993
2025-12-09,model_Momentum12M,Hold,0.1543,0.0622,0.0941,0.0152,0.1996,0.0551,0.0389,0.0124,0.169,0.1991
2025-12-10,model_Momentum12M,Hold,0.155,0.0625,0.0928,0.0154,0.1978,0.0562,0.0396,0.0125,0.1686,0.1997
2025-12-11,model_Momentum12M,Hold,0.1555,0.0619,0.094,0.0153,0.1945,0.0577,0.0388,0.0121,0.1711,0.1992
2025-12-12,model_Momentum12M,Hold,0.1575,0.0618,0.0946,0.0149,0.1935,0.0572,0.0395,0.012,0.1706,0.1984
2025-12-15,model_Momentum12M,Hold,0.1613,0.0626,0.0959,0.0147,0.1886,0.0577,0.0401,0.0119,0.1674,0.1996
2025-12-16,model_Momentum12M,Hold,0.1621,0.0631,0.0958,0.0149,0.1819,0.0581,0.0405,0.0121,0.1677,0.2039
2025-12-17,model_Momentum12M,Hold,0.161,0.0631,0.0961,0.0148,0.186,0.0587,0.0407,0.0116,0.1658,0.2022
2025-12-18,model_Momentum12M,Hold,0.1607,0.0629,0.0972,0.0153,0.1818,0.0587,0.0424,0.012,0.1672,0.2018
2025-12-19,model_Momentum12M,Hold,0.161,0.0634,0.097,0.0153,0.184,0.0578,0.0415,0.0122,0.1673,0.2005
2025-12-22,model_Momentum12M,Hold,0.1602,0.0628,0.0965,0.0154,0.1857,0.0588,0.042,0.0122,0.1647,0.2018
2025-12-23,model_Momentum12M,Hold,0.1594,0.0629,0.097,0.0156,0.1853,0.0588,0.0415,0.0124,0.1649,0.2023
2025-12-24,model_Momentum12M,Hold,0.1594,0.0626,0.0968,0.0156,0.1849,0.0589,0.042,0.0124,0.1648,0.2027
2025-12-26,model_Momentum12M,Hold,0.1596,0.0629,0.0962,0.0156,0.1837,0.0593,0.0419,0.0124,0.1667,0.2017
2025-12-29,model_Momentum12M,Hold,0.159,0.0628,0.0961,0.0156,0.1849,0.0593,0.0423,0.0123,0.1661,0.2015
2025-12-30,model_Momentum12M,Hold,0.1598,0.0622,0.0964,0.0155,0.1865,0.0593,0.0424,0.0123,0.1647,0.201
