Date,Strategy,Type,ABT,ACN,AFL,AMZN,APA,APD,ARE,GOOGL,MMM,MO
2022-01-20,buy_and_hold,Rebalance,0.1,0.1,0.1,0.1,0.1,0.1,0.1,0.1,0.1,0.1
2022-01-21,buy_and_hold,Hold,0.1027,0.0997,0.1001,0.0957,0.0981,0.1002,0.1009,0.0995,0.1013,0.1018
2022-01-24,buy_and_hold,Hold,0.1009,0.1005,0.1009,0.0968,0.0993,0.1001,0.1,0.0997,0.1011,0.1008
2022-01-25,buy_and_hold,Hold,0.1004,0.0993,0.1016,0.0937,0.1075,0.0989,0.0994,0.0967,0.1017,0.1009
2022-01-26,buy_and_hold,Hold,0.0987,0.0987,0.103,0.0939,0.1086,0.0988,0.0981,0.0994,0.1,0.1008
2022-01-27,buy_and_hold,Hold,0.099,0.0997,0.1025,0.0943,0.108,0.0985,0.0959,0.0992,0.1005,0.1025
2022-01-28,buy_and_hold,Hold,0.1016,0.1012,0.1018,0.096,0.1073,0.0978,0.0966,0.1011,0.095,0.1014
2022-01-31,buy_and_hold,Hold,0.1015,0.1025,0.1008,0.098,0.1056,0.0977,0.0976,0.1008,0.095,0.1004
2022-02-01,buy_and_hold,Rebalance,0.1,0.1,0.1,0.1,0.1,0.1,0.1,0.1,0.1,0.1
2022-02-02,buy_and_hold,Hold,0.101,0.1005,0.1,0.0984,0.0989,0.0987,0.0996,0.1062,0.0983,0.0985
2022-02-03,buy_and_hold,Hold,0.1032,0.0986,0.1022,0.0926,0.1004,0.0995,0.0991,0.1049,0.099,0.1004
2022-02-04,buy_and_hold,Hold,0.1024,0.0987,0.1033,0.1047,0.0998,0.0928,0.098,0.1045,0.0964,0.0995
2022-02-07,buy_and_hold,Hold,0.102,0.0986,0.1052,0.1059,0.0995,0.0906,0.0973,0.1025,0.0976,0.1008
2022-02-08,buy_and_hold,Hold,0.1024,0.0989,0.1063,0.1081,0.0959,0.0899,0.0969,0.1025,0.0982,0.1008
2022-02-09,buy_and_hold,Hold,0.1025,0.1005,0.1049,0.1065,0.0962,0.0911,0.0978,0.1028,0.0977,0.0999
2022-02-10,buy_and_hold,Hold,0.1023,0.0987,0.1062,0.1071,0.0982,0.0903,0.0966,0.1026,0.0972,0.1009
2022-02-11,buy_and_hold,Hold,0.1019,0.0962,0.1072,0.1047,0.1015,0.0886,0.0981,0.1007,0.0984,0.1027
2022-02-14,buy_and_hold,Hold,0.1008,0.0964,0.1067,0.1072,0.0967,0.0893,0.0982,0.1028,0.0986,0.1033
2022-02-15,buy_and_hold,Hold,0.101,0.0966,0.1071,0.1073,0.0962,0.0902,0.0983,0.1029,0.0974,0.103
2022-02-16,buy_and_hold,Hold,0.1005,0.0976,0.1067,0.1081,0.0965,0.0891,0.099,0.1034,0.096,0.1033
2022-02-17,buy_and_hold,Hold,0.0998,0.0962,0.1064,0.1077,0.0982,0.089,0.1003,0.1014,0.0943,0.1068
2022-02-18,buy_and_hold,Hold,0.0973,0.0963,0.1071,0.107,0.0982,0.0901,0.1008,0.1004,0.0944,0.1083
2022-02-22,buy_and_hold,Hold,0.0987,0.097,0.1073,0.1061,0.0955,0.0894,0.1026,0.1007,0.0945,0.1082
2022-02-23,buy_and_hold,Hold,0.0998,0.0959,0.1067,0.1037,0.0961,0.0892,0.103,0.1003,0.0942,0.111
2022-02-24,buy_and_hold,Hold,0.1001,0.096,0.1023,0.1074,0.0998,0.0886,0.1044,0.1034,0.093,0.105
2022-02-25,buy_and_hold,Hold,0.1003,0.0951,0.1034,0.1061,0.1011,0.0881,0.1034,0.1019,0.0946,0.106
2022-02-28,buy_and_hold,Hold,0.0993,0.0936,0.1023,0.1063,0.1075,0.0869,0.1015,0.1027,0.0938,0.106
2022-03-01,buy_and_hold,Rebalance,0.1,0.1,0.1,0.1,0.1,0.1,0.1,0.1,0.1,0.1
2022-03-02,buy_and_hold,Hold,0.1003,0.1007,0.1012,0.099,0.1,0.0996,0.0994,0.0988,0.1001,0.1008
2022-03-03,buy_and_hold,Hold,0.1005,0.1006,0.1027,0.0961,0.1008,0.0988,0.1005,0.0981,0.1006,0.1013
2022-03-04,buy_and_hold,Hold,0.1012,0.0994,0.1013,0.0949,0.1043,0.0976,0.1021,0.097,0.0999,0.1022
2022-03-07,buy_and_hold,Hold,0.1021,0.0995,0.1025,0.0923,0.1033,0.0976,0.1024,0.0957,0.1005,0.1041
2022-03-08,buy_and_hold,Hold,0.1002,0.0988,0.1033,0.0918,0.1057,0.0968,0.1036,0.0967,0.1025,0.1007
2022-03-09,buy_and_hold,Hold,0.1003,0.0995,0.1033,0.0922,0.1039,0.0985,0.1024,0.0996,0.1014,0.099
2022-03-10,buy_and_hold,Hold,0.0986,0.0991,0.1022,0.0968,0.107,0.0984,0.1015,0.0984,0.0991,0.099
2022-03-11,buy_and_hold,Hold,0.0977,0.1013,0.1038,0.0975,0.106,0.0963,0.1016,0.0981,0.0986,0.0991
2022-03-14,buy_and_hold,Hold,0.0996,0.1007,0.106,0.0956,0.1027,0.0965,0.1022,0.0957,0.101,0.0999
2022-03-15,buy_and_hold,Hold,0.0998,0.102,0.1052,0.0979,0.0988,0.097,0.102,0.0968,0.1001,0.1004
2022-03-16,buy_and_hold,Hold,0.1,0.1032,0.1059,0.1001,0.0977,0.0963,0.1009,0.0983,0.0994,0.0983
2022-03-17,buy_and_hold,Hold,0.0999,0.0999,0.1047,0.1013,0.103,0.0965,0.1006,0.0972,0.0993,0.0976
2022-03-18,buy_and_hold,Hold,0.1,0.1005,0.1039,0.103,0.1013,0.097,0.1006,0.098,0.0989,0.0968
2022-03-21,buy_and_hold,Hold,0.0989,0.1,0.104,0.1025,0.1052,0.0975,0.0989,0.0974,0.0985,0.0972
2022-03-22,buy_and_hold,Hold,0.0979,0.0999,0.1047,0.1036,0.1032,0.0974,0.0977,0.0991,0.0984,0.0982
2022-03-23,buy_and_hold,Hold,0.0951,0.099,0.1048,0.104,0.105,0.0981,0.0974,0.0992,0.0981,0.0992
2022-03-24,buy_and_hold,Hold,0.0948,0.0994,0.1049,0.103,0.104,0.1,0.0972,0.1004,0.0979,0.0985
2022-03-25,buy_and_hold,Hold,0.0946,0.0989,0.1053,0.1024,0.1046,0.1005,0.0975,0.0993,0.0976,0.0994
2022-03-28,buy_and_hold,Hold,0.0956,0.1,0.1051,0.1053,0.1006,0.1014,0.0986,0.0994,0.0972,0.0966
2022-03-29,buy_and_hold,Hold,0.0946,0.1018,0.1039,0.1042,0.1021,0.1018,0.1003,0.0989,0.0977,0.0948
2022-03-30,buy_and_hold,Hold,0.0948,0.1012,0.1043,0.1024,0.1028,0.1022,0.1007,0.0986,0.0974,0.0956
2022-03-31,buy_and_hold,Hold,0.0942,0.1018,0.1035,0.1014,0.1042,0.1026,0.1013,0.0975,0.0967,0.0969
2022-04-01,buy_and_hold,Rebalance,0.1,0.1,0.1,0.1,0.1,0.1,0.1,0.1,0.1,0.1
2022-04-04,buy_and_hold,Hold,0.0996,0.1005,0.0975,0.1023,0.1012,0.1008,0.098,0.1014,0.0993,0.0994
2022-04-05,buy_and_hold,Hold,0.101,0.1008,0.0986,0.1005,0.0989,0.1013,0.0986,0.1005,0.0997,0.1001
2022-04-06,buy_and_hold,Hold,0.1016,0.1003,0.1008,0.0975,0.0971,0.1009,0.1006,0.0979,0.1008,0.1026
2022-04-07,buy_and_hold,Hold,0.1043,0.1006,0.1008,0.0967,0.0974,0.1012,0.0991,0.0972,0.1004,0.1022
2022-04-08,buy_and_hold,Hold,0.1041,0.0997,0.1012,0.0946,0.1021,0.1011,0.0987,0.0953,0.1003,0.1029
2022-04-11,buy_and_hold,Hold,0.1033,0.0981,0.1026,0.0943,0.0993,0.1024,0.0984,0.0938,0.1024,0.1054
2022-04-12,buy_and_hold,Hold,0.1021,0.0981,0.1023,0.0943,0.1022,0.1018,0.098,0.0932,0.1015,0.1065
2022-04-13,buy_and_hold,Hold,0.1024,0.097,0.1014,0.0962,0.1045,0.1016,0.0974,0.0938,0.1005,0.1052
2022-04-14,buy_and_hold,Hold,0.1019,0.0962,0.103,0.0948,0.1058,0.1013,0.0974,0.0924,0.1006,0.1066
2022-04-18,buy_and_hold,Hold,0.101,0.0947,0.1037,0.0958,0.1069,0.1014,0.0967,0.0935,0.1002,0.1063
2022-04-19,buy_and_hold,Hold,0.1023,0.0951,0.1017,0.0974,0.1059,0.101,0.0966,0.0934,0.101,0.1055
2022-04-20,buy_and_hold,Hold,0.1043,0.0957,0.1032,0.0946,0.1055,0.1003,0.098,0.0918,0.1011,0.1055
2022-04-21,buy_and_hold,Hold,0.1059,0.0962,0.1024,0.0919,0.1016,0.1022,0.0982,0.0903,0.1028,0.1087
2022-04-22,buy_and_hold,Hold,0.1057,0.0955,0.102,0.0921,0.1009,0.1018,0.0992,0.0891,0.104,0.1099
2022-04-25,buy_and_hold,Hold,0.1062,0.0975,0.1006,0.0934,0.0971,0.1019,0.098,0.0918,0.1038,0.1096
2022-04-26,buy_and_hold,Hold,0.1063,0.0958,0.1006,0.0915,0.0985,0.1016,0.0994,0.0909,0.1035,0.1118
2022-04-27,buy_and_hold,Hold,0.1063,0.096,0.1009,0.0908,0.1021,0.1029,0.0978,0.0877,0.1036,0.112
2022-04-28,buy_and_hold,Hold,0.1055,0.0976,0.0965,0.0933,0.1039,0.102,0.0976,0.0893,0.1038,0.1106
2022-04-29,buy_and_hold,Hold,0.1054,0.097,0.0969,0.0833,0.1066,0.1031,0.097,0.0893,0.1057,0.1156
2022-05-02,buy_and_hold,Rebalance,0.1,0.1,0.1,0.1,0.1,0.1,0.1,0.1,0.1,0.1
2022-05-03,buy_and_hold,Hold,0.0986,0.099,0.1,0.0988,0.1036,0.1005,0.1003,0.0996,0.1004,0.0991
2022-05-04,buy_and_hold,Hold,0.0983,0.0991,0.0998,0.0969,0.1067,0.1008,0.0991,0.1005,0.1013,0.0976
2022-05-05,buy_and_hold,Hold,0.1003,0.0982,0.1014,0.0936,0.1018,0.1004,0.1007,0.1,0.1025,0.1011
2022-05-06,buy_and_hold,Hold,0.0993,0.0969,0.1014,0.092,0.1084,0.0999,0.0989,0.0991,0.1022,0.1019
2022-05-09,buy_and_hold,Hold,0.0988,0.098,0.1043,0.0907,0.0959,0.1028,0.0974,0.1002,0.1084,0.1036
2022-05-10,buy_and_hold,Hold,0.0994,0.0992,0.1052,0.0919,0.0967,0.103,0.0962,0.1031,0.1074,0.0979
2022-05-11,buy_and_hold,Hold,0.0993,0.0976,0.105,0.0896,0.0998,0.1047,0.0961,0.1031,0.1062,0.0988
2022-05-12,buy_and_hold,Hold,0.1009,0.0974,0.1033,0.0906,0.0988,0.1037,0.0959,0.1021,0.1081,0.0993
2022-05-13,buy_and_hold,Hold,0.1002,0.0968,0.101,0.0934,0.1042,0.1021,0.0961,0.1024,0.1052,0.0985
2022-05-16,buy_and_hold,Hold,0.1,0.0966,0.1008,0.0915,0.1074,0.1017,0.0952,0.1009,0.1061,0.0998
2022-05-17,buy_and_hold,Hold,0.1022,0.0962,0.1013,0.0933,0.1069,0.1024,0.0935,0.1006,0.1051,0.0986
2022-05-18,buy_and_hold,Hold,0.1044,0.0941,0.1034,0.0899,0.1041,0.1041,0.0927,0.1003,0.1067,0.1004
2022-05-19,buy_and_hold,Hold,0.1048,0.0945,0.1028,0.0907,0.1057,0.1047,0.0932,0.0996,0.107,0.097
2022-05-20,buy_and_hold,Hold,0.1053,0.0953,0.1016,0.0907,0.1077,0.1059,0.0941,0.098,0.1045,0.0968
2022-05-23,buy_and_hold,Hold,0.1051,0.0959,0.1024,0.089,0.112,0.1042,0.093,0.0985,0.103,0.097
2022-05-24,buy_and_hold,Hold,0.1048,0.0953,0.1043,0.0869,0.1117,0.1046,0.0935,0.0945,0.1049,0.0994
2022-05-25,buy_and_hold,Hold,0.1033,0.0945,0.1046,0.0883,0.1155,0.1034,0.0927,0.0935,0.1039,0.1002
2022-05-26,buy_and_hold,Hold,0.1027,0.0966,0.1049,0.09,0.1139,0.104,0.0925,0.0933,0.1027,0.0993
2022-05-27,buy_and_hold,Hold,0.1015,0.098,0.1043,0.0908,0.1151,0.1045,0.0929,0.0946,0.1016,0.0965
2022-05-31,buy_and_hold,Hold,0.1023,0.0963,0.1047,0.0949,0.1138,0.1028,0.0916,0.0959,0.1016,0.096
2022-06-01,buy_and_hold,Rebalance,0.1,0.1,0.1,0.1,0.1,0.1,0.1,0.1,0.1,0.1
2022-06-02,buy_and_hold,Hold,0.1003,0.1009,0.0981,0.1014,0.098,0.102,0.1,0.1015,0.0995,0.0984
2022-06-03,buy_and_hold,Hold,0.1006,0.1014,0.0977,0.0999,0.1007,0.1029,0.0991,0.0999,0.099,0.0988
2022-06-06,buy_and_hold,Hold,0.0999,0.1007,0.0976,0.1012,0.1006,0.1044,0.098,0.1012,0.0986,0.0978
2022-06-07,buy_and_hold,Hold,0.0992,0.1003,0.0974,0.0988,0.1055,0.1047,0.098,0.1005,0.098,0.0976
2022-06-08,buy_and_hold,Hold,0.0998,0.1015,0.0983,0.0997,0.1076,0.1038,0.0954,0.103,0.0994,0.0916
2022-06-09,buy_and_hold,Hold,0.1001,0.1011,0.0981,0.0975,0.1074,0.1064,0.0939,0.103,0.1006,0.0919
2022-06-10,buy_and_hold,Hold,0.1003,0.1008,0.0979,0.0949,0.1079,0.1073,0.094,0.1027,0.099,0.0953
2022-06-13,buy_and_hold,Hold,0.1009,0.1015,0.0985,0.0934,0.1049,0.1093,0.0915,0.1024,0.1021,0.0956
2022-06-14,buy_and_hold,Hold,0.0987,0.1017,0.0991,0.0928,0.1066,0.1084,0.0912,0.1034,0.1019,0.0963
2022-06-15,buy_and_hold,Hold,0.0995,0.1028,0.099,0.0966,0.1047,0.1073,0.0905,0.1053,0.1002,0.094
2022-06-16,buy_and_hold,Hold,0.1002,0.1025,0.1001,0.0962,0.0991,0.1091,0.09,0.1052,0.101,0.0966
2022-06-17,buy_and_hold,Hold,0.1007,0.1042,0.1002,0.0986,0.093,0.1095,0.0909,0.1063,0.1002,0.0965
2022-06-21,buy_and_hold,Hold,0.1006,0.1049,0.1004,0.099,0.0939,0.1097,0.0891,0.1086,0.0984,0.0955
2022-06-22,buy_and_hold,Hold,0.1028,0.1076,0.1012,0.1004,0.0883,0.111,0.0913,0.1098,0.0999,0.0877
2022-06-23,buy_and_hold,Hold,0.1029,0.1067,0.1,0.103,0.0847,0.1108,0.0938,0.1098,0.0991,0.0893
2022-06-24,buy_and_hold,Hold,0.1024,0.1079,0.1004,0.103,0.0824,0.1114,0.0943,0.1115,0.0987,0.0881
2022-06-27,buy_and_hold,Hold,0.1028,0.1063,0.1014,0.1009,0.0854,0.1097,0.0965,0.1103,0.0984,0.0883
2022-06-28,buy_and_hold,Hold,0.1024,0.1047,0.103,0.0972,0.0897,0.1097,0.0972,0.1083,0.0981,0.0897
2022-06-29,buy_and_hold,Hold,0.1052,0.104,0.1029,0.0994,0.0842,0.1108,0.0988,0.1089,0.0984,0.0874
2022-06-30,buy_and_hold,Hold,0.1059,0.1042,0.1037,0.0979,0.0822,0.1115,0.1001,0.1073,0.0991,0.0883
2022-07-01,buy_and_hold,Rebalance,0.1,0.1,0.1,0.1,0.1,0.1,0.1,0.1,0.1,0.1
2022-07-05,buy_and_hold,Hold,0.0996,0.0985,0.0992,0.1041,0.093,0.0993,0.1013,0.1047,0.101,0.0992
2022-07-06,buy_and_hold,Hold,0.0992,0.0989,0.1001,0.105,0.0911,0.0983,0.1019,0.106,0.1016,0.098
2022-07-07,buy_and_hold,Hold,0.0983,0.0985,0.0992,0.1051,0.0966,0.0961,0.1,0.1081,0.1002,0.0979
2022-07-08,buy_and_hold,Hold,0.0986,0.0989,0.0995,0.1049,0.0981,0.0952,0.0983,0.1092,0.0997,0.0978
2022-07-11,buy_and_hold,Hold,0.0993,0.0985,0.1002,0.1026,0.0973,0.097,0.0974,0.107,0.101,0.0998
2022-07-12,buy_and_hold,Hold,0.0998,0.099,0.1006,0.1012,0.0931,0.097,0.0982,0.1065,0.1029,0.1017
2022-07-13,buy_and_hold,Hold,0.0988,0.0998,0.0995,0.1033,0.0954,0.0963,0.0974,0.105,0.1025,0.1018
2022-07-14,buy_and_hold,Hold,0.1002,0.0999,0.0988,0.105,0.0929,0.0951,0.0964,0.1055,0.1038,0.1024
2022-07-15,buy_and_hold,Hold,0.1012,0.0991,0.0986,0.1058,0.0924,0.0947,0.0984,0.1049,0.1034,0.1015
2022-07-18,buy_and_hold,Hold,0.1,0.0985,0.0988,0.1065,0.0952,0.0945,0.0982,0.1028,0.1029,0.1026
2022-07-19,buy_and_hold,Hold,0.0996,0.0995,0.0972,0.1073,0.0966,0.0942,0.0984,0.104,0.1022,0.1011
2022-07-20,buy_and_hold,Hold,0.0975,0.0996,0.0962,0.1108,0.0979,0.0944,0.0987,0.1036,0.1024,0.099
2022-07-21,buy_and_hold,Hold,0.0992,0.1012,0.0962,0.1118,0.0929,0.095,0.0983,0.1034,0.1025,0.0995
2022-07-22,buy_and_hold,Hold,0.0987,0.1022,0.0975,0.1108,0.0913,0.0958,0.1006,0.0984,0.1035,0.1012
2022-07-25,buy_and_hold,Hold,0.0974,0.1018,0.0981,0.1089,0.0962,0.0954,0.0999,0.0973,0.1028,0.1021
2022-07-26,buy_and_hold,Hold,0.098,0.1006,0.0976,0.1033,0.0947,0.0953,0.1042,0.0952,0.108,0.103
2022-07-27,buy_and_hold,Hold,0.0966,0.1025,0.096,0.1064,0.0963,0.0944,0.103,0.1002,0.1041,0.1005
2022-07-28,buy_and_hold,Hold,0.0957,0.1033,0.0954,0.1062,0.0962,0.0957,0.1048,0.0999,0.1039,0.099
2022-07-29,buy_and_hold,Hold,0.0922,0.1018,0.0947,0.1145,0.0981,0.0951,0.104,0.0994,0.1036,0.0965
2022-08-01,buy_and_hold,Rebalance,0.1,0.1,0.1,0.1,0.1,0.1,0.1,0.1,0.1,0.1
2022-08-02,buy_and_hold,Hold,0.0997,0.0997,0.1041,0.0995,0.1002,0.0992,0.0976,0.1007,0.0993,0.1
2022-08-03,buy_and_hold,Hold,0.0997,0.1008,0.1037,0.1027,0.0953,0.099,0.0966,0.1024,0.0997,0.1
2022-08-04,buy_and_hold,Hold,0.0997,0.1014,0.1038,0.1048,0.0848,0.1037,0.0968,0.1024,0.1028,0.0999
2022-08-05,buy_and_hold,Hold,0.0991,0.1008,0.1041,0.1033,0.0876,0.1055,0.0966,0.1016,0.1021,0.0994
2022-08-08,buy_and_hold,Hold,0.0986,0.1009,0.1041,0.102,0.0886,0.1049,0.098,0.1011,0.1026,0.0994
2022-08-09,buy_and_hold,Hold,0.0978,0.1009,0.1057,0.101,0.0901,0.1039,0.0979,0.1008,0.1023,0.0996
2022-08-10,buy_and_hold,Hold,0.0978,0.1008,0.1057,0.1023,0.0896,0.1043,0.0984,0.1012,0.1012,0.0986
2022-08-11,buy_and_hold,Hold,0.0976,0.0998,0.1068,0.1004,0.0936,0.1036,0.0983,0.1,0.1009,0.0991
2022-08-12,buy_and_hold,Hold,0.0969,0.1002,0.1075,0.101,0.0918,0.1043,0.0986,0.1009,0.1011,0.0976
2022-08-15,buy_and_hold,Hold,0.0975,0.1003,0.1078,0.1009,0.0889,0.1058,0.0987,0.1014,0.1008,0.0981
2022-08-16,buy_and_hold,Hold,0.0975,0.1003,0.1075,0.1019,0.0879,0.1054,0.0995,0.101,0.0999,0.099
2022-08-17,buy_and_hold,Hold,0.0972,0.1006,0.1085,0.101,0.0899,0.1043,0.1,0.1002,0.099,0.0993
2022-08-18,buy_and_hold,Hold,0.0961,0.1003,0.1089,0.1006,0.097,0.1036,0.0966,0.1001,0.0979,0.0991
2022-08-19,buy_and_hold,Hold,0.0974,0.1002,0.1088,0.0989,0.0973,0.1033,0.0962,0.0989,0.0991,0.1
2022-08-22,buy_and_hold,Hold,0.0966,0.1002,0.108,0.0969,0.1006,0.1039,0.096,0.098,0.0983,0.1015
2022-08-23,buy_and_hold,Hold,0.0952,0.0989,0.1075,0.097,0.1059,0.1039,0.0943,0.0975,0.0982,0.1016
2022-08-24,buy_and_hold,Hold,0.0942,0.0983,0.1068,0.0967,0.1095,0.1039,0.0949,0.0968,0.0972,0.1017
2022-08-25,buy_and_hold,Hold,0.0933,0.0981,0.1066,0.0979,0.1083,0.1041,0.0951,0.098,0.0971,0.1016
2022-08-26,buy_and_hold,Hold,0.093,0.0978,0.108,0.0965,0.1115,0.106,0.0961,0.096,0.091,0.1041
2022-08-29,buy_and_hold,Hold,0.0933,0.0972,0.1083,0.0962,0.1152,0.1058,0.0951,0.0956,0.0894,0.1041
2022-08-30,buy_and_hold,Hold,0.095,0.0977,0.1086,0.0968,0.1111,0.1053,0.0954,0.0965,0.0895,0.1042
2022-08-31,buy_and_hold,Hold,0.096,0.097,0.1081,0.096,0.1113,0.1046,0.0957,0.0966,0.0898,0.105
2022-09-01,buy_and_hold,Rebalance,0.1,0.1,0.1,0.1,0.1,0.1,0.1,0.1,0.1,0.1
2022-09-02,buy_and_hold,Hold,0.0988,0.0994,0.1008,0.1008,0.1034,0.0996,0.1001,0.0993,0.0978,0.1002
2022-09-06,buy_and_hold,Hold,0.0998,0.1,0.1019,0.1005,0.1016,0.1003,0.1025,0.0991,0.0945,0.1
2022-09-07,buy_and_hold,Hold,0.1001,0.0996,0.1025,0.1016,0.097,0.1018,0.102,0.1,0.0962,0.0993
2022-09-08,buy_and_hold,Hold,0.1018,0.0995,0.1034,0.1013,0.0971,0.1013,0.1032,0.0985,0.0947,0.0993
2022-09-09,buy_and_hold,Hold,0.1015,0.0987,0.102,0.1023,0.0985,0.1008,0.1027,0.0989,0.0961,0.0985
2022-09-12,buy_and_hold,Hold,0.1008,0.0989,0.1015,0.1032,0.102,0.1019,0.1021,0.0977,0.0956,0.0962
2022-09-13,buy_and_hold,Hold,0.1017,0.0982,0.1029,0.1,0.1039,0.1032,0.1021,0.0958,0.0966,0.0954
2022-09-14,buy_and_hold,Hold,0.1014,0.097,0.1016,0.1011,0.1107,0.1026,0.1007,0.0962,0.0941,0.0946
2022-09-15,buy_and_hold,Hold,0.1019,0.0964,0.1018,0.1005,0.1113,0.1011,0.1011,0.0954,0.0942,0.0963
2022-09-16,buy_and_hold,Hold,0.1015,0.0966,0.1023,0.0989,0.1092,0.1013,0.1016,0.0959,0.095,0.0975
2022-09-19,buy_and_hold,Hold,0.1012,0.097,0.1033,0.0994,0.1087,0.1016,0.1,0.0957,0.0946,0.0985
2022-09-20,buy_and_hold,Hold,0.1008,0.0967,0.1051,0.0988,0.1079,0.1012,0.0985,0.0952,0.0958,0.0999
2022-09-21,buy_and_hold,Hold,0.101,0.0967,0.1056,0.0975,0.1066,0.1016,0.0979,0.0951,0.0961,0.1019
2022-09-22,buy_and_hold,Hold,0.1021,0.0962,0.1044,0.0972,0.1037,0.1011,0.0992,0.0967,0.0962,0.1033
2022-09-23,buy_and_hold,Hold,0.1042,0.0977,0.1053,0.0966,0.094,0.1029,0.1023,0.0976,0.0976,0.1019
2022-09-26,buy_and_hold,Hold,0.1045,0.0979,0.1048,0.0989,0.0921,0.1016,0.1008,0.0982,0.0987,0.1025
2022-09-27,buy_and_hold,Hold,0.1034,0.0979,0.1048,0.0987,0.095,0.1018,0.1002,0.098,0.0987,0.1014
2022-09-28,buy_and_hold,Hold,0.1016,0.0978,0.1037,0.0996,0.0986,0.1014,0.1004,0.0983,0.0981,0.1006
2022-09-29,buy_and_hold,Hold,0.1024,0.0976,0.1038,0.0981,0.1006,0.1012,0.1004,0.0969,0.0976,0.1013
2022-09-30,buy_and_hold,Hold,0.1017,0.0982,0.1041,0.0974,0.0994,0.1033,0.1027,0.0961,0.0969,0.1003
2022-10-03,buy_and_hold,Rebalance,0.1,0.1,0.1,0.1,0.1,0.1,0.1,0.1,0.1,0.1
2022-10-04,buy_and_hold,Hold,0.1002,0.1002,0.1004,0.1011,0.1016,0.1007,0.0978,0.0997,0.0988,0.0994
2022-10-05,buy_and_hold,Hold,0.1007,0.1004,0.0999,0.1012,0.1053,0.0987,0.0951,0.0997,0.0986,0.1005
2022-10-06,buy_and_hold,Hold,0.1004,0.0992,0.0997,0.1012,0.1103,0.0976,0.0943,0.1003,0.0957,0.1013
2022-10-07,buy_and_hold,Hold,0.1021,0.0978,0.0995,0.0986,0.1138,0.097,0.0933,0.0998,0.0948,0.1033
2022-10-10,buy_and_hold,Hold,0.1019,0.0976,0.1006,0.0984,0.1107,0.0978,0.092,0.0995,0.0961,0.1054
2022-10-11,buy_and_hold,Hold,0.1027,0.0959,0.1008,0.0972,0.109,0.0974,0.0937,0.0989,0.0965,0.1077
2022-10-12,buy_and_hold,Hold,0.1013,0.0955,0.0999,0.0981,0.11,0.0969,0.093,0.0996,0.0969,0.1089
2022-10-13,buy_and_hold,Hold,0.1015,0.0958,0.1012,0.0953,0.1101,0.098,0.0917,0.0985,0.099,0.1088
2022-10-14,buy_and_hold,Hold,0.1023,0.0962,0.1026,0.0927,0.1075,0.098,0.0917,0.0983,0.1008,0.1098
2022-10-17,buy_and_hold,Hold,0.103,0.098,0.1015,0.0967,0.1059,0.0981,0.0917,0.0998,0.0991,0.1062
2022-10-18,buy_and_hold,Hold,0.1034,0.0977,0.1015,0.098,0.1042,0.0993,0.0906,0.0997,0.1,0.1056
2022-10-19,buy_and_hold,Hold,0.0974,0.0985,0.1022,0.0977,0.1105,0.0997,0.0892,0.0994,0.0992,0.1062
2022-10-20,buy_and_hold,Hold,0.0956,0.0987,0.1017,0.0989,0.1114,0.0995,0.0892,0.1008,0.0994,0.1047
2022-10-21,buy_and_hold,Hold,0.0933,0.0993,0.1024,0.1001,0.1132,0.0984,0.0891,0.0996,0.1003,0.1045
2022-10-24,buy_and_hold,Hold,0.095,0.0999,0.1024,0.099,0.113,0.098,0.0882,0.0995,0.1001,0.1051
2022-10-25,buy_and_hold,Hold,0.0931,0.1002,0.1008,0.098,0.1148,0.0994,0.0916,0.0997,0.0985,0.1041
2022-10-26,buy_and_hold,Hold,0.0941,0.1005,0.1014,0.0945,0.1177,0.1001,0.0921,0.0911,0.1026,0.106
2022-10-27,buy_and_hold,Hold,0.0936,0.1011,0.1036,0.0916,0.1179,0.0999,0.0943,0.0894,0.1037,0.105
2022-10-28,buy_and_hold,Hold,0.0945,0.1027,0.1054,0.084,0.1153,0.1005,0.0952,0.0919,0.1052,0.1053
2022-10-31,buy_and_hold,Hold,0.0946,0.102,0.1066,0.0837,0.1161,0.0995,0.0955,0.0908,0.1052,0.1059
2022-11-01,buy_and_hold,Rebalance,0.1,0.1,0.1,0.1,0.1,0.1,0.1,0.1,0.1,0.1
2022-11-02,buy_and_hold,Hold,0.1013,0.0994,0.1025,0.0977,0.0992,0.0998,0.101,0.0987,0.1007,0.0998
2022-11-03,buy_and_hold,Hold,0.0997,0.0937,0.1014,0.0947,0.1061,0.1075,0.1015,0.0947,0.1007,0.1
2022-11-04,buy_and_hold,Hold,0.099,0.093,0.1008,0.0943,0.1073,0.1098,0.1011,0.096,0.0999,0.0989
2022-11-07,buy_and_hold,Hold,0.0995,0.0949,0.1008,0.0929,0.1073,0.1093,0.1007,0.0971,0.0988,0.0987
2022-11-08,buy_and_hold,Hold,0.0995,0.0948,0.1009,0.0922,0.1062,0.1113,0.0997,0.0975,0.0992,0.0987
2022-11-09,buy_and_hold,Hold,0.1014,0.0959,0.1024,0.0901,0.1007,0.1125,0.0999,0.0978,0.1001,0.0992
2022-11-10,buy_and_hold,Hold,0.1011,0.0983,0.1009,0.0962,0.0989,0.1107,0.1022,0.1001,0.0993,0.0923
2022-11-11,buy_and_hold,Hold,0.0997,0.098,0.1001,0.0991,0.1013,0.1088,0.0992,0.1014,0.1009,0.0915
2022-11-14,buy_and_hold,Hold,0.099,0.0989,0.0991,0.0981,0.0994,0.1127,0.0981,0.102,0.1008,0.0918
2022-11-15,buy_and_hold,Hold,0.0988,0.0989,0.1006,0.0972,0.1019,0.1111,0.0984,0.1035,0.0996,0.09
2022-11-16,buy_and_hold,Hold,0.1,0.0992,0.1021,0.0961,0.0992,0.1121,0.0975,0.1047,0.0984,0.0905
2022-11-17,buy_and_hold,Hold,0.0997,0.0985,0.1026,0.0946,0.0989,0.1123,0.0982,0.1049,0.0991,0.0913
2022-11-18,buy_and_hold,Hold,0.1007,0.098,0.1028,0.0936,0.0974,0.1132,0.0999,0.1037,0.0985,0.0922
2022-11-21,buy_and_hold,Hold,0.101,0.0985,0.1038,0.0923,0.0955,0.1136,0.1,0.1021,0.0995,0.0938
2022-11-22,buy_and_hold,Hold,0.1,0.0986,0.1027,0.0912,0.0988,0.1161,0.0999,0.1016,0.0984,0.0927
2022-11-23,buy_and_hold,Hold,0.1011,0.0991,0.1026,0.0921,0.0967,0.1157,0.0993,0.1031,0.0979,0.0924
2022-11-25,buy_and_hold,Hold,0.1018,0.0995,0.1031,0.0912,0.0958,0.1161,0.1006,0.1018,0.0984,0.0916
2022-11-28,buy_and_hold,Hold,0.1021,0.0993,0.1028,0.0933,0.0944,0.1161,0.099,0.1021,0.0968,0.0941
2022-11-29,buy_and_hold,Hold,0.1013,0.098,0.1023,0.0915,0.0975,0.1149,0.101,0.1008,0.0976,0.0952
2022-11-30,buy_and_hold,Hold,0.1012,0.0999,0.1012,0.0932,0.0956,0.1149,0.1004,0.1043,0.095,0.0943
2022-12-01,buy_and_hold,Rebalance,0.1,0.1,0.1,0.1,0.1,0.1,0.1,0.1,0.1,0.1
2022-12-02,buy_and_hold,Hold,0.1,0.0989,0.1004,0.0984,0.1006,0.1019,0.0988,0.0993,0.1006,0.1011
2022-12-05,buy_and_hold,Hold,0.0994,0.0984,0.1006,0.097,0.0996,0.1028,0.099,0.1003,0.1007,0.1022
2022-12-06,buy_and_hold,Hold,0.0999,0.0978,0.1026,0.0959,0.0975,0.1038,0.0982,0.0997,0.1026,0.102
2022-12-07,buy_and_hold,Hold,0.1006,0.0981,0.1026,0.096,0.0968,0.1048,0.0974,0.0974,0.1039,0.1022
2022-12-08,buy_and_hold,Hold,0.1021,0.0994,0.1008,0.0975,0.0943,0.1056,0.0989,0.0956,0.1031,0.1027
2022-12-09,buy_and_hold,Hold,0.1034,0.0989,0.101,0.0968,0.093,0.1046,0.1001,0.0954,0.1036,0.1032
2022-12-12,buy_and_hold,Hold,0.1038,0.0988,0.1007,0.097,0.0961,0.1047,0.0991,0.0945,0.103,0.1022
2022-12-13,buy_and_hold,Hold,0.1041,0.0983,0.099,0.0976,0.0989,0.1051,0.0994,0.0954,0.1018,0.1004
2022-12-14,buy_and_hold,Hold,0.1044,0.0975,0.0992,0.0972,0.0977,0.1056,0.1001,0.0954,0.1014,0.1016
2022-12-15,buy_and_hold,Hold,0.1043,0.0963,0.1,0.0961,0.1,0.1051,0.1007,0.0933,0.1007,0.1036
2022-12-16,buy_and_hold,Hold,0.1045,0.0921,0.1012,0.097,0.0989,0.107,0.0987,0.0943,0.1019,0.1045
2022-12-19,buy_and_hold,Hold,0.1052,0.0899,0.1021,0.0948,0.1,0.1071,0.0992,0.0933,0.1033,0.1051
2022-12-20,buy_and_hold,Hold,0.1046,0.0917,0.1041,0.0945,0.1001,0.1061,0.0991,0.0934,0.1016,0.1047
2022-12-21,buy_and_hold,Hold,0.1043,0.0925,0.1035,0.0946,0.104,0.1049,0.0988,0.0924,0.102,0.1031
2022-12-22,buy_and_hold,Hold,0.1057,0.0923,0.1041,0.0927,0.101,0.1058,0.0996,0.0918,0.1019,0.105
2022-12-23,buy_and_hold,Hold,0.1047,0.0918,0.1042,0.0932,0.1056,0.1044,0.0993,0.0923,0.0996,0.1049
2022-12-27,buy_and_hold,Hold,0.1053,0.0917,0.1052,0.091,0.1068,0.1048,0.099,0.0906,0.0999,0.1057
2022-12-28,buy_and_hold,Hold,0.1064,0.0925,0.1058,0.0912,0.103,0.1057,0.0986,0.0907,0.1,0.106
2022-12-29,buy_and_hold,Hold,0.1071,0.0928,0.105,0.0923,0.1029,0.1045,0.099,0.0917,0.1002,0.1043
2022-12-30,buy_and_hold,Hold,0.1067,0.0924,0.1049,0.0922,0.1048,0.1041,0.0995,0.0916,0.0998,0.1041
2023-01-03,buy_and_hold,Rebalance,0.1,0.1,0.1,0.1,0.1,0.1,0.1,0.1,0.1,0.1
2023-01-04,buy_and_hold,Hold,0.1015,0.0996,0.1005,0.0992,0.0966,0.1,0.1019,0.0988,0.1022,0.0997
2023-01-05,buy_and_hold,Hold,0.1026,0.0987,0.1014,0.0983,0.0972,0.0999,0.1007,0.0982,0.1019,0.1011
2023-01-06,buy_and_hold,Hold,0.1014,0.0985,0.102,0.0992,0.0973,0.1001,0.1013,0.0969,0.1023,0.1009
2023-01-09,buy_and_hold,Hold,0.1012,0.1002,0.0987,0.1007,0.0983,0.1005,0.1006,0.0977,0.1024,0.0999
2023-01-10,buy_and_hold,Hold,0.1019,0.0998,0.0987,0.1027,0.0972,0.1001,0.1005,0.0973,0.1026,0.0991
2023-01-11,buy_and_hold,Hold,0.0996,0.1007,0.0969,0.1069,0.0969,0.0984,0.1029,0.099,0.1017,0.0971
2023-01-12,buy_and_hold,Hold,0.0982,0.1014,0.0965,0.1068,0.1,0.0973,0.104,0.0983,0.1016,0.0959
2023-01-13,buy_and_hold,Hold,0.0993,0.1,0.0971,0.1091,0.0992,0.0969,0.103,0.0987,0.1009,0.0956
2023-01-17,buy_and_hold,Hold,0.1,0.1018,0.0973,0.1076,0.0995,0.0961,0.1042,0.0985,0.0994,0.0954
2023-01-18,buy_and_hold,Hold,0.0998,0.1008,0.0981,0.1086,0.0987,0.0965,0.1052,0.0999,0.0979,0.0944
2023-01-19,buy_and_hold,Hold,0.1006,0.0995,0.0969,0.1071,0.1016,0.096,0.1051,0.1024,0.0949,0.096
2023-01-20,buy_and_hold,Hold,0.0995,0.1002,0.0955,0.109,0.1,0.0955,0.1048,0.1058,0.0948,0.095
2023-01-23,buy_and_hold,Hold,0.0997,0.099,0.0954,0.1084,0.0998,0.0961,0.1053,0.1068,0.0955,0.0939
2023-01-24,buy_and_hold,Hold,0.0997,0.0987,0.0983,0.1084,0.0981,0.0988,0.1063,0.1059,0.0907,0.0951
2023-01-25,buy_and_hold,Hold,0.0989,0.0987,0.0993,0.1101,0.0988,0.099,0.1058,0.1039,0.0897,0.096
2023-01-26,buy_and_hold,Hold,0.0981,0.0982,0.0982,0.1114,0.1008,0.0995,0.1051,0.1055,0.0894,0.0938
2023-01-27,buy_and_hold,Hold,0.0963,0.0984,0.0973,0.1138,0.1007,0.0979,0.1065,0.1065,0.0899,0.0926
2023-01-30,buy_and_hold,Hold,0.0974,0.0986,0.0987,0.1134,0.0985,0.0991,0.1057,0.1052,0.0889,0.0946
2023-01-31,buy_and_hold,Hold,0.0965,0.0987,0.0978,0.1145,0.0973,0.0996,0.1062,0.1056,0.0895,0.0942
2023-02-01,buy_and_hold,Rebalance,0.1,0.1,0.1,0.1,0.1,0.1,0.1,0.1,0.1,0.1
2023-02-02,buy_and_hold,Hold,0.0993,0.1026,0.093,0.1063,0.0966,0.0919,0.1035,0.1062,0.1027,0.0978
2023-02-03,buy_and_hold,Hold,0.1011,0.1032,0.0958,0.0995,0.098,0.0906,0.104,0.1055,0.1026,0.0998
2023-02-06,buy_and_hold,Hold,0.1009,0.1022,0.0967,0.099,0.0986,0.0906,0.1044,0.1044,0.1024,0.1006
2023-02-07,buy_and_hold,Hold,0.1009,0.1022,0.0962,0.0978,0.1014,0.0903,0.1029,0.108,0.1016,0.0987
2023-02-08,buy_and_hold,Hold,0.101,0.1029,0.0986,0.0976,0.0995,0.0926,0.1041,0.1014,0.102,0.1003
2023-02-09,buy_and_hold,Hold,0.1006,0.1046,0.0989,0.0972,0.0984,0.0938,0.1052,0.0984,0.1014,0.1014
2023-02-10,buy_and_hold,Hold,0.0998,0.1033,0.0984,0.0958,0.1036,0.0933,0.1047,0.0972,0.1014,0.1025
2023-02-13,buy_and_hold,Hold,0.0995,0.1043,0.0994,0.0971,0.1005,0.0924,0.1049,0.0966,0.1021,0.1032
2023-02-14,buy_and_hold,Hold,0.0993,0.1039,0.0983,0.0981,0.1013,0.0916,0.1046,0.0976,0.102,0.1032
2023-02-15,buy_and_hold,Hold,0.0989,0.1045,0.098,0.0991,0.0981,0.0921,0.1044,0.0995,0.1021,0.1033
2023-02-16,buy_and_hold,Hold,0.0993,0.1038,0.0994,0.0977,0.0968,0.0924,0.1039,0.0996,0.1026,0.1044
2023-02-17,buy_and_hold,Hold,0.1006,0.1029,0.1003,0.0974,0.0924,0.0926,0.1042,0.099,0.1041,0.1065
2023-02-21,buy_and_hold,Hold,0.0998,0.1021,0.1007,0.0968,0.0944,0.0939,0.1038,0.0984,0.1028,0.1074
2023-02-22,buy_and_hold,Hold,0.099,0.1025,0.1012,0.0982,0.094,0.0943,0.1029,0.0984,0.1027,0.1069
2023-02-23,buy_and_hold,Hold,0.0985,0.1027,0.1003,0.0979,0.0968,0.0944,0.1025,0.0972,0.1023,0.1073
2023-02-24,buy_and_hold,Hold,0.0976,0.1021,0.1022,0.0966,0.0981,0.0959,0.1009,0.0964,0.1024,0.1078
2023-02-27,buy_and_hold,Hold,0.0969,0.1019,0.1017,0.0968,0.0982,0.0974,0.1008,0.0972,0.1028,0.1063
2023-02-28,buy_and_hold,Hold,0.0989,0.1018,0.1018,0.0975,0.0962,0.0978,0.0998,0.0975,0.1025,0.1062
2023-03-01,buy_and_hold,Rebalance,0.1,0.1,0.1,0.1,0.1,0.1,0.1,0.1,0.1,0.1
2023-03-02,buy_and_hold,Hold,0.1011,0.0999,0.0985,0.0993,0.1009,0.1006,0.0995,0.1011,0.099,0.1
2023-03-03,buy_and_hold,Hold,0.1014,0.1,0.0984,0.1008,0.1017,0.1001,0.0985,0.1015,0.0988,0.0987
2023-03-06,buy_and_hold,Hold,0.1001,0.1005,0.0984,0.0999,0.0995,0.0999,0.1001,0.1034,0.098,0.1004
2023-03-07,buy_and_hold,Hold,0.0992,0.1002,0.0985,0.1015,0.0987,0.1011,0.0989,0.1039,0.0972,0.1009
2023-03-08,buy_and_hold,Hold,0.0987,0.1001,0.0971,0.102,0.0972,0.1007,0.1011,0.1044,0.0973,0.1015
2023-03-09,buy_and_hold,Hold,0.0991,0.1006,0.0972,0.1022,0.0954,0.1006,0.0992,0.1043,0.0978,0.1034
2023-03-10,buy_and_hold,Hold,0.1005,0.1002,0.0982,0.1028,0.0948,0.1019,0.0927,0.1048,0.0986,0.1055
2023-03-13,buy_and_hold,Hold,0.1022,0.1,0.0958,0.1052,0.0914,0.1023,0.0926,0.1058,0.0985,0.1061
2023-03-14,buy_and_hold,Hold,0.1015,0.0994,0.0962,0.1069,0.0912,0.103,0.0919,0.108,0.0968,0.1051
2023-03-15,buy_and_hold,Hold,0.1019,0.0981,0.0945,0.1097,0.085,0.101,0.0933,0.1118,0.098,0.1067
2023-03-16,buy_and_hold,Hold,0.1016,0.0993,0.0949,0.1123,0.0856,0.1004,0.0898,0.1148,0.0978,0.1035
2023-03-17,buy_and_hold,Hold,0.101,0.0996,0.0945,0.1127,0.0841,0.1001,0.0888,0.1181,0.0981,0.1031
2023-03-20,buy_and_hold,Hold,0.1007,0.0994,0.0966,0.11,0.0861,0.1005,0.0885,0.1163,0.0982,0.1036
2023-03-21,buy_and_hold,Hold,0.0994,0.0996,0.0968,0.1112,0.0901,0.0985,0.0877,0.1183,0.0964,0.102
2023-03-22,buy_and_hold,Hold,0.1,0.1,0.0965,0.1115,0.0903,0.0995,0.0853,0.1191,0.0959,0.1019
2023-03-23,buy_and_hold,Hold,0.1,0.1071,0.0954,0.1113,0.0892,0.0962,0.0844,0.1214,0.0952,0.0999
2023-03-24,buy_and_hold,Hold,0.1004,0.1065,0.0953,0.1099,0.0899,0.0958,0.0866,0.1205,0.0947,0.1004
2023-03-27,buy_and_hold,Hold,0.1007,0.1071,0.0955,0.1096,0.092,0.0966,0.0856,0.1169,0.0949,0.101
2023-03-28,buy_and_hold,Hold,0.0993,0.1075,0.0962,0.1088,0.0934,0.0978,0.0855,0.1153,0.0952,0.1012
2023-03-29,buy_and_hold,Hold,0.0994,0.1079,0.0959,0.1105,0.0921,0.0974,0.0875,0.114,0.0951,0.1001
2023-03-30,buy_and_hold,Hold,0.0995,0.1086,0.0955,0.112,0.0904,0.0982,0.0887,0.113,0.0944,0.0997
2023-03-31,buy_and_hold,Hold,0.1,0.1079,0.0943,0.1116,0.0906,0.0998,0.0884,0.1143,0.0949,0.0983
2023-04-03,buy_and_hold,Rebalance,0.1,0.1,0.1,0.1,0.1,0.1,0.1,0.1,0.1,0.1
2023-04-04,buy_and_hold,Hold,0.1018,0.1006,0.0994,0.1021,0.0978,0.0993,0.1003,0.1009,0.0984,0.0994
2023-04-05,buy_and_hold,Hold,0.1035,0.0993,0.1006,0.0996,0.0978,0.0991,0.1004,0.101,0.0987,0.0997
2023-04-06,buy_and_hold,Hold,0.1037,0.099,0.1003,0.1001,0.0975,0.098,0.1004,0.1043,0.0975,0.0992
2023-04-10,buy_and_hold,Hold,0.1023,0.0988,0.1007,0.1,0.1,0.0983,0.1,0.1022,0.0985,0.0992
2023-04-11,buy_and_hold,Hold,0.1015,0.1,0.1015,0.0974,0.1017,0.0985,0.0988,0.1008,0.0998,0.1001
2023-04-12,buy_and_hold,Hold,0.1013,0.1001,0.1024,0.0959,0.1015,0.0997,0.0981,0.1007,0.1002,0.1001
2023-04-13,buy_and_hold,Hold,0.1016,0.0993,0.1017,0.0991,0.1023,0.0988,0.0953,0.1021,0.1006,0.0991
2023-04-14,buy_and_hold,Hold,0.1021,0.0974,0.1017,0.0994,0.1033,0.0983,0.0946,0.1036,0.1004,0.0994
2023-04-17,buy_and_hold,Hold,0.1025,0.0975,0.1021,0.0994,0.0999,0.0982,0.0985,0.1007,0.1012,0.1001
2023-04-18,buy_and_hold,Hold,0.1022,0.0975,0.1026,0.0991,0.0997,0.0987,0.0984,0.0993,0.1008,0.1017
2023-04-19,buy_and_hold,Hold,0.109,0.0964,0.1015,0.0999,0.0971,0.0986,0.0988,0.0979,0.0995,0.1013
2023-04-20,buy_and_hold,Hold,0.108,0.0957,0.1017,0.1003,0.0957,0.1001,0.0985,0.0998,0.0991,0.1011
2023-04-21,buy_and_hold,Hold,0.109,0.0957,0.1007,0.103,0.0943,0.0992,0.0987,0.0996,0.0986,0.1012
2023-04-24,buy_and_hold,Hold,0.1074,0.0958,0.1005,0.102,0.0956,0.0998,0.0981,0.0999,0.0988,0.1021
2023-04-25,buy_and_hold,Hold,0.1088,0.0951,0.1017,0.1002,0.0932,0.1003,0.0969,0.0995,0.0998,0.1045
2023-04-26,buy_and_hold,Hold,0.1082,0.0958,0.1017,0.1031,0.0913,0.0994,0.0971,0.1,0.099,0.1044
2023-04-27,buy_and_hold,Hold,0.1062,0.0949,0.1054,0.1052,0.0898,0.0989,0.0968,0.1011,0.0988,0.1029
2023-04-28,buy_and_hold,Hold,0.1066,0.096,0.1054,0.1004,0.0923,0.0993,0.0974,0.1003,0.0991,0.103
2023-05-01,buy_and_hold,Rebalance,0.1,0.1,0.1,0.1,0.1,0.1,0.1,0.1,0.1,0.1
2023-05-02,buy_and_hold,Hold,0.1021,0.1008,0.0993,0.1033,0.0947,0.1005,0.0999,0.1,0.099,0.1005
2023-05-03,buy_and_hold,Hold,0.1026,0.1004,0.0976,0.1036,0.0944,0.1012,0.1017,0.1003,0.099,0.0993
2023-05-04,buy_and_hold,Hold,0.1031,0.0985,0.0981,0.1053,0.0903,0.1015,0.1031,0.1009,0.0994,0.0997
2023-05-05,buy_and_hold,Hold,0.1021,0.097,0.098,0.1056,0.0918,0.1022,0.1035,0.1005,0.0996,0.0997
2023-05-08,buy_and_hold,Hold,0.1019,0.0968,0.0982,0.1059,0.0916,0.1019,0.1026,0.1027,0.0988,0.0996
2023-05-09,buy_and_hold,Hold,0.1023,0.0972,0.0988,0.1077,0.0926,0.0974,0.1026,0.1032,0.0981,0.1002
2023-05-10,buy_and_hold,Hold,0.1018,0.0983,0.0969,0.1103,0.0908,0.0969,0.1026,0.1065,0.0974,0.0983
2023-05-11,buy_and_hold,Hold,0.1008,0.0992,0.0964,0.1119,0.0912,0.095,0.1006,0.1107,0.0969,0.0973
2023-05-12,buy_and_hold,Hold,0.1013,0.101,0.0957,0.11,0.091,0.0956,0.0999,0.1116,0.0965,0.0973
2023-05-15,buy_and_hold,Hold,0.1006,0.1011,0.0956,0.1109,0.0908,0.0959,0.1009,0.1106,0.0966,0.097
2023-05-16,buy_and_hold,Hold,0.1008,0.1023,0.0955,0.1138,0.0878,0.0953,0.0988,0.1142,0.0948,0.0967
2023-05-17,buy_and_hold,Hold,0.099,0.103,0.0957,0.1144,0.0892,0.0943,0.0988,0.114,0.0957,0.0959
2023-05-18,buy_and_hold,Hold,0.0982,0.1035,0.0963,0.1165,0.0892,0.0936,0.0965,0.1153,0.0961,0.0949
2023-05-19,buy_and_hold,Hold,0.0985,0.1042,0.0961,0.1144,0.091,0.0946,0.0955,0.115,0.0954,0.0952
2023-05-22,buy_and_hold,Hold,0.0976,0.1043,0.0954,0.1129,0.0909,0.093,0.0968,0.1169,0.0978,0.0942
2023-05-23,buy_and_hold,Hold,0.096,0.1041,0.0953,0.1137,0.0927,0.0925,0.0978,0.1154,0.0975,0.0949
2023-05-24,buy_and_hold,Hold,0.0954,0.1046,0.0941,0.1166,0.0949,0.0932,0.0957,0.1149,0.0948,0.0959
2023-05-25,buy_and_hold,Hold,0.0941,0.1069,0.0946,0.1154,0.0924,0.0941,0.0935,0.1179,0.0953,0.0957
2023-05-26,buy_and_hold,Hold,0.0937,0.1099,0.0933,0.1191,0.0916,0.0935,0.0928,0.1176,0.0941,0.0945
2023-05-30,buy_and_hold,Hold,0.0927,0.1118,0.0945,0.1208,0.0885,0.0938,0.0936,0.1169,0.0933,0.094
2023-05-31,buy_and_hold,Hold,0.0938,0.1119,0.0939,0.1208,0.088,0.0929,0.0952,0.1171,0.0915,0.095
2023-06-01,buy_and_hold,Rebalance,0.1,0.1,0.1,0.1,0.1,0.1,0.1,0.1,0.1,0.1
2023-06-02,buy_and_hold,Hold,0.0984,0.0991,0.1,0.0983,0.1021,0.0999,0.0997,0.0979,0.1056,0.0988
2023-06-05,buy_and_hold,Hold,0.0989,0.0977,0.1017,0.1,0.1011,0.1003,0.1006,0.0998,0.1018,0.0981
2023-06-06,buy_and_hold,Hold,0.0972,0.0983,0.1019,0.1004,0.1013,0.0993,0.1024,0.1002,0.1015,0.0975
2023-06-07,buy_and_hold,Hold,0.0958,0.0988,0.1025,0.0957,0.1041,0.1002,0.1051,0.096,0.1038,0.0981
2023-06-08,buy_and_hold,Hold,0.0952,0.0978,0.1024,0.0983,0.103,0.1007,0.1042,0.0959,0.1038,0.0988
2023-06-09,buy_and_hold,Hold,0.0963,0.0985,0.1038,0.0979,0.1015,0.0993,0.1045,0.0962,0.1032,0.0988
2023-06-12,buy_and_hold,Hold,0.0955,0.0988,0.1029,0.0999,0.0999,0.0989,0.1043,0.0968,0.104,0.0989
2023-06-13,buy_and_hold,Hold,0.095,0.099,0.1029,0.099,0.1009,0.1,0.1042,0.096,0.1045,0.0985
2023-06-14,buy_and_hold,Hold,0.0965,0.0992,0.1021,0.0989,0.1009,0.1016,0.1042,0.096,0.1039,0.0967
2023-06-15,buy_and_hold,Hold,0.0969,0.1006,0.1023,0.0982,0.1026,0.1009,0.1023,0.0959,0.1044,0.0959
2023-06-16,buy_and_hold,Hold,0.0987,0.1,0.1026,0.0977,0.1025,0.1025,0.0982,0.0954,0.106,0.0964
2023-06-20,buy_and_hold,Hold,0.1003,0.1005,0.1013,0.099,0.1011,0.1024,0.0981,0.0962,0.1049,0.0962
2023-06-21,buy_and_hold,Hold,0.1002,0.0995,0.1012,0.0986,0.1036,0.1027,0.0977,0.0945,0.1044,0.0976
2023-06-22,buy_and_hold,Hold,0.1022,0.0977,0.1013,0.1029,0.1006,0.1023,0.0957,0.0966,0.1034,0.0973
2023-06-23,buy_and_hold,Hold,0.103,0.0958,0.1017,0.1032,0.0996,0.1027,0.0951,0.0969,0.1047,0.0974
2023-06-26,buy_and_hold,Hold,0.103,0.0951,0.102,0.1012,0.1006,0.1023,0.0995,0.0934,0.104,0.0989
2023-06-27,buy_and_hold,Hold,0.102,0.0959,0.103,0.1024,0.0995,0.1038,0.1003,0.093,0.1014,0.0988
2023-06-28,buy_and_hold,Hold,0.1018,0.0961,0.1028,0.1022,0.1008,0.1037,0.0974,0.0945,0.1017,0.0991
2023-06-29,buy_and_hold,Hold,0.101,0.0974,0.103,0.1005,0.1021,0.104,0.0984,0.0928,0.1015,0.0993
2023-06-30,buy_and_hold,Hold,0.1013,0.0966,0.1031,0.1014,0.1019,0.1054,0.0975,0.0924,0.1014,0.0991
2023-07-03,buy_and_hold,Rebalance,0.1,0.1,0.1,0.1,0.1,0.1,0.1,0.1,0.1,0.1
2023-07-05,buy_and_hold,Hold,0.1004,0.0999,0.0999,0.1004,0.1011,0.0972,0.101,0.1018,0.0978,0.1004
2023-07-06,buy_and_hold,Hold,0.1011,0.1001,0.1003,0.0997,0.0999,0.098,0.1019,0.1013,0.0963,0.1015
2023-07-07,buy_and_hold,Hold,0.0999,0.099,0.1005,0.1004,0.1032,0.0973,0.1015,0.1004,0.0969,0.1009
2023-07-10,buy_and_hold,Hold,0.1011,0.1005,0.1004,0.0989,0.1043,0.0989,0.1012,0.0984,0.0973,0.0991
2023-07-11,buy_and_hold,Hold,0.0997,0.099,0.0999,0.0983,0.1088,0.0966,0.1014,0.0972,0.1002,0.0988
2023-07-12,buy_and_hold,Hold,0.0986,0.1002,0.099,0.0993,0.1089,0.098,0.1003,0.0981,0.0993,0.0984
2023-07-13,buy_and_hold,Hold,0.0983,0.0991,0.0971,0.1005,0.1104,0.098,0.0998,0.1012,0.0991,0.0967
2023-07-14,buy_and_hold,Hold,0.099,0.0998,0.097,0.1012,0.1053,0.0984,0.1008,0.1024,0.099,0.097
2023-07-17,buy_and_hold,Hold,0.0985,0.1014,0.0985,0.1007,0.1048,0.0989,0.0994,0.1021,0.0988,0.0971
2023-07-18,buy_and_hold,Hold,0.0979,0.1017,0.0987,0.0997,0.1087,0.0981,0.0983,0.1008,0.0995,0.0966
2023-07-19,buy_and_hold,Hold,0.0979,0.1002,0.0989,0.1012,0.1087,0.0979,0.1001,0.0991,0.0996,0.0962
2023-07-20,buy_and_hold,Hold,0.1019,0.098,0.1003,0.097,0.1091,0.0986,0.1015,0.0967,0.1002,0.0967
2023-07-21,buy_and_hold,Hold,0.1033,0.098,0.0995,0.0963,0.1102,0.0983,0.1024,0.0966,0.0995,0.0958
2023-07-24,buy_and_hold,Hold,0.1035,0.0974,0.0994,0.0953,0.1118,0.0979,0.1021,0.0976,0.0993,0.0956
2023-07-25,buy_and_hold,Hold,0.1011,0.0979,0.0987,0.0947,0.1117,0.0984,0.1018,0.0974,0.1037,0.0946
2023-07-26,buy_and_hold,Hold,0.1009,0.0964,0.0979,0.0929,0.1116,0.0963,0.1035,0.1018,0.1051,0.0937
2023-07-27,buy_and_hold,Hold,0.1002,0.0976,0.0974,0.0935,0.1107,0.0968,0.1028,0.1024,0.1043,0.0942
2023-07-28,buy_and_hold,Hold,0.0995,0.0959,0.0971,0.0956,0.1117,0.0962,0.1026,0.1041,0.1041,0.0933
2023-07-31,buy_and_hold,Hold,0.0982,0.0961,0.097,0.0966,0.1126,0.0967,0.1018,0.1042,0.1037,0.0931
2023-08-01,buy_and_hold,Rebalance,0.1,0.1,0.1,0.1,0.1,0.1,0.1,0.1,0.1,0.1
2023-08-02,buy_and_hold,Hold,0.0991,0.0999,0.1067,0.0982,0.0978,0.0999,0.101,0.0985,0.0994,0.0995
2023-08-03,buy_and_hold,Hold,0.0982,0.0998,0.1079,0.0988,0.1045,0.0941,0.1012,0.0986,0.0979,0.099
2023-08-04,buy_and_hold,Hold,0.0979,0.0978,0.1072,0.1066,0.1046,0.0946,0.0995,0.0979,0.096,0.0979
2023-08-07,buy_and_hold,Hold,0.0974,0.0977,0.1073,0.1072,0.1041,0.0943,0.1011,0.0993,0.0945,0.097
2023-08-08,buy_and_hold,Hold,0.0955,0.0981,0.1068,0.1062,0.1076,0.0937,0.1003,0.0998,0.0941,0.0979
2023-08-09,buy_and_hold,Hold,0.0956,0.0974,0.1053,0.105,0.1103,0.0947,0.1007,0.0989,0.0941,0.0979
2023-08-10,buy_and_hold,Hold,0.0952,0.0971,0.1055,0.1057,0.1102,0.0951,0.1001,0.099,0.0944,0.0976
2023-08-11,buy_and_hold,Hold,0.0953,0.0963,0.1061,0.1051,0.1116,0.0955,0.1001,0.0985,0.0946,0.0968
2023-08-14,buy_and_hold,Hold,0.0959,0.097,0.1062,0.1066,0.1109,0.096,0.098,0.0997,0.0934,0.0962
2023-08-15,buy_and_hold,Hold,0.0964,0.0973,0.1067,0.1062,0.1107,0.0958,0.097,0.1002,0.0929,0.0968
2023-08-16,buy_and_hold,Hold,0.0965,0.0978,0.1073,0.1046,0.1106,0.0964,0.0975,0.0998,0.093,0.0965
2023-08-17,buy_and_hold,Hold,0.0968,0.0971,0.1069,0.1038,0.1116,0.0959,0.0971,0.1007,0.0939,0.0961
2023-08-18,buy_and_hold,Hold,0.0962,0.0968,0.1064,0.1037,0.1127,0.0966,0.0967,0.0994,0.0941,0.0974
2023-08-21,buy_and_hold,Hold,0.0964,0.0979,0.1059,0.1049,0.1119,0.0967,0.096,0.1001,0.0934,0.097
2023-08-22,buy_and_hold,Hold,0.0978,0.0989,0.1052,0.1048,0.1089,0.0969,0.0964,0.1009,0.093,0.0973
2023-08-23,buy_and_hold,Hold,0.0968,0.1,0.1039,0.1048,0.1076,0.0962,0.0978,0.1025,0.0931,0.0972
2023-08-24,buy_and_hold,Hold,0.0962,0.1003,0.1062,0.1026,0.1076,0.0972,0.0976,0.1011,0.0927,0.0985
2023-08-25,buy_and_hold,Hold,0.0961,0.1013,0.1056,0.1032,0.1083,0.0972,0.0964,0.1007,0.0926,0.0986
2023-08-28,buy_and_hold,Hold,0.0941,0.1012,0.1053,0.1023,0.1079,0.097,0.096,0.1008,0.0968,0.0985
2023-08-29,buy_and_hold,Hold,0.094,0.1008,0.1041,0.1025,0.1083,0.0971,0.0961,0.1023,0.0969,0.0979
2023-08-30,buy_and_hold,Hold,0.0942,0.1005,0.1039,0.1023,0.1084,0.0975,0.0963,0.103,0.0956,0.0983
2023-08-31,buy_and_hold,Hold,0.0927,0.1005,0.1036,0.1044,0.1085,0.0973,0.0949,0.1031,0.0975,0.0975
2023-09-01,buy_and_hold,Rebalance,0.1,0.1,0.1,0.1,0.1,0.1,0.1,0.1,0.1,0.1
2023-09-05,buy_and_hold,Hold,0.0986,0.1001,0.0998,0.0999,0.1011,0.0988,0.1001,0.1006,0.1005,0.1005
2023-09-06,buy_and_hold,Hold,0.0998,0.1006,0.1003,0.099,0.1001,0.0995,0.1002,0.1002,0.1005,0.0997
2023-09-07,buy_and_hold,Hold,0.0987,0.101,0.1007,0.1007,0.0993,0.0989,0.1003,0.1006,0.0999,0.1
2023-09-08,buy_and_hold,Hold,0.0985,0.0999,0.1007,0.1007,0.0988,0.1008,0.0989,0.1011,0.0999,0.1005
2023-09-11,buy_and_hold,Hold,0.0997,0.0995,0.1012,0.1037,0.0952,0.1017,0.0964,0.101,0.1009,0.1009
2023-09-12,buy_and_hold,Hold,0.0999,0.0964,0.1024,0.1026,0.0984,0.1017,0.0959,0.1001,0.1005,0.1021
2023-09-13,buy_and_hold,Hold,0.1009,0.0968,0.1033,0.106,0.0944,0.1028,0.0958,0.1019,0.0955,0.1026
2023-09-14,buy_and_hold,Hold,0.0998,0.0966,0.1034,0.1048,0.0954,0.1027,0.0976,0.1018,0.0957,0.1022
2023-09-15,buy_and_hold,Hold,0.1001,0.0965,0.1036,0.1029,0.0954,0.1026,0.0985,0.1025,0.0957,0.1021
2023-09-18,buy_and_hold,Hold,0.0995,0.0977,0.1042,0.1027,0.096,0.1018,0.0973,0.1032,0.0957,0.1018
2023-09-19,buy_and_hold,Hold,0.0996,0.0985,0.1053,0.1014,0.0952,0.1022,0.0973,0.1036,0.0954,0.1016
2023-09-20,buy_and_hold,Hold,0.1002,0.0994,0.1061,0.1007,0.0941,0.1017,0.0987,0.1014,0.0952,0.1026
2023-09-21,buy_and_hold,Hold,0.1016,0.1005,0.1076,0.0989,0.094,0.1017,0.0929,0.1015,0.0963,0.105
2023-09-22,buy_and_hold,Hold,0.1011,0.1021,0.1081,0.099,0.0945,0.1019,0.0917,0.1017,0.0961,0.1039
2023-09-25,buy_and_hold,Hold,0.1001,0.1022,0.1085,0.1004,0.0961,0.1027,0.0911,0.1021,0.0936,0.1031
2023-09-26,buy_and_hold,Hold,0.1003,0.1016,0.1096,0.0978,0.0976,0.1031,0.0903,0.1016,0.0941,0.1041
2023-09-27,buy_and_hold,Hold,0.099,0.1023,0.1098,0.0972,0.1002,0.102,0.0901,0.1026,0.0932,0.1036
2023-09-28,buy_and_hold,Hold,0.1014,0.0976,0.1104,0.097,0.0996,0.1023,0.0914,0.1037,0.0927,0.1038
2023-09-29,buy_and_hold,Hold,0.1004,0.0999,0.1095,0.0982,0.0972,0.1021,0.0925,0.1029,0.0934,0.104
2023-10-02,buy_and_hold,Rebalance,0.1,0.1,0.1,0.1,0.1,0.1,0.1,0.1,0.1,0.1
2023-10-03,buy_and_hold,Hold,0.101,0.1003,0.0996,0.0972,0.1013,0.1019,0.0999,0.0996,0.0993,0.0998
2023-10-04,buy_and_hold,Hold,0.1005,0.1009,0.1001,0.0987,0.0967,0.1027,0.1002,0.1014,0.0981,0.1007
2023-10-05,buy_and_hold,Hold,0.1012,0.1012,0.1007,0.098,0.0961,0.101,0.1005,0.1014,0.0981,0.1017
2023-10-06,buy_and_hold,Hold,0.1012,0.1013,0.1015,0.0989,0.0951,0.1007,0.0996,0.1026,0.098,0.1012
2023-10-09,buy_and_hold,Hold,0.0999,0.1001,0.1011,0.098,0.098,0.1007,0.1012,0.102,0.0976,0.1015
2023-10-10,buy_and_hold,Hold,0.1003,0.0997,0.1015,0.0985,0.0969,0.1016,0.1007,0.1013,0.0989,0.1006
2023-10-11,buy_and_hold,Hold,0.095,0.1,0.1025,0.1,0.0967,0.1024,0.1015,0.1029,0.0984,0.1005
2023-10-12,buy_and_hold,Hold,0.0942,0.0985,0.1038,0.1016,0.0986,0.1018,0.0995,0.103,0.0981,0.101
2023-10-13,buy_and_hold,Hold,0.0945,0.0974,0.1039,0.0993,0.1034,0.1013,0.0998,0.1014,0.0974,0.1016
2023-10-16,buy_and_hold,Hold,0.0946,0.0972,0.1036,0.1,0.1043,0.1005,0.1004,0.1013,0.0974,0.1007
2023-10-17,buy_and_hold,Hold,0.0942,0.0977,0.1036,0.0988,0.1044,0.1014,0.1,0.1013,0.0976,0.101
2023-10-18,buy_and_hold,Hold,0.0986,0.0972,0.1033,0.0973,0.1069,0.0998,0.0977,0.1011,0.0963,0.1019
2023-10-19,buy_and_hold,Hold,0.0992,0.0977,0.103,0.0982,0.1084,0.0995,0.0955,0.1016,0.0955,0.1014
2023-10-20,buy_and_hold,Hold,0.1016,0.0967,0.1014,0.0967,0.1073,0.0998,0.0968,0.101,0.0959,0.1027
2023-10-23,buy_and_hold,Hold,0.1014,0.0968,0.1017,0.0985,0.1056,0.0992,0.0968,0.1025,0.0956,0.1021
2023-10-24,buy_and_hold,Hold,0.0992,0.0961,0.1013,0.0989,0.1039,0.099,0.097,0.1031,0.0995,0.1019
2023-10-25,buy_and_hold,Hold,0.1001,0.0971,0.1042,0.0955,0.1063,0.1002,0.0954,0.0954,0.1009,0.1049
2023-10-26,buy_and_hold,Hold,0.1018,0.0981,0.1046,0.0953,0.1061,0.1026,0.0988,0.094,0.1014,0.0974
2023-10-27,buy_and_hold,Hold,0.1008,0.0976,0.1034,0.102,0.1055,0.1023,0.0965,0.0941,0.1002,0.0977
2023-10-30,buy_and_hold,Hold,0.0995,0.0971,0.1031,0.1044,0.1028,0.1024,0.0965,0.0945,0.1011,0.0986
2023-10-31,buy_and_hold,Hold,0.1005,0.0979,0.1034,0.104,0.1023,0.1024,0.096,0.0936,0.102,0.0978
2023-11-01,buy_and_hold,Rebalance,0.1,0.1,0.1,0.1,0.1,0.1,0.1,0.1,0.1,0.1
2023-11-02,buy_and_hold,Hold,0.099,0.1005,0.1014,0.0988,0.0982,0.1002,0.1033,0.0988,0.0999,0.0999
2023-11-03,buy_and_hold,Hold,0.0977,0.101,0.1007,0.098,0.0977,0.1002,0.1067,0.0989,0.1004,0.0987
2023-11-06,buy_and_hold,Hold,0.0973,0.1013,0.1002,0.0992,0.0965,0.1,0.106,0.1002,0.1005,0.0988
2023-11-07,buy_and_hold,Hold,0.0986,0.1036,0.1012,0.1029,0.095,0.0887,0.1059,0.1023,0.1016,0.1003
2023-11-08,buy_and_hold,Hold,0.0988,0.1047,0.1006,0.1027,0.0918,0.0908,0.1065,0.1033,0.101,0.0998
2023-11-09,buy_and_hold,Hold,0.0985,0.1046,0.1024,0.1027,0.0918,0.0932,0.1019,0.1031,0.1013,0.1006
2023-11-10,buy_and_hold,Hold,0.0979,0.1052,0.102,0.1037,0.0922,0.0927,0.1019,0.1038,0.1014,0.0992
2023-11-13,buy_and_hold,Hold,0.1001,0.1042,0.1022,0.1033,0.0918,0.0928,0.1008,0.1037,0.1016,0.0995
2023-11-14,buy_and_hold,Hold,0.0989,0.1031,0.1007,0.103,0.0918,0.0916,0.1097,0.1022,0.1015,0.0975
2023-11-15,buy_and_hold,Hold,0.0993,0.1043,0.0985,0.1007,0.0907,0.093,0.1096,0.1025,0.103,0.0984
2023-11-16,buy_and_hold,Hold,0.1016,0.1049,0.0993,0.1004,0.0872,0.093,0.1076,0.1043,0.1034,0.0982
2023-11-17,buy_and_hold,Hold,0.1007,0.1048,0.1,0.1019,0.0895,0.0916,0.1074,0.1029,0.1028,0.0984
2023-11-20,buy_and_hold,Hold,0.1019,0.1053,0.0988,0.1021,0.0894,0.0919,0.1076,0.1031,0.1019,0.0979
2023-11-21,buy_and_hold,Hold,0.1028,0.1052,0.0998,0.1006,0.0886,0.0934,0.107,0.1038,0.101,0.0979
2023-11-22,buy_and_hold,Hold,0.1027,0.1053,0.0996,0.1018,0.0877,0.092,0.107,0.1041,0.1017,0.0981
2023-11-24,buy_and_hold,Hold,0.1026,0.1053,0.1,0.1015,0.0883,0.0918,0.1073,0.1025,0.102,0.0985
2023-11-27,buy_and_hold,Hold,0.1026,0.105,0.1002,0.1024,0.0871,0.091,0.1073,0.1024,0.1034,0.0986
2023-11-28,buy_and_hold,Hold,0.1017,0.1047,0.0989,0.1016,0.087,0.0897,0.1098,0.1027,0.1046,0.0992
2023-11-29,buy_and_hold,Hold,0.1033,0.1051,0.0983,0.1012,0.0869,0.0891,0.1112,0.1011,0.1046,0.0992
2023-11-30,buy_and_hold,Hold,0.1038,0.1048,0.0994,0.1008,0.0859,0.0902,0.1113,0.0991,0.105,0.0996
2023-12-01,buy_and_hold,Rebalance,0.1,0.1,0.1,0.1,0.1,0.1,0.1,0.1,0.1,0.1
2023-12-04,buy_and_hold,Hold,0.1004,0.0996,0.1002,0.0986,0.099,0.0991,0.1015,0.0981,0.1037,0.0998
2023-12-05,buy_and_hold,Hold,0.1002,0.1,0.1007,0.1006,0.0967,0.0967,0.102,0.1,0.1025,0.1006
2023-12-06,buy_and_hold,Hold,0.1013,0.1004,0.1001,0.0995,0.0951,0.097,0.1044,0.0998,0.1042,0.0983
2023-12-07,buy_and_hold,Hold,0.0998,0.0997,0.0998,0.1004,0.094,0.0966,0.1038,0.1044,0.104,0.0975
2023-12-08,buy_and_hold,Hold,0.1001,0.1002,0.1004,0.1007,0.0957,0.097,0.1016,0.1029,0.104,0.0974
2023-12-11,buy_and_hold,Hold,0.1015,0.1015,0.1008,0.0994,0.0961,0.0972,0.1013,0.1013,0.1035,0.0974
2023-12-12,buy_and_hold,Hold,0.102,0.1018,0.1024,0.1006,0.0947,0.0983,0.0992,0.1008,0.103,0.0973
2023-12-13,buy_and_hold,Hold,0.1011,0.1005,0.1005,0.1001,0.0952,0.0976,0.105,0.0994,0.1031,0.0975
2023-12-14,buy_and_hold,Hold,0.1014,0.0992,0.0963,0.0981,0.0966,0.0972,0.1114,0.0979,0.1049,0.0968
2023-12-15,buy_and_hold,Hold,0.1006,0.1001,0.0959,0.1003,0.0961,0.0977,0.1084,0.0989,0.1054,0.0964
2023-12-18,buy_and_hold,Hold,0.1008,0.0989,0.0962,0.1025,0.0963,0.0973,0.1069,0.1007,0.1037,0.0969
2023-12-19,buy_and_hold,Hold,0.1006,0.0984,0.0968,0.1018,0.0968,0.0973,0.1068,0.1009,0.1036,0.097
2023-12-20,buy_and_hold,Hold,0.1011,0.0991,0.0964,0.1021,0.0969,0.0971,0.1057,0.1036,0.1025,0.0956
2023-12-21,buy_and_hold,Hold,0.1007,0.1005,0.0958,0.1019,0.0967,0.0971,0.1063,0.1037,0.103,0.0943
2023-12-22,buy_and_hold,Hold,0.1009,0.1018,0.0957,0.1013,0.0964,0.0972,0.105,0.1042,0.1034,0.0942
2023-12-26,buy_and_hold,Hold,0.1004,0.1008,0.0953,0.1006,0.0993,0.0972,0.1053,0.1034,0.1043,0.0934
2023-12-27,buy_and_hold,Hold,0.1009,0.1008,0.0955,0.1005,0.0989,0.0974,0.1054,0.1026,0.1049,0.093
2023-12-28,buy_and_hold,Hold,0.1016,0.1004,0.0959,0.1007,0.0962,0.0971,0.1063,0.1026,0.106,0.0932
2023-12-29,buy_and_hold,Hold,0.1016,0.1005,0.0967,0.1001,0.096,0.0979,0.1049,0.1026,0.106,0.0938
2024-01-02,buy_and_hold,Rebalance,0.1,0.1,0.1,0.1,0.1,0.1,0.1,0.1,0.1,0.1
2024-01-03,buy_and_hold,Hold,0.1005,0.0982,0.1007,0.0998,0.1026,0.0999,0.0977,0.1014,0.0988,0.1004
2024-01-04,buy_and_hold,Hold,0.103,0.0991,0.1008,0.0983,0.0962,0.1008,0.0991,0.1007,0.1003,0.1018
2024-01-05,buy_and_hold,Hold,0.1027,0.0988,0.1011,0.0986,0.0968,0.1005,0.0996,0.1,0.1005,0.1016
2024-01-08,buy_and_hold,Hold,0.103,0.0988,0.1002,0.1001,0.0941,0.1005,0.101,0.1012,0.0996,0.1015
2024-01-09,buy_and_hold,Hold,0.1037,0.0998,0.0977,0.102,0.0923,0.0991,0.1003,0.1031,0.1002,0.1017
2024-01-10,buy_and_hold,Hold,0.1048,0.1002,0.0999,0.1032,0.0908,0.0983,0.1005,0.1037,0.0991,0.0994
2024-01-11,buy_and_hold,Hold,0.1046,0.101,0.1,0.1043,0.0905,0.0975,0.098,0.1036,0.0997,0.1008
2024-01-12,buy_and_hold,Hold,0.1048,0.1033,0.0999,0.1037,0.0906,0.0971,0.0982,0.1038,0.0988,0.1
2024-01-16,buy_and_hold,Hold,0.1055,0.1036,0.1004,0.1035,0.0878,0.0965,0.0992,0.1045,0.0992,0.0999
2024-01-17,buy_and_hold,Hold,0.1064,0.1044,0.1015,0.1033,0.0871,0.0971,0.0972,0.1045,0.0984,0.1
2024-01-18,buy_and_hold,Hold,0.1061,0.1058,0.1021,0.1041,0.0864,0.0967,0.0959,0.1056,0.0984,0.0989
2024-01-19,buy_and_hold,Hold,0.1058,0.1062,0.1022,0.1045,0.0855,0.0961,0.0962,0.1069,0.0988,0.0978
2024-01-22,buy_and_hold,Hold,0.1052,0.107,0.1022,0.1039,0.0863,0.0961,0.0961,0.1064,0.0989,0.098
2024-01-23,buy_and_hold,Hold,0.1059,0.1087,0.1032,0.1057,0.0875,0.0977,0.0958,0.1081,0.0887,0.0988
2024-01-24,buy_and_hold,Hold,0.1036,0.1091,0.1043,0.107,0.0895,0.0961,0.0955,0.11,0.0867,0.0982
2024-01-25,buy_and_hold,Hold,0.1036,0.1084,0.1027,0.106,0.0901,0.0971,0.0961,0.1107,0.0879,0.0974
2024-01-26,buy_and_hold,Hold,0.1031,0.108,0.1031,0.1068,0.0902,0.0963,0.0967,0.1108,0.0878,0.0973
2024-01-29,buy_and_hold,Hold,0.1038,0.1081,0.1016,0.1076,0.089,0.0955,0.0978,0.1112,0.0877,0.0975
2024-01-30,buy_and_hold,Hold,0.1045,0.1081,0.1036,0.1068,0.0911,0.0955,0.0944,0.1104,0.0876,0.098
2024-01-31,buy_and_hold,Hold,0.1065,0.1083,0.1042,0.1065,0.09,0.0962,0.0962,0.1044,0.0883,0.0993
2024-02-01,buy_and_hold,Rebalance,0.1,0.1,0.1,0.1,0.1,0.1,0.1,0.1,0.1,0.1
2024-02-02,buy_and_hold,Hold,0.0976,0.1003,0.1005,0.1076,0.0979,0.0992,0.0989,0.1006,0.0986,0.0989
2024-02-05,buy_and_hold,Hold,0.0998,0.1022,0.1025,0.1094,0.099,0.086,0.0986,0.1042,0.0989,0.0994
2024-02-06,buy_and_hold,Hold,0.1015,0.1002,0.1029,0.1082,0.101,0.0856,0.0979,0.104,0.0996,0.0992
2024-02-07,buy_and_hold,Hold,0.1006,0.1005,0.1052,0.1088,0.1008,0.0844,0.0973,0.1048,0.0995,0.0981
2024-02-08,buy_and_hold,Hold,0.0999,0.101,0.1043,0.1084,0.1006,0.0862,0.0979,0.1051,0.0988,0.0977
2024-02-09,buy_and_hold,Hold,0.0991,0.1017,0.1042,0.1112,0.0984,0.086,0.0963,0.1071,0.0983,0.0976
2024-02-12,buy_and_hold,Hold,0.0993,0.1001,0.1041,0.1093,0.1,0.0866,0.0973,0.1056,0.0997,0.0982
2024-02-13,buy_and_hold,Hold,0.1001,0.1007,0.1055,0.109,0.099,0.0863,0.0948,0.1059,0.0995,0.0993
2024-02-14,buy_and_hold,Hold,0.1,0.1022,0.1059,0.1097,0.0989,0.0855,0.0946,0.1057,0.0985,0.099
2024-02-15,buy_and_hold,Hold,0.1,0.1009,0.106,0.1074,0.1022,0.0881,0.0982,0.1019,0.0986,0.097
2024-02-16,buy_and_hold,Hold,0.1006,0.1007,0.1053,0.1075,0.1036,0.0883,0.0984,0.1006,0.0977,0.0973
2024-02-20,buy_and_hold,Hold,0.1031,0.099,0.1053,0.1062,0.1018,0.0889,0.0982,0.1012,0.0985,0.0977
2024-02-21,buy_and_hold,Hold,0.1035,0.0978,0.1052,0.1064,0.1026,0.0883,0.0996,0.1015,0.0977,0.0975
2024-02-22,buy_and_hold,Hold,0.1037,0.0998,0.1049,0.1093,0.0978,0.0889,0.0986,0.1018,0.0975,0.0978
2024-02-23,buy_and_hold,Hold,0.1036,0.101,0.1054,0.109,0.0968,0.089,0.0988,0.1012,0.0974,0.0978
2024-02-26,buy_and_hold,Hold,0.1042,0.1023,0.1058,0.1103,0.0967,0.0888,0.0978,0.098,0.0979,0.0981
2024-02-27,buy_and_hold,Hold,0.1041,0.1017,0.1057,0.1087,0.0979,0.0891,0.0992,0.0982,0.0976,0.0978
2024-02-28,buy_and_hold,Hold,0.1049,0.102,0.1064,0.1088,0.0973,0.0896,0.0992,0.0967,0.097,0.0983
2024-02-29,buy_and_hold,Hold,0.1031,0.1006,0.1061,0.1104,0.0963,0.0897,0.1014,0.0976,0.0972,0.0976
2024-03-01,buy_and_hold,Rebalance,0.1,0.1,0.1,0.1,0.1,0.1,0.1,0.1,0.1,0.1
2024-03-04,buy_and_hold,Hold,0.1016,0.1011,0.0996,0.1001,0.0992,0.1014,0.1018,0.0976,0.1,0.0976
2024-03-05,buy_and_hold,Hold,0.1005,0.0995,0.1011,0.0983,0.1008,0.1021,0.1005,0.0973,0.1015,0.0983
2024-03-06,buy_and_hold,Hold,0.1005,0.0998,0.102,0.0972,0.1006,0.1029,0.0993,0.0957,0.1006,0.1013
2024-03-07,buy_and_hold,Hold,0.101,0.1006,0.1013,0.0983,0.0995,0.1029,0.0989,0.097,0.0999,0.1007
2024-03-08,buy_and_hold,Hold,0.1008,0.0982,0.101,0.0973,0.1002,0.1012,0.1012,0.0976,0.1011,0.1013
2024-03-11,buy_and_hold,Hold,0.0997,0.0964,0.1018,0.095,0.101,0.1034,0.1005,0.0988,0.1008,0.1028
2024-03-12,buy_and_hold,Hold,0.0993,0.0974,0.1006,0.096,0.1008,0.1012,0.0988,0.0985,0.1048,0.1027
2024-03-13,buy_and_hold,Hold,0.0976,0.0958,0.1004,0.0955,0.1032,0.101,0.0971,0.0982,0.1092,0.1022
2024-03-14,buy_and_hold,Hold,0.0965,0.0956,0.1,0.0966,0.1028,0.1,0.0957,0.1005,0.1081,0.1043
2024-03-15,buy_and_hold,Hold,0.0944,0.0953,0.1017,0.0949,0.102,0.1005,0.0965,0.0998,0.1108,0.1041
2024-03-18,buy_and_hold,Hold,0.0915,0.0944,0.1014,0.0945,0.1027,0.1005,0.0959,0.1039,0.1101,0.1051
2024-03-19,buy_and_hold,Hold,0.0917,0.0954,0.1008,0.0949,0.1048,0.0985,0.0956,0.1031,0.1102,0.105
2024-03-20,buy_and_hold,Hold,0.0896,0.0952,0.1007,0.0953,0.1059,0.0965,0.0968,0.1034,0.1122,0.1045
2024-03-21,buy_and_hold,Hold,0.0904,0.0871,0.1016,0.0961,0.1072,0.0959,0.0995,0.1035,0.1129,0.1058
2024-03-22,buy_and_hold,Hold,0.0903,0.0858,0.1014,0.0973,0.1066,0.0972,0.0979,0.1065,0.1127,0.1042
2024-03-25,buy_and_hold,Hold,0.0896,0.0847,0.1019,0.0975,0.1099,0.0973,0.0984,0.1058,0.1103,0.1046
2024-03-26,buy_and_hold,Hold,0.0916,0.086,0.1029,0.0975,0.1054,0.0982,0.0974,0.1071,0.1089,0.1051
2024-03-27,buy_and_hold,Hold,0.0917,0.0858,0.102,0.0967,0.1063,0.0987,0.0995,0.1054,0.1091,0.1047
2024-03-28,buy_and_hold,Hold,0.0912,0.0866,0.1016,0.0963,0.1076,0.0984,0.0997,0.1047,0.1099,0.1039
2024-04-01,buy_and_hold,Rebalance,0.1,0.1,0.1,0.1,0.1,0.1,0.1,0.1,0.1,0.1
2024-04-02,buy_and_hold,Hold,0.1006,0.0999,0.1004,0.1005,0.1004,0.0992,0.0995,0.1001,0.0994,0.1
2024-04-03,buy_and_hold,Hold,0.1002,0.0989,0.101,0.1018,0.1003,0.0994,0.0994,0.1006,0.1001,0.0984
2024-04-04,buy_and_hold,Hold,0.1004,0.0996,0.1012,0.1017,0.1022,0.0996,0.0998,0.0989,0.0984,0.0982
2024-04-05,buy_and_hold,Hold,0.1003,0.0992,0.1013,0.1034,0.102,0.0991,0.1003,0.0991,0.0979,0.0974
2024-04-08,buy_and_hold,Hold,0.0995,0.0988,0.1009,0.1033,0.0998,0.0985,0.1019,0.1005,0.0987,0.098
2024-04-09,buy_and_hold,Hold,0.1007,0.099,0.098,0.103,0.0989,0.0989,0.1037,0.1011,0.0989,0.0978
2024-04-10,buy_and_hold,Hold,0.1008,0.0975,0.0989,0.1044,0.1005,0.0985,0.0994,0.102,0.1001,0.098
2024-04-11,buy_and_hold,Hold,0.101,0.0978,0.095,0.1062,0.0987,0.0986,0.1003,0.1042,0.1007,0.0974
2024-04-12,buy_and_hold,Hold,0.1009,0.0963,0.0972,0.1061,0.0982,0.0981,0.1002,0.1047,0.1002,0.098
2024-04-15,buy_and_hold,Hold,0.1016,0.0965,0.098,0.1056,0.0974,0.0988,0.0988,0.1036,0.101,0.0986
2024-04-16,buy_and_hold,Hold,0.1025,0.0972,0.0988,0.106,0.096,0.0979,0.0976,0.1039,0.1014,0.0987
2024-04-17,buy_and_hold,Hold,0.0997,0.0978,0.0989,0.1052,0.0956,0.0988,0.0974,0.105,0.1016,0.0999
2024-04-18,buy_and_hold,Hold,0.0988,0.0979,0.0995,0.1037,0.0958,0.1002,0.0972,0.105,0.1019,0.1
2024-04-19,buy_and_hold,Hold,0.1004,0.0979,0.102,0.1007,0.0961,0.0993,0.0962,0.1034,0.1024,0.1016
2024-04-22,buy_and_hold,Hold,0.0993,0.0972,0.1014,0.1013,0.0956,0.0996,0.0977,0.104,0.1019,0.1019
2024-04-23,buy_and_hold,Hold,0.0994,0.0967,0.1013,0.1023,0.094,0.099,0.0982,0.1049,0.102,0.1023
2024-04-24,buy_and_hold,Hold,0.099,0.0959,0.1022,0.1008,0.0942,0.0996,0.0985,0.1058,0.1012,0.1026
2024-04-25,buy_and_hold,Hold,0.0996,0.0951,0.1022,0.0998,0.0957,0.1004,0.0972,0.1043,0.1011,0.1047
2024-04-26,buy_and_hold,Hold,0.0988,0.0934,0.1006,0.1017,0.0947,0.0994,0.0949,0.1133,0.1001,0.1029
2024-04-29,buy_and_hold,Hold,0.0984,0.0918,0.1015,0.1023,0.0952,0.1001,0.0972,0.1093,0.1003,0.1038
2024-04-30,buy_and_hold,Hold,0.0983,0.0921,0.1016,0.1001,0.0925,0.1005,0.0955,0.1083,0.1062,0.1049
2024-05-01,buy_and_hold,Rebalance,0.1,0.1,0.1,0.1,0.1,0.1,0.1,0.1,0.1,0.1
2024-05-02,buy_and_hold,Hold,0.0994,0.1003,0.0991,0.1029,0.0954,0.1023,0.1009,0.1014,0.0981,0.1001
2024-05-03,buy_and_hold,Hold,0.099,0.101,0.0977,0.1033,0.0953,0.1028,0.1025,0.1014,0.098,0.0988
2024-05-06,buy_and_hold,Hold,0.0982,0.1012,0.099,0.1041,0.0969,0.103,0.1014,0.1013,0.0969,0.098
2024-05-07,buy_and_hold,Hold,0.0982,0.1022,0.0984,0.1036,0.0975,0.1029,0.1007,0.1027,0.0954,0.0983
2024-05-08,buy_and_hold,Hold,0.0972,0.1028,0.0988,0.1034,0.0985,0.1021,0.0996,0.1018,0.0964,0.0995
2024-05-09,buy_and_hold,Hold,0.0963,0.1004,0.0987,0.1035,0.099,0.1032,0.1009,0.1014,0.0967,0.0998
2024-05-10,buy_and_hold,Hold,0.0964,0.1003,0.0995,0.1024,0.0974,0.1032,0.1018,0.1006,0.0983,0.1002
2024-05-13,buy_and_hold,Hold,0.0964,0.1007,0.0993,0.102,0.0969,0.1031,0.1011,0.101,0.099,0.1005
2024-05-14,buy_and_hold,Hold,0.0953,0.1001,0.0994,0.1018,0.0964,0.102,0.1035,0.1013,0.0991,0.1012
2024-05-15,buy_and_hold,Hold,0.0951,0.0998,0.0999,0.1004,0.0967,0.1024,0.1035,0.1017,0.0994,0.1011
2024-05-16,buy_and_hold,Hold,0.0949,0.0992,0.0991,0.0987,0.0962,0.1041,0.1022,0.1023,0.1025,0.1009
2024-05-17,buy_and_hold,Hold,0.0937,0.0973,0.1,0.0987,0.0969,0.1059,0.1017,0.1028,0.1023,0.1006
2024-05-20,buy_and_hold,Hold,0.093,0.098,0.0993,0.0982,0.097,0.1073,0.1014,0.1034,0.1023,0.1003
2024-05-21,buy_and_hold,Hold,0.093,0.0976,0.1,0.0982,0.0967,0.107,0.1015,0.1042,0.1006,0.1015
2024-05-22,buy_and_hold,Hold,0.0948,0.0989,0.1003,0.0984,0.095,0.1072,0.1011,0.1035,0.0992,0.1017
2024-05-23,buy_and_hold,Hold,0.0956,0.0999,0.1006,0.0986,0.0944,0.108,0.099,0.1033,0.0992,0.1015
2024-05-24,buy_and_hold,Hold,0.0954,0.0983,0.1017,0.0985,0.0939,0.1087,0.0989,0.1041,0.0994,0.1012
2024-05-28,buy_and_hold,Hold,0.0938,0.0975,0.1014,0.0995,0.0956,0.1089,0.0979,0.1052,0.0987,0.1015
2024-05-29,buy_and_hold,Hold,0.0936,0.0971,0.1024,0.1004,0.0945,0.1082,0.0975,0.106,0.0986,0.1018
2024-05-30,buy_and_hold,Hold,0.0946,0.0942,0.1034,0.099,0.0963,0.1084,0.0984,0.1038,0.0993,0.1025
2024-05-31,buy_and_hold,Hold,0.0939,0.0923,0.1044,0.0963,0.0978,0.1097,0.0995,0.1028,0.1001,0.1031
2024-06-03,buy_and_hold,Rebalance,0.1,0.1,0.1,0.1,0.1,0.1,0.1,0.1,0.1,0.1
2024-06-04,buy_and_hold,Hold,0.1005,0.1022,0.099,0.1005,0.0984,0.0998,0.0998,0.1003,0.0988,0.1006
2024-06-05,buy_and_hold,Hold,0.1001,0.103,0.0991,0.1014,0.0982,0.0995,0.0986,0.101,0.099,0.1
2024-06-06,buy_and_hold,Hold,0.1007,0.1029,0.0987,0.1031,0.0986,0.0989,0.0983,0.1014,0.0978,0.0996
2024-06-07,buy_and_hold,Hold,0.1035,0.1013,0.0988,0.1022,0.097,0.1021,0.0963,0.0997,0.1,0.0993
2024-06-10,buy_and_hold,Hold,0.103,0.1016,0.098,0.1033,0.0986,0.1027,0.0954,0.0997,0.0994,0.0984
2024-06-11,buy_and_hold,Hold,0.1013,0.1029,0.097,0.1034,0.0993,0.1021,0.0951,0.1006,0.1001,0.0982
2024-06-12,buy_and_hold,Hold,0.1003,0.1002,0.098,0.1035,0.0984,0.1032,0.0972,0.1016,0.1002,0.0974
2024-06-13,buy_and_hold,Hold,0.1,0.0997,0.0977,0.1025,0.0965,0.1048,0.099,0.1007,0.1013,0.0978
2024-06-14,buy_and_hold,Hold,0.1009,0.1019,0.098,0.1031,0.0946,0.1017,0.099,0.1023,0.1012,0.0974
2024-06-17,buy_and_hold,Hold,0.1007,0.1014,0.099,0.1033,0.095,0.1009,0.098,0.1026,0.1009,0.0982
2024-06-18,buy_and_hold,Hold,0.1011,0.1012,0.1001,0.1025,0.0951,0.1014,0.0983,0.1012,0.101,0.0983
2024-06-20,buy_and_hold,Hold,0.102,0.107,0.0994,0.1027,0.0946,0.0989,0.0965,0.1003,0.1003,0.0982
2024-06-21,buy_and_hold,Hold,0.1006,0.1074,0.0987,0.1038,0.0934,0.0986,0.097,0.1017,0.1005,0.0983
2024-06-24,buy_and_hold,Hold,0.0998,0.1063,0.0991,0.1014,0.0971,0.0975,0.0978,0.101,0.1006,0.0994
2024-06-25,buy_and_hold,Hold,0.1002,0.1065,0.0989,0.1021,0.0962,0.0963,0.0965,0.1039,0.0999,0.0995
2024-06-26,buy_and_hold,Hold,0.0998,0.1058,0.0982,0.1063,0.0952,0.0953,0.0962,0.1041,0.0995,0.0996
2024-06-27,buy_and_hold,Hold,0.0992,0.1049,0.0978,0.1082,0.0963,0.0947,0.0964,0.1045,0.1008,0.0973
2024-06-28,buy_and_hold,Hold,0.0989,0.1055,0.0984,0.1061,0.0979,0.0933,0.0985,0.1031,0.1003,0.0979
2024-07-01,buy_and_hold,Rebalance,0.1,0.1,0.1,0.1,0.1,0.1,0.1,0.1,0.1,0.1
2024-07-02,buy_and_hold,Hold,0.0994,0.0998,0.0998,0.1008,0.0985,0.1009,0.1005,0.1006,0.1004,0.0994
2024-07-03,buy_and_hold,Hold,0.0986,0.1005,0.0995,0.0996,0.0988,0.1017,0.1005,0.101,0.1004,0.0993
2024-07-05,buy_and_hold,Hold,0.1002,0.0983,0.0994,0.1009,0.096,0.1016,0.1003,0.1036,0.1001,0.0996
2024-07-08,buy_and_hold,Hold,0.0986,0.0987,0.0991,0.1007,0.097,0.1027,0.1004,0.103,0.1002,0.0997
2024-07-09,buy_and_hold,Hold,0.0983,0.0983,0.0996,0.1009,0.097,0.1028,0.1,0.1031,0.0989,0.1012
2024-07-10,buy_and_hold,Hold,0.099,0.0968,0.1004,0.1004,0.0962,0.1024,0.1001,0.1035,0.1001,0.101
2024-07-11,buy_and_hold,Hold,0.0988,0.0968,0.1016,0.0968,0.0984,0.1021,0.1055,0.0993,0.1004,0.1001
2024-07-12,buy_and_hold,Hold,0.098,0.1001,0.1009,0.0957,0.0981,0.1025,0.1056,0.0981,0.1003,0.1006
2024-07-15,buy_and_hold,Hold,0.0967,0.1018,0.1011,0.0942,0.1024,0.1013,0.1058,0.0983,0.0985,0.1
2024-07-16,buy_and_hold,Hold,0.0959,0.1034,0.1006,0.0938,0.1024,0.1036,0.1056,0.0963,0.0984,0.1
2024-07-17,buy_and_hold,Hold,0.097,0.1029,0.1005,0.0907,0.1035,0.1041,0.1061,0.0941,0.099,0.1021
2024-07-18,buy_and_hold,Hold,0.0939,0.1049,0.1019,0.0897,0.1045,0.1038,0.105,0.0935,0.0996,0.1032
2024-07-19,buy_and_hold,Hold,0.0959,0.1055,0.1007,0.0896,0.1043,0.1026,0.1043,0.0937,0.0997,0.1037
2024-07-22,buy_and_hold,Hold,0.0975,0.1062,0.1024,0.0893,0.1026,0.097,0.1049,0.0958,0.1007,0.1036
2024-07-23,buy_and_hold,Hold,0.0979,0.106,0.1024,0.0914,0.1009,0.1001,0.1014,0.0961,0.1007,0.1032
2024-07-24,buy_and_hold,Hold,0.1021,0.1066,0.1033,0.0896,0.1007,0.1028,0.0975,0.0922,0.1003,0.1049
2024-07-25,buy_and_hold,Hold,0.1009,0.1071,0.1033,0.0891,0.104,0.1022,0.0979,0.0893,0.1004,0.1057
2024-07-26,buy_and_hold,Hold,0.0974,0.1036,0.1012,0.088,0.1009,0.1003,0.0976,0.0867,0.1201,0.1041
2024-07-29,buy_and_hold,Hold,0.0972,0.1032,0.1011,0.0885,0.0997,0.1023,0.0966,0.0883,0.1185,0.1046
2024-07-30,buy_and_hold,Hold,0.0972,0.1036,0.1015,0.0873,0.1,0.1012,0.0974,0.0882,0.1194,0.1041
2024-07-31,buy_and_hold,Hold,0.0977,0.1039,0.1014,0.0898,0.1005,0.101,0.0959,0.0888,0.1201,0.1008
2024-08-01,buy_and_hold,Rebalance,0.1,0.1,0.1,0.1,0.1,0.1,0.1,0.1,0.1,0.1
2024-08-02,buy_and_hold,Hold,0.1036,0.101,0.1001,0.0935,0.0943,0.1005,0.101,0.1,0.1015,0.1046
2024-08-05,buy_and_hold,Hold,0.1037,0.1006,0.1005,0.092,0.0934,0.1019,0.1025,0.0981,0.1036,0.1038
2024-08-06,buy_and_hold,Hold,0.104,0.1016,0.1014,0.092,0.0912,0.1013,0.1048,0.0969,0.1033,0.1035
2024-08-07,buy_and_hold,Hold,0.1046,0.1016,0.1024,0.0927,0.0911,0.1011,0.1023,0.0976,0.1018,0.1048
2024-08-08,buy_and_hold,Hold,0.103,0.0996,0.1026,0.0931,0.0947,0.1004,0.1018,0.0981,0.1023,0.1043
2024-08-09,buy_and_hold,Hold,0.1021,0.0996,0.103,0.0938,0.0943,0.1001,0.1022,0.0991,0.1016,0.1043
2024-08-12,buy_and_hold,Hold,0.1016,0.0994,0.1034,0.0941,0.0975,0.0989,0.1007,0.0987,0.1013,0.1044
2024-08-13,buy_and_hold,Hold,0.1009,0.1,0.1028,0.095,0.0956,0.0988,0.1015,0.0987,0.1018,0.1049
2024-08-14,buy_and_hold,Hold,0.1024,0.1001,0.1034,0.0949,0.0956,0.0987,0.1011,0.0964,0.1024,0.1051
2024-08-15,buy_and_hold,Hold,0.1024,0.1007,0.1025,0.0981,0.0964,0.0968,0.1017,0.096,0.1022,0.1031
2024-08-16,buy_and_hold,Hold,0.102,0.1009,0.1043,0.0974,0.0953,0.0972,0.1009,0.0966,0.1017,0.1038
2024-08-19,buy_and_hold,Hold,0.1023,0.1011,0.1042,0.0975,0.095,0.096,0.1012,0.0983,0.1012,0.1033
2024-08-20,buy_and_hold,Hold,0.1016,0.1018,0.1042,0.0982,0.0921,0.0961,0.1009,0.099,0.1021,0.1039
2024-08-21,buy_and_hold,Hold,0.1017,0.1022,0.1047,0.0984,0.0908,0.0964,0.1012,0.0977,0.1027,0.1042
2024-08-22,buy_and_hold,Hold,0.1025,0.1015,0.1061,0.0964,0.0905,0.0961,0.1036,0.0966,0.1024,0.1043
2024-08-23,buy_and_hold,Hold,0.1019,0.1012,0.1057,0.0958,0.0912,0.0956,0.1049,0.0966,0.1028,0.1044
2024-08-26,buy_and_hold,Hold,0.1013,0.1016,0.1052,0.0944,0.0923,0.096,0.1047,0.0963,0.1038,0.1043
2024-08-27,buy_and_hold,Hold,0.102,0.103,0.1058,0.0934,0.0909,0.096,0.1041,0.0958,0.1038,0.1053
2024-08-28,buy_and_hold,Hold,0.1021,0.1024,0.1072,0.0924,0.0916,0.0959,0.1032,0.095,0.1042,0.106
2024-08-29,buy_and_hold,Hold,0.1015,0.1028,0.1075,0.0927,0.0936,0.0956,0.1016,0.094,0.1048,0.1058
2024-08-30,buy_and_hold,Hold,0.1012,0.1026,0.1074,0.0954,0.0902,0.0955,0.1023,0.0942,0.1054,0.1058
2024-09-03,buy_and_hold,Rebalance,0.1,0.1,0.1,0.1,0.1,0.1,0.1,0.1,0.1,0.1
2024-09-04,buy_and_hold,Hold,0.1,0.1009,0.1015,0.0986,0.0971,0.1001,0.0995,0.0997,0.1012,0.1014
2024-09-05,buy_and_hold,Hold,0.099,0.1001,0.101,0.1013,0.0975,0.0998,0.0995,0.1003,0.1008,0.1008
2024-09-06,buy_and_hold,Hold,0.1014,0.1015,0.1019,0.0993,0.0964,0.0997,0.1002,0.0979,0.1003,0.1014
2024-09-09,buy_and_hold,Hold,0.1029,0.1013,0.1016,0.1008,0.0944,0.1008,0.1012,0.0959,0.0995,0.1015
2024-09-10,buy_and_hold,Hold,0.1032,0.1028,0.1005,0.103,0.0901,0.1011,0.1022,0.0956,0.1005,0.1011
2024-09-11,buy_and_hold,Hold,0.1025,0.1033,0.0992,0.1055,0.089,0.1017,0.1026,0.0969,0.1003,0.0991
2024-09-12,buy_and_hold,Hold,0.102,0.1024,0.0991,0.1062,0.0887,0.1018,0.103,0.0985,0.101,0.0974
2024-09-13,buy_and_hold,Hold,0.1008,0.1016,0.0989,0.1051,0.0889,0.1025,0.1043,0.0995,0.1011,0.0973
2024-09-16,buy_and_hold,Hold,0.1011,0.1021,0.0995,0.1034,0.0901,0.1035,0.1038,0.0991,0.1014,0.0961
2024-09-17,buy_and_hold,Hold,0.1018,0.0974,0.0993,0.1048,0.0933,0.1046,0.1035,0.1002,0.1009,0.0941
2024-09-18,buy_and_hold,Hold,0.0996,0.0977,0.0993,0.1051,0.0933,0.1038,0.1039,0.1011,0.1013,0.0949
2024-09-19,buy_and_hold,Hold,0.0989,0.0974,0.0982,0.107,0.0942,0.1038,0.1025,0.1025,0.1016,0.0941
2024-09-20,buy_and_hold,Hold,0.0984,0.0976,0.0982,0.1078,0.093,0.1038,0.1016,0.1033,0.1022,0.0943
2024-09-23,buy_and_hold,Hold,0.0984,0.0975,0.0991,0.1081,0.0935,0.1043,0.1014,0.1012,0.1019,0.0946
2024-09-24,buy_and_hold,Hold,0.0969,0.0974,0.0981,0.1079,0.0929,0.1053,0.103,0.1012,0.1028,0.0946
2024-09-25,buy_and_hold,Hold,0.0968,0.0972,0.0992,0.1077,0.0906,0.1059,0.1034,0.1013,0.1029,0.0949
2024-09-26,buy_and_hold,Hold,0.0967,0.1024,0.0993,0.1067,0.0852,0.1071,0.101,0.1019,0.1049,0.0948
2024-09-27,buy_and_hold,Hold,0.0964,0.1006,0.0997,0.1049,0.0902,0.1073,0.1005,0.1026,0.1032,0.0947
2024-09-30,buy_and_hold,Hold,0.0976,0.1015,0.1007,0.1038,0.0898,0.1062,0.0995,0.1036,0.1026,0.0945
2024-10-01,buy_and_hold,Rebalance,0.1,0.1,0.1,0.1,0.1,0.1,0.1,0.1,0.1,0.1
2024-10-02,buy_and_hold,Hold,0.1002,0.1013,0.1014,0.0999,0.1005,0.0996,0.0994,0.0994,0.0989,0.0994
2024-10-03,buy_and_hold,Hold,0.0992,0.103,0.101,0.0987,0.1038,0.0984,0.0989,0.0997,0.0987,0.0985
2024-10-04,buy_and_hold,Hold,0.0989,0.1026,0.1019,0.1004,0.1045,0.0977,0.0978,0.0997,0.0984,0.0981
2024-10-07,buy_and_hold,Hold,0.0997,0.1012,0.099,0.0975,0.105,0.1071,0.0968,0.0975,0.0983,0.0979
2024-10-08,buy_and_hold,Hold,0.1008,0.1022,0.0995,0.0985,0.1022,0.1063,0.097,0.0983,0.0981,0.0971
2024-10-09,buy_and_hold,Hold,0.1015,0.1031,0.0978,0.0994,0.102,0.1071,0.0971,0.0963,0.0979,0.098
2024-10-10,buy_and_hold,Hold,0.1011,0.1022,0.0982,0.1001,0.1039,0.1072,0.0976,0.0963,0.0967,0.0968
2024-10-11,buy_and_hold,Hold,0.1006,0.1013,0.0988,0.1004,0.1038,0.1069,0.0988,0.0962,0.0968,0.0963
2024-10-14,buy_and_hold,Hold,0.101,0.1018,0.0989,0.0991,0.1018,0.1076,0.1003,0.0967,0.0969,0.0958
2024-10-15,buy_and_hold,Hold,0.1009,0.1033,0.0993,0.0996,0.0952,0.109,0.1017,0.0974,0.0973,0.0963
2024-10-16,buy_and_hold,Hold,0.1019,0.1038,0.0991,0.0987,0.0945,0.1096,0.1024,0.0967,0.0972,0.0963
2024-10-17,buy_and_hold,Hold,0.102,0.1047,0.0997,0.0991,0.095,0.1104,0.1013,0.0954,0.0968,0.0955
2024-10-18,buy_and_hold,Hold,0.1029,0.1047,0.0989,0.0994,0.0955,0.111,0.1013,0.0953,0.096,0.0949
2024-10-21,buy_and_hold,Hold,0.1015,0.1052,0.098,0.1002,0.096,0.1116,0.1001,0.0964,0.0965,0.0945
2024-10-22,buy_and_hold,Hold,0.101,0.1043,0.0977,0.1007,0.0974,0.1114,0.099,0.0972,0.0945,0.0966
2024-10-23,buy_and_hold,Hold,0.1027,0.1049,0.0986,0.099,0.0956,0.1112,0.1016,0.0967,0.0926,0.097
2024-10-24,buy_and_hold,Hold,0.1029,0.1037,0.0991,0.1005,0.0969,0.1103,0.0992,0.0973,0.0921,0.0979
2024-10-25,buy_and_hold,Hold,0.1017,0.1036,0.0979,0.1021,0.0983,0.1098,0.0971,0.0996,0.0916,0.0982
2024-10-28,buy_and_hold,Hold,0.1014,0.1035,0.0978,0.1022,0.0937,0.1097,0.0967,0.1003,0.0955,0.0991
2024-10-29,buy_and_hold,Hold,0.101,0.1042,0.0981,0.1037,0.0923,0.1089,0.0959,0.1022,0.0949,0.0987
2024-10-30,buy_and_hold,Hold,0.1018,0.0994,0.0981,0.1046,0.0928,0.1079,0.0973,0.105,0.0935,0.0996
2024-10-31,buy_and_hold,Hold,0.1013,0.0994,0.0938,0.1017,0.0938,0.1076,0.0962,0.1035,0.0947,0.108
2024-11-01,buy_and_hold,Rebalance,0.1,0.1,0.1,0.1,0.1,0.1,0.1,0.1,0.1,0.1
2024-11-04,buy_and_hold,Hold,0.0994,0.0997,0.1,0.0991,0.1022,0.0992,0.1021,0.099,0.0991,0.1002
2024-11-05,buy_and_hold,Hold,0.0989,0.0996,0.1004,0.1004,0.1017,0.0987,0.1023,0.0987,0.0991,0.1002
2024-11-06,buy_and_hold,Hold,0.0959,0.1003,0.1009,0.1019,0.1043,0.0966,0.0993,0.1003,0.1025,0.0981
2024-11-07,buy_and_hold,Hold,0.0954,0.1025,0.1007,0.1042,0.0932,0.0993,0.1007,0.1036,0.1027,0.0976
2024-11-08,buy_and_hold,Hold,0.0966,0.101,0.1016,0.1033,0.0926,0.0994,0.101,0.1023,0.1037,0.0985
2024-11-11,buy_and_hold,Hold,0.0966,0.1014,0.1034,0.1025,0.0942,0.0996,0.0985,0.1033,0.1025,0.0982
2024-11-12,buy_and_hold,Hold,0.0966,0.1026,0.104,0.1039,0.0932,0.099,0.0961,0.1043,0.1008,0.0994
2024-11-13,buy_and_hold,Hold,0.0953,0.1046,0.103,0.1057,0.0932,0.0989,0.0961,0.102,0.1009,0.1002
2024-11-14,buy_and_hold,Hold,0.0951,0.1027,0.1027,0.1047,0.0959,0.1001,0.0957,0.1005,0.1019,0.1008
2024-11-15,buy_and_hold,Hold,0.0967,0.1012,0.1052,0.1013,0.0959,0.1015,0.0942,0.0997,0.1015,0.1027
2024-11-18,buy_and_hold,Hold,0.0972,0.1003,0.1051,0.1001,0.0956,0.1042,0.0932,0.1005,0.1011,0.1027
2024-11-19,buy_and_hold,Hold,0.0973,0.1009,0.1046,0.1019,0.0935,0.1045,0.0929,0.1025,0.0998,0.1022
2024-11-20,buy_and_hold,Hold,0.0965,0.102,0.1044,0.1012,0.0946,0.1047,0.0929,0.1014,0.0997,0.1026
2024-11-21,buy_and_hold,Hold,0.0977,0.1032,0.1059,0.099,0.096,0.1051,0.0944,0.0967,0.0994,0.1027
2024-11-22,buy_and_hold,Hold,0.0976,0.102,0.106,0.0979,0.097,0.1055,0.0961,0.0946,0.0998,0.1035
2024-11-25,buy_and_hold,Hold,0.0969,0.1017,0.1056,0.099,0.0955,0.1051,0.0983,0.0952,0.1002,0.1025
2024-11-26,buy_and_hold,Hold,0.096,0.1014,0.1056,0.1013,0.0941,0.1045,0.0973,0.0953,0.1014,0.1032
2024-11-27,buy_and_hold,Hold,0.097,0.1013,0.1059,0.1005,0.0943,0.1042,0.0964,0.0956,0.1012,0.1035
2024-11-29,buy_and_hold,Hold,0.0966,0.1012,0.1055,0.1013,0.0947,0.1043,0.0959,0.0952,0.1018,0.1034
2024-12-02,buy_and_hold,Rebalance,0.1,0.1,0.1,0.1,0.1,0.1,0.1,0.1,0.1,0.1
2024-12-03,buy_and_hold,Hold,0.1006,0.0986,0.0968,0.1024,0.1014,0.0995,0.0995,0.101,0.0997,0.1005
2024-12-04,buy_and_hold,Hold,0.1003,0.1007,0.097,0.1046,0.1004,0.0986,0.0967,0.1027,0.0992,0.0998
2024-12-05,buy_and_hold,Hold,0.1,0.1001,0.0977,0.1058,0.0988,0.0969,0.0971,0.1017,0.1014,0.1006
2024-12-06,buy_and_hold,Hold,0.0998,0.1012,0.0971,0.1087,0.0967,0.0962,0.0955,0.1027,0.101,0.1011
2024-12-09,buy_and_hold,Hold,0.0994,0.1005,0.0952,0.1084,0.1006,0.0953,0.0983,0.1034,0.1,0.0987
2024-12-10,buy_and_hold,Hold,0.0997,0.1013,0.0944,0.1077,0.1005,0.0947,0.0961,0.1091,0.0985,0.0979
2024-12-11,buy_and_hold,Hold,0.0981,0.1011,0.0939,0.1097,0.1006,0.0934,0.0946,0.1145,0.098,0.096
2024-12-12,buy_and_hold,Hold,0.098,0.1002,0.0942,0.1093,0.1033,0.0932,0.0941,0.1127,0.0982,0.0967
2024-12-13,buy_and_hold,Hold,0.0979,0.1001,0.0946,0.1089,0.1032,0.0938,0.0944,0.1117,0.0986,0.0969
2024-12-16,buy_and_hold,Hold,0.0975,0.0999,0.0942,0.1118,0.0993,0.0924,0.0934,0.1161,0.0985,0.0967
2024-12-17,buy_and_hold,Hold,0.0988,0.1008,0.094,0.1118,0.096,0.0925,0.0951,0.1163,0.0982,0.0965
2024-12-18,buy_and_hold,Hold,0.1003,0.1007,0.0944,0.1096,0.0977,0.0921,0.0935,0.1152,0.0989,0.0975
2024-12-19,buy_and_hold,Hold,0.1,0.107,0.0945,0.1101,0.0953,0.0908,0.0922,0.1144,0.0994,0.0963
2024-12-20,buy_and_hold,Hold,0.1004,0.1041,0.0947,0.1096,0.0967,0.0903,0.0928,0.1148,0.0999,0.0967
2024-12-23,buy_and_hold,Hold,0.1004,0.1018,0.0946,0.1096,0.0992,0.0897,0.0925,0.1166,0.0996,0.0961
2024-12-24,buy_and_hold,Hold,0.1,0.1018,0.0943,0.1106,0.0996,0.0898,0.0923,0.1165,0.0998,0.0952
2024-12-26,buy_and_hold,Hold,0.1004,0.1015,0.0947,0.1097,0.0995,0.0895,0.0925,0.1162,0.1005,0.0955
2024-12-27,buy_and_hold,Hold,0.1009,0.101,0.0951,0.1088,0.1013,0.0894,0.0919,0.1153,0.1004,0.0957
2024-12-30,buy_and_hold,Hold,0.0997,0.1007,0.0954,0.1084,0.1036,0.0888,0.092,0.1152,0.1003,0.0958
2024-12-31,buy_and_hold,Hold,0.0996,0.1002,0.0955,0.1071,0.1063,0.0889,0.0927,0.1137,0.0999,0.0959
2025-01-02,buy_and_hold,Rebalance,0.1,0.1,0.1,0.1,0.1,0.1,0.1,0.1,0.1,0.1
2025-01-03,buy_and_hold,Hold,0.0994,0.1005,0.0999,0.1009,0.0993,0.0993,0.1008,0.1003,0.0992,0.1003
2025-01-06,buy_and_hold,Hold,0.0988,0.0999,0.0986,0.1025,0.1004,0.0992,0.0994,0.1031,0.0996,0.0984
2025-01-07,buy_and_hold,Hold,0.0991,0.1012,0.0996,0.0999,0.1003,0.1002,0.099,0.1023,0.1014,0.0971
2025-01-08,buy_and_hold,Hold,0.0996,0.1014,0.1,0.0997,0.1001,0.0996,0.0988,0.1012,0.1026,0.097
2025-01-10,buy_and_hold,Hold,0.0991,0.1004,0.0988,0.0995,0.1014,0.1036,0.0975,0.1015,0.1013,0.097
2025-01-13,buy_and_hold,Hold,0.0986,0.0989,0.099,0.0981,0.1031,0.1053,0.099,0.0997,0.1026,0.0957
2025-01-14,buy_and_hold,Hold,0.0978,0.0982,0.0994,0.0971,0.1043,0.1067,0.0985,0.0983,0.1038,0.096
2025-01-15,buy_and_hold,Hold,0.0958,0.0976,0.0997,0.0987,0.106,0.1055,0.0983,0.1005,0.1034,0.0946
2025-01-16,buy_and_hold,Hold,0.0978,0.0977,0.1002,0.097,0.1042,0.1067,0.0994,0.0986,0.1039,0.0944
2025-01-17,buy_and_hold,Hold,0.0966,0.0975,0.1,0.0986,0.1003,0.1078,0.1003,0.0994,0.1045,0.0949
2025-01-21,buy_and_hold,Hold,0.0985,0.0977,0.099,0.0997,0.0965,0.1075,0.1004,0.0995,0.1078,0.0933
2025-01-22,buy_and_hold,Hold,0.0995,0.0986,0.0971,0.1017,0.0963,0.1067,0.0984,0.0998,0.1096,0.0923
2025-01-23,buy_and_hold,Hold,0.1031,0.0987,0.0964,0.1009,0.096,0.108,0.0973,0.0987,0.1089,0.0921
2025-01-24,buy_and_hold,Hold,0.104,0.0979,0.0962,0.1001,0.0946,0.1091,0.0978,0.0992,0.1081,0.093
2025-01-27,buy_and_hold,Hold,0.1066,0.0999,0.0982,0.0994,0.094,0.1072,0.0974,0.0941,0.1086,0.0946
2025-01-28,buy_and_hold,Hold,0.1054,0.1017,0.0979,0.101,0.0942,0.1078,0.0931,0.0963,0.109,0.0935
2025-01-29,buy_and_hold,Hold,0.1061,0.1009,0.0984,0.1008,0.0938,0.1082,0.092,0.0966,0.1094,0.0939
2025-01-30,buy_and_hold,Hold,0.1062,0.1019,0.0984,0.0991,0.0924,0.11,0.0914,0.0986,0.1107,0.0913
2025-01-31,buy_and_hold,Hold,0.1055,0.1031,0.0976,0.1004,0.0882,0.1101,0.0929,0.1002,0.1092,0.0926
2025-02-03,buy_and_hold,Rebalance,0.1,0.1,0.1,0.1,0.1,0.1,0.1,0.1,0.1,0.1
2025-02-04,buy_and_hold,Hold,0.0994,0.1006,0.099,0.1009,0.1032,0.0982,0.0988,0.1015,0.1,0.0985
2025-02-05,buy_and_hold,Hold,0.1021,0.1027,0.0999,0.0988,0.1026,0.0979,0.1019,0.0944,0.1009,0.0988
2025-02-06,buy_and_hold,Hold,0.1004,0.1012,0.0972,0.1012,0.1014,0.0977,0.1028,0.0958,0.1021,0.1002
2025-02-07,buy_and_hold,Hold,0.1025,0.1022,0.099,0.0985,0.103,0.0937,0.1035,0.094,0.1019,0.1017
2025-02-10,buy_and_hold,Hold,0.1031,0.1013,0.097,0.0991,0.108,0.0927,0.1019,0.0935,0.1006,0.1028
2025-02-11,buy_and_hold,Hold,0.1031,0.102,0.0972,0.0988,0.1094,0.0922,0.1011,0.0928,0.1008,0.1026
2025-02-12,buy_and_hold,Hold,0.1033,0.1026,0.0981,0.098,0.1059,0.0933,0.1024,0.0928,0.1009,0.1026
2025-02-13,buy_and_hold,Hold,0.1036,0.1021,0.0985,0.0979,0.1057,0.0941,0.1023,0.0934,0.1001,0.1024
2025-02-14,buy_and_hold,Hold,0.1028,0.1018,0.0979,0.0973,0.1089,0.0945,0.1013,0.093,0.1006,0.1019
2025-02-18,buy_and_hold,Hold,0.1023,0.1015,0.0986,0.0963,0.1108,0.0946,0.1022,0.0922,0.1007,0.1007
2025-02-19,buy_and_hold,Hold,0.1033,0.1017,0.0989,0.0958,0.1103,0.0941,0.1012,0.0924,0.101,0.1013
2025-02-20,buy_and_hold,Hold,0.1043,0.1005,0.0989,0.0944,0.1107,0.0935,0.1016,0.0923,0.1004,0.1034
2025-02-21,buy_and_hold,Hold,0.1076,0.0968,0.0986,0.0934,0.1087,0.0939,0.1035,0.0914,0.0994,0.1067
2025-02-24,buy_and_hold,Hold,0.1073,0.0965,0.1002,0.0915,0.1088,0.0935,0.1049,0.091,0.0995,0.1068
2025-02-25,buy_and_hold,Hold,0.1072,0.0955,0.102,0.0909,0.1057,0.0952,0.1082,0.0884,0.0995,0.1074
2025-02-26,buy_and_hold,Hold,0.1083,0.0952,0.102,0.0924,0.1049,0.095,0.1072,0.0878,0.101,0.1062
2025-02-27,buy_and_hold,Hold,0.109,0.0955,0.1043,0.0906,0.098,0.0952,0.11,0.0863,0.1039,0.1074
2025-02-28,buy_and_hold,Hold,0.1093,0.0921,0.105,0.091,0.0981,0.0952,0.11,0.0861,0.1057,0.1075
2025-03-03,buy_and_hold,Rebalance,0.1,0.1,0.1,0.1,0.1,0.1,0.1,0.1,0.1,0.1
2025-03-04,buy_and_hold,Hold,0.0994,0.1016,0.099,0.1007,0.0996,0.0996,0.1003,0.1037,0.0964,0.0996
2025-03-05,buy_and_hold,Hold,0.0986,0.1014,0.0986,0.1021,0.0986,0.1007,0.1011,0.1041,0.0966,0.0981
2025-03-06,buy_and_hold,Hold,0.0976,0.1003,0.0993,0.0991,0.1005,0.1014,0.0996,0.1045,0.097,0.1007
2025-03-07,buy_and_hold,Hold,0.0982,0.0996,0.0989,0.0976,0.1002,0.1023,0.1014,0.1046,0.0958,0.1013
2025-03-10,buy_and_hold,Hold,0.0995,0.0987,0.0984,0.0964,0.1023,0.0993,0.1022,0.101,0.0977,0.1045
2025-03-11,buy_and_hold,Hold,0.0972,0.0976,0.0991,0.0985,0.1044,0.0986,0.1005,0.101,0.0988,0.1042
2025-03-12,buy_and_hold,Hold,0.0954,0.0965,0.0976,0.0996,0.1068,0.0974,0.0997,0.1029,0.1006,0.1036
2025-03-13,buy_and_hold,Hold,0.0965,0.0958,0.0994,0.0985,0.105,0.0982,0.0992,0.1017,0.0992,0.1064
2025-03-14,buy_and_hold,Hold,0.0929,0.0951,0.1002,0.0993,0.1068,0.0967,0.1005,0.102,0.1008,0.1057
2025-03-17,buy_and_hold,Hold,0.0929,0.0964,0.1005,0.0975,0.1082,0.0971,0.1001,0.1005,0.1019,0.1049
2025-03-18,buy_and_hold,Hold,0.0929,0.0969,0.1005,0.097,0.1101,0.0969,0.1,0.0993,0.1014,0.105
2025-03-19,buy_and_hold,Hold,0.0928,0.0961,0.1006,0.0974,0.1125,0.0967,0.0983,0.1003,0.102,0.1033
2025-03-20,buy_and_hold,Hold,0.0934,0.0901,0.102,0.0983,0.1125,0.0974,0.0987,0.1008,0.1019,0.1047
2025-03-21,buy_and_hold,Hold,0.0932,0.0915,0.1016,0.0989,0.1128,0.0971,0.0981,0.1016,0.1013,0.1039
2025-03-24,buy_and_hold,Hold,0.0925,0.0908,0.1016,0.1011,0.1125,0.0964,0.098,0.1025,0.1018,0.1026
2025-03-25,buy_and_hold,Hold,0.0913,0.0912,0.1015,0.1022,0.1127,0.0961,0.0963,0.1042,0.1019,0.1026
2025-03-26,buy_and_hold,Hold,0.092,0.0919,0.1022,0.1,0.1138,0.0969,0.0965,0.1008,0.1014,0.1045
2025-03-27,buy_and_hold,Hold,0.0955,0.0912,0.1025,0.1001,0.1144,0.0968,0.0961,0.0991,0.0986,0.1056
2025-03-28,buy_and_hold,Hold,0.0967,0.0915,0.1034,0.0975,0.1148,0.0976,0.0977,0.0959,0.0979,0.1071
2025-03-31,buy_and_hold,Hold,0.0973,0.093,0.1038,0.0954,0.1144,0.0976,0.095,0.0953,0.0984,0.1096
2025-04-01,buy_and_hold,Rebalance,0.1,0.1,0.1,0.1,0.1,0.1,0.1,0.1,0.1,0.1
2025-04-02,buy_and_hold,Hold,0.0999,0.1006,0.0996,0.1018,0.1003,0.1003,0.101,0.0997,0.0998,0.0969
2025-04-03,buy_and_hold,Hold,0.1049,0.1009,0.1043,0.0975,0.0881,0.1013,0.0993,0.1007,0.0994,0.1034
2025-04-04,buy_and_hold,Hold,0.1062,0.1022,0.1019,0.1,0.0807,0.1009,0.1002,0.1042,0.0966,0.1072
2025-04-07,buy_and_hold,Hold,0.1071,0.1026,0.1004,0.103,0.08,0.0997,0.0964,0.1055,0.0983,0.1069
2025-04-08,buy_and_hold,Hold,0.1082,0.1032,0.102,0.1021,0.0764,0.0974,0.0971,0.1059,0.099,0.1087
2025-04-09,buy_and_hold,Hold,0.1031,0.1022,0.1001,0.1063,0.0845,0.0984,0.0948,0.108,0.1001,0.1025
2025-04-10,buy_and_hold,Hold,0.1054,0.1019,0.1038,0.1052,0.077,0.0996,0.0912,0.1085,0.1004,0.1069
2025-04-11,buy_and_hold,Hold,0.1054,0.0997,0.1039,0.1052,0.0778,0.1003,0.0923,0.1094,0.1007,0.1054
2025-04-14,buy_and_hold,Hold,0.1051,0.1005,0.1044,0.1026,0.0778,0.1005,0.0946,0.1096,0.0997,0.1052
2025-04-15,buy_and_hold,Hold,0.1052,0.1011,0.105,0.1021,0.077,0.0988,0.0949,0.1088,0.1001,0.1069
2025-04-16,buy_and_hold,Hold,0.1092,0.1009,0.1053,0.1001,0.0803,0.0983,0.0934,0.1077,0.0975,0.1075
2025-04-17,buy_and_hold,Hold,0.1098,0.0994,0.105,0.0987,0.0838,0.0984,0.0938,0.1057,0.0969,0.1087
2025-04-21,buy_and_hold,Hold,0.1113,0.1005,0.1048,0.0978,0.0824,0.0986,0.0933,0.1056,0.0959,0.1101
2025-04-22,buy_and_hold,Hold,0.1096,0.0992,0.105,0.0983,0.0832,0.0986,0.0912,0.1051,0.1007,0.1091
2025-04-23,buy_and_hold,Hold,0.1074,0.1001,0.1045,0.1019,0.0816,0.0978,0.0915,0.1072,0.0999,0.108
2025-04-24,buy_and_hold,Hold,0.1054,0.0998,0.1037,0.1037,0.0836,0.0979,0.0905,0.1083,0.1005,0.1067
2025-04-25,buy_and_hold,Hold,0.1052,0.1006,0.1027,0.1052,0.0841,0.0974,0.0891,0.1103,0.0995,0.106
2025-04-28,buy_and_hold,Hold,0.1054,0.1002,0.1029,0.1042,0.0849,0.0979,0.0901,0.1091,0.0996,0.1056
2025-04-29,buy_and_hold,Hold,0.1065,0.1023,0.1033,0.1043,0.0835,0.0987,0.0852,0.1091,0.1002,0.1069
2025-04-30,buy_and_hold,Hold,0.1072,0.103,0.1038,0.1031,0.0803,0.0992,0.0856,0.1086,0.1011,0.1081
2025-05-01,buy_and_hold,Rebalance,0.1,0.1,0.1,0.1,0.1,0.1,0.1,0.1,0.1,0.1
2025-05-02,buy_and_hold,Hold,0.1,0.1001,0.1004,0.0984,0.1,0.1005,0.0999,0.1002,0.1015,0.099
2025-05-05,buy_and_hold,Hold,0.1009,0.1019,0.1017,0.0975,0.0951,0.0996,0.0997,0.1014,0.1017,0.1005
2025-05-06,buy_and_hold,Hold,0.1018,0.1013,0.1025,0.0974,0.0971,0.0985,0.0976,0.1014,0.1003,0.1021
2025-05-07,buy_and_hold,Hold,0.1029,0.1024,0.1039,0.0998,0.096,0.0978,0.0985,0.0944,0.1011,0.1033
2025-05-08,buy_and_hold,Hold,0.1016,0.102,0.1019,0.1002,0.099,0.0983,0.0996,0.0949,0.1015,0.101
2025-05-09,buy_and_hold,Hold,0.1008,0.1014,0.1014,0.1005,0.1021,0.0986,0.0999,0.0938,0.1024,0.0992
2025-05-12,buy_and_hold,Hold,0.0975,0.1036,0.0986,0.106,0.1055,0.0981,0.0977,0.0949,0.1054,0.0928
2025-05-13,buy_and_hold,Hold,0.0953,0.1037,0.098,0.1074,0.11,0.0972,0.0953,0.0956,0.1056,0.092
2025-05-14,buy_and_hold,Hold,0.0955,0.1036,0.0975,0.1074,0.1089,0.0969,0.094,0.0996,0.1042,0.0923
2025-05-15,buy_and_hold,Hold,0.0985,0.1039,0.0988,0.1043,0.1058,0.0975,0.0942,0.0982,0.1042,0.0946
2025-05-16,buy_and_hold,Hold,0.0987,0.1013,0.0989,0.1036,0.1039,0.0982,0.0951,0.0987,0.1064,0.0952
2025-05-19,buy_and_hold,Hold,0.099,0.1016,0.0983,0.1036,0.1021,0.0974,0.0964,0.0987,0.1069,0.0959
2025-05-20,buy_and_hold,Hold,0.0994,0.1025,0.0981,0.1032,0.1023,0.0974,0.0946,0.0978,0.1075,0.0972
2025-05-21,buy_and_hold,Hold,0.0994,0.1034,0.0984,0.1034,0.1008,0.0969,0.0914,0.1022,0.106,0.0981
2025-05-22,buy_and_hold,Hold,0.0983,0.103,0.0974,0.1045,0.101,0.0968,0.0914,0.1036,0.1063,0.0978
2025-05-23,buy_and_hold,Hold,0.0987,0.1013,0.0979,0.1039,0.1022,0.0975,0.0909,0.1027,0.1058,0.0991
2025-05-27,buy_and_hold,Hold,0.0981,0.1014,0.097,0.1046,0.1031,0.0974,0.0926,0.1035,0.1052,0.0971
2025-05-28,buy_and_hold,Hold,0.098,0.1022,0.0963,0.1046,0.1029,0.0971,0.0922,0.1039,0.1053,0.0975
2025-05-29,buy_and_hold,Hold,0.098,0.1021,0.0964,0.1044,0.1032,0.0969,0.0937,0.1029,0.1053,0.0969
2025-05-30,buy_and_hold,Hold,0.0986,0.1018,0.0971,0.1041,0.1013,0.099,0.0923,0.1028,0.1044,0.0987
2025-06-02,buy_and_hold,Rebalance,0.1,0.1,0.1,0.1,0.1,0.1,0.1,0.1,0.1,0.1
2025-06-03,buy_and_hold,Hold,0.0995,0.0989,0.0996,0.0989,0.1047,0.101,0.1003,0.0977,0.1005,0.0989
2025-06-04,buy_and_hold,Hold,0.0993,0.1004,0.0988,0.1,0.1032,0.1003,0.1012,0.0992,0.1,0.0976
2025-06-05,buy_and_hold,Hold,0.1004,0.1004,0.0986,0.1007,0.1031,0.0992,0.1,0.0996,0.1,0.098
2025-06-06,buy_and_hold,Hold,0.0988,0.0998,0.0986,0.1021,0.1054,0.0991,0.1001,0.1015,0.0982,0.0965
2025-06-09,buy_and_hold,Hold,0.0983,0.0991,0.0972,0.1034,0.1059,0.0989,0.1015,0.1027,0.097,0.0959
2025-06-10,buy_and_hold,Hold,0.0979,0.0995,0.0961,0.1027,0.1085,0.0986,0.1027,0.1032,0.0966,0.0942
2025-06-11,buy_and_hold,Hold,0.0986,0.0988,0.095,0.1004,0.1101,0.0985,0.1023,0.1022,0.0978,0.0962
2025-06-12,buy_and_hold,Hold,0.0993,0.0983,0.0961,0.1003,0.1119,0.0988,0.102,0.1011,0.0961,0.0961
2025-06-13,buy_and_hold,Hold,0.0989,0.0966,0.0959,0.1,0.1181,0.098,0.1009,0.1008,0.0947,0.0961
2025-06-16,buy_and_hold,Hold,0.0974,0.0971,0.0961,0.1016,0.1149,0.0977,0.1014,0.1017,0.0962,0.0958
2025-06-17,buy_and_hold,Hold,0.0969,0.097,0.0962,0.1017,0.1173,0.0972,0.1001,0.1019,0.095,0.0968
2025-06-18,buy_and_hold,Hold,0.0976,0.0959,0.0973,0.1012,0.1154,0.0973,0.1002,0.1011,0.0958,0.0983
2025-06-20,buy_and_hold,Hold,0.0992,0.0904,0.0992,0.1011,0.1148,0.0967,0.1022,0.0984,0.098,0.0999
2025-06-23,buy_and_hold,Hold,0.0993,0.0934,0.1005,0.1004,0.1056,0.0976,0.1043,0.0974,0.1004,0.101
2025-06-24,buy_and_hold,Hold,0.1015,0.0939,0.0986,0.1011,0.103,0.099,0.1064,0.097,0.1006,0.0987
2025-06-25,buy_and_hold,Hold,0.102,0.0929,0.0979,0.1017,0.1018,0.1003,0.105,0.1002,0.1001,0.0981
2025-06-26,buy_and_hold,Hold,0.0983,0.0924,0.0983,0.1032,0.1045,0.0997,0.1047,0.1009,0.1011,0.0969
2025-06-27,buy_and_hold,Hold,0.0981,0.0916,0.0987,0.1053,0.1044,0.0988,0.1028,0.1031,0.1012,0.0961
2025-06-30,buy_and_hold,Hold,0.0994,0.0928,0.0992,0.1036,0.103,0.0988,0.1037,0.1019,0.1015,0.096
2025-07-01,buy_and_hold,Rebalance,0.1,0.1,0.1,0.1,0.1,0.1,0.1,0.1,0.1,0.1
2025-07-02,buy_and_hold,Hold,0.0978,0.0993,0.0972,0.0991,0.1023,0.101,0.1017,0.1009,0.0995,0.1011
2025-07-03,buy_and_hold,Hold,0.0975,0.0995,0.0977,0.1001,0.1019,0.101,0.102,0.1009,0.0982,0.1013
2025-07-07,buy_and_hold,Hold,0.0978,0.099,0.0969,0.101,0.1021,0.1009,0.1004,0.1002,0.0984,0.1033
2025-07-08,buy_and_hold,Hold,0.0968,0.0992,0.0966,0.0984,0.1071,0.1013,0.1023,0.0981,0.0989,0.1013
2025-07-09,buy_and_hold,Hold,0.0969,0.0974,0.0955,0.1,0.107,0.1022,0.1025,0.0995,0.1005,0.0984
2025-07-10,buy_and_hold,Hold,0.0968,0.0946,0.0955,0.0996,0.1064,0.1018,0.1051,0.0998,0.101,0.0995
2025-07-11,buy_and_hold,Hold,0.0962,0.0927,0.0954,0.1014,0.1055,0.1016,0.1061,0.1018,0.1006,0.0987
2025-07-14,buy_and_hold,Hold,0.0964,0.0925,0.0965,0.1018,0.1022,0.1013,0.105,0.1027,0.1021,0.0994
2025-07-15,buy_and_hold,Hold,0.0974,0.0921,0.0956,0.1032,0.099,0.1009,0.1043,0.104,0.1023,0.1011
2025-07-16,buy_and_hold,Hold,0.0974,0.0932,0.0962,0.1016,0.0961,0.1016,0.1053,0.1044,0.1028,0.1016
2025-07-17,buy_and_hold,Hold,0.0892,0.0943,0.0963,0.102,0.0999,0.1033,0.1063,0.1048,0.1038,0.1001
2025-07-18,buy_and_hold,Hold,0.0915,0.0942,0.0966,0.103,0.0997,0.1038,0.1053,0.1056,0.1,0.1002
2025-07-21,buy_and_hold,Hold,0.0917,0.0938,0.0956,0.104,0.0982,0.1029,0.1051,0.1081,0.0993,0.1013
2025-07-22,buy_and_hold,Hold,0.0917,0.0943,0.0961,0.1021,0.0992,0.1033,0.1072,0.1077,0.0973,0.1012
2025-07-23,buy_and_hold,Hold,0.0913,0.0935,0.0957,0.1019,0.1011,0.1027,0.1096,0.1065,0.0965,0.1012
2025-07-24,buy_and_hold,Hold,0.0913,0.0922,0.0954,0.1038,0.1018,0.1026,0.1085,0.1077,0.0957,0.101
2025-07-25,buy_and_hold,Hold,0.0916,0.0923,0.0959,0.1031,0.1004,0.1029,0.1083,0.1079,0.0966,0.1011
2025-07-28,buy_and_hold,Hold,0.0922,0.0911,0.0944,0.1046,0.1037,0.1025,0.1052,0.1084,0.0979,0.1
2025-07-29,buy_and_hold,Hold,0.093,0.0913,0.0939,0.1033,0.1038,0.1019,0.1052,0.1097,0.0973,0.1006
2025-07-30,buy_and_hold,Hold,0.0941,0.0904,0.0926,0.1037,0.1035,0.1009,0.104,0.111,0.0947,0.1051
2025-07-31,buy_and_hold,Hold,0.0929,0.0886,0.0938,0.1061,0.1031,0.1007,0.1025,0.109,0.0969,0.1064
2025-08-01,buy_and_hold,Rebalance,0.1,0.1,0.1,0.1,0.1,0.1,0.1,0.1,0.1,0.1
2025-08-04,buy_and_hold,Hold,0.101,0.1003,0.0994,0.0975,0.0979,0.101,0.1004,0.102,0.1013,0.0992
2025-08-05,buy_and_hold,Hold,0.1011,0.0953,0.0993,0.098,0.0992,0.1023,0.1013,0.1014,0.1024,0.0997
2025-08-06,buy_and_hold,Hold,0.1013,0.0955,0.1027,0.1019,0.0963,0.101,0.0957,0.1021,0.1028,0.1007
2025-08-07,buy_and_hold,Hold,0.1013,0.0924,0.1018,0.1014,0.1029,0.1,0.0958,0.1014,0.1026,0.1004
2025-08-08,buy_and_hold,Hold,0.1021,0.0906,0.1021,0.1003,0.1049,0.0992,0.0945,0.1031,0.1027,0.1005
2025-08-11,buy_and_hold,Hold,0.1003,0.0908,0.1032,0.1001,0.1048,0.0979,0.0919,0.1033,0.1045,0.1033
2025-08-12,buy_and_hold,Hold,0.0991,0.0897,0.1016,0.0993,0.1066,0.0988,0.0933,0.1035,0.1052,0.1029
2025-08-13,buy_and_hold,Hold,0.097,0.0918,0.1028,0.0997,0.1062,0.0996,0.0941,0.1019,0.1058,0.1011
2025-08-14,buy_and_hold,Hold,0.097,0.092,0.1025,0.1027,0.106,0.099,0.0936,0.1024,0.1036,0.1013
2025-08-15,buy_and_hold,Hold,0.0986,0.0922,0.1024,0.1025,0.1057,0.0983,0.0954,0.1027,0.1006,0.1015
2025-08-18,buy_and_hold,Hold,0.0975,0.0929,0.1027,0.1026,0.1053,0.0974,0.0967,0.1025,0.1008,0.1017
2025-08-19,buy_and_hold,Hold,0.0977,0.095,0.1033,0.1006,0.1039,0.0976,0.0976,0.101,0.1013,0.1021
2025-08-20,buy_and_hold,Hold,0.0985,0.0945,0.1047,0.0986,0.1043,0.0982,0.0965,0.0997,0.1014,0.1035
2025-08-21,buy_and_hold,Hold,0.0981,0.0941,0.1049,0.0978,0.1057,0.0985,0.0963,0.0999,0.1011,0.1036
2025-08-22,buy_and_hold,Hold,0.0963,0.0938,0.1028,0.0985,0.1084,0.0982,0.0984,0.1007,0.1016,0.1013
2025-08-25,buy_and_hold,Hold,0.096,0.093,0.102,0.0984,0.1123,0.0968,0.0981,0.1022,0.1005,0.1006
2025-08-26,buy_and_hold,Hold,0.096,0.0928,0.1029,0.0989,0.1112,0.0969,0.0987,0.1017,0.1011,0.0998
2025-08-27,buy_and_hold,Hold,0.0955,0.0931,0.1018,0.0987,0.1132,0.0967,0.0994,0.1015,0.1007,0.0994
2025-08-28,buy_and_hold,Hold,0.095,0.0924,0.1001,0.0993,0.1146,0.0964,0.0991,0.103,0.1009,0.099
2025-08-29,buy_and_hold,Hold,0.0956,0.0934,0.1005,0.0978,0.1154,0.0957,0.0995,0.1032,0.0992,0.0998
2025-09-02,buy_and_hold,Rebalance,0.1,0.1,0.1,0.1,0.1,0.1,0.1,0.1,0.1,0.1
2025-09-03,buy_and_hold,Hold,0.1002,0.0989,0.1007,0.0999,0.0948,0.0993,0.1004,0.1087,0.0982,0.0989
2025-09-04,buy_and_hold,Hold,0.0993,0.0971,0.1011,0.1028,0.0967,0.0976,0.1007,0.1081,0.0991,0.0975
2025-09-05,buy_and_hold,Hold,0.0996,0.098,0.0997,0.1015,0.094,0.0977,0.1031,0.1095,0.0992,0.0976
2025-09-08,buy_and_hold,Hold,0.0993,0.0986,0.0995,0.1034,0.0922,0.0977,0.1045,0.1095,0.0986,0.0968
2025-09-09,buy_and_hold,Hold,0.0995,0.0975,0.0997,0.1048,0.09,0.0974,0.1025,0.1125,0.0983,0.0977
2025-09-10,buy_and_hold,Hold,0.0976,0.0941,0.1007,0.1014,0.0969,0.0976,0.103,0.1123,0.0987,0.0978
2025-09-11,buy_and_hold,Hold,0.099,0.0935,0.101,0.1001,0.0946,0.0989,0.1028,0.1117,0.1014,0.097
2025-09-12,buy_and_hold,Hold,0.1001,0.0916,0.1017,0.0996,0.0943,0.0986,0.1033,0.1122,0.1007,0.0977
2025-09-15,buy_and_hold,Hold,0.0981,0.0912,0.1008,0.1009,0.0944,0.0973,0.1039,0.1171,0.0998,0.0965
2025-09-16,buy_and_hold,Hold,0.0986,0.0903,0.0995,0.1014,0.1004,0.0952,0.1035,0.1162,0.0991,0.0958
2025-09-17,buy_and_hold,Hold,0.0994,0.0918,0.1008,0.1001,0.0987,0.0969,0.1025,0.1151,0.098,0.0966
2025-09-18,buy_and_hold,Hold,0.0998,0.0911,0.0997,0.1,0.0977,0.0975,0.1053,0.1163,0.0982,0.0943
2025-09-19,buy_and_hold,Hold,0.1008,0.0911,0.0996,0.1,0.0959,0.0967,0.1038,0.1175,0.0989,0.0957
2025-09-22,buy_and_hold,Hold,0.1019,0.0919,0.0997,0.0991,0.0971,0.0965,0.1041,0.1173,0.0978,0.0947
2025-09-23,buy_and_hold,Hold,0.1016,0.0904,0.1007,0.0963,0.0989,0.0931,0.1057,0.1172,0.0996,0.0965
2025-09-24,buy_and_hold,Hold,0.1004,0.092,0.1021,0.0964,0.101,0.0919,0.1047,0.1154,0.0988,0.0972
2025-09-25,buy_and_hold,Hold,0.101,0.0904,0.1032,0.0964,0.1017,0.0906,0.1036,0.1159,0.0988,0.0983
2025-09-26,buy_and_hold,Hold,0.1004,0.0922,0.1042,0.0964,0.1024,0.0903,0.1024,0.1154,0.0979,0.0983
2025-09-29,buy_and_hold,Hold,0.0997,0.0949,0.1038,0.0971,0.1005,0.0912,0.1027,0.1138,0.0983,0.0979
2025-09-30,buy_and_hold,Hold,0.1002,0.0947,0.104,0.0958,0.1002,0.0918,0.1029,0.1132,0.0989,0.0983
2025-10-01,buy_and_hold,Rebalance,0.1,0.1,0.1,0.1,0.1,0.1,0.1,0.1,0.1,0.1
2025-10-02,buy_and_hold,Hold,0.0998,0.1004,0.1,0.101,0.0955,0.1009,0.1005,0.1005,0.102,0.0994
2025-10-03,buy_and_hold,Hold,0.1006,0.1004,0.1011,0.0992,0.0976,0.1007,0.1001,0.0999,0.1014,0.0989
2025-10-06,buy_and_hold,Hold,0.1,0.1016,0.1019,0.0999,0.1,0.1006,0.0957,0.1021,0.0998,0.0984
2025-10-07,buy_and_hold,Hold,0.0996,0.1031,0.102,0.1005,0.1001,0.1008,0.0936,0.1003,0.0996,0.1005
2025-10-08,buy_and_hold,Hold,0.1012,0.1044,0.1016,0.1027,0.0987,0.1005,0.0906,0.1005,0.1006,0.0992
2025-10-09,buy_and_hold,Hold,0.1015,0.1051,0.102,0.1049,0.0959,0.0994,0.0906,0.1002,0.0996,0.1007
2025-10-10,buy_and_hold,Hold,0.1034,0.1029,0.1043,0.1021,0.0911,0.0996,0.0922,0.1006,0.0993,0.1045
2025-10-13,buy_and_hold,Hold,0.1016,0.1032,0.1028,0.103,0.094,0.1002,0.0914,0.1029,0.1,0.1011
2025-10-14,buy_and_hold,Hold,0.1025,0.1028,0.1033,0.1007,0.0938,0.1001,0.0923,0.1029,0.1003,0.1013
2025-10-15,buy_and_hold,Hold,0.1003,0.1013,0.1021,0.1006,0.0955,0.0986,0.094,0.1055,0.1013,0.1008
2025-10-16,buy_and_hold,Hold,0.1002,0.1002,0.1005,0.1014,0.0958,0.0983,0.094,0.1071,0.1013,0.1011
2025-10-17,buy_and_hold,Hold,0.1006,0.1017,0.1011,0.1004,0.0934,0.098,0.0934,0.1075,0.1017,0.102
2025-10-20,buy_and_hold,Hold,0.1004,0.1024,0.1012,0.1011,0.0925,0.0975,0.0947,0.1079,0.1022,0.1001
2025-10-21,buy_and_hold,Hold,0.098,0.105,0.0997,0.1028,0.092,0.0968,0.094,0.1044,0.1091,0.0982
2025-10-22,buy_and_hold,Hold,0.0981,0.1041,0.0992,0.1006,0.0941,0.096,0.0949,0.1047,0.1092,0.099
2025-10-23,buy_and_hold,Hold,0.0958,0.1033,0.0979,0.101,0.1001,0.0956,0.0929,0.1042,0.1109,0.0982
2025-10-24,buy_and_hold,Hold,0.0963,0.1025,0.0977,0.1026,0.097,0.0957,0.0936,0.1071,0.109,0.0984
2025-10-27,buy_and_hold,Hold,0.0962,0.1034,0.0976,0.1034,0.0946,0.0956,0.0937,0.1105,0.1085,0.0966
2025-10-28,buy_and_hold,Hold,0.0979,0.1069,0.099,0.1068,0.0943,0.0973,0.0775,0.1123,0.1099,0.0981
2025-10-29,buy_and_hold,Hold,0.0975,0.1059,0.0994,0.1087,0.0947,0.0963,0.0733,0.1168,0.1099,0.0974
2025-10-30,buy_and_hold,Hold,0.0987,0.1076,0.1015,0.1063,0.0951,0.0958,0.0711,0.1209,0.1123,0.0907
2025-10-31,buy_and_hold,Hold,0.0968,0.1068,0.1007,0.1152,0.0951,0.0939,0.0726,0.1195,0.111,0.0885
2025-11-03,buy_and_hold,Rebalance,0.1,0.1,0.1,0.1,0.1,0.1,0.1,0.1,0.1,0.1
2025-11-04,buy_and_hold,Hold,0.1023,0.0985,0.1024,0.0989,0.0989,0.1013,0.0976,0.0985,0.0997,0.1018
2025-11-05,buy_and_hold,Hold,0.1007,0.0999,0.1041,0.0986,0.0964,0.0994,0.0979,0.1004,0.1015,0.101
2025-11-06,buy_and_hold,Hold,0.0998,0.0961,0.1051,0.0946,0.104,0.1069,0.0944,0.0993,0.0999,0.0999
2025-11-07,buy_and_hold,Hold,0.1,0.0969,0.1045,0.0943,0.1038,0.1063,0.0979,0.0963,0.0996,0.1003
2025-11-10,buy_and_hold,Hold,0.0992,0.096,0.1036,0.0954,0.1056,0.1053,0.0951,0.0998,0.1009,0.0991
2025-11-11,buy_and_hold,Hold,0.0994,0.0946,0.1031,0.0951,0.106,0.1062,0.0955,0.0995,0.1008,0.0999
2025-11-12,buy_and_hold,Hold,0.1012,0.0966,0.1043,0.0936,0.1034,0.1063,0.094,0.0983,0.1027,0.0997
2025-11-13,buy_and_hold,Hold,0.1019,0.0973,0.105,0.0913,0.1072,0.1073,0.0916,0.0959,0.1027,0.0996
2025-11-14,buy_and_hold,Hold,0.1034,0.0968,0.1048,0.0906,0.1081,0.1062,0.0921,0.0955,0.1018,0.1007
2025-11-17,buy_and_hold,Hold,0.104,0.0962,0.104,0.0908,0.1074,0.1047,0.0904,0.0995,0.1014,0.1016
2025-11-18,buy_and_hold,Hold,0.1042,0.0958,0.1037,0.0869,0.1099,0.1045,0.0905,0.0994,0.1019,0.1032
2025-11-19,buy_and_hold,Hold,0.1018,0.097,0.1027,0.0876,0.1069,0.1057,0.0888,0.1031,0.1031,0.1033
2025-11-20,buy_and_hold,Hold,0.1012,0.0979,0.105,0.0864,0.105,0.106,0.0887,0.1031,0.103,0.1037
2025-11-21,buy_and_hold,Hold,0.102,0.1,0.1029,0.0857,0.105,0.1061,0.0901,0.1042,0.1027,0.1013
2025-11-24,buy_and_hold,Hold,0.1007,0.0962,0.1017,0.0874,0.1064,0.1051,0.0902,0.1101,0.103,0.0992
2025-11-25,buy_and_hold,Hold,0.1002,0.0972,0.1016,0.0876,0.1038,0.1048,0.0916,0.1105,0.1029,0.0998
2025-11-26,buy_and_hold,Hold,0.1004,0.0965,0.1005,0.0873,0.1061,0.1046,0.093,0.1091,0.1023,0.1002
2025-11-28,buy_and_hold,Hold,0.1001,0.0967,0.0997,0.0883,0.1067,0.1048,0.0927,0.1085,0.1024,0.1001
2025-12-01,buy_and_hold,Rebalance,0.1,0.1,0.1,0.1,0.1,0.1,0.1,0.1,0.1,0.1
2025-12-02,buy_and_hold,Hold,0.0986,0.1013,0.0993,0.1002,0.1006,0.0984,0.1013,0.1002,0.1006,0.0994
2025-12-03,buy_and_hold,Hold,0.0977,0.1058,0.0993,0.0991,0.1064,0.0996,0.091,0.1013,0.1013,0.0986
2025-12-04,buy_and_hold,Hold,0.0987,0.1054,0.1004,0.0987,0.1064,0.101,0.0884,0.1016,0.1,0.0994
2025-12-05,buy_and_hold,Hold,0.0987,0.1046,0.1007,0.0991,0.1083,0.1009,0.0865,0.103,0.0992,0.099
2025-12-08,buy_and_hold,Hold,0.0986,0.107,0.102,0.1003,0.1069,0.0936,0.0876,0.1031,0.0994,0.1016
2025-12-09,buy_and_hold,Hold,0.0977,0.108,0.1017,0.1005,0.1077,0.0912,0.088,0.1039,0.0999,0.1015
2025-12-10,buy_and_hold,Hold,0.0978,0.108,0.0999,0.1012,0.1064,0.0927,0.0894,0.1039,0.0993,0.1014
2025-12-11,buy_and_hold,Hold,0.0984,0.1073,0.1015,0.1006,0.1049,0.0955,0.0877,0.1015,0.1011,0.1015
2025-12-12,buy_and_hold,Hold,0.0999,0.1075,0.1024,0.0986,0.1046,0.095,0.0895,0.1002,0.101,0.1013
2025-12-15,buy_and_hold,Hold,0.1022,0.1086,0.1036,0.0969,0.1018,0.0956,0.0909,0.0997,0.099,0.1017
2025-12-16,buy_and_hold,Hold,0.1022,0.109,0.1031,0.0982,0.0978,0.0958,0.0912,0.1005,0.0987,0.1035
2025-12-17,buy_and_hold,Hold,0.1019,0.1094,0.1038,0.0974,0.1003,0.0972,0.0922,0.097,0.0979,0.103
2025-12-18,buy_and_hold,Hold,0.1008,0.1081,0.104,0.1,0.0971,0.0963,0.095,0.0991,0.0978,0.1018
2025-12-19,buy_and_hold,Hold,0.101,0.109,0.1038,0.1002,0.0983,0.0948,0.0931,0.1006,0.0979,0.1012
2025-12-22,buy_and_hold,Hold,0.1004,0.1079,0.1031,0.1002,0.0991,0.0963,0.094,0.101,0.0963,0.1017
2025-12-23,buy_and_hold,Hold,0.0996,0.1077,0.1035,0.1016,0.0987,0.0961,0.0927,0.1023,0.0962,0.1017
2025-12-24,buy_and_hold,Hold,0.0996,0.1072,0.1032,0.1015,0.0985,0.0963,0.0938,0.102,0.0961,0.1019
2025-12-26,buy_and_hold,Hold,0.0997,0.1076,0.1025,0.1016,0.0978,0.0969,0.0935,0.1018,0.0972,0.1014
2025-12-29,buy_and_hold,Hold,0.0993,0.1075,0.1024,0.1012,0.0984,0.0969,0.0945,0.1017,0.0968,0.1012
2025-12-30,buy_and_hold,Hold,0.0999,0.1066,0.1028,0.1011,0.0993,0.097,0.0947,0.1014,0.0961,0.1011
2022-01-20,model_Portfolio,Rebalance,0.0662,0.0917,0.1485,0.0288,0.159,0.0843,0.157,0.0273,0.0776,0.1598
2022-01-21,model_Portfolio,Hold,0.0678,0.0911,0.1482,0.0275,0.1555,0.0843,0.158,0.0271,0.0783,0.1622
2022-01-24,model_Portfolio,Hold,0.0666,0.0919,0.1494,0.0278,0.1574,0.0842,0.1566,0.0271,0.0782,0.1607
2022-01-25,model_Portfolio,Hold,0.0657,0.0899,0.149,0.0266,0.1688,0.0824,0.1542,0.0261,0.0779,0.1594
2022-01-26,model_Portfolio,Hold,0.0646,0.0895,0.1511,0.0267,0.1707,0.0823,0.1522,0.0268,0.0767,0.1593
2022-01-27,model_Portfolio,Hold,0.0649,0.0904,0.1506,0.0269,0.17,0.0822,0.149,0.0268,0.0771,0.1622
2022-01-28,model_Portfolio,Hold,0.0668,0.0921,0.1502,0.0274,0.1694,0.0819,0.1507,0.0274,0.0732,0.161
2022-01-31,model_Portfolio,Hold,0.0669,0.0936,0.1491,0.0281,0.1671,0.082,0.1526,0.0274,0.0734,0.1598
2022-02-01,model_Portfolio,Rebalance,0.1188,0.0797,0.1764,0.0304,0.1652,0.076,0.1259,0.031,0.0311,0.1657
2022-02-02,model_Portfolio,Hold,0.1203,0.0803,0.177,0.03,0.164,0.0752,0.1258,0.033,0.0307,0.1637
2022-02-03,model_Portfolio,Hold,0.1219,0.0781,0.1793,0.028,0.165,0.0752,0.1241,0.0323,0.0306,0.1655
2022-02-04,model_Portfolio,Hold,0.1216,0.0786,0.1821,0.0318,0.1648,0.0705,0.1234,0.0324,0.03,0.1648
2022-02-07,model_Portfolio,Hold,0.1209,0.0784,0.1851,0.0321,0.1641,0.0686,0.1223,0.0317,0.0303,0.1667
2022-02-08,model_Portfolio,Hold,0.1218,0.0788,0.1877,0.0329,0.1586,0.0684,0.1222,0.0318,0.0306,0.1672
2022-02-09,model_Portfolio,Hold,0.122,0.0802,0.1854,0.0324,0.1593,0.0693,0.1234,0.0319,0.0304,0.1657
2022-02-10,model_Portfolio,Hold,0.1213,0.0785,0.1869,0.0325,0.162,0.0685,0.1214,0.0317,0.0302,0.1669
2022-02-11,model_Portfolio,Hold,0.1199,0.0759,0.1874,0.0315,0.1663,0.0667,0.1225,0.0309,0.0303,0.1686
2022-02-14,model_Portfolio,Hold,0.1195,0.0766,0.1877,0.0325,0.1595,0.0677,0.1234,0.0318,0.0306,0.1708
2022-02-15,model_Portfolio,Hold,0.1197,0.0768,0.1884,0.0325,0.1586,0.0684,0.1234,0.0318,0.0302,0.1702
2022-02-16,model_Portfolio,Hold,0.119,0.0775,0.1876,0.0327,0.159,0.0675,0.1243,0.0319,0.0298,0.1706
2022-02-17,model_Portfolio,Hold,0.1174,0.0759,0.186,0.0324,0.1608,0.067,0.1251,0.0311,0.0291,0.1753
2022-02-18,model_Portfolio,Hold,0.1143,0.0759,0.1868,0.0321,0.1605,0.0677,0.1254,0.0307,0.029,0.1774
2022-02-22,model_Portfolio,Hold,0.116,0.0765,0.1872,0.0319,0.1562,0.0672,0.1278,0.0309,0.0291,0.1773
2022-02-23,model_Portfolio,Hold,0.1167,0.0753,0.1853,0.031,0.1565,0.0668,0.1277,0.0306,0.0289,0.1812
2022-02-24,model_Portfolio,Hold,0.1181,0.0759,0.1792,0.0324,0.1638,0.0668,0.1305,0.0318,0.0287,0.1727
2022-02-25,model_Portfolio,Hold,0.118,0.075,0.1804,0.0319,0.1654,0.0662,0.1289,0.0312,0.0291,0.1738
2022-02-28,model_Portfolio,Hold,0.1164,0.0736,0.1781,0.0319,0.1752,0.0651,0.1262,0.0314,0.0288,0.1733
2022-03-01,model_Portfolio,Rebalance,0.0588,0.0745,0.1798,0.0273,0.1686,0.0822,0.1436,0.0285,0.0701,0.1664
2022-03-02,model_Portfolio,Hold,0.0588,0.0748,0.1816,0.0269,0.1681,0.0817,0.1424,0.0281,0.07,0.1674
2022-03-03,model_Portfolio,Hold,0.0587,0.0744,0.1833,0.026,0.1687,0.0806,0.1432,0.0278,0.07,0.1672
2022-03-04,model_Portfolio,Hold,0.0588,0.0732,0.1799,0.0256,0.1737,0.0793,0.1449,0.0273,0.0692,0.168
2022-03-07,model_Portfolio,Hold,0.0591,0.073,0.1814,0.0248,0.1713,0.079,0.1448,0.0269,0.0694,0.1704
2022-03-08,model_Portfolio,Hold,0.058,0.0724,0.1827,0.0246,0.1752,0.0783,0.1463,0.0271,0.0707,0.1647
2022-03-09,model_Portfolio,Hold,0.0583,0.0733,0.1837,0.0248,0.1731,0.0801,0.1454,0.0281,0.0703,0.1628
2022-03-10,model_Portfolio,Hold,0.0574,0.073,0.1816,0.0261,0.1783,0.08,0.1442,0.0277,0.0687,0.1629
2022-03-11,model_Portfolio,Hold,0.0568,0.0746,0.1844,0.0262,0.1766,0.0783,0.1441,0.0276,0.0683,0.163
2022-03-14,model_Portfolio,Hold,0.0578,0.074,0.188,0.0257,0.1707,0.0783,0.1448,0.0269,0.0699,0.1639
2022-03-15,model_Portfolio,Hold,0.0583,0.0754,0.1876,0.0265,0.1652,0.0791,0.1453,0.0274,0.0696,0.1657
2022-03-16,model_Portfolio,Hold,0.0586,0.0766,0.1897,0.0272,0.1641,0.0789,0.1444,0.0279,0.0695,0.163
2022-03-17,model_Portfolio,Hold,0.0584,0.074,0.1871,0.0274,0.1725,0.0789,0.1435,0.0275,0.0692,0.1614
2022-03-18,model_Portfolio,Hold,0.0587,0.0747,0.1865,0.028,0.1704,0.0796,0.1441,0.0279,0.0692,0.1607
2022-03-21,model_Portfolio,Hold,0.0578,0.0741,0.186,0.0278,0.1763,0.0797,0.1412,0.0276,0.0687,0.1609
2022-03-22,model_Portfolio,Hold,0.0574,0.0742,0.1875,0.0281,0.1733,0.0798,0.1398,0.0281,0.0687,0.1628
2022-03-23,model_Portfolio,Hold,0.0556,0.0733,0.1873,0.0282,0.1759,0.0802,0.139,0.0281,0.0684,0.1641
2022-03-24,model_Portfolio,Hold,0.0555,0.0737,0.1877,0.0279,0.1745,0.0819,0.1389,0.0285,0.0683,0.1631
2022-03-25,model_Portfolio,Hold,0.0552,0.0731,0.1878,0.0277,0.175,0.082,0.139,0.0281,0.068,0.1641
2022-03-28,model_Portfolio,Hold,0.0562,0.0745,0.1889,0.0287,0.1695,0.0834,0.1416,0.0283,0.0682,0.1607
2022-03-29,model_Portfolio,Hold,0.0556,0.0758,0.1866,0.0284,0.172,0.0836,0.1439,0.0281,0.0684,0.1576
2022-03-30,model_Portfolio,Hold,0.0556,0.0751,0.1867,0.0278,0.1727,0.0837,0.1441,0.028,0.068,0.1584
2022-03-31,model_Portfolio,Hold,0.055,0.0753,0.1848,0.0274,0.1744,0.0837,0.1444,0.0276,0.0673,0.1601
2022-04-01,model_Portfolio,Rebalance,0.02,0.02,0.02,0.02,0.02,0.02,0.02,0.82,0.02,0.02
2022-04-04,model_Portfolio,Hold,0.0197,0.0199,0.0193,0.0202,0.02,0.0199,0.0194,0.8222,0.0197,0.0197
2022-04-05,model_Portfolio,Hold,0.0201,0.0201,0.0196,0.02,0.0197,0.0202,0.0196,0.8208,0.0199,0.0199
2022-04-06,model_Portfolio,Hold,0.0207,0.0204,0.0205,0.0198,0.0198,0.0205,0.0205,0.8164,0.0205,0.0209
2022-04-07,model_Portfolio,Hold,0.0214,0.0206,0.0206,0.0198,0.0199,0.0207,0.0203,0.8153,0.0206,0.0209
2022-04-08,model_Portfolio,Hold,0.0217,0.0207,0.0211,0.0196,0.0212,0.021,0.0205,0.812,0.0209,0.0214
2022-04-11,model_Portfolio,Hold,0.0218,0.0206,0.0216,0.0198,0.0209,0.0215,0.0207,0.8093,0.0216,0.0222
2022-04-12,model_Portfolio,Hold,0.0216,0.0207,0.0217,0.0199,0.0216,0.0215,0.0207,0.8082,0.0215,0.0225
2022-04-13,model_Portfolio,Hold,0.0216,0.0204,0.0214,0.0202,0.022,0.0214,0.0205,0.8093,0.0212,0.0222
2022-04-14,model_Portfolio,Hold,0.0217,0.0204,0.0219,0.0202,0.0225,0.0216,0.0207,0.8068,0.0214,0.0227
2022-04-18,model_Portfolio,Hold,0.0213,0.02,0.0219,0.0202,0.0226,0.0214,0.0204,0.8086,0.0212,0.0224
2022-04-19,model_Portfolio,Hold,0.0216,0.02,0.0215,0.0205,0.0224,0.0213,0.0204,0.8086,0.0213,0.0223
2022-04-20,model_Portfolio,Hold,0.0224,0.0205,0.0221,0.0202,0.0226,0.0215,0.021,0.8055,0.0217,0.0226
2022-04-21,model_Portfolio,Hold,0.023,0.0208,0.0222,0.0199,0.022,0.0222,0.0213,0.8026,0.0223,0.0236
2022-04-22,model_Portfolio,Hold,0.0232,0.0209,0.0224,0.0201,0.0221,0.0223,0.0217,0.8003,0.0228,0.0241
2022-04-25,model_Portfolio,Hold,0.0228,0.0209,0.0216,0.02,0.0208,0.0218,0.021,0.8056,0.0222,0.0235
2022-04-26,model_Portfolio,Hold,0.023,0.0206,0.0217,0.0197,0.0213,0.0219,0.0214,0.8039,0.0223,0.0241
2022-04-27,model_Portfolio,Hold,0.0236,0.0213,0.0224,0.0201,0.0227,0.0228,0.0217,0.7976,0.023,0.0249
2022-04-28,model_Portfolio,Hold,0.0231,0.0213,0.0211,0.0204,0.0228,0.0223,0.0214,0.8008,0.0227,0.0242
2022-04-29,model_Portfolio,Hold,0.0231,0.0212,0.0212,0.0182,0.0233,0.0225,0.0212,0.8008,0.0231,0.0253
2022-05-02,model_Portfolio,Rebalance,0.0739,0.0739,0.1769,0.0272,0.1738,0.0759,0.1068,0.0275,0.1048,0.1592
2022-05-03,model_Portfolio,Hold,0.0726,0.0729,0.1763,0.0268,0.1794,0.076,0.1067,0.0273,0.1049,0.1571
2022-05-04,model_Portfolio,Hold,0.0722,0.0728,0.1756,0.0263,0.1843,0.0761,0.1053,0.0275,0.1056,0.1545
2022-05-05,model_Portfolio,Hold,0.0735,0.072,0.1779,0.0253,0.1755,0.0756,0.1067,0.0273,0.1066,0.1597
2022-05-06,model_Portfolio,Hold,0.0722,0.0705,0.1766,0.0247,0.1854,0.0747,0.104,0.0269,0.1055,0.1597
2022-05-09,model_Portfolio,Hold,0.0723,0.0717,0.1827,0.0245,0.1651,0.0773,0.1031,0.0273,0.1126,0.1633
2022-05-10,model_Portfolio,Hold,0.0732,0.0731,0.1854,0.0249,0.1675,0.0779,0.1024,0.0283,0.1122,0.1552
2022-05-11,model_Portfolio,Hold,0.0727,0.0716,0.1843,0.0242,0.172,0.0788,0.1018,0.0282,0.1104,0.1559
2022-05-12,model_Portfolio,Hold,0.0741,0.0715,0.1816,0.0245,0.1705,0.0782,0.1018,0.0279,0.1126,0.1572
2022-05-13,model_Portfolio,Hold,0.0735,0.0711,0.1776,0.0253,0.18,0.077,0.102,0.028,0.1096,0.1558
2022-05-16,model_Portfolio,Hold,0.073,0.0706,0.1763,0.0246,0.1844,0.0763,0.1005,0.0275,0.1099,0.1569
2022-05-17,model_Portfolio,Hold,0.0748,0.0704,0.1775,0.0252,0.1841,0.077,0.099,0.0274,0.1091,0.1555
2022-05-18,model_Portfolio,Hold,0.0762,0.0687,0.1808,0.0242,0.1787,0.0781,0.0978,0.0273,0.1105,0.1578
2022-05-19,model_Portfolio,Hold,0.0766,0.0691,0.18,0.0244,0.1818,0.0786,0.0985,0.0271,0.111,0.1528
2022-05-20,model_Portfolio,Hold,0.0769,0.0697,0.1778,0.0244,0.185,0.0795,0.0994,0.0267,0.1083,0.1524
2022-05-23,model_Portfolio,Hold,0.0764,0.0697,0.1782,0.0239,0.1915,0.0778,0.0977,0.0267,0.1062,0.1519
2022-05-24,model_Portfolio,Hold,0.0757,0.0689,0.1803,0.0231,0.1896,0.0776,0.0976,0.0254,0.1074,0.1545
2022-05-25,model_Portfolio,Hold,0.0743,0.068,0.1801,0.0234,0.1953,0.0764,0.0963,0.025,0.106,0.1552
2022-05-26,model_Portfolio,Hold,0.0741,0.0697,0.1811,0.0239,0.1932,0.077,0.0964,0.0251,0.1051,0.1543
2022-05-27,model_Portfolio,Hold,0.0734,0.071,0.1806,0.0242,0.1958,0.0777,0.0972,0.0255,0.1043,0.1504
2022-05-31,model_Portfolio,Hold,0.0743,0.07,0.182,0.0254,0.1944,0.0767,0.0962,0.026,0.1047,0.1502
2022-06-01,model_Portfolio,Rebalance,0.0201,0.02,0.02,0.8199,0.02,0.02,0.02,0.02,0.02,0.02
2022-06-02,model_Portfolio,Hold,0.0199,0.0199,0.0194,0.8221,0.0194,0.0202,0.0198,0.0201,0.0197,0.0195
2022-06-03,model_Portfolio,Hold,0.0202,0.0203,0.0196,0.8197,0.0202,0.0206,0.0198,0.02,0.0198,0.0198
2022-06-06,model_Portfolio,Hold,0.0199,0.0199,0.0193,0.8219,0.0199,0.0207,0.0194,0.02,0.0195,0.0194
2022-06-07,model_Portfolio,Hold,0.0201,0.0202,0.0197,0.8179,0.0213,0.0211,0.0198,0.0203,0.0198,0.0197
2022-06-08,model_Portfolio,Hold,0.0201,0.0203,0.0197,0.8194,0.0216,0.0208,0.0191,0.0206,0.02,0.0184
2022-06-09,model_Portfolio,Hold,0.0205,0.0206,0.02,0.8158,0.0219,0.0217,0.0192,0.021,0.0205,0.0188
2022-06-10,model_Portfolio,Hold,0.021,0.021,0.0204,0.8111,0.0225,0.0224,0.0196,0.0214,0.0207,0.0199
2022-06-13,model_Portfolio,Hold,0.0214,0.0214,0.0208,0.8085,0.0222,0.0231,0.0193,0.0216,0.0216,0.0202
2022-06-14,model_Portfolio,Hold,0.021,0.0216,0.021,0.8073,0.0226,0.023,0.0194,0.0219,0.0217,0.0204
2022-06-15,model_Portfolio,Hold,0.0205,0.0211,0.0204,0.8143,0.0215,0.022,0.0186,0.0216,0.0206,0.0193
2022-06-16,model_Portfolio,Hold,0.0207,0.0211,0.0207,0.8135,0.0204,0.0225,0.0186,0.0217,0.0209,0.0199
2022-06-17,model_Portfolio,Hold,0.0204,0.021,0.0203,0.8176,0.0188,0.0221,0.0184,0.0215,0.0203,0.0195
2022-06-21,model_Portfolio,Hold,0.0204,0.0211,0.0203,0.8182,0.0189,0.0221,0.018,0.0219,0.0199,0.0193
2022-06-22,model_Portfolio,Hold,0.0206,0.0214,0.0202,0.8206,0.0176,0.0221,0.0182,0.0219,0.0199,0.0175
2022-06-23,model_Portfolio,Hold,0.0202,0.0208,0.0195,0.8247,0.0166,0.0216,0.0183,0.0214,0.0194,0.0175
2022-06-24,model_Portfolio,Hold,0.0201,0.0211,0.0196,0.8247,0.0161,0.0217,0.0184,0.0218,0.0193,0.0172
2022-06-27,model_Portfolio,Hold,0.0205,0.0211,0.0201,0.8214,0.017,0.0218,0.0192,0.0219,0.0196,0.0175
2022-06-28,model_Portfolio,Hold,0.021,0.0214,0.0211,0.8153,0.0184,0.0224,0.0199,0.0221,0.0201,0.0184
2022-06-29,model_Portfolio,Hold,0.0212,0.0209,0.0207,0.8189,0.0169,0.0223,0.0199,0.0219,0.0198,0.0176
2022-06-30,model_Portfolio,Hold,0.0216,0.0212,0.0211,0.8163,0.0167,0.0227,0.0204,0.0218,0.0202,0.018
2022-07-01,model_Portfolio,Rebalance,0.0313,0.02,0.02,0.8085,0.02,0.02,0.02,0.0202,0.02,0.02
2022-07-05,model_Portfolio,Hold,0.0302,0.0191,0.0192,0.8153,0.018,0.0192,0.0196,0.0205,0.0196,0.0192
2022-07-06,model_Portfolio,Hold,0.0299,0.019,0.0193,0.8167,0.0175,0.0189,0.0196,0.0206,0.0196,0.0189
2022-07-07,model_Portfolio,Hold,0.0296,0.0189,0.0191,0.8169,0.0186,0.0185,0.0192,0.021,0.0193,0.0188
2022-07-08,model_Portfolio,Hold,0.0298,0.019,0.0192,0.8166,0.0189,0.0183,0.0189,0.0212,0.0192,0.0188
2022-07-11,model_Portfolio,Hold,0.0305,0.0193,0.0197,0.8128,0.0191,0.019,0.0191,0.0212,0.0198,0.0196
2022-07-12,model_Portfolio,Hold,0.031,0.0196,0.0199,0.8105,0.0185,0.0192,0.0195,0.0213,0.0204,0.0201
2022-07-13,model_Portfolio,Hold,0.0302,0.0194,0.0194,0.8141,0.0186,0.0188,0.019,0.0207,0.02,0.0199
2022-07-14,model_Portfolio,Hold,0.0302,0.0192,0.019,0.8166,0.0179,0.0183,0.0186,0.0205,0.02,0.0197
2022-07-15,model_Portfolio,Hold,0.0303,0.0189,0.0189,0.8178,0.0177,0.0181,0.0188,0.0203,0.0198,0.0194
2022-07-18,model_Portfolio,Hold,0.0298,0.0187,0.0188,0.819,0.0181,0.018,0.0187,0.0198,0.0196,0.0195
2022-07-19,model_Portfolio,Hold,0.0295,0.0188,0.0184,0.8202,0.0183,0.0178,0.0186,0.0199,0.0194,0.0191
2022-07-20,model_Portfolio,Hold,0.0282,0.0183,0.0177,0.8257,0.0181,0.0174,0.0182,0.0193,0.0189,0.0183
2022-07-21,model_Portfolio,Hold,0.0284,0.0185,0.0176,0.827,0.017,0.0174,0.018,0.0191,0.0188,0.0182
2022-07-22,model_Portfolio,Hold,0.0285,0.0188,0.018,0.8256,0.0168,0.0177,0.0186,0.0183,0.0191,0.0186
2022-07-25,model_Portfolio,Hold,0.0285,0.019,0.0184,0.8229,0.018,0.0178,0.0187,0.0184,0.0192,0.0191
2022-07-26,model_Portfolio,Hold,0.0299,0.0196,0.019,0.8142,0.0185,0.0186,0.0203,0.0187,0.0211,0.0201
2022-07-27,model_Portfolio,Hold,0.0288,0.0195,0.0183,0.8192,0.0183,0.018,0.0196,0.0193,0.0199,0.0191
2022-07-28,model_Portfolio,Hold,0.0286,0.0197,0.0182,0.8189,0.0184,0.0182,0.02,0.0192,0.0198,0.0189
2022-07-29,model_Portfolio,Hold,0.0259,0.0183,0.017,0.8314,0.0176,0.0171,0.0187,0.018,0.0186,0.0173
2022-08-01,model_Portfolio,Rebalance,0.02,0.02,0.02,0.8197,0.02,0.02,0.02,0.02,0.0203,0.02
2022-08-02,model_Portfolio,Hold,0.02,0.02,0.0209,0.819,0.0201,0.0199,0.0196,0.0202,0.0202,0.0201
2022-08-03,model_Portfolio,Hold,0.0195,0.0197,0.0203,0.824,0.0187,0.0194,0.0189,0.02,0.0198,0.0196
2022-08-04,model_Portfolio,Hold,0.0192,0.0195,0.02,0.8272,0.0163,0.02,0.0187,0.0197,0.0201,0.0193
2022-08-05,model_Portfolio,Hold,0.0193,0.0196,0.0203,0.825,0.0171,0.0205,0.0188,0.0198,0.0202,0.0194
2022-08-08,model_Portfolio,Hold,0.0194,0.0198,0.0205,0.8229,0.0174,0.0206,0.0193,0.0199,0.0205,0.0196
2022-08-09,model_Portfolio,Hold,0.0194,0.02,0.021,0.8214,0.0179,0.0206,0.0194,0.02,0.0206,0.0198
2022-08-10,model_Portfolio,Hold,0.0192,0.0198,0.0208,0.8235,0.0176,0.0205,0.0193,0.0199,0.0201,0.0194
2022-08-11,model_Portfolio,Hold,0.0195,0.0199,0.0213,0.8204,0.0186,0.0206,0.0196,0.0199,0.0204,0.0197
2022-08-12,model_Portfolio,Hold,0.0193,0.0199,0.0214,0.8213,0.0182,0.0207,0.0196,0.02,0.0204,0.0194
2022-08-15,model_Portfolio,Hold,0.0194,0.0199,0.0214,0.8211,0.0177,0.021,0.0196,0.0201,0.0203,0.0195
2022-08-16,model_Portfolio,Hold,0.0192,0.0197,0.0212,0.8228,0.0173,0.0208,0.0196,0.0199,0.02,0.0195
2022-08-17,model_Portfolio,Hold,0.0193,0.0199,0.0215,0.8214,0.0178,0.0207,0.0199,0.0199,0.0199,0.0197
2022-08-18,model_Portfolio,Hold,0.0191,0.02,0.0217,0.8206,0.0193,0.0206,0.0192,0.0199,0.0198,0.0197
2022-08-19,model_Portfolio,Hold,0.0197,0.0202,0.022,0.8179,0.0196,0.0208,0.0194,0.0199,0.0203,0.0202
2022-08-22,model_Portfolio,Hold,0.0198,0.0205,0.0222,0.8145,0.0206,0.0213,0.0197,0.0201,0.0204,0.0208
2022-08-23,model_Portfolio,Hold,0.0195,0.0203,0.022,0.8147,0.0217,0.0213,0.0193,0.0199,0.0204,0.0208
2022-08-24,model_Portfolio,Hold,0.0194,0.0202,0.022,0.8141,0.0225,0.0213,0.0195,0.0199,0.0203,0.0209
2022-08-25,model_Portfolio,Hold,0.019,0.0199,0.0217,0.8161,0.022,0.0212,0.0194,0.0199,0.02,0.0207
2022-08-26,model_Portfolio,Hold,0.0191,0.0201,0.0222,0.8139,0.0229,0.0218,0.0198,0.0197,0.019,0.0214
2022-08-29,model_Portfolio,Hold,0.0193,0.02,0.0224,0.8132,0.0238,0.0218,0.0196,0.0197,0.0187,0.0215
2022-08-30,model_Portfolio,Hold,0.0195,0.02,0.0223,0.8143,0.0228,0.0216,0.0196,0.0198,0.0186,0.0214
2022-08-31,model_Portfolio,Hold,0.0199,0.02,0.0223,0.8129,0.023,0.0216,0.0198,0.0199,0.0188,0.0217
2022-09-01,model_Portfolio,Rebalance,0.0905,0.0825,0.2113,0.0279,0.1531,0.0885,0.0935,0.0286,0.0368,0.1872
2022-09-02,model_Portfolio,Hold,0.089,0.0816,0.2121,0.028,0.1575,0.0878,0.0932,0.0282,0.0358,0.1867
2022-09-06,model_Portfolio,Hold,0.0897,0.082,0.2139,0.0279,0.1545,0.0882,0.0952,0.0281,0.0345,0.1861
2022-09-07,model_Portfolio,Hold,0.0905,0.082,0.2163,0.0283,0.1482,0.09,0.0952,0.0285,0.0353,0.1857
2022-09-08,model_Portfolio,Hold,0.0917,0.0817,0.2174,0.0281,0.148,0.0893,0.096,0.028,0.0347,0.185
2022-09-09,model_Portfolio,Hold,0.0917,0.0813,0.2152,0.0285,0.1506,0.0891,0.0959,0.0282,0.0353,0.1841
2022-09-12,model_Portfolio,Hold,0.0911,0.0815,0.2143,0.0288,0.1559,0.0901,0.0954,0.0279,0.0351,0.1799
2022-09-13,model_Portfolio,Hold,0.0915,0.0806,0.2162,0.0277,0.1581,0.0908,0.0949,0.0272,0.0353,0.1776
2022-09-14,model_Portfolio,Hold,0.091,0.0794,0.2129,0.028,0.168,0.0901,0.0934,0.0273,0.0343,0.1756
2022-09-15,model_Portfolio,Hold,0.0912,0.0787,0.2126,0.0277,0.1684,0.0885,0.0935,0.0269,0.0343,0.1782
2022-09-16,model_Portfolio,Hold,0.0908,0.0788,0.2136,0.0273,0.1652,0.0886,0.0939,0.0271,0.0345,0.1804
2022-09-19,model_Portfolio,Hold,0.0903,0.0789,0.2153,0.0273,0.1641,0.0887,0.0923,0.027,0.0343,0.1818
2022-09-20,model_Portfolio,Hold,0.0897,0.0784,0.2183,0.0271,0.1624,0.0881,0.0906,0.0267,0.0347,0.1839
2022-09-21,model_Portfolio,Hold,0.0896,0.0782,0.219,0.0267,0.16,0.0882,0.0898,0.0267,0.0347,0.1871
2022-09-22,model_Portfolio,Hold,0.0909,0.0781,0.217,0.0267,0.1561,0.088,0.0912,0.0272,0.0348,0.1901
2022-09-23,model_Portfolio,Hold,0.0934,0.0798,0.2205,0.0267,0.1426,0.0902,0.0947,0.0276,0.0356,0.1889
2022-09-26,model_Portfolio,Hold,0.094,0.0803,0.2201,0.0274,0.1402,0.0894,0.0937,0.0279,0.0361,0.1908
2022-09-27,model_Portfolio,Hold,0.093,0.0802,0.22,0.0274,0.1445,0.0895,0.0931,0.0278,0.0361,0.1885
2022-09-28,model_Portfolio,Hold,0.0913,0.0802,0.2176,0.0276,0.15,0.0892,0.0932,0.0279,0.0359,0.1871
2022-09-29,model_Portfolio,Hold,0.0917,0.0797,0.217,0.0271,0.1524,0.0887,0.0929,0.0274,0.0355,0.1876
2022-09-30,model_Portfolio,Hold,0.0911,0.0802,0.2176,0.0269,0.1505,0.0905,0.095,0.0272,0.0353,0.1857
2022-10-03,model_Portfolio,Rebalance,0.0554,0.0734,0.1626,0.0282,0.2019,0.0711,0.0982,0.0265,0.1226,0.1601
2022-10-04,model_Portfolio,Hold,0.0555,0.0735,0.1631,0.0285,0.2051,0.0716,0.096,0.0264,0.1212,0.1591
2022-10-05,model_Portfolio,Hold,0.0555,0.0733,0.1617,0.0283,0.2116,0.0699,0.093,0.0263,0.1203,0.1602
2022-10-06,model_Portfolio,Hold,0.055,0.0721,0.1605,0.0282,0.2206,0.0688,0.0917,0.0263,0.1162,0.1607
2022-10-07,model_Portfolio,Hold,0.0556,0.0706,0.1592,0.0273,0.226,0.0679,0.0902,0.026,0.1144,0.1627
2022-10-10,model_Portfolio,Hold,0.0556,0.0705,0.161,0.0273,0.2201,0.0685,0.089,0.0259,0.116,0.1661
2022-10-11,model_Portfolio,Hold,0.0559,0.0692,0.1612,0.0269,0.2164,0.0681,0.0905,0.0258,0.1164,0.1695
2022-10-12,model_Portfolio,Hold,0.0551,0.0688,0.1595,0.0271,0.2182,0.0677,0.0897,0.0259,0.1167,0.1713
2022-10-13,model_Portfolio,Hold,0.055,0.0688,0.1611,0.0263,0.2176,0.0682,0.0882,0.0255,0.1188,0.1706
2022-10-14,model_Portfolio,Hold,0.0554,0.0691,0.1632,0.0255,0.2123,0.0682,0.0881,0.0255,0.1209,0.1719
2022-10-17,model_Portfolio,Hold,0.0563,0.071,0.163,0.0269,0.2111,0.0689,0.089,0.0261,0.1199,0.1679
2022-10-18,model_Portfolio,Hold,0.0567,0.071,0.1635,0.0273,0.2083,0.0699,0.0881,0.0261,0.1214,0.1675
2022-10-19,model_Portfolio,Hold,0.0529,0.0709,0.163,0.027,0.2189,0.0695,0.0859,0.0258,0.1193,0.1668
2022-10-20,model_Portfolio,Hold,0.052,0.0712,0.1624,0.0274,0.2209,0.0695,0.0861,0.0262,0.1197,0.1647
2022-10-21,model_Portfolio,Hold,0.0505,0.0713,0.1629,0.0276,0.2237,0.0685,0.0856,0.0258,0.1203,0.1637
2022-10-24,model_Portfolio,Hold,0.0515,0.0717,0.1629,0.0273,0.2232,0.0682,0.0848,0.0258,0.1201,0.1646
2022-10-25,model_Portfolio,Hold,0.0504,0.0719,0.1602,0.027,0.2266,0.0691,0.088,0.0258,0.1181,0.1629
2022-10-26,model_Portfolio,Hold,0.0503,0.0712,0.1591,0.0257,0.2293,0.0687,0.0873,0.0233,0.1214,0.1638
2022-10-27,model_Portfolio,Hold,0.0498,0.0713,0.1618,0.0248,0.2287,0.0683,0.089,0.0227,0.1222,0.1615
2022-10-28,model_Portfolio,Hold,0.0502,0.0723,0.1643,0.0227,0.2234,0.0685,0.0897,0.0233,0.1238,0.1618
2022-10-31,model_Portfolio,Hold,0.0501,0.0715,0.1657,0.0225,0.2242,0.0677,0.0897,0.023,0.1234,0.1622
2022-11-01,model_Portfolio,Rebalance,0.0205,0.0203,0.0205,0.0201,0.0204,0.0203,0.0206,0.02,0.8168,0.0205
2022-11-02,model_Portfolio,Hold,0.0207,0.02,0.0209,0.0195,0.0202,0.0201,0.0207,0.0197,0.8179,0.0204
2022-11-03,model_Portfolio,Hold,0.0204,0.0189,0.0207,0.0189,0.0215,0.0217,0.0208,0.0189,0.8179,0.0204
2022-11-04,model_Portfolio,Hold,0.0203,0.0189,0.0207,0.0189,0.0219,0.0223,0.0208,0.0192,0.8166,0.0203
2022-11-07,model_Portfolio,Hold,0.0206,0.0194,0.0208,0.0188,0.0221,0.0224,0.021,0.0196,0.8147,0.0205
2022-11-08,model_Portfolio,Hold,0.0205,0.0193,0.0208,0.0186,0.0218,0.0227,0.0207,0.0196,0.8155,0.0204
2022-11-09,model_Portfolio,Hold,0.0208,0.0194,0.021,0.0181,0.0206,0.0228,0.0206,0.0196,0.8169,0.0204
2022-11-10,model_Portfolio,Hold,0.0209,0.02,0.0208,0.0194,0.0203,0.0225,0.0212,0.0201,0.8157,0.0191
2022-11-11,model_Portfolio,Hold,0.0203,0.0197,0.0203,0.0197,0.0205,0.0219,0.0203,0.0201,0.8184,0.0186
2022-11-14,model_Portfolio,Hold,0.0202,0.0199,0.0202,0.0196,0.0202,0.0227,0.0201,0.0203,0.8181,0.0187
2022-11-15,model_Portfolio,Hold,0.0203,0.0201,0.0207,0.0196,0.0209,0.0226,0.0204,0.0208,0.8162,0.0185
2022-11-16,model_Portfolio,Hold,0.0208,0.0204,0.0212,0.0195,0.0205,0.023,0.0204,0.0212,0.8142,0.0188
2022-11-17,model_Portfolio,Hold,0.0206,0.0201,0.0212,0.0191,0.0204,0.0229,0.0204,0.0212,0.8153,0.0189
2022-11-18,model_Portfolio,Hold,0.0209,0.0201,0.0213,0.019,0.0201,0.0232,0.0208,0.021,0.8143,0.0192
2022-11-21,model_Portfolio,Hold,0.0208,0.02,0.0213,0.0186,0.0196,0.0231,0.0207,0.0205,0.816,0.0193
2022-11-22,model_Portfolio,Hold,0.0208,0.0202,0.0213,0.0186,0.0205,0.0238,0.0209,0.0206,0.814,0.0193
2022-11-23,model_Portfolio,Hold,0.0211,0.0204,0.0214,0.0188,0.0201,0.0239,0.0208,0.021,0.8132,0.0193
2022-11-25,model_Portfolio,Hold,0.0211,0.0204,0.0214,0.0185,0.0198,0.0238,0.021,0.0206,0.8142,0.019
2022-11-28,model_Portfolio,Hold,0.0215,0.0207,0.0216,0.0192,0.0198,0.0241,0.0209,0.021,0.8113,0.0198
2022-11-29,model_Portfolio,Hold,0.0212,0.0203,0.0214,0.0187,0.0203,0.0237,0.0212,0.0206,0.8127,0.0199
2022-11-30,model_Portfolio,Hold,0.0216,0.0211,0.0216,0.0195,0.0203,0.0242,0.0216,0.0217,0.8082,0.0202
2022-12-01,model_Portfolio,Rebalance,0.1142,0.0779,0.1287,0.0302,0.1342,0.0796,0.1869,0.0326,0.0866,0.1292
2022-12-02,model_Portfolio,Hold,0.114,0.077,0.1291,0.0297,0.1349,0.081,0.1845,0.0323,0.087,0.1305
2022-12-05,model_Portfolio,Hold,0.1134,0.0766,0.1293,0.0293,0.1335,0.0817,0.1848,0.0326,0.0871,0.1319
2022-12-06,model_Portfolio,Hold,0.1139,0.0761,0.1319,0.029,0.1306,0.0825,0.1833,0.0324,0.0887,0.1316
2022-12-07,model_Portfolio,Hold,0.1147,0.0763,0.1319,0.029,0.1297,0.0833,0.1817,0.0317,0.0898,0.1319
2022-12-08,model_Portfolio,Hold,0.1164,0.0773,0.1295,0.0294,0.1263,0.0839,0.1846,0.0311,0.0891,0.1325
2022-12-09,model_Portfolio,Hold,0.1177,0.0768,0.1295,0.0292,0.1244,0.0829,0.1864,0.031,0.0894,0.1328
2022-12-12,model_Portfolio,Hold,0.118,0.0766,0.1291,0.0292,0.1285,0.083,0.1846,0.0307,0.0888,0.1315
2022-12-13,model_Portfolio,Hold,0.1185,0.0763,0.1271,0.0294,0.1322,0.0833,0.1851,0.031,0.0878,0.1292
2022-12-14,model_Portfolio,Hold,0.1187,0.0756,0.1271,0.0293,0.1305,0.0836,0.1862,0.0309,0.0874,0.1306
2022-12-15,model_Portfolio,Hold,0.118,0.0743,0.1275,0.0288,0.1329,0.0829,0.1865,0.0301,0.0864,0.1326
2022-12-16,model_Portfolio,Hold,0.1185,0.0713,0.1294,0.0292,0.1317,0.0845,0.1832,0.0305,0.0876,0.1341
2022-12-19,model_Portfolio,Hold,0.1189,0.0693,0.1301,0.0284,0.1327,0.0843,0.1834,0.0301,0.0885,0.1344
2022-12-20,model_Portfolio,Hold,0.1181,0.0706,0.1325,0.0283,0.1328,0.0835,0.1833,0.0301,0.087,0.1338
2022-12-21,model_Portfolio,Hold,0.1177,0.0712,0.1316,0.0283,0.1379,0.0825,0.1824,0.0297,0.0873,0.1316
2022-12-22,model_Portfolio,Hold,0.119,0.0709,0.1321,0.0276,0.1336,0.083,0.1836,0.0295,0.087,0.1337
2022-12-23,model_Portfolio,Hold,0.1177,0.0704,0.1321,0.0278,0.1396,0.0818,0.1828,0.0296,0.0849,0.1334
2022-12-27,model_Portfolio,Hold,0.118,0.0701,0.1329,0.027,0.1406,0.0818,0.1817,0.029,0.0849,0.134
2022-12-28,model_Portfolio,Hold,0.1195,0.0709,0.1339,0.0271,0.1358,0.0827,0.1813,0.0291,0.0851,0.1347
2022-12-29,model_Portfolio,Hold,0.1204,0.0712,0.1331,0.0275,0.136,0.0819,0.1823,0.0294,0.0855,0.1327
2022-12-30,model_Portfolio,Hold,0.1198,0.0708,0.1328,0.0274,0.1383,0.0815,0.1829,0.0294,0.085,0.1322
2023-01-03,model_Portfolio,Rebalance,0.0795,0.0861,0.1364,0.0316,0.131,0.0771,0.1512,0.0431,0.1226,0.1414
2023-01-04,model_Portfolio,Hold,0.0806,0.0857,0.1369,0.0313,0.1264,0.0769,0.1538,0.0425,0.1251,0.1408
2023-01-05,model_Portfolio,Hold,0.0814,0.0848,0.1379,0.0309,0.127,0.0768,0.1518,0.0422,0.1246,0.1426
2023-01-06,model_Portfolio,Hold,0.0803,0.0845,0.1387,0.0312,0.127,0.0768,0.1526,0.0416,0.1251,0.1422
2023-01-09,model_Portfolio,Hold,0.0804,0.0862,0.1346,0.0318,0.1288,0.0774,0.152,0.0421,0.1255,0.1412
2023-01-10,model_Portfolio,Hold,0.0812,0.086,0.1348,0.0325,0.1276,0.0772,0.1522,0.042,0.1261,0.1403
2023-01-11,model_Portfolio,Hold,0.0796,0.0872,0.1329,0.0339,0.1276,0.0762,0.1563,0.0429,0.1254,0.138
2023-01-12,model_Portfolio,Hold,0.0783,0.0876,0.1321,0.0338,0.1315,0.0753,0.1578,0.0425,0.125,0.1361
2023-01-13,model_Portfolio,Hold,0.0794,0.0866,0.1333,0.0347,0.1308,0.0752,0.1567,0.0428,0.1245,0.136
2023-01-17,model_Portfolio,Hold,0.0799,0.0881,0.1334,0.0341,0.1311,0.0744,0.1583,0.0427,0.1225,0.1355
2023-01-18,model_Portfolio,Hold,0.0799,0.0874,0.1347,0.0345,0.1301,0.0748,0.16,0.0433,0.1208,0.1344
2023-01-19,model_Portfolio,Hold,0.0805,0.0862,0.133,0.034,0.134,0.0744,0.1598,0.0444,0.1171,0.1366
2023-01-20,model_Portfolio,Hold,0.08,0.0872,0.1317,0.0348,0.1325,0.0744,0.1602,0.0461,0.1175,0.1357
2023-01-23,model_Portfolio,Hold,0.0802,0.0862,0.1316,0.0346,0.1322,0.0749,0.161,0.0466,0.1185,0.1343
2023-01-24,model_Portfolio,Hold,0.0801,0.0859,0.1355,0.0346,0.13,0.0769,0.1625,0.0461,0.1125,0.1358
2023-01-25,model_Portfolio,Hold,0.0795,0.0858,0.1368,0.0351,0.1308,0.077,0.1615,0.0452,0.1111,0.1371
2023-01-26,model_Portfolio,Hold,0.079,0.0856,0.1358,0.0356,0.1338,0.0777,0.161,0.046,0.111,0.1343
2023-01-27,model_Portfolio,Hold,0.0777,0.086,0.1347,0.0365,0.1339,0.0766,0.1634,0.0466,0.1119,0.1329
2023-01-30,model_Portfolio,Hold,0.0785,0.0861,0.1366,0.0363,0.1309,0.0774,0.162,0.046,0.1106,0.1356
2023-01-31,model_Portfolio,Hold,0.0779,0.0863,0.1355,0.0367,0.1295,0.0779,0.1631,0.0462,0.1115,0.1353
2023-02-01,model_Portfolio,Rebalance,0.0359,0.0649,0.149,0.0293,0.1368,0.0707,0.1682,0.0849,0.1338,0.1265
2023-02-02,model_Portfolio,Hold,0.0359,0.067,0.1394,0.0313,0.1328,0.0654,0.1751,0.0906,0.1382,0.1244
2023-02-03,model_Portfolio,Hold,0.0363,0.0669,0.1425,0.0291,0.1339,0.064,0.1746,0.0895,0.1371,0.1261
2023-02-06,model_Portfolio,Hold,0.0361,0.0661,0.1436,0.0289,0.1345,0.0639,0.175,0.0883,0.1366,0.1269
2023-02-07,model_Portfolio,Hold,0.0361,0.0662,0.1429,0.0286,0.1383,0.0637,0.1727,0.0914,0.1356,0.1245
2023-02-08,model_Portfolio,Hold,0.0361,0.0665,0.1462,0.0285,0.1355,0.0652,0.1743,0.0857,0.1358,0.1263
2023-02-09,model_Portfolio,Hold,0.0359,0.0675,0.1465,0.0284,0.1339,0.066,0.176,0.0831,0.135,0.1276
2023-02-10,model_Portfolio,Hold,0.0355,0.0664,0.1452,0.0278,0.1404,0.0654,0.1745,0.0817,0.1344,0.1285
2023-02-13,model_Portfolio,Hold,0.0354,0.0671,0.1468,0.0282,0.1363,0.0648,0.175,0.0814,0.1354,0.1295
2023-02-14,model_Portfolio,Hold,0.0354,0.0669,0.1454,0.0286,0.1375,0.0643,0.1747,0.0822,0.1355,0.1296
2023-02-15,model_Portfolio,Hold,0.0353,0.0675,0.1453,0.0289,0.1335,0.0648,0.1747,0.084,0.1359,0.13
2023-02-16,model_Portfolio,Hold,0.0354,0.067,0.1471,0.0285,0.1317,0.065,0.1737,0.084,0.1364,0.1313
2023-02-17,model_Portfolio,Hold,0.0359,0.0664,0.1485,0.0284,0.1257,0.0651,0.1743,0.0835,0.1384,0.1339
2023-02-21,model_Portfolio,Hold,0.0355,0.0658,0.1488,0.0282,0.1281,0.0659,0.1733,0.0829,0.1365,0.1349
2023-02-22,model_Portfolio,Hold,0.0353,0.0661,0.1498,0.0286,0.1278,0.0663,0.172,0.083,0.1366,0.1344
2023-02-23,model_Portfolio,Hold,0.0351,0.0662,0.1483,0.0285,0.1315,0.0663,0.1712,0.082,0.1359,0.1349
2023-02-24,model_Portfolio,Hold,0.0347,0.0657,0.151,0.0281,0.1331,0.0672,0.1683,0.0811,0.1358,0.1351
2023-02-27,model_Portfolio,Hold,0.0345,0.0656,0.1503,0.0282,0.1332,0.0684,0.1682,0.0818,0.1365,0.1334
2023-02-28,model_Portfolio,Hold,0.0354,0.0658,0.1509,0.0285,0.131,0.0688,0.1671,0.0824,0.1365,0.1338
2023-03-01,model_Portfolio,Rebalance,0.0485,0.0691,0.1697,0.028,0.1613,0.0729,0.1272,0.0287,0.1457,0.149
2023-03-02,model_Portfolio,Hold,0.0492,0.0692,0.1675,0.0279,0.1631,0.0735,0.1268,0.029,0.1446,0.1492
2023-03-03,model_Portfolio,Hold,0.0494,0.0694,0.1676,0.0284,0.1646,0.0733,0.1258,0.0292,0.1446,0.1476
2023-03-06,model_Portfolio,Hold,0.0488,0.0697,0.1676,0.0281,0.1612,0.0732,0.1278,0.0298,0.1434,0.1503
2023-03-07,model_Portfolio,Hold,0.0485,0.0697,0.1682,0.0286,0.1604,0.0742,0.1266,0.03,0.1425,0.1513
2023-03-08,model_Portfolio,Hold,0.0483,0.0697,0.1661,0.0288,0.158,0.074,0.1296,0.0302,0.1429,0.1524
2023-03-09,model_Portfolio,Hold,0.0485,0.0702,0.1664,0.0289,0.1552,0.0741,0.1273,0.0302,0.1437,0.1555
2023-03-10,model_Portfolio,Hold,0.0493,0.07,0.1684,0.0291,0.1545,0.0751,0.1191,0.0304,0.1452,0.1588
2023-03-13,model_Portfolio,Hold,0.0505,0.0704,0.1654,0.03,0.1501,0.0759,0.1199,0.0309,0.1461,0.1609
2023-03-14,model_Portfolio,Hold,0.0503,0.0702,0.1667,0.0306,0.1503,0.0767,0.1194,0.0316,0.1441,0.16
2023-03-15,model_Portfolio,Hold,0.0509,0.0698,0.165,0.0316,0.1411,0.0758,0.1222,0.033,0.147,0.1636
2023-03-16,model_Portfolio,Hold,0.0511,0.071,0.1667,0.0326,0.1431,0.0758,0.1183,0.0341,0.1476,0.1597
2023-03-17,model_Portfolio,Hold,0.051,0.0716,0.1667,0.0328,0.141,0.0759,0.1174,0.0352,0.1487,0.1597
2023-03-20,model_Portfolio,Hold,0.0505,0.071,0.1693,0.0319,0.1435,0.0758,0.1163,0.0344,0.1479,0.1595
2023-03-21,model_Portfolio,Hold,0.0499,0.0711,0.1697,0.0322,0.1502,0.0743,0.1152,0.0351,0.1452,0.1571
2023-03-22,model_Portfolio,Hold,0.0503,0.0717,0.1697,0.0324,0.1509,0.0752,0.1124,0.0354,0.1449,0.1573
2023-03-23,model_Portfolio,Hold,0.0506,0.0772,0.1687,0.0325,0.1499,0.0732,0.1119,0.0363,0.1446,0.1552
2023-03-24,model_Portfolio,Hold,0.0507,0.0765,0.1681,0.032,0.1507,0.0727,0.1144,0.0359,0.1435,0.1555
2023-03-27,model_Portfolio,Hold,0.0506,0.0767,0.1678,0.0318,0.1537,0.073,0.1128,0.0347,0.1432,0.1558
2023-03-28,model_Portfolio,Hold,0.0497,0.0767,0.1684,0.0314,0.1554,0.0736,0.1121,0.0341,0.143,0.1555
2023-03-29,model_Portfolio,Hold,0.0499,0.0771,0.1681,0.032,0.1535,0.0734,0.115,0.0338,0.1432,0.1541
2023-03-30,model_Portfolio,Hold,0.05,0.0777,0.1679,0.0325,0.151,0.0742,0.1168,0.0336,0.1425,0.1538
2023-03-31,model_Portfolio,Hold,0.0504,0.0775,0.1661,0.0325,0.1517,0.0756,0.1167,0.034,0.1436,0.152
2023-04-03,model_Portfolio,Rebalance,0.2247,0.075,0.1032,0.0434,0.1041,0.0616,0.1202,0.0258,0.1073,0.1348
2023-04-04,model_Portfolio,Hold,0.2287,0.0754,0.1026,0.0443,0.1017,0.0612,0.1205,0.0261,0.1055,0.134
2023-04-05,model_Portfolio,Hold,0.2317,0.0742,0.1034,0.0431,0.1014,0.0608,0.1201,0.026,0.1055,0.1338
2023-04-06,model_Portfolio,Hold,0.2326,0.0741,0.1032,0.0433,0.1013,0.0603,0.1205,0.0269,0.1044,0.1334
2023-04-10,model_Portfolio,Hold,0.2295,0.074,0.1037,0.0433,0.1039,0.0605,0.1199,0.0264,0.1055,0.1334
2023-04-11,model_Portfolio,Hold,0.2273,0.0748,0.1043,0.0421,0.1055,0.0605,0.1183,0.0259,0.1067,0.1345
2023-04-12,model_Portfolio,Hold,0.2269,0.0748,0.1053,0.0415,0.1053,0.0613,0.1175,0.0259,0.1071,0.1344
2023-04-13,model_Portfolio,Hold,0.2282,0.0745,0.1048,0.043,0.1065,0.0609,0.1145,0.0263,0.1079,0.1335
2023-04-14,model_Portfolio,Hold,0.2293,0.073,0.1048,0.0431,0.1074,0.0605,0.1136,0.0267,0.1076,0.1339
2023-04-17,model_Portfolio,Hold,0.2293,0.0728,0.1049,0.043,0.1035,0.0602,0.1179,0.0259,0.1081,0.1344
2023-04-18,model_Portfolio,Hold,0.2284,0.0728,0.1053,0.0428,0.1032,0.0605,0.1176,0.0255,0.1075,0.1364
2023-04-19,model_Portfolio,Hold,0.2414,0.0713,0.1033,0.0427,0.0996,0.0599,0.117,0.0249,0.1052,0.1346
2023-04-20,model_Portfolio,Hold,0.24,0.071,0.1038,0.043,0.0986,0.061,0.1171,0.0255,0.1051,0.1349
2023-04-21,model_Portfolio,Hold,0.2422,0.071,0.1027,0.0442,0.0971,0.0604,0.1173,0.0255,0.1046,0.135
2023-04-24,model_Portfolio,Hold,0.2391,0.0712,0.1027,0.0439,0.0986,0.0609,0.1168,0.0256,0.105,0.1363
2023-04-25,model_Portfolio,Hold,0.2413,0.0704,0.1036,0.0429,0.0957,0.061,0.115,0.0254,0.1057,0.139
2023-04-26,model_Portfolio,Hold,0.2406,0.0711,0.1039,0.0443,0.0941,0.0606,0.1155,0.0255,0.1051,0.1393
2023-04-27,model_Portfolio,Hold,0.2373,0.0708,0.1081,0.0454,0.0929,0.0606,0.1156,0.026,0.1054,0.1379
2023-04-28,model_Portfolio,Hold,0.2373,0.0714,0.1077,0.0432,0.0952,0.0607,0.116,0.0257,0.1053,0.1376
2023-05-01,model_Portfolio,Rebalance,0.0202,0.02,0.02,0.8198,0.02,0.02,0.02,0.02,0.02,0.02
2023-05-02,model_Portfolio,Hold,0.0201,0.0196,0.0193,0.8251,0.0185,0.0196,0.0195,0.0195,0.0193,0.0196
2023-05-03,model_Portfolio,Hold,0.0201,0.0195,0.019,0.8255,0.0184,0.0197,0.0198,0.0195,0.0193,0.0193
2023-05-04,model_Portfolio,Hold,0.02,0.0189,0.0188,0.8281,0.0173,0.0195,0.0198,0.0194,0.0191,0.0191
2023-05-05,model_Portfolio,Hold,0.0197,0.0186,0.0188,0.8286,0.0176,0.0195,0.0198,0.0192,0.0191,0.0191
2023-05-08,model_Portfolio,Hold,0.0197,0.0185,0.0188,0.8291,0.0175,0.0195,0.0196,0.0196,0.0189,0.019
2023-05-09,model_Portfolio,Hold,0.0195,0.0183,0.0186,0.8317,0.0175,0.0183,0.0193,0.0194,0.0185,0.0189
2023-05-10,model_Portfolio,Hold,0.019,0.0182,0.0179,0.8355,0.0168,0.0179,0.019,0.0197,0.018,0.0181
2023-05-11,model_Portfolio,Hold,0.0186,0.0181,0.0176,0.8376,0.0167,0.0173,0.0184,0.0202,0.0177,0.0178
2023-05-12,model_Portfolio,Hold,0.0189,0.0187,0.0177,0.8351,0.0169,0.0177,0.0185,0.0207,0.0179,0.018
2023-05-15,model_Portfolio,Hold,0.0187,0.0186,0.0176,0.8362,0.0167,0.0176,0.0186,0.0203,0.0178,0.0179
2023-05-16,model_Portfolio,Hold,0.0183,0.0184,0.0172,0.8402,0.0158,0.0172,0.0178,0.0206,0.0171,0.0174
2023-05-17,model_Portfolio,Hold,0.0179,0.0185,0.0172,0.841,0.016,0.0169,0.0177,0.0204,0.0172,0.0172
2023-05-18,model_Portfolio,Hold,0.0175,0.0183,0.017,0.8437,0.0158,0.0165,0.0171,0.0204,0.017,0.0168
2023-05-19,model_Portfolio,Hold,0.0178,0.0187,0.0172,0.841,0.0163,0.017,0.0171,0.0206,0.0171,0.0171
2023-05-22,model_Portfolio,Hold,0.0179,0.0189,0.0173,0.8391,0.0165,0.0169,0.0176,0.0212,0.0177,0.0171
2023-05-23,model_Portfolio,Hold,0.0175,0.0187,0.0172,0.8401,0.0167,0.0167,0.0176,0.0208,0.0176,0.0171
2023-05-24,model_Portfolio,Hold,0.017,0.0185,0.0166,0.8438,0.0168,0.0164,0.0169,0.0203,0.0167,0.0169
2023-05-25,model_Portfolio,Hold,0.0169,0.019,0.0169,0.8423,0.0165,0.0167,0.0167,0.021,0.017,0.017
2023-05-26,model_Portfolio,Hold,0.0164,0.0191,0.0162,0.847,0.0159,0.0162,0.0161,0.0204,0.0163,0.0164
2023-05-30,model_Portfolio,Hold,0.0161,0.0192,0.0162,0.8491,0.0152,0.0161,0.0161,0.02,0.016,0.0161
2023-05-31,model_Portfolio,Hold,0.0162,0.0192,0.0161,0.849,0.0151,0.0159,0.0163,0.0201,0.0157,0.0163
2023-06-01,model_Portfolio,Rebalance,0.02,0.02,0.02,0.82,0.02,0.02,0.02,0.02,0.02,0.02
2023-06-02,model_Portfolio,Hold,0.02,0.0201,0.0203,0.8172,0.0207,0.0203,0.0202,0.0198,0.0214,0.02
2023-06-05,model_Portfolio,Hold,0.0198,0.0195,0.0203,0.8199,0.0202,0.0201,0.0201,0.02,0.0204,0.0196
2023-06-06,model_Portfolio,Hold,0.0194,0.0196,0.0203,0.8207,0.0202,0.0198,0.0204,0.02,0.0202,0.0194
2023-06-07,model_Portfolio,Hold,0.0199,0.0204,0.0212,0.8127,0.0216,0.0207,0.0218,0.0199,0.0215,0.0203
2023-06-08,model_Portfolio,Hold,0.0193,0.0198,0.0208,0.8171,0.0209,0.0204,0.0211,0.0194,0.0211,0.02
2023-06-09,model_Portfolio,Hold,0.0196,0.02,0.0211,0.8165,0.0207,0.0202,0.0213,0.0196,0.021,0.0201
2023-06-12,model_Portfolio,Hold,0.0191,0.0198,0.0206,0.8197,0.02,0.0198,0.0209,0.0194,0.0208,0.0198
2023-06-13,model_Portfolio,Hold,0.0192,0.02,0.0208,0.8182,0.0204,0.0202,0.021,0.0194,0.0211,0.0199
2023-06-14,model_Portfolio,Hold,0.0195,0.02,0.0206,0.8182,0.0204,0.0205,0.021,0.0194,0.021,0.0195
2023-06-15,model_Portfolio,Hold,0.0197,0.0204,0.0208,0.817,0.0208,0.0205,0.0208,0.0195,0.0212,0.0195
2023-06-16,model_Portfolio,Hold,0.0201,0.0204,0.0209,0.8161,0.0209,0.0209,0.02,0.0194,0.0216,0.0197
2023-06-20,model_Portfolio,Hold,0.0202,0.0203,0.0204,0.8184,0.0204,0.0206,0.0198,0.0194,0.0212,0.0194
2023-06-21,model_Portfolio,Hold,0.0203,0.0201,0.0205,0.8177,0.0209,0.0208,0.0198,0.0191,0.0211,0.0197
2023-06-22,model_Portfolio,Hold,0.02,0.0191,0.0198,0.8246,0.0197,0.02,0.0187,0.0189,0.0202,0.019
2023-06-23,model_Portfolio,Hold,0.0201,0.0187,0.0198,0.8251,0.0194,0.02,0.0186,0.0189,0.0204,0.019
2023-06-26,model_Portfolio,Hold,0.0204,0.0188,0.0202,0.822,0.0199,0.0203,0.0197,0.0185,0.0206,0.0196
2023-06-27,model_Portfolio,Hold,0.02,0.0188,0.0202,0.8238,0.0195,0.0204,0.0197,0.0183,0.0199,0.0194
2023-06-28,model_Portfolio,Hold,0.02,0.0189,0.0202,0.8235,0.0198,0.0204,0.0192,0.0186,0.02,0.0195
2023-06-29,model_Portfolio,Hold,0.0201,0.0194,0.0205,0.8207,0.0203,0.0207,0.0196,0.0185,0.0202,0.0198
2023-06-30,model_Portfolio,Hold,0.02,0.0191,0.0204,0.8223,0.0201,0.0208,0.0193,0.0183,0.0201,0.0196
2023-07-03,model_Portfolio,Rebalance,0.02,0.02,0.02,0.8199,0.02,0.02,0.02,0.02,0.02,0.02
2023-07-05,model_Portfolio,Hold,0.0201,0.0199,0.0199,0.8206,0.0202,0.0194,0.0202,0.0203,0.0195,0.02
2023-07-06,model_Portfolio,Hold,0.0203,0.0201,0.0201,0.8194,0.02,0.0196,0.0204,0.0203,0.0193,0.0204
2023-07-07,model_Portfolio,Hold,0.02,0.0197,0.02,0.8206,0.0206,0.0194,0.0203,0.02,0.0193,0.0201
2023-07-10,model_Portfolio,Hold,0.0204,0.0203,0.0203,0.8181,0.0211,0.0199,0.0204,0.0198,0.0197,0.02
2023-07-11,model_Portfolio,Hold,0.0203,0.0201,0.0203,0.8172,0.0221,0.0196,0.0206,0.0197,0.0203,0.02
2023-07-12,model_Portfolio,Hold,0.0199,0.0201,0.0199,0.8188,0.0219,0.0197,0.0202,0.0197,0.02,0.0198
2023-07-13,model_Portfolio,Hold,0.0196,0.0197,0.0194,0.8207,0.022,0.0195,0.0199,0.0202,0.0198,0.0193
2023-07-14,model_Portfolio,Hold,0.0197,0.0197,0.0192,0.822,0.0209,0.0195,0.02,0.0203,0.0196,0.0192
2023-07-17,model_Portfolio,Hold,0.0196,0.0201,0.0196,0.8211,0.0208,0.0197,0.0198,0.0203,0.0196,0.0193
2023-07-18,model_Portfolio,Hold,0.0197,0.0204,0.0198,0.8194,0.0218,0.0197,0.0197,0.0202,0.02,0.0194
2023-07-19,model_Portfolio,Hold,0.0194,0.0198,0.0196,0.8219,0.0215,0.0194,0.0199,0.0196,0.0197,0.0191
2023-07-20,model_Portfolio,Hold,0.0209,0.0201,0.0205,0.8149,0.0224,0.0202,0.0208,0.0198,0.0205,0.0198
2023-07-21,model_Portfolio,Hold,0.0213,0.0202,0.0205,0.8137,0.0227,0.0203,0.0211,0.0199,0.0205,0.0197
2023-07-24,model_Portfolio,Hold,0.0216,0.0202,0.0207,0.8119,0.0232,0.0204,0.0212,0.0203,0.0207,0.0199
2023-07-25,model_Portfolio,Hold,0.0212,0.0204,0.0206,0.8109,0.0233,0.0205,0.0213,0.0203,0.0217,0.0197
2023-07-26,model_Portfolio,Hold,0.0214,0.0204,0.0208,0.8076,0.0237,0.0204,0.022,0.0216,0.0223,0.0199
2023-07-27,model_Portfolio,Hold,0.0212,0.0206,0.0206,0.8086,0.0234,0.0204,0.0217,0.0216,0.022,0.0199
2023-07-28,model_Portfolio,Hold,0.0207,0.0199,0.0201,0.8124,0.0232,0.0199,0.0213,0.0216,0.0216,0.0193
2023-07-31,model_Portfolio,Hold,0.0202,0.0197,0.0199,0.8142,0.0232,0.0199,0.021,0.0214,0.0213,0.0191
2023-08-01,model_Portfolio,Rebalance,0.0207,0.02,0.02,0.02,0.02,0.02,0.8173,0.022,0.02,0.02
2023-08-02,model_Portfolio,Hold,0.0203,0.0198,0.0212,0.0195,0.0194,0.0198,0.819,0.0215,0.0197,0.0197
2023-08-03,model_Portfolio,Hold,0.0201,0.0198,0.0214,0.0196,0.0207,0.0186,0.8194,0.0215,0.0194,0.0196
2023-08-04,model_Portfolio,Hold,0.0203,0.0196,0.0215,0.0214,0.021,0.019,0.8165,0.0217,0.0193,0.0197
2023-08-07,model_Portfolio,Hold,0.02,0.0194,0.0213,0.0213,0.0206,0.0187,0.8191,0.0217,0.0188,0.0192
2023-08-08,model_Portfolio,Hold,0.0197,0.0196,0.0213,0.0212,0.0215,0.0187,0.8178,0.0219,0.0188,0.0195
2023-08-09,model_Portfolio,Hold,0.0196,0.0194,0.021,0.0209,0.0219,0.0188,0.8184,0.0217,0.0187,0.0195
2023-08-10,model_Portfolio,Hold,0.0196,0.0194,0.0211,0.0211,0.022,0.019,0.8176,0.0218,0.0189,0.0195
2023-08-11,model_Portfolio,Hold,0.0197,0.0192,0.0212,0.021,0.0223,0.0191,0.8175,0.0217,0.0189,0.0194
2023-08-14,model_Portfolio,Hold,0.0201,0.0197,0.0216,0.0216,0.0225,0.0195,0.814,0.0223,0.019,0.0196
2023-08-15,model_Portfolio,Hold,0.0204,0.0199,0.0219,0.0217,0.0227,0.0196,0.8122,0.0226,0.019,0.0198
2023-08-16,model_Portfolio,Hold,0.0203,0.0199,0.0219,0.0213,0.0226,0.0197,0.8132,0.0224,0.019,0.0197
2023-08-17,model_Portfolio,Hold,0.0205,0.0199,0.0219,0.0212,0.0229,0.0196,0.8124,0.0227,0.0192,0.0197
2023-08-18,model_Portfolio,Hold,0.0204,0.0199,0.0219,0.0213,0.0231,0.0198,0.8117,0.0225,0.0193,0.02
2023-08-21,model_Portfolio,Hold,0.0206,0.0202,0.0219,0.0216,0.0231,0.02,0.8105,0.0228,0.0193,0.02
2023-08-22,model_Portfolio,Hold,0.0208,0.0204,0.0217,0.0216,0.0224,0.02,0.8111,0.0229,0.0192,0.02
2023-08-23,model_Portfolio,Hold,0.0204,0.0204,0.0212,0.0213,0.0219,0.0196,0.8136,0.023,0.019,0.0198
2023-08-24,model_Portfolio,Hold,0.0203,0.0205,0.0217,0.0209,0.0219,0.0198,0.8132,0.0227,0.0189,0.0201
2023-08-25,model_Portfolio,Hold,0.0205,0.0209,0.0218,0.0212,0.0223,0.02,0.8111,0.0228,0.0191,0.0203
2023-08-28,model_Portfolio,Hold,0.0201,0.0209,0.0218,0.0211,0.0223,0.02,0.8105,0.0229,0.02,0.0204
2023-08-29,model_Portfolio,Hold,0.02,0.0208,0.0215,0.0211,0.0224,0.02,0.8106,0.0233,0.02,0.0202
2023-08-30,model_Portfolio,Hold,0.0201,0.0207,0.0214,0.0211,0.0223,0.0201,0.811,0.0234,0.0197,0.0203
2023-08-31,model_Portfolio,Hold,0.02,0.0209,0.0216,0.0217,0.0226,0.0203,0.8085,0.0237,0.0203,0.0203
2023-09-01,model_Portfolio,Rebalance,0.02,0.02,0.02,0.02,0.02,0.02,0.02,0.82,0.02,0.02
2023-09-05,model_Portfolio,Hold,0.0196,0.0199,0.0199,0.0199,0.0201,0.0196,0.0199,0.821,0.02,0.02
2023-09-06,model_Portfolio,Hold,0.0199,0.0201,0.02,0.0198,0.02,0.0199,0.02,0.8203,0.0201,0.0199
2023-09-07,model_Portfolio,Hold,0.0197,0.0201,0.0201,0.02,0.0198,0.0197,0.02,0.8209,0.0199,0.0199
2023-09-08,model_Portfolio,Hold,0.0195,0.0198,0.02,0.0199,0.0196,0.02,0.0196,0.8219,0.0198,0.0199
2023-09-11,model_Portfolio,Hold,0.0198,0.0197,0.0201,0.0206,0.0189,0.0202,0.0191,0.8216,0.02,0.02
2023-09-12,model_Portfolio,Hold,0.02,0.0193,0.0205,0.0205,0.0197,0.0203,0.0192,0.8202,0.0201,0.0204
2023-09-13,model_Portfolio,Hold,0.0199,0.0191,0.0204,0.0209,0.0186,0.0203,0.0189,0.823,0.0188,0.0202
2023-09-14,model_Portfolio,Hold,0.0197,0.019,0.0204,0.0206,0.0188,0.0202,0.0193,0.8229,0.0189,0.0202
2023-09-15,model_Portfolio,Hold,0.0196,0.0189,0.0203,0.0202,0.0187,0.0201,0.0193,0.8241,0.0188,0.02
2023-09-18,model_Portfolio,Hold,0.0194,0.019,0.0203,0.02,0.0187,0.0199,0.019,0.8252,0.0187,0.0198
2023-09-19,model_Portfolio,Hold,0.0194,0.0192,0.0205,0.0197,0.0185,0.0199,0.0189,0.8257,0.0186,0.0197
2023-09-20,model_Portfolio,Hold,0.0198,0.0197,0.021,0.0199,0.0186,0.0201,0.0195,0.8222,0.0188,0.0203
2023-09-21,model_Portfolio,Hold,0.0201,0.0199,0.0213,0.0195,0.0186,0.0201,0.0184,0.8225,0.019,0.0207
2023-09-22,model_Portfolio,Hold,0.02,0.0202,0.0213,0.0195,0.0186,0.0201,0.0181,0.8227,0.019,0.0205
2023-09-25,model_Portfolio,Hold,0.0197,0.0201,0.0213,0.0197,0.0189,0.0202,0.0179,0.8234,0.0184,0.0203
2023-09-26,model_Portfolio,Hold,0.0198,0.0201,0.0216,0.0193,0.0193,0.0204,0.0178,0.8226,0.0186,0.0206
2023-09-27,model_Portfolio,Hold,0.0194,0.02,0.0215,0.019,0.0196,0.02,0.0177,0.8241,0.0183,0.0203
2023-09-28,model_Portfolio,Hold,0.0197,0.0189,0.0215,0.0188,0.0193,0.0199,0.0178,0.8259,0.018,0.0202
2023-09-29,model_Portfolio,Hold,0.0196,0.0195,0.0214,0.0192,0.019,0.0199,0.0181,0.8246,0.0183,0.0203
2023-10-02,model_Portfolio,Rebalance,0.1126,0.0737,0.1385,0.0267,0.1477,0.0722,0.0872,0.0267,0.158,0.1568
2023-10-03,model_Portfolio,Hold,0.1135,0.0738,0.1377,0.0259,0.1493,0.0735,0.087,0.0265,0.1566,0.1563
2023-10-04,model_Portfolio,Hold,0.1135,0.0746,0.139,0.0264,0.1433,0.0744,0.0877,0.0271,0.1555,0.1585
2023-10-05,model_Portfolio,Hold,0.1142,0.0747,0.1397,0.0262,0.1422,0.0731,0.0879,0.0271,0.1552,0.1598
2023-10-06,model_Portfolio,Hold,0.1144,0.0749,0.1411,0.0265,0.1409,0.073,0.0872,0.0274,0.1553,0.1593
2023-10-09,model_Portfolio,Hold,0.1127,0.0738,0.1402,0.0262,0.1449,0.0728,0.0884,0.0272,0.1544,0.1595
2023-10-10,model_Portfolio,Hold,0.1131,0.0736,0.1408,0.0263,0.1432,0.0734,0.088,0.027,0.1565,0.158
2023-10-11,model_Portfolio,Hold,0.1075,0.074,0.1427,0.0268,0.1435,0.0743,0.089,0.0276,0.1562,0.1584
2023-10-12,model_Portfolio,Hold,0.1064,0.0729,0.1443,0.0272,0.1462,0.0738,0.0871,0.0275,0.1555,0.159
2023-10-13,model_Portfolio,Hold,0.1063,0.0716,0.1437,0.0264,0.1524,0.073,0.0869,0.027,0.1535,0.1591
2023-10-16,model_Portfolio,Hold,0.1064,0.0715,0.1433,0.0266,0.1538,0.0725,0.0875,0.027,0.1536,0.1578
2023-10-17,model_Portfolio,Hold,0.1058,0.0718,0.1431,0.0263,0.1538,0.0731,0.0871,0.0269,0.1539,0.1581
2023-10-18,model_Portfolio,Hold,0.1104,0.0713,0.1422,0.0258,0.1569,0.0717,0.0847,0.0268,0.1512,0.1589
2023-10-19,model_Portfolio,Hold,0.1112,0.0716,0.1419,0.0261,0.1593,0.0715,0.0829,0.027,0.1501,0.1583
2023-10-20,model_Portfolio,Hold,0.1137,0.0708,0.1396,0.0256,0.1574,0.0716,0.0839,0.0268,0.1505,0.16
2023-10-23,model_Portfolio,Hold,0.1138,0.0711,0.1404,0.0262,0.1555,0.0714,0.0842,0.0272,0.1505,0.1596
2023-10-24,model_Portfolio,Hold,0.1113,0.0706,0.1399,0.0263,0.153,0.0712,0.0843,0.0274,0.1567,0.1593
2023-10-25,model_Portfolio,Hold,0.1109,0.0704,0.1421,0.0251,0.1545,0.0712,0.082,0.025,0.1569,0.1619
2023-10-26,model_Portfolio,Hold,0.1133,0.0715,0.1431,0.0251,0.1548,0.0732,0.0851,0.0248,0.1582,0.1509
2023-10-27,model_Portfolio,Hold,0.1128,0.0715,0.1423,0.027,0.1548,0.0734,0.0837,0.0249,0.1574,0.1522
2023-10-30,model_Portfolio,Hold,0.1116,0.0713,0.1423,0.0277,0.1513,0.0737,0.0839,0.0251,0.159,0.1541
2023-10-31,model_Portfolio,Hold,0.1127,0.0719,0.1426,0.0276,0.1504,0.0736,0.0834,0.0248,0.1604,0.1527
2023-11-01,model_Portfolio,Rebalance,0.1093,0.0641,0.1617,0.0302,0.1335,0.0662,0.1042,0.025,0.1525,0.1533
2023-11-02,model_Portfolio,Hold,0.1081,0.0643,0.1636,0.0297,0.1309,0.0662,0.1075,0.0246,0.1521,0.153
2023-11-03,model_Portfolio,Hold,0.1067,0.0646,0.1628,0.0295,0.1303,0.0662,0.1111,0.0247,0.1529,0.1512
2023-11-06,model_Portfolio,Hold,0.1065,0.065,0.1622,0.03,0.1291,0.0663,0.1107,0.0251,0.1534,0.1518
2023-11-07,model_Portfolio,Hold,0.1079,0.0664,0.1638,0.0311,0.1269,0.0587,0.1105,0.0256,0.1551,0.1539
2023-11-08,model_Portfolio,Hold,0.1085,0.0674,0.1635,0.0311,0.1231,0.0604,0.1116,0.0259,0.1547,0.1537
2023-11-09,model_Portfolio,Hold,0.1081,0.0673,0.1662,0.0311,0.1231,0.0619,0.1066,0.0258,0.155,0.1548
2023-11-10,model_Portfolio,Hold,0.1077,0.0678,0.1659,0.0315,0.1239,0.0617,0.1069,0.0261,0.1555,0.1531
2023-11-13,model_Portfolio,Hold,0.11,0.0671,0.1662,0.0313,0.1232,0.0617,0.1056,0.026,0.1556,0.1533
2023-11-14,model_Portfolio,Hold,0.1086,0.0664,0.1636,0.0312,0.1231,0.0609,0.1149,0.0257,0.1554,0.1503
2023-11-15,model_Portfolio,Hold,0.1091,0.0671,0.16,0.0305,0.1217,0.0618,0.1148,0.0257,0.1577,0.1515
2023-11-16,model_Portfolio,Hold,0.1118,0.0676,0.1617,0.0305,0.1171,0.0619,0.1129,0.0262,0.1586,0.1516
2023-11-17,model_Portfolio,Hold,0.1107,0.0675,0.1625,0.0309,0.1201,0.0609,0.1125,0.0258,0.1575,0.1516
2023-11-20,model_Portfolio,Hold,0.1122,0.068,0.1608,0.031,0.1202,0.0612,0.113,0.0259,0.1565,0.1512
2023-11-21,model_Portfolio,Hold,0.1131,0.0679,0.1625,0.0306,0.1191,0.0622,0.1123,0.0261,0.155,0.1511
2023-11-22,model_Portfolio,Hold,0.1132,0.068,0.1623,0.0309,0.118,0.0613,0.1124,0.0262,0.1561,0.1516
2023-11-24,model_Portfolio,Hold,0.1128,0.0679,0.1625,0.0308,0.1185,0.0611,0.1125,0.0257,0.1564,0.1519
2023-11-27,model_Portfolio,Hold,0.1128,0.0676,0.1628,0.031,0.1169,0.0605,0.1124,0.0257,0.1584,0.1519
2023-11-28,model_Portfolio,Hold,0.1116,0.0674,0.1606,0.0308,0.1166,0.0596,0.1149,0.0258,0.1601,0.1527
2023-11-29,model_Portfolio,Hold,0.1133,0.0675,0.1594,0.0306,0.1163,0.0591,0.1162,0.0253,0.1599,0.1524
2023-11-30,model_Portfolio,Hold,0.1135,0.0671,0.1608,0.0304,0.1147,0.0597,0.1161,0.0248,0.1602,0.1527
2023-12-01,model_Portfolio,Rebalance,0.101,0.0319,0.0478,0.024,0.0508,0.0323,0.6018,0.0214,0.0445,0.0446
2023-12-04,model_Portfolio,Hold,0.1004,0.0315,0.0474,0.0234,0.0499,0.0317,0.6052,0.0208,0.0457,0.0441
2023-12-05,model_Portfolio,Hold,0.1,0.0316,0.0475,0.0238,0.0486,0.0309,0.6069,0.0211,0.0451,0.0443
2023-12-06,model_Portfolio,Hold,0.0998,0.0313,0.0467,0.0233,0.0472,0.0305,0.6126,0.0208,0.0452,0.0427
2023-12-07,model_Portfolio,Hold,0.0988,0.0312,0.0467,0.0236,0.0468,0.0306,0.6124,0.0219,0.0454,0.0426
2023-12-08,model_Portfolio,Hold,0.1003,0.0317,0.0476,0.024,0.0483,0.031,0.6063,0.0218,0.0459,0.0431
2023-12-11,model_Portfolio,Hold,0.1017,0.0321,0.0478,0.0237,0.0485,0.0311,0.6049,0.0215,0.0457,0.0431
2023-12-12,model_Portfolio,Hold,0.1034,0.0326,0.0491,0.0242,0.0483,0.0318,0.5994,0.0216,0.046,0.0435
2023-12-13,model_Portfolio,Hold,0.0992,0.0312,0.0467,0.0233,0.047,0.0306,0.6144,0.0206,0.0446,0.0422
2023-12-14,model_Portfolio,Hold,0.0961,0.0297,0.0432,0.0221,0.0461,0.0294,0.6293,0.0196,0.0438,0.0405
2023-12-15,model_Portfolio,Hold,0.0971,0.0305,0.0438,0.023,0.0467,0.0301,0.6228,0.0202,0.0448,0.041
2023-12-18,model_Portfolio,Hold,0.098,0.0304,0.0443,0.0237,0.0472,0.0302,0.6194,0.0207,0.0444,0.0416
2023-12-19,model_Portfolio,Hold,0.098,0.0303,0.0445,0.0235,0.0475,0.0303,0.6191,0.0208,0.0444,0.0417
2023-12-20,model_Portfolio,Hold,0.099,0.0307,0.0447,0.0238,0.0478,0.0304,0.6167,0.0215,0.0442,0.0413
2023-12-21,model_Portfolio,Hold,0.0984,0.031,0.0442,0.0236,0.0476,0.0303,0.6184,0.0214,0.0443,0.0407
2023-12-22,model_Portfolio,Hold,0.0993,0.0316,0.0445,0.0237,0.0478,0.0305,0.6153,0.0217,0.0448,0.0409
2023-12-26,model_Portfolio,Hold,0.0985,0.0313,0.0443,0.0234,0.0491,0.0305,0.6159,0.0215,0.0451,0.0405
2023-12-27,model_Portfolio,Hold,0.0989,0.0312,0.0443,0.0234,0.0488,0.0305,0.6159,0.0213,0.0453,0.0403
2023-12-28,model_Portfolio,Hold,0.0991,0.0309,0.0443,0.0233,0.0473,0.0302,0.618,0.0212,0.0456,0.0401
2023-12-29,model_Portfolio,Hold,0.0999,0.0312,0.0449,0.0234,0.0475,0.0307,0.6145,0.0213,0.0459,0.0407
2024-01-02,model_Portfolio,Rebalance,0.02,0.02,0.02,0.1657,0.02,0.02,0.02,0.6743,0.02,0.02
2024-01-03,model_Portfolio,Hold,0.0199,0.0195,0.02,0.164,0.0204,0.0198,0.0194,0.6776,0.0196,0.0199
2024-01-04,model_Portfolio,Hold,0.0206,0.0198,0.0201,0.1626,0.0192,0.0201,0.0198,0.6775,0.02,0.0203
2024-01-05,model_Portfolio,Hold,0.0206,0.0198,0.0203,0.1637,0.0194,0.0201,0.02,0.6756,0.0202,0.0204
2024-01-08,model_Portfolio,Hold,0.0205,0.0196,0.0199,0.1646,0.0187,0.0199,0.0201,0.6769,0.0198,0.0201
2024-01-09,model_Portfolio,Hold,0.0203,0.0195,0.0191,0.1652,0.018,0.0193,0.0196,0.6794,0.0196,0.0199
2024-01-10,model_Portfolio,Hold,0.0204,0.0195,0.0194,0.1663,0.0177,0.0191,0.0196,0.6795,0.0193,0.0193
2024-01-11,model_Portfolio,Hold,0.0203,0.0196,0.0194,0.1678,0.0176,0.0189,0.0191,0.6783,0.0194,0.0196
2024-01-12,model_Portfolio,Hold,0.0204,0.02,0.0194,0.1667,0.0176,0.0188,0.0191,0.6794,0.0192,0.0194
2024-01-16,model_Portfolio,Hold,0.0204,0.02,0.0194,0.1658,0.017,0.0186,0.0192,0.6811,0.0192,0.0193
2024-01-17,model_Portfolio,Hold,0.0206,0.0202,0.0196,0.1654,0.0168,0.0188,0.0188,0.6813,0.019,0.0193
2024-01-18,model_Portfolio,Hold,0.0204,0.0203,0.0196,0.1654,0.0166,0.0185,0.0184,0.6829,0.0189,0.019
2024-01-19,model_Portfolio,Hold,0.0201,0.0202,0.0195,0.1647,0.0163,0.0183,0.0183,0.6853,0.0188,0.0186
2024-01-22,model_Portfolio,Hold,0.0201,0.0204,0.0195,0.1644,0.0165,0.0183,0.0184,0.6848,0.0189,0.0187
2024-01-23,model_Portfolio,Hold,0.02,0.0205,0.0195,0.165,0.0165,0.0184,0.0181,0.6868,0.0167,0.0186
2024-01-24,model_Portfolio,Hold,0.0193,0.0203,0.0194,0.1647,0.0167,0.0179,0.0178,0.6896,0.0161,0.0183
2024-01-25,model_Portfolio,Hold,0.0192,0.0201,0.019,0.1628,0.0167,0.018,0.0178,0.692,0.0163,0.0181
2024-01-26,model_Portfolio,Hold,0.0191,0.02,0.0191,0.1637,0.0167,0.0178,0.0179,0.6914,0.0163,0.018
2024-01-29,model_Portfolio,Hold,0.0192,0.0199,0.0188,0.1645,0.0164,0.0176,0.0181,0.6914,0.0162,0.018
2024-01-30,model_Portfolio,Hold,0.0194,0.0201,0.0192,0.1641,0.0169,0.0177,0.0175,0.6905,0.0163,0.0182
2024-01-31,model_Portfolio,Hold,0.0205,0.0209,0.0201,0.17,0.0174,0.0185,0.0186,0.6779,0.017,0.0191
2024-02-01,model_Portfolio,Rebalance,0.0243,0.0216,0.0242,0.0201,0.0238,0.0219,0.0213,0.7905,0.0283,0.0239
2024-02-02,model_Portfolio,Hold,0.0236,0.0216,0.0242,0.0216,0.0232,0.0216,0.021,0.7918,0.0278,0.0236
2024-02-05,model_Portfolio,Hold,0.0235,0.0214,0.024,0.0214,0.0229,0.0182,0.0204,0.7981,0.0271,0.0231
2024-02-06,model_Portfolio,Hold,0.0239,0.021,0.0241,0.0211,0.0234,0.0182,0.0202,0.7977,0.0274,0.023
2024-02-07,model_Portfolio,Hold,0.0236,0.0209,0.0245,0.0211,0.0232,0.0178,0.02,0.7991,0.0272,0.0226
2024-02-08,model_Portfolio,Hold,0.0234,0.021,0.0242,0.021,0.0231,0.0181,0.0201,0.7997,0.0269,0.0225
2024-02-09,model_Portfolio,Hold,0.0228,0.0208,0.0239,0.0212,0.0223,0.0178,0.0195,0.8031,0.0264,0.0222
2024-02-12,model_Portfolio,Hold,0.0231,0.0207,0.0241,0.0211,0.0229,0.0182,0.0199,0.8004,0.0271,0.0225
2024-02-13,model_Portfolio,Hold,0.0233,0.0208,0.0244,0.021,0.0226,0.0181,0.0193,0.8008,0.0269,0.0227
2024-02-14,model_Portfolio,Hold,0.0233,0.0212,0.0245,0.0212,0.0226,0.0179,0.0193,0.8006,0.0267,0.0227
2024-02-15,model_Portfolio,Hold,0.024,0.0215,0.0252,0.0213,0.024,0.019,0.0206,0.7939,0.0275,0.0229
2024-02-16,model_Portfolio,Hold,0.0244,0.0217,0.0253,0.0216,0.0246,0.0192,0.0209,0.7917,0.0275,0.0232
2024-02-20,model_Portfolio,Hold,0.0248,0.0212,0.0252,0.0212,0.0241,0.0193,0.0207,0.7927,0.0276,0.0232
2024-02-21,model_Portfolio,Hold,0.0249,0.0209,0.0251,0.0212,0.0242,0.0191,0.021,0.7932,0.0273,0.0231
2024-02-22,model_Portfolio,Hold,0.0249,0.0213,0.025,0.0217,0.023,0.0192,0.0207,0.7939,0.0272,0.0231
2024-02-23,model_Portfolio,Hold,0.0249,0.0216,0.0252,0.0218,0.0229,0.0193,0.0209,0.7929,0.0273,0.0232
2024-02-26,model_Portfolio,Hold,0.0257,0.0225,0.026,0.0226,0.0234,0.0197,0.0212,0.7869,0.0281,0.0239
2024-02-27,model_Portfolio,Hold,0.0257,0.0223,0.0259,0.0222,0.0237,0.0198,0.0214,0.7873,0.028,0.0238
2024-02-28,model_Portfolio,Hold,0.0262,0.0226,0.0264,0.0225,0.0238,0.0201,0.0217,0.7844,0.0282,0.0242
2024-02-29,model_Portfolio,Hold,0.0255,0.0221,0.0261,0.0227,0.0234,0.02,0.022,0.7863,0.028,0.0238
2024-03-01,model_Portfolio,Rebalance,0.7899,0.02,0.02,0.02,0.02,0.02,0.0501,0.02,0.02,0.02
2024-03-04,model_Portfolio,Hold,0.7924,0.02,0.0197,0.0197,0.0196,0.02,0.0504,0.0193,0.0197,0.0193
2024-03-05,model_Portfolio,Hold,0.7907,0.0198,0.0202,0.0196,0.0201,0.0203,0.0502,0.0194,0.0202,0.0196
2024-03-06,model_Portfolio,Hold,0.791,0.0199,0.0203,0.0194,0.0201,0.0205,0.0496,0.0191,0.0201,0.0202
2024-03-07,model_Portfolio,Hold,0.7919,0.02,0.0201,0.0195,0.0198,0.0204,0.0492,0.0193,0.0198,0.02
2024-03-08,model_Portfolio,Hold,0.7912,0.0195,0.0201,0.0193,0.0199,0.0201,0.0504,0.0194,0.0201,0.0201
2024-03-11,model_Portfolio,Hold,0.7893,0.0193,0.0204,0.019,0.0202,0.0207,0.0504,0.0198,0.0202,0.0206
2024-03-12,model_Portfolio,Hold,0.7889,0.0196,0.0202,0.0193,0.0203,0.0204,0.0498,0.0198,0.0211,0.0207
2024-03-13,model_Portfolio,Hold,0.7862,0.0195,0.0205,0.0194,0.021,0.0206,0.0496,0.02,0.0223,0.0209
2024-03-14,model_Portfolio,Hold,0.7844,0.0197,0.0206,0.0199,0.0212,0.0206,0.0493,0.0207,0.0223,0.0215
2024-03-15,model_Portfolio,Hold,0.7801,0.0199,0.0213,0.0198,0.0213,0.021,0.0506,0.0209,0.0232,0.0218
2024-03-18,model_Portfolio,Hold,0.7744,0.0202,0.0217,0.0202,0.022,0.0215,0.0515,0.0223,0.0236,0.0225
2024-03-19,model_Portfolio,Hold,0.775,0.0204,0.0216,0.0203,0.0224,0.0211,0.0512,0.022,0.0236,0.0225
2024-03-20,model_Portfolio,Hold,0.7702,0.0207,0.0219,0.0207,0.0231,0.021,0.0528,0.0225,0.0244,0.0227
2024-03-21,model_Portfolio,Hold,0.7712,0.0188,0.022,0.0207,0.0232,0.0207,0.0538,0.0223,0.0244,0.0229
2024-03-22,model_Portfolio,Hold,0.7715,0.0185,0.0219,0.021,0.0231,0.021,0.053,0.023,0.0244,0.0225
2024-03-25,model_Portfolio,Hold,0.7699,0.0184,0.0222,0.0212,0.0239,0.0212,0.0536,0.023,0.024,0.0228
2024-03-26,model_Portfolio,Hold,0.7742,0.0184,0.022,0.0208,0.0226,0.021,0.0522,0.0229,0.0233,0.0225
2024-03-27,model_Portfolio,Hold,0.7739,0.0183,0.0218,0.0206,0.0227,0.0211,0.0533,0.0225,0.0233,0.0224
2024-03-28,model_Portfolio,Hold,0.7728,0.0186,0.0218,0.0206,0.0231,0.0211,0.0536,0.0225,0.0236,0.0223
2024-04-01,model_Portfolio,Rebalance,0.02,0.02,0.02,0.02,0.02,0.02,0.02,0.82,0.02,0.02
2024-04-02,model_Portfolio,Hold,0.0201,0.0199,0.0201,0.0201,0.0201,0.0198,0.0199,0.8201,0.0199,0.02
2024-04-03,model_Portfolio,Hold,0.02,0.0197,0.0201,0.0202,0.02,0.0198,0.0198,0.821,0.0199,0.0196
2024-04-04,model_Portfolio,Hold,0.0203,0.0201,0.0204,0.0205,0.0206,0.0201,0.0201,0.8183,0.0199,0.0198
2024-04-05,model_Portfolio,Hold,0.0202,0.02,0.0204,0.0208,0.0205,0.0199,0.0202,0.8186,0.0197,0.0196
2024-04-08,model_Portfolio,Hold,0.0198,0.0196,0.0201,0.0206,0.0199,0.0196,0.0203,0.8209,0.0197,0.0195
2024-04-09,model_Portfolio,Hold,0.02,0.0196,0.0194,0.0204,0.0196,0.0196,0.0206,0.8218,0.0196,0.0194
2024-04-10,model_Portfolio,Hold,0.0198,0.0192,0.0195,0.0205,0.0198,0.0194,0.0196,0.8232,0.0197,0.0193
2024-04-11,model_Portfolio,Hold,0.0196,0.0189,0.0184,0.0205,0.0191,0.0191,0.0194,0.8266,0.0195,0.0189
2024-04-12,model_Portfolio,Hold,0.0195,0.0186,0.0188,0.0204,0.0189,0.0189,0.0193,0.8274,0.0193,0.0189
2024-04-15,model_Portfolio,Hold,0.0198,0.0187,0.0191,0.0205,0.0189,0.0192,0.0192,0.8258,0.0197,0.0192
2024-04-16,model_Portfolio,Hold,0.0199,0.0188,0.0192,0.0205,0.0186,0.019,0.0189,0.8262,0.0197,0.0191
2024-04-17,model_Portfolio,Hold,0.0192,0.0188,0.019,0.0202,0.0184,0.019,0.0188,0.8279,0.0196,0.0192
2024-04-18,model_Portfolio,Hold,0.019,0.0188,0.0191,0.0199,0.0184,0.0193,0.0187,0.8279,0.0196,0.0192
2024-04-19,model_Portfolio,Hold,0.0196,0.019,0.0199,0.0196,0.0187,0.0193,0.0187,0.8255,0.02,0.0198
2024-04-22,model_Portfolio,Hold,0.0193,0.0188,0.0197,0.0196,0.0185,0.0193,0.019,0.8263,0.0198,0.0198
2024-04-23,model_Portfolio,Hold,0.0191,0.0186,0.0195,0.0197,0.0181,0.019,0.0189,0.8278,0.0196,0.0197
2024-04-24,model_Portfolio,Hold,0.0189,0.0183,0.0196,0.0193,0.018,0.019,0.0188,0.829,0.0194,0.0196
2024-04-25,model_Portfolio,Hold,0.0193,0.0184,0.0198,0.0193,0.0185,0.0194,0.0188,0.8268,0.0196,0.0203
2024-04-26,model_Portfolio,Hold,0.0179,0.0169,0.0182,0.0184,0.0171,0.018,0.0172,0.8398,0.0181,0.0186
2024-04-29,model_Portfolio,Hold,0.0183,0.0171,0.0189,0.019,0.0177,0.0186,0.0181,0.8342,0.0187,0.0193
2024-04-30,model_Portfolio,Hold,0.0184,0.0173,0.0191,0.0187,0.0174,0.0188,0.0179,0.8328,0.0199,0.0197
2024-05-01,model_Portfolio,Rebalance,0.1512,0.0646,0.129,0.026,0.144,0.0797,0.0508,0.036,0.1411,0.1775
2024-05-02,model_Portfolio,Hold,0.1514,0.0653,0.1288,0.027,0.1384,0.0822,0.0517,0.0368,0.1394,0.179
2024-05-03,model_Portfolio,Hold,0.1513,0.066,0.1274,0.0272,0.1387,0.0829,0.0526,0.0369,0.1398,0.1773
2024-05-06,model_Portfolio,Hold,0.1501,0.0661,0.1291,0.0274,0.1411,0.083,0.0521,0.0369,0.1383,0.176
2024-05-07,model_Portfolio,Hold,0.1502,0.0668,0.1285,0.0273,0.1421,0.083,0.0518,0.0374,0.1362,0.1767
2024-05-08,model_Portfolio,Hold,0.1484,0.0671,0.1286,0.0271,0.1431,0.0821,0.0511,0.037,0.1372,0.1783
2024-05-09,model_Portfolio,Hold,0.147,0.0654,0.1285,0.0272,0.1439,0.083,0.0517,0.0368,0.1377,0.1787
2024-05-10,model_Portfolio,Hold,0.1468,0.0653,0.1294,0.0268,0.1413,0.0829,0.0521,0.0365,0.1397,0.1792
2024-05-13,model_Portfolio,Hold,0.1468,0.0655,0.129,0.0267,0.1405,0.0828,0.0517,0.0366,0.1407,0.1797
2024-05-14,model_Portfolio,Hold,0.1453,0.0652,0.1293,0.0267,0.1399,0.0819,0.053,0.0367,0.1409,0.181
2024-05-15,model_Portfolio,Hold,0.1448,0.0649,0.1298,0.0263,0.1403,0.0822,0.053,0.0369,0.1412,0.1807
2024-05-16,model_Portfolio,Hold,0.1442,0.0644,0.1285,0.0258,0.1393,0.0834,0.0522,0.037,0.1453,0.18
2024-05-17,model_Portfolio,Hold,0.1425,0.0632,0.1297,0.0258,0.1402,0.0848,0.052,0.0372,0.1451,0.1796
2024-05-20,model_Portfolio,Hold,0.1415,0.0637,0.1289,0.0257,0.1405,0.0861,0.0518,0.0374,0.1453,0.1791
2024-05-21,model_Portfolio,Hold,0.1415,0.0634,0.1298,0.0257,0.1401,0.0858,0.0519,0.0377,0.1428,0.1813
2024-05-22,model_Portfolio,Hold,0.1444,0.0643,0.1302,0.0257,0.1377,0.086,0.0517,0.0375,0.1408,0.1816
2024-05-23,model_Portfolio,Hold,0.1454,0.0649,0.1306,0.0258,0.1367,0.0866,0.0506,0.0374,0.1408,0.1813
2024-05-24,model_Portfolio,Hold,0.1451,0.0639,0.132,0.0258,0.136,0.0871,0.0505,0.0377,0.1411,0.1808
2024-05-28,model_Portfolio,Hold,0.1428,0.0634,0.1318,0.026,0.1387,0.0875,0.0501,0.0381,0.1402,0.1814
2024-05-29,model_Portfolio,Hold,0.1427,0.0633,0.1331,0.0263,0.1371,0.087,0.0499,0.0385,0.1401,0.1821
2024-05-30,model_Portfolio,Hold,0.1434,0.061,0.1337,0.0258,0.1391,0.0866,0.0501,0.0375,0.1404,0.1824
2024-05-31,model_Portfolio,Hold,0.1418,0.0596,0.1345,0.025,0.1406,0.0873,0.0505,0.037,0.141,0.1828
2024-06-03,model_Portfolio,Rebalance,0.1343,0.0727,0.17,0.0292,0.1608,0.0844,0.0387,0.0267,0.1184,0.1647
2024-06-04,model_Portfolio,Hold,0.1354,0.0745,0.1687,0.0294,0.1585,0.0844,0.0387,0.0268,0.1173,0.1661
2024-06-05,model_Portfolio,Hold,0.1349,0.0752,0.1691,0.0297,0.1585,0.0843,0.0383,0.027,0.1177,0.1653
2024-06-06,model_Portfolio,Hold,0.1359,0.0752,0.1687,0.0302,0.1593,0.0839,0.0382,0.0272,0.1164,0.165
2024-06-07,model_Portfolio,Hold,0.1392,0.0738,0.1683,0.0299,0.1561,0.0863,0.0373,0.0266,0.1187,0.1638
2024-06-10,model_Portfolio,Hold,0.1387,0.0741,0.167,0.0303,0.159,0.0869,0.037,0.0266,0.118,0.1625
2024-06-11,model_Portfolio,Hold,0.1367,0.0751,0.1656,0.0303,0.1604,0.0866,0.0369,0.0269,0.119,0.1624
2024-06-12,model_Portfolio,Hold,0.1356,0.0734,0.1677,0.0304,0.1593,0.0877,0.0378,0.0272,0.1195,0.1614
2024-06-13,model_Portfolio,Hold,0.1354,0.073,0.1673,0.0302,0.1563,0.0891,0.0386,0.027,0.1208,0.1623
2024-06-14,model_Portfolio,Hold,0.1369,0.0748,0.1683,0.0304,0.1536,0.0867,0.0386,0.0275,0.1211,0.162
2024-06-17,model_Portfolio,Hold,0.1363,0.0744,0.1697,0.0304,0.1539,0.0859,0.0382,0.0276,0.1204,0.1631
2024-06-18,model_Portfolio,Hold,0.1365,0.0741,0.1711,0.0301,0.1537,0.0861,0.0382,0.0271,0.1203,0.1629
2024-06-20,model_Portfolio,Hold,0.1378,0.0783,0.17,0.0302,0.153,0.084,0.0375,0.0269,0.1195,0.1627
2024-06-21,model_Portfolio,Hold,0.1365,0.0789,0.1695,0.0306,0.1516,0.0841,0.0379,0.0274,0.1202,0.1635
2024-06-24,model_Portfolio,Hold,0.1346,0.0777,0.1693,0.0297,0.1568,0.0827,0.038,0.027,0.1197,0.1645
2024-06-25,model_Portfolio,Hold,0.1355,0.078,0.1693,0.03,0.1557,0.0819,0.0376,0.0279,0.1191,0.1651
2024-06-26,model_Portfolio,Hold,0.1355,0.0778,0.1688,0.0314,0.1547,0.0813,0.0376,0.028,0.1191,0.1658
2024-06-27,model_Portfolio,Hold,0.135,0.0773,0.1684,0.032,0.1568,0.081,0.0378,0.0282,0.121,0.1624
2024-06-28,model_Portfolio,Hold,0.1343,0.0775,0.169,0.0313,0.1591,0.0796,0.0385,0.0278,0.12,0.163
2024-07-01,model_Portfolio,Rebalance,0.1325,0.0619,0.1286,0.0271,0.1275,0.0618,0.0886,0.0292,0.1447,0.1981
2024-07-02,model_Portfolio,Hold,0.132,0.0619,0.1287,0.0273,0.1259,0.0625,0.0892,0.0295,0.1456,0.1975
2024-07-03,model_Portfolio,Hold,0.131,0.0624,0.1283,0.027,0.1263,0.063,0.0893,0.0296,0.1457,0.1972
2024-07-05,model_Portfolio,Hold,0.1334,0.0611,0.1285,0.0274,0.123,0.0631,0.0893,0.0304,0.1455,0.1982
2024-07-08,model_Portfolio,Hold,0.1314,0.0613,0.1281,0.0274,0.1243,0.0638,0.0894,0.0303,0.1456,0.1984
2024-07-09,model_Portfolio,Hold,0.1308,0.0611,0.1287,0.0274,0.1241,0.0638,0.089,0.0303,0.1436,0.2014
2024-07-10,model_Portfolio,Hold,0.1315,0.06,0.1295,0.0272,0.123,0.0635,0.0889,0.0304,0.1453,0.2007
2024-07-11,model_Portfolio,Hold,0.1306,0.0598,0.1303,0.0261,0.1252,0.0629,0.0933,0.029,0.1449,0.1979
2024-07-12,model_Portfolio,Hold,0.1295,0.0617,0.1295,0.0258,0.1248,0.0632,0.0933,0.0286,0.1448,0.1988
2024-07-15,model_Portfolio,Hold,0.1278,0.0628,0.1297,0.0254,0.1302,0.0624,0.0935,0.0287,0.142,0.1975
2024-07-16,model_Portfolio,Hold,0.1267,0.0638,0.1291,0.0253,0.1303,0.0639,0.0933,0.0281,0.142,0.1976
2024-07-17,model_Portfolio,Hold,0.1274,0.0631,0.1281,0.0243,0.1307,0.0637,0.0931,0.0273,0.1419,0.2004
2024-07-18,model_Portfolio,Hold,0.123,0.0642,0.1297,0.024,0.1318,0.0634,0.0921,0.027,0.1425,0.2023
2024-07-19,model_Portfolio,Hold,0.1256,0.0645,0.128,0.024,0.1314,0.0626,0.0914,0.0271,0.1425,0.203
2024-07-22,model_Portfolio,Hold,0.1275,0.0648,0.13,0.0238,0.1292,0.0591,0.0917,0.0276,0.1437,0.2025
2024-07-23,model_Portfolio,Hold,0.1284,0.0649,0.1304,0.0245,0.1274,0.0612,0.0889,0.0278,0.1441,0.2024
2024-07-24,model_Portfolio,Hold,0.1331,0.0649,0.1307,0.0238,0.1263,0.0625,0.085,0.0265,0.1427,0.2045
2024-07-25,model_Portfolio,Hold,0.131,0.0649,0.1302,0.0236,0.13,0.0619,0.085,0.0256,0.1424,0.2053
2024-07-26,model_Portfolio,Hold,0.1254,0.0623,0.1264,0.0231,0.125,0.0602,0.084,0.0246,0.1687,0.2004
2024-07-29,model_Portfolio,Hold,0.1254,0.0621,0.1266,0.0233,0.1238,0.0616,0.0833,0.0251,0.1669,0.2017
2024-07-30,model_Portfolio,Hold,0.1253,0.0623,0.1269,0.023,0.1241,0.0608,0.0839,0.0251,0.168,0.2006
2024-07-31,model_Portfolio,Hold,0.1265,0.0628,0.1274,0.0237,0.1252,0.061,0.083,0.0254,0.1697,0.1952
2024-08-01,model_Portfolio,Rebalance,0.02,0.02,0.02,0.02,0.02,0.02,0.02,0.02,0.82,0.02
2024-08-02,model_Portfolio,Hold,0.0205,0.0199,0.0198,0.0185,0.0186,0.0198,0.02,0.0198,0.8224,0.0207
2024-08-05,model_Portfolio,Hold,0.0202,0.0195,0.0196,0.0179,0.0181,0.0198,0.0199,0.0191,0.8258,0.0202
2024-08-06,model_Portfolio,Hold,0.0203,0.0198,0.0198,0.0179,0.0178,0.0197,0.0204,0.0189,0.8252,0.0202
2024-08-07,model_Portfolio,Hold,0.0206,0.02,0.0202,0.0183,0.018,0.0199,0.0202,0.0192,0.8229,0.0207
2024-08-08,model_Portfolio,Hold,0.0202,0.0195,0.0202,0.0183,0.0186,0.0197,0.02,0.0193,0.8237,0.0205
2024-08-09,model_Portfolio,Hold,0.0202,0.0197,0.0204,0.0185,0.0186,0.0198,0.0202,0.0196,0.8225,0.0206
2024-08-12,model_Portfolio,Hold,0.0201,0.0197,0.0205,0.0186,0.0193,0.0196,0.02,0.0195,0.8221,0.0207
2024-08-13,model_Portfolio,Hold,0.0199,0.0197,0.0203,0.0187,0.0188,0.0195,0.02,0.0195,0.8229,0.0207
2024-08-14,model_Portfolio,Hold,0.0201,0.0196,0.0203,0.0186,0.0188,0.0194,0.0198,0.0189,0.8239,0.0206
2024-08-15,model_Portfolio,Hold,0.0201,0.0198,0.0202,0.0193,0.019,0.019,0.02,0.0189,0.8236,0.0203
2024-08-16,model_Portfolio,Hold,0.0201,0.0199,0.0206,0.0192,0.0188,0.0192,0.0199,0.019,0.8227,0.0205
2024-08-19,model_Portfolio,Hold,0.0203,0.02,0.0207,0.0193,0.0188,0.019,0.0201,0.0195,0.8219,0.0205
2024-08-20,model_Portfolio,Hold,0.02,0.02,0.0205,0.0193,0.0181,0.0189,0.0199,0.0195,0.8233,0.0205
2024-08-21,model_Portfolio,Hold,0.0199,0.02,0.0205,0.0192,0.0178,0.0188,0.0198,0.0191,0.8244,0.0204
2024-08-22,model_Portfolio,Hold,0.0201,0.0199,0.0208,0.0189,0.0178,0.0189,0.0204,0.0189,0.8239,0.0205
2024-08-23,model_Portfolio,Hold,0.0199,0.0198,0.0207,0.0187,0.0178,0.0187,0.0205,0.0189,0.8245,0.0204
2024-08-26,model_Portfolio,Hold,0.0197,0.0197,0.0204,0.0183,0.0179,0.0186,0.0203,0.0187,0.826,0.0203
2024-08-27,model_Portfolio,Hold,0.0198,0.02,0.0205,0.0181,0.0176,0.0186,0.0202,0.0186,0.826,0.0204
2024-08-28,model_Portfolio,Hold,0.0198,0.0198,0.0207,0.0179,0.0177,0.0185,0.02,0.0184,0.8267,0.0205
2024-08-29,model_Portfolio,Hold,0.0196,0.0198,0.0207,0.0178,0.018,0.0184,0.0196,0.0181,0.8276,0.0204
2024-08-30,model_Portfolio,Hold,0.0194,0.0197,0.0206,0.0183,0.0173,0.0183,0.0196,0.018,0.8285,0.0203
2024-09-03,model_Portfolio,Rebalance,0.02,0.02,0.02,0.02,0.02,0.02,0.02,0.02,0.82,0.02
2024-09-04,model_Portfolio,Hold,0.0198,0.02,0.0201,0.0195,0.0192,0.0198,0.0198,0.0197,0.822,0.0201
2024-09-05,model_Portfolio,Hold,0.0197,0.0199,0.0201,0.0201,0.0194,0.0198,0.0198,0.0199,0.8213,0.02
2024-09-06,model_Portfolio,Hold,0.0202,0.0202,0.0204,0.0198,0.0192,0.0199,0.02,0.0195,0.8205,0.0202
2024-09-09,model_Portfolio,Hold,0.0207,0.0203,0.0204,0.0202,0.019,0.0202,0.0204,0.0192,0.8191,0.0204
2024-09-10,model_Portfolio,Hold,0.0206,0.0205,0.02,0.0205,0.018,0.0201,0.0204,0.019,0.8207,0.0201
2024-09-11,model_Portfolio,Hold,0.0205,0.0206,0.0198,0.021,0.0178,0.0203,0.0205,0.0193,0.8204,0.0198
2024-09-12,model_Portfolio,Hold,0.0203,0.0203,0.0197,0.021,0.0176,0.0202,0.0205,0.0195,0.8215,0.0193
2024-09-13,model_Portfolio,Hold,0.02,0.0201,0.0196,0.0208,0.0176,0.0203,0.0207,0.0197,0.8217,0.0193
2024-09-16,model_Portfolio,Hold,0.02,0.0202,0.0197,0.0204,0.0178,0.0205,0.0206,0.0196,0.8222,0.019
2024-09-17,model_Portfolio,Hold,0.0202,0.0193,0.0197,0.0208,0.0185,0.0208,0.0206,0.0199,0.8214,0.0187
2024-09-18,model_Portfolio,Hold,0.0197,0.0193,0.0197,0.0208,0.0185,0.0205,0.0206,0.02,0.8221,0.0188
2024-09-19,model_Portfolio,Hold,0.0195,0.0192,0.0194,0.0211,0.0186,0.0205,0.0203,0.0202,0.8225,0.0186
2024-09-20,model_Portfolio,Hold,0.0194,0.0192,0.0193,0.0212,0.0183,0.0204,0.02,0.0203,0.8235,0.0185
2024-09-23,model_Portfolio,Hold,0.0194,0.0192,0.0196,0.0213,0.0184,0.0205,0.02,0.0199,0.823,0.0186
2024-09-24,model_Portfolio,Hold,0.019,0.019,0.0192,0.0211,0.0182,0.0206,0.0202,0.0198,0.8244,0.0185
2024-09-25,model_Portfolio,Hold,0.0189,0.019,0.0194,0.021,0.0177,0.0207,0.0203,0.0198,0.8246,0.0186
2024-09-26,model_Portfolio,Hold,0.0186,0.0197,0.0191,0.0205,0.0164,0.0206,0.0195,0.0196,0.8276,0.0183
2024-09-27,model_Portfolio,Hold,0.0188,0.0196,0.0195,0.0204,0.0176,0.0209,0.0196,0.02,0.825,0.0185
2024-09-30,model_Portfolio,Hold,0.0191,0.0199,0.0198,0.0203,0.0176,0.0208,0.0195,0.0203,0.8241,0.0185
2024-10-01,model_Portfolio,Rebalance,0.02,0.02,0.02,0.02,0.02,0.02,0.02,0.02,0.82,0.02
2024-10-02,model_Portfolio,Hold,0.0202,0.0204,0.0205,0.0201,0.0203,0.0201,0.0201,0.02,0.8182,0.0201
2024-10-03,model_Portfolio,Hold,0.0201,0.0208,0.0204,0.0199,0.021,0.0199,0.02,0.0201,0.8179,0.0199
2024-10-04,model_Portfolio,Hold,0.0201,0.0208,0.0207,0.0203,0.0212,0.0198,0.0198,0.0202,0.8173,0.0199
2024-10-07,model_Portfolio,Hold,0.0202,0.0205,0.0201,0.0198,0.0213,0.0217,0.0197,0.0198,0.8171,0.0199
2024-10-08,model_Portfolio,Hold,0.0205,0.0207,0.0202,0.02,0.0208,0.0216,0.0197,0.0199,0.8168,0.0197
2024-10-09,model_Portfolio,Hold,0.0207,0.021,0.0199,0.0202,0.0208,0.0218,0.0198,0.0196,0.8165,0.0199
2024-10-10,model_Portfolio,Hold,0.0208,0.021,0.0202,0.0205,0.0214,0.022,0.0201,0.0198,0.8144,0.0199
2024-10-11,model_Portfolio,Hold,0.0207,0.0208,0.0203,0.0206,0.0213,0.0219,0.0203,0.0197,0.8145,0.0198
2024-10-14,model_Portfolio,Hold,0.0207,0.0209,0.0203,0.0203,0.0209,0.022,0.0206,0.0198,0.8148,0.0197
2024-10-15,model_Portfolio,Hold,0.0206,0.0211,0.0203,0.0203,0.0195,0.0223,0.0208,0.0199,0.8155,0.0197
2024-10-16,model_Portfolio,Hold,0.0209,0.0212,0.0203,0.0202,0.0193,0.0224,0.021,0.0198,0.8154,0.0197
2024-10-17,model_Portfolio,Hold,0.021,0.0215,0.0205,0.0203,0.0195,0.0226,0.0208,0.0196,0.8147,0.0196
2024-10-18,model_Portfolio,Hold,0.0213,0.0216,0.0204,0.0205,0.0197,0.0229,0.0209,0.0197,0.8133,0.0196
2024-10-21,model_Portfolio,Hold,0.0209,0.0216,0.0202,0.0206,0.0198,0.0229,0.0206,0.0198,0.8141,0.0195
2024-10-22,model_Portfolio,Hold,0.0212,0.0218,0.0205,0.0211,0.0204,0.0233,0.0207,0.0203,0.8105,0.0202
2024-10-23,model_Portfolio,Hold,0.0219,0.0223,0.021,0.021,0.0203,0.0236,0.0216,0.0205,0.8071,0.0206
2024-10-24,model_Portfolio,Hold,0.022,0.0221,0.0212,0.0214,0.0207,0.0235,0.0212,0.0207,0.8062,0.0209
2024-10-25,model_Portfolio,Hold,0.0218,0.0222,0.021,0.0219,0.0211,0.0235,0.0208,0.0213,0.8052,0.0211
2024-10-28,model_Portfolio,Hold,0.0211,0.0215,0.0203,0.0212,0.0195,0.0227,0.0201,0.0208,0.8123,0.0206
2024-10-29,model_Portfolio,Hold,0.0211,0.0217,0.0205,0.0216,0.0193,0.0227,0.02,0.0213,0.8113,0.0206
2024-10-30,model_Portfolio,Hold,0.0215,0.0209,0.0207,0.022,0.0196,0.0227,0.0205,0.0221,0.8088,0.021
2024-10-31,model_Portfolio,Hold,0.0212,0.0207,0.0196,0.0212,0.0196,0.0225,0.0201,0.0216,0.8109,0.0226
2024-11-01,model_Portfolio,Rebalance,0.0201,0.02,0.0201,0.8184,0.0201,0.02,0.0201,0.0211,0.02,0.0201
2024-11-04,model_Portfolio,Hold,0.0201,0.0201,0.0202,0.817,0.0207,0.02,0.0206,0.021,0.02,0.0203
2024-11-05,model_Portfolio,Hold,0.0198,0.0199,0.0201,0.8191,0.0204,0.0197,0.0205,0.0208,0.0198,0.0201
2024-11-06,model_Portfolio,Hold,0.019,0.0198,0.02,0.8215,0.0206,0.019,0.0196,0.0209,0.0202,0.0194
2024-11-07,model_Portfolio,Hold,0.0185,0.0198,0.0196,0.8251,0.0181,0.0192,0.0196,0.0211,0.0199,0.019
2024-11-08,model_Portfolio,Hold,0.0189,0.0197,0.0199,0.8237,0.0181,0.0194,0.0198,0.021,0.0203,0.0193
2024-11-11,model_Portfolio,Hold,0.019,0.0199,0.0204,0.8224,0.0185,0.0195,0.0194,0.0214,0.0202,0.0193
2024-11-12,model_Portfolio,Hold,0.0188,0.0199,0.0203,0.8246,0.0182,0.0192,0.0187,0.0214,0.0196,0.0194
2024-11-13,model_Portfolio,Hold,0.0183,0.02,0.0198,0.8274,0.0179,0.0189,0.0185,0.0206,0.0194,0.0192
2024-11-14,model_Portfolio,Hold,0.0184,0.0198,0.0199,0.8259,0.0186,0.0193,0.0185,0.0204,0.0197,0.0195
2024-11-15,model_Portfolio,Hold,0.0192,0.0201,0.0209,0.8206,0.0191,0.0201,0.0187,0.0208,0.0201,0.0204
2024-11-18,model_Portfolio,Hold,0.0195,0.0201,0.0211,0.8186,0.0192,0.0208,0.0187,0.0212,0.0202,0.0206
2024-11-19,model_Portfolio,Hold,0.0193,0.0199,0.0207,0.8214,0.0185,0.0206,0.0184,0.0213,0.0197,0.0202
2024-11-20,model_Portfolio,Hold,0.0192,0.0202,0.0208,0.8204,0.0188,0.0208,0.0185,0.0212,0.0198,0.0204
2024-11-21,model_Portfolio,Hold,0.0198,0.0208,0.0214,0.8168,0.0194,0.0212,0.0191,0.0206,0.0201,0.0208
2024-11-22,model_Portfolio,Hold,0.0199,0.0208,0.0216,0.815,0.0198,0.0215,0.0196,0.0203,0.0203,0.0211
2024-11-25,model_Portfolio,Hold,0.0196,0.0205,0.0214,0.8168,0.0193,0.0212,0.0199,0.0202,0.0202,0.0207
2024-11-26,model_Portfolio,Hold,0.0191,0.0201,0.021,0.8207,0.0187,0.0207,0.0193,0.0199,0.0201,0.0205
2024-11-27,model_Portfolio,Hold,0.0194,0.0202,0.0212,0.8193,0.0189,0.0208,0.0193,0.0201,0.0202,0.0207
2024-11-29,model_Portfolio,Hold,0.0192,0.02,0.021,0.8207,0.0188,0.0207,0.0191,0.0199,0.0202,0.0205
2024-12-02,model_Portfolio,Rebalance,0.0716,0.0486,0.1351,0.0238,0.0873,0.0493,0.1081,0.0237,0.3678,0.0847
2024-12-03,model_Portfolio,Hold,0.0723,0.048,0.1314,0.0244,0.0889,0.0493,0.108,0.0241,0.3682,0.0855
2024-12-04,model_Portfolio,Hold,0.0724,0.0493,0.1323,0.0251,0.0884,0.0491,0.1054,0.0246,0.3681,0.0852
2024-12-05,model_Portfolio,Hold,0.0717,0.0487,0.1323,0.0252,0.0864,0.0479,0.1051,0.0242,0.3734,0.0853
2024-12-06,model_Portfolio,Hold,0.0718,0.0494,0.132,0.026,0.0849,0.0477,0.1038,0.0245,0.3737,0.0861
2024-12-09,model_Portfolio,Hold,0.0717,0.0492,0.1298,0.026,0.0886,0.0474,0.1072,0.0248,0.3709,0.0843
2024-12-10,model_Portfolio,Hold,0.0726,0.05,0.1297,0.0261,0.0892,0.0475,0.1057,0.0263,0.3685,0.0843
2024-12-11,model_Portfolio,Hold,0.0718,0.0502,0.1298,0.0267,0.0898,0.0472,0.1046,0.0278,0.3689,0.0832
2024-12-12,model_Portfolio,Hold,0.0716,0.0497,0.13,0.0265,0.092,0.0469,0.1038,0.0273,0.3686,0.0836
2024-12-13,model_Portfolio,Hold,0.0713,0.0495,0.1302,0.0264,0.0917,0.0471,0.1039,0.027,0.3693,0.0835
2024-12-16,model_Portfolio,Hold,0.0714,0.0496,0.1303,0.0272,0.0887,0.0467,0.1034,0.0282,0.3708,0.0838
2024-12-17,model_Portfolio,Hold,0.0725,0.0501,0.1302,0.0272,0.0859,0.0468,0.1053,0.0283,0.3701,0.0837
2024-12-18,model_Portfolio,Hold,0.0733,0.0499,0.1301,0.0266,0.087,0.0464,0.1031,0.0279,0.3713,0.0843
2024-12-19,model_Portfolio,Hold,0.0731,0.0531,0.1303,0.0267,0.0849,0.0457,0.1017,0.0277,0.3734,0.0833
2024-12-20,model_Portfolio,Hold,0.0732,0.0515,0.1302,0.0265,0.086,0.0453,0.1022,0.0277,0.3741,0.0834
2024-12-23,model_Portfolio,Hold,0.0732,0.0504,0.1303,0.0266,0.0882,0.0451,0.1019,0.0282,0.3732,0.083
2024-12-24,model_Portfolio,Hold,0.0729,0.0504,0.1299,0.0268,0.0886,0.0451,0.1016,0.0282,0.3742,0.0821
2024-12-26,model_Portfolio,Hold,0.073,0.0501,0.1301,0.0265,0.0883,0.0449,0.1015,0.028,0.3755,0.0821
2024-12-27,model_Portfolio,Hold,0.0733,0.0498,0.1305,0.0263,0.0898,0.0448,0.1008,0.0278,0.3748,0.0823
2024-12-30,model_Portfolio,Hold,0.0723,0.0496,0.1308,0.0261,0.0917,0.0444,0.1009,0.0277,0.3741,0.0823
2024-12-31,model_Portfolio,Hold,0.0722,0.0493,0.1308,0.0258,0.094,0.0444,0.1016,0.0273,0.3723,0.0823
2025-01-02,model_Portfolio,Rebalance,0.0806,0.0412,0.0793,0.0244,0.0831,0.044,0.0861,0.4146,0.0586,0.0881
2025-01-03,model_Portfolio,Hold,0.0801,0.0414,0.0791,0.0246,0.0825,0.0436,0.0867,0.4156,0.0581,0.0883
2025-01-06,model_Portfolio,Hold,0.0789,0.0408,0.0775,0.0248,0.0827,0.0432,0.0848,0.4235,0.0578,0.0859
2025-01-07,model_Portfolio,Hold,0.0793,0.0414,0.0784,0.0243,0.0828,0.0438,0.0846,0.4213,0.059,0.085
2025-01-08,model_Portfolio,Hold,0.08,0.0417,0.079,0.0243,0.083,0.0436,0.0848,0.4185,0.0599,0.0852
2025-01-10,model_Portfolio,Hold,0.0796,0.0412,0.078,0.0242,0.084,0.0454,0.0837,0.4194,0.0591,0.0852
2025-01-13,model_Portfolio,Hold,0.0797,0.0409,0.0786,0.024,0.0859,0.0464,0.0854,0.4142,0.0602,0.0846
2025-01-14,model_Portfolio,Hold,0.0794,0.0407,0.0793,0.0239,0.0873,0.0472,0.0854,0.4103,0.0612,0.0852
2025-01-15,model_Portfolio,Hold,0.0772,0.0402,0.079,0.0241,0.0881,0.0464,0.0846,0.4165,0.0606,0.0834
2025-01-16,model_Portfolio,Hold,0.0793,0.0405,0.0799,0.0238,0.0871,0.0472,0.0861,0.4113,0.0612,0.0836
2025-01-17,model_Portfolio,Hold,0.0782,0.0404,0.0796,0.0242,0.0837,0.0476,0.0867,0.414,0.0615,0.084
2025-01-21,model_Portfolio,Hold,0.0799,0.0405,0.0789,0.0245,0.0807,0.0475,0.0869,0.415,0.0635,0.0827
2025-01-22,model_Portfolio,Hold,0.0807,0.0409,0.0775,0.025,0.0805,0.0472,0.0852,0.4165,0.0646,0.0818
2025-01-23,model_Portfolio,Hold,0.0839,0.0411,0.0771,0.0249,0.0806,0.048,0.0846,0.4133,0.0645,0.082
2025-01-24,model_Portfolio,Hold,0.0845,0.0407,0.0768,0.0246,0.0793,0.0483,0.0849,0.4145,0.0638,0.0826
2025-01-27,model_Portfolio,Hold,0.0881,0.0422,0.0798,0.0249,0.0801,0.0483,0.0859,0.4,0.0652,0.0855
2025-01-28,model_Portfolio,Hold,0.0867,0.0428,0.0791,0.0252,0.0799,0.0483,0.0818,0.4071,0.0651,0.0841
2025-01-29,model_Portfolio,Hold,0.0871,0.0424,0.0795,0.0251,0.0794,0.0484,0.0807,0.4079,0.0653,0.0843
2025-01-30,model_Portfolio,Hold,0.0866,0.0425,0.0789,0.0245,0.0778,0.049,0.0797,0.4139,0.0656,0.0814
2025-01-31,model_Portfolio,Hold,0.0857,0.0428,0.078,0.0247,0.0739,0.0488,0.0806,0.4188,0.0645,0.0822
2025-02-03,model_Portfolio,Rebalance,0.0229,0.02,0.02,0.02,0.02,0.02,0.02,0.02,0.8171,0.02
2025-02-04,model_Portfolio,Hold,0.0228,0.0201,0.0198,0.0202,0.0206,0.0196,0.0198,0.0203,0.8171,0.0197
2025-02-05,model_Portfolio,Hold,0.0233,0.0204,0.0198,0.0196,0.0204,0.0194,0.0202,0.0187,0.8185,0.0196
2025-02-06,model_Portfolio,Hold,0.0227,0.0199,0.0191,0.0199,0.0199,0.0192,0.0202,0.0188,0.8206,0.0197
2025-02-07,model_Portfolio,Hold,0.0232,0.0201,0.0195,0.0194,0.0203,0.0184,0.0204,0.0185,0.8201,0.02
2025-02-10,model_Portfolio,Hold,0.0235,0.0201,0.0193,0.0197,0.0215,0.0184,0.0203,0.0186,0.8181,0.0204
2025-02-11,model_Portfolio,Hold,0.0235,0.0203,0.0193,0.0196,0.0217,0.0183,0.0201,0.0184,0.8183,0.0204
2025-02-12,model_Portfolio,Hold,0.0235,0.0204,0.0195,0.0194,0.021,0.0185,0.0203,0.0184,0.8185,0.0204
2025-02-13,model_Portfolio,Hold,0.0238,0.0204,0.0197,0.0196,0.0211,0.0188,0.0205,0.0187,0.8171,0.0205
2025-02-14,model_Portfolio,Hold,0.0235,0.0202,0.0195,0.0194,0.0217,0.0188,0.0202,0.0185,0.818,0.0203
2025-02-18,model_Portfolio,Hold,0.0233,0.0202,0.0196,0.0191,0.022,0.0188,0.0203,0.0183,0.8182,0.02
2025-02-19,model_Portfolio,Hold,0.0235,0.0202,0.0196,0.019,0.0219,0.0187,0.0201,0.0183,0.8186,0.0201
2025-02-20,model_Portfolio,Hold,0.0238,0.02,0.0197,0.0188,0.0221,0.0186,0.0203,0.0184,0.8177,0.0206
2025-02-21,model_Portfolio,Hold,0.0248,0.0194,0.0198,0.0187,0.0218,0.0188,0.0208,0.0184,0.816,0.0214
2025-02-24,model_Portfolio,Hold,0.0247,0.0194,0.0201,0.0183,0.0218,0.0188,0.0211,0.0182,0.8161,0.0214
2025-02-25,model_Portfolio,Hold,0.0247,0.0192,0.0205,0.0182,0.0212,0.0191,0.0217,0.0177,0.8161,0.0216
2025-02-26,model_Portfolio,Hold,0.0246,0.0189,0.0202,0.0183,0.0208,0.0188,0.0213,0.0174,0.8186,0.0211
2025-02-27,model_Portfolio,Hold,0.0243,0.0185,0.0202,0.0176,0.019,0.0185,0.0213,0.0167,0.8231,0.0208
2025-02-28,model_Portfolio,Hold,0.024,0.0176,0.0201,0.0174,0.0188,0.0182,0.0211,0.0165,0.8259,0.0206
2025-03-03,model_Portfolio,Rebalance,0.6301,0.0311,0.0626,0.0211,0.0468,0.0319,0.0517,0.0212,0.0486,0.0547
2025-03-04,model_Portfolio,Hold,0.6297,0.0318,0.0623,0.0214,0.0469,0.032,0.0521,0.0221,0.047,0.0547
2025-03-05,model_Portfolio,Hold,0.628,0.0319,0.0624,0.0218,0.0467,0.0325,0.0528,0.0223,0.0474,0.0542
2025-03-06,model_Portfolio,Hold,0.6245,0.0317,0.0631,0.0213,0.0478,0.0329,0.0523,0.0226,0.0479,0.056
2025-03-07,model_Portfolio,Hold,0.6261,0.0314,0.0626,0.0209,0.0475,0.0331,0.053,0.0225,0.0471,0.056
2025-03-10,model_Portfolio,Hold,0.6281,0.0308,0.0617,0.0204,0.048,0.0318,0.0529,0.0215,0.0476,0.0573
2025-03-11,model_Portfolio,Hold,0.6221,0.0309,0.063,0.0212,0.0497,0.032,0.0527,0.0218,0.0487,0.0579
2025-03-12,model_Portfolio,Hold,0.6176,0.0309,0.0628,0.0216,0.0514,0.032,0.0529,0.0224,0.0502,0.0582
2025-03-13,model_Portfolio,Hold,0.62,0.0304,0.0635,0.0212,0.0501,0.032,0.0523,0.022,0.0491,0.0594
2025-03-14,model_Portfolio,Hold,0.6099,0.0308,0.0653,0.0219,0.0521,0.0321,0.0541,0.0226,0.051,0.0602
2025-03-17,model_Portfolio,Hold,0.6095,0.0312,0.0655,0.0215,0.0528,0.0323,0.0538,0.0222,0.0515,0.0597
2025-03-18,model_Portfolio,Hold,0.6091,0.0314,0.0655,0.0213,0.0537,0.0322,0.0538,0.022,0.0513,0.0598
2025-03-19,model_Portfolio,Hold,0.6092,0.0311,0.0656,0.0215,0.0549,0.0322,0.0529,0.0222,0.0516,0.0588
2025-03-20,model_Portfolio,Hold,0.6104,0.0291,0.0662,0.0215,0.0547,0.0323,0.0529,0.0222,0.0513,0.0594
2025-03-21,model_Portfolio,Hold,0.6101,0.0296,0.0661,0.0217,0.0549,0.0322,0.0527,0.0224,0.0512,0.0591
2025-03-24,model_Portfolio,Hold,0.6088,0.0295,0.0664,0.0223,0.055,0.0321,0.0529,0.0227,0.0516,0.0586
2025-03-25,model_Portfolio,Hold,0.6055,0.0299,0.0669,0.0228,0.0556,0.0323,0.0524,0.0233,0.0521,0.0591
2025-03-26,model_Portfolio,Hold,0.6068,0.0299,0.0669,0.0221,0.0558,0.0324,0.0522,0.0224,0.0516,0.0598
2025-03-27,model_Portfolio,Hold,0.6163,0.0291,0.0657,0.0217,0.0549,0.0317,0.0509,0.0216,0.0491,0.0591
2025-03-28,model_Portfolio,Hold,0.6187,0.0289,0.0657,0.0209,0.0546,0.0316,0.0512,0.0207,0.0483,0.0595
2025-03-31,model_Portfolio,Hold,0.6198,0.0293,0.0657,0.0204,0.0542,0.0315,0.0496,0.0205,0.0483,0.0606
2025-04-01,model_Portfolio,Rebalance,0.0997,0.0593,0.219,0.0257,0.1228,0.0692,0.1533,0.0248,0.0761,0.1501
2025-04-02,model_Portfolio,Hold,0.0999,0.0599,0.2188,0.0262,0.1235,0.0695,0.1553,0.0248,0.0762,0.1459
2025-04-03,model_Portfolio,Hold,0.1041,0.0596,0.2275,0.0249,0.1077,0.0698,0.1516,0.0249,0.0753,0.1545
2025-04-04,model_Portfolio,Hold,0.106,0.0607,0.2237,0.0257,0.0993,0.0699,0.1539,0.0259,0.0737,0.1612
2025-04-07,model_Portfolio,Hold,0.1078,0.0614,0.2221,0.0267,0.0991,0.0696,0.1492,0.0265,0.0756,0.162
2025-04-08,model_Portfolio,Hold,0.1086,0.0616,0.2249,0.0264,0.0943,0.0678,0.1498,0.0265,0.0759,0.1642
2025-04-09,model_Portfolio,Hold,0.1045,0.0617,0.2228,0.0278,0.1055,0.0692,0.1476,0.0273,0.0775,0.1563
2025-04-10,model_Portfolio,Hold,0.1065,0.0613,0.2303,0.0274,0.0958,0.0698,0.1417,0.0273,0.0774,0.1626
2025-04-11,model_Portfolio,Hold,0.1064,0.0599,0.2306,0.0274,0.0968,0.0702,0.1433,0.0275,0.0777,0.1602
2025-04-14,model_Portfolio,Hold,0.1058,0.0602,0.2309,0.0266,0.0965,0.0702,0.1464,0.0275,0.0766,0.1593
2025-04-15,model_Portfolio,Hold,0.1056,0.0604,0.2316,0.0264,0.0952,0.0688,0.1464,0.0272,0.0767,0.1616
2025-04-16,model_Portfolio,Hold,0.1092,0.06,0.2314,0.0258,0.0988,0.0682,0.1435,0.0268,0.0744,0.1618
2025-04-17,model_Portfolio,Hold,0.1093,0.0589,0.2296,0.0253,0.1027,0.068,0.1436,0.0262,0.0736,0.1629
2025-04-21,model_Portfolio,Hold,0.1107,0.0595,0.2292,0.0251,0.1009,0.068,0.1427,0.0262,0.0729,0.1649
2025-04-22,model_Portfolio,Hold,0.1092,0.0589,0.23,0.0252,0.1021,0.0682,0.1398,0.0261,0.0766,0.1637
2025-04-23,model_Portfolio,Hold,0.1076,0.0597,0.2302,0.0263,0.1007,0.068,0.1411,0.0268,0.0765,0.163
2025-04-24,model_Portfolio,Hold,0.1061,0.0598,0.2293,0.0269,0.1035,0.0683,0.1401,0.0272,0.0772,0.1616
2025-04-25,model_Portfolio,Hold,0.1063,0.0606,0.2282,0.0274,0.1048,0.0683,0.1385,0.0278,0.0768,0.1614
2025-04-28,model_Portfolio,Hold,0.1063,0.0602,0.2281,0.0271,0.1055,0.0685,0.1397,0.0274,0.0768,0.1603
2025-04-29,model_Portfolio,Hold,0.1077,0.0616,0.2297,0.0272,0.1041,0.0693,0.1325,0.0275,0.0775,0.1629
2025-04-30,model_Portfolio,Hold,0.1083,0.062,0.2306,0.0268,0.0999,0.0696,0.1331,0.0273,0.078,0.1644
2025-05-01,model_Portfolio,Rebalance,0.8167,0.0202,0.0204,0.02,0.0205,0.0202,0.0206,0.02,0.0208,0.0205
2025-05-02,model_Portfolio,Hold,0.8167,0.0202,0.0205,0.0197,0.0205,0.0203,0.0206,0.02,0.0212,0.0203
2025-05-05,model_Portfolio,Hold,0.8182,0.0205,0.0206,0.0194,0.0194,0.02,0.0204,0.0201,0.021,0.0204
2025-05-06,model_Portfolio,Hold,0.8197,0.0202,0.0206,0.0192,0.0197,0.0196,0.0198,0.02,0.0206,0.0206
2025-05-07,model_Portfolio,Hold,0.8215,0.0202,0.0207,0.0195,0.0193,0.0193,0.0198,0.0184,0.0206,0.0206
2025-05-08,model_Portfolio,Hold,0.8193,0.0203,0.0205,0.0198,0.0201,0.0196,0.0202,0.0187,0.0209,0.0204
2025-05-09,model_Portfolio,Hold,0.818,0.0204,0.0206,0.02,0.0208,0.0198,0.0204,0.0186,0.0212,0.0202
2025-05-12,model_Portfolio,Hold,0.8124,0.0214,0.0205,0.0216,0.0221,0.0202,0.0205,0.0194,0.0224,0.0194
2025-05-13,model_Portfolio,Hold,0.8086,0.0218,0.0208,0.0223,0.0235,0.0204,0.0204,0.0199,0.0229,0.0196
2025-05-14,model_Portfolio,Hold,0.8089,0.0217,0.0207,0.0223,0.0232,0.0203,0.0201,0.0207,0.0225,0.0196
2025-05-15,model_Portfolio,Hold,0.8142,0.0213,0.0204,0.0211,0.022,0.0199,0.0196,0.0199,0.022,0.0196
2025-05-16,model_Portfolio,Hold,0.8145,0.0207,0.0204,0.0209,0.0216,0.0201,0.0198,0.02,0.0224,0.0197
2025-05-19,model_Portfolio,Hold,0.8151,0.0207,0.0202,0.0209,0.0211,0.0199,0.02,0.0199,0.0224,0.0198
2025-05-20,model_Portfolio,Hold,0.8157,0.0208,0.0201,0.0208,0.0211,0.0198,0.0196,0.0197,0.0225,0.02
2025-05-21,model_Portfolio,Hold,0.8158,0.021,0.0202,0.0208,0.0208,0.0197,0.0189,0.0205,0.0222,0.0202
2025-05-22,model_Portfolio,Hold,0.8139,0.0211,0.0201,0.0212,0.021,0.0198,0.0191,0.021,0.0224,0.0203
2025-05-23,model_Portfolio,Hold,0.8145,0.0207,0.0202,0.021,0.0212,0.0199,0.0189,0.0208,0.0223,0.0205
2025-05-27,model_Portfolio,Hold,0.8135,0.0208,0.0201,0.0213,0.0215,0.02,0.0193,0.021,0.0223,0.0202
2025-05-28,model_Portfolio,Hold,0.8134,0.021,0.02,0.0213,0.0215,0.0199,0.0193,0.0211,0.0223,0.0203
2025-05-29,model_Portfolio,Hold,0.8134,0.021,0.02,0.0212,0.0215,0.0199,0.0196,0.0209,0.0223,0.0201
2025-05-30,model_Portfolio,Hold,0.8143,0.0208,0.0201,0.0211,0.021,0.0202,0.0192,0.0208,0.022,0.0204
2025-06-02,model_Portfolio,Rebalance,0.8117,0.0204,0.0213,0.02,0.0211,0.0205,0.0213,0.0218,0.021,0.021
2025-06-03,model_Portfolio,Hold,0.8108,0.0203,0.0213,0.0199,0.0222,0.0208,0.0214,0.0214,0.0212,0.0209
2025-06-04,model_Portfolio,Hold,0.8105,0.0206,0.0212,0.0201,0.0219,0.0207,0.0216,0.0217,0.0211,0.0206
2025-06-05,model_Portfolio,Hold,0.8123,0.0204,0.0209,0.0201,0.0217,0.0203,0.0212,0.0217,0.0209,0.0205
2025-06-06,model_Portfolio,Hold,0.8096,0.0206,0.0212,0.0206,0.0224,0.0205,0.0215,0.0223,0.0208,0.0205
2025-06-09,model_Portfolio,Hold,0.8088,0.0205,0.021,0.021,0.0226,0.0205,0.0219,0.0227,0.0206,0.0204
2025-06-10,model_Portfolio,Hold,0.8081,0.0206,0.0208,0.0209,0.0232,0.0205,0.0222,0.0229,0.0206,0.0201
2025-06-11,model_Portfolio,Hold,0.8092,0.0204,0.0205,0.0203,0.0235,0.0204,0.022,0.0225,0.0207,0.0204
2025-06-12,model_Portfolio,Hold,0.8104,0.0202,0.0206,0.0202,0.0237,0.0203,0.0218,0.0222,0.0203,0.0203
2025-06-13,model_Portfolio,Hold,0.8098,0.0199,0.0206,0.0202,0.0251,0.0202,0.0216,0.0222,0.02,0.0203
2025-06-16,model_Portfolio,Hold,0.8072,0.0202,0.0209,0.0208,0.0247,0.0204,0.022,0.0226,0.0206,0.0205
2025-06-17,model_Portfolio,Hold,0.8062,0.0203,0.021,0.0209,0.0253,0.0204,0.0218,0.0228,0.0204,0.0208
2025-06-18,model_Portfolio,Hold,0.8075,0.02,0.0211,0.0207,0.0248,0.0203,0.0217,0.0225,0.0205,0.021
2025-06-20,model_Portfolio,Hold,0.8103,0.0186,0.0213,0.0204,0.0244,0.0199,0.0219,0.0216,0.0207,0.0211
2025-06-23,model_Portfolio,Hold,0.8105,0.0192,0.0215,0.0202,0.0224,0.0201,0.0223,0.0214,0.0211,0.0213
2025-06-24,model_Portfolio,Hold,0.8143,0.0189,0.0207,0.02,0.0215,0.02,0.0223,0.0209,0.0208,0.0205
2025-06-25,model_Portfolio,Hold,0.815,0.0187,0.0205,0.0201,0.0211,0.0202,0.022,0.0215,0.0206,0.0203
2025-06-26,model_Portfolio,Hold,0.8087,0.0191,0.0212,0.0209,0.0223,0.0207,0.0226,0.0223,0.0215,0.0206
2025-06-27,model_Portfolio,Hold,0.8083,0.019,0.0213,0.0214,0.0223,0.0205,0.0222,0.0228,0.0215,0.0205
2025-06-30,model_Portfolio,Hold,0.8106,0.019,0.0212,0.0209,0.0218,0.0203,0.0222,0.0223,0.0214,0.0203
2025-07-01,model_Portfolio,Rebalance,0.0424,0.0906,0.1108,0.0279,0.1707,0.0867,0.1634,0.0288,0.1327,0.146
2025-07-02,model_Portfolio,Hold,0.0414,0.0896,0.1073,0.0276,0.1739,0.0872,0.1656,0.0289,0.1315,0.147
2025-07-03,model_Portfolio,Hold,0.0412,0.0899,0.1079,0.0279,0.1734,0.0872,0.1661,0.0289,0.13,0.1475
2025-07-07,model_Portfolio,Hold,0.0414,0.0894,0.1071,0.0281,0.1739,0.0872,0.1635,0.0288,0.1302,0.1503
2025-07-08,model_Portfolio,Hold,0.0407,0.0889,0.1059,0.0272,0.1809,0.0869,0.1654,0.0279,0.1299,0.1463
2025-07-09,model_Portfolio,Hold,0.0408,0.0876,0.105,0.0277,0.1813,0.0879,0.1662,0.0284,0.1324,0.1426
2025-07-10,model_Portfolio,Hold,0.0407,0.0849,0.1048,0.0275,0.1799,0.0873,0.17,0.0284,0.1328,0.1438
2025-07-11,model_Portfolio,Hold,0.0406,0.0834,0.1049,0.0281,0.1788,0.0874,0.172,0.0291,0.1326,0.1431
2025-07-14,model_Portfolio,Hold,0.0407,0.0834,0.1065,0.0283,0.1739,0.0874,0.1707,0.0294,0.135,0.1445
2025-07-15,model_Portfolio,Hold,0.0414,0.0835,0.106,0.0288,0.169,0.0875,0.1705,0.0299,0.1358,0.1476
2025-07-16,model_Portfolio,Hold,0.0414,0.0845,0.1067,0.0284,0.1642,0.0881,0.172,0.0301,0.1365,0.1483
2025-07-17,model_Portfolio,Hold,0.0376,0.0849,0.106,0.0283,0.1695,0.0889,0.1726,0.03,0.1369,0.1452
2025-07-18,model_Portfolio,Hold,0.0388,0.0852,0.1069,0.0287,0.17,0.0898,0.1718,0.0303,0.1325,0.146
2025-07-21,model_Portfolio,Hold,0.039,0.0851,0.1061,0.0291,0.168,0.0893,0.1719,0.0312,0.1321,0.1482
2025-07-22,model_Portfolio,Hold,0.0389,0.0853,0.1063,0.0285,0.1693,0.0894,0.1749,0.0309,0.129,0.1475
2025-07-23,model_Portfolio,Hold,0.0386,0.0843,0.1055,0.0283,0.1718,0.0885,0.1781,0.0305,0.1274,0.1469
2025-07-24,model_Portfolio,Hold,0.0386,0.0833,0.1055,0.0289,0.1734,0.0887,0.1769,0.0309,0.1266,0.1471
2025-07-25,model_Portfolio,Hold,0.0388,0.0835,0.1061,0.0287,0.1711,0.089,0.1766,0.031,0.1279,0.1472
2025-07-28,model_Portfolio,Hold,0.0391,0.0825,0.1046,0.0292,0.177,0.0888,0.1717,0.0312,0.1299,0.1459
2025-07-29,model_Portfolio,Hold,0.0395,0.0827,0.1041,0.0288,0.1772,0.0883,0.1718,0.0316,0.1291,0.1469
2025-07-30,model_Portfolio,Hold,0.04,0.082,0.1027,0.029,0.1771,0.0876,0.1702,0.032,0.1258,0.1536
2025-07-31,model_Portfolio,Hold,0.0395,0.0803,0.104,0.0296,0.1762,0.0873,0.1675,0.0314,0.1287,0.1554
2025-08-01,model_Portfolio,Rebalance,0.1787,0.0653,0.139,0.046,0.139,0.07,0.1314,0.0304,0.0747,0.1254
2025-08-04,model_Portfolio,Hold,0.1807,0.0655,0.1383,0.045,0.1363,0.0708,0.1321,0.0311,0.0757,0.1245
2025-08-05,model_Portfolio,Hold,0.1805,0.0622,0.1379,0.0451,0.1378,0.0716,0.1329,0.0308,0.0764,0.1249
2025-08-06,model_Portfolio,Hold,0.1814,0.0625,0.1431,0.0471,0.1343,0.0709,0.126,0.0312,0.077,0.1265
2025-08-07,model_Portfolio,Hold,0.1806,0.0602,0.1412,0.0466,0.1428,0.0699,0.1256,0.0308,0.0765,0.1257
2025-08-08,model_Portfolio,Hold,0.1818,0.059,0.1415,0.0461,0.1454,0.0692,0.1237,0.0313,0.0765,0.1256
2025-08-11,model_Portfolio,Hold,0.1788,0.0592,0.1431,0.046,0.1455,0.0685,0.1205,0.0314,0.0779,0.1292
2025-08-12,model_Portfolio,Hold,0.1767,0.0584,0.141,0.0456,0.148,0.0691,0.1224,0.0315,0.0784,0.1288
2025-08-13,model_Portfolio,Hold,0.1733,0.0599,0.1429,0.0459,0.1477,0.0698,0.1237,0.031,0.079,0.1268
2025-08-14,model_Portfolio,Hold,0.1736,0.0602,0.1427,0.0474,0.1476,0.0695,0.1232,0.0312,0.0775,0.1272
2025-08-15,model_Portfolio,Hold,0.1761,0.0601,0.1422,0.0472,0.1469,0.0688,0.1253,0.0313,0.075,0.1272
2025-08-18,model_Portfolio,Hold,0.174,0.0606,0.1426,0.0472,0.1463,0.0682,0.1271,0.0312,0.0752,0.1275
2025-08-19,model_Portfolio,Hold,0.1743,0.0619,0.1432,0.0462,0.1442,0.0682,0.128,0.0307,0.0755,0.1278
2025-08-20,model_Portfolio,Hold,0.1751,0.0614,0.1448,0.0452,0.1443,0.0685,0.1261,0.0302,0.0754,0.1292
2025-08-21,model_Portfolio,Hold,0.1742,0.0611,0.1449,0.0448,0.1461,0.0686,0.1259,0.0302,0.0751,0.1292
2025-08-22,model_Portfolio,Hold,0.1714,0.061,0.1423,0.0452,0.1501,0.0685,0.1289,0.0306,0.0756,0.1265
2025-08-25,model_Portfolio,Hold,0.1708,0.0604,0.1412,0.0451,0.1554,0.0675,0.1283,0.031,0.0747,0.1256
2025-08-26,model_Portfolio,Hold,0.1707,0.0603,0.1424,0.0453,0.154,0.0675,0.1291,0.0308,0.0752,0.1246
2025-08-27,model_Portfolio,Hold,0.1698,0.0605,0.1408,0.0452,0.1566,0.0674,0.13,0.0307,0.0748,0.124
2025-08-28,model_Portfolio,Hold,0.1693,0.0601,0.1387,0.0456,0.1589,0.0673,0.1299,0.0313,0.0751,0.1237
2025-08-29,model_Portfolio,Hold,0.1699,0.0606,0.1389,0.0448,0.1596,0.0667,0.13,0.0313,0.0737,0.1245
2025-09-02,model_Portfolio,Rebalance,0.0596,0.0793,0.1528,0.0285,0.1547,0.077,0.1361,0.0297,0.1321,0.1501
2025-09-03,model_Portfolio,Hold,0.0602,0.0791,0.1553,0.0287,0.148,0.0772,0.138,0.0326,0.1309,0.1499
2025-09-04,model_Portfolio,Hold,0.0597,0.0776,0.1558,0.0295,0.1509,0.0758,0.1383,0.0324,0.1321,0.1477
2025-09-05,model_Portfolio,Hold,0.06,0.0785,0.154,0.0292,0.147,0.0761,0.1419,0.0329,0.1324,0.1482
2025-09-08,model_Portfolio,Hold,0.06,0.0792,0.154,0.0298,0.1446,0.0762,0.1441,0.033,0.132,0.1472
2025-09-09,model_Portfolio,Hold,0.0603,0.0786,0.155,0.0304,0.1418,0.0763,0.1421,0.034,0.1322,0.1493
2025-09-10,model_Portfolio,Hold,0.0586,0.0753,0.1552,0.0291,0.1512,0.0758,0.1414,0.0337,0.1315,0.1482
2025-09-11,model_Portfolio,Hold,0.0595,0.0748,0.1557,0.0288,0.1477,0.0769,0.1411,0.0335,0.1352,0.1469
2025-09-12,model_Portfolio,Hold,0.0601,0.0733,0.1567,0.0286,0.1471,0.0766,0.1418,0.0336,0.1342,0.1479
2025-09-15,model_Portfolio,Hold,0.0592,0.0732,0.156,0.0291,0.1479,0.0759,0.1432,0.0352,0.1334,0.1467
2025-09-16,model_Portfolio,Hold,0.0593,0.0723,0.1536,0.0292,0.1569,0.0741,0.1423,0.0349,0.1322,0.1453
2025-09-17,model_Portfolio,Hold,0.0598,0.0735,0.1555,0.0288,0.1543,0.0754,0.141,0.0346,0.1307,0.1465
2025-09-18,model_Portfolio,Hold,0.0602,0.0731,0.1541,0.0288,0.153,0.076,0.1451,0.035,0.1313,0.1433
2025-09-19,model_Portfolio,Hold,0.0609,0.0732,0.1543,0.0289,0.1505,0.0755,0.1432,0.0354,0.1324,0.1456
2025-09-22,model_Portfolio,Hold,0.0615,0.0738,0.1544,0.0286,0.1523,0.0753,0.1436,0.0353,0.1309,0.1441
2025-09-23,model_Portfolio,Hold,0.0609,0.0721,0.1549,0.0276,0.1541,0.0721,0.1448,0.0351,0.1324,0.1459
2025-09-24,model_Portfolio,Hold,0.06,0.0732,0.1565,0.0275,0.1568,0.071,0.143,0.0344,0.131,0.1465
2025-09-25,model_Portfolio,Hold,0.0603,0.0718,0.1581,0.0275,0.1577,0.0699,0.1414,0.0345,0.1308,0.1479
2025-09-26,model_Portfolio,Hold,0.0599,0.0732,0.1595,0.0275,0.1587,0.0696,0.1397,0.0344,0.1296,0.1479
2025-09-29,model_Portfolio,Hold,0.0596,0.0755,0.1591,0.0277,0.156,0.0704,0.1402,0.0339,0.1303,0.1474
2025-09-30,model_Portfolio,Hold,0.0598,0.0751,0.1591,0.0273,0.1552,0.0708,0.1403,0.0337,0.1308,0.1478
2025-10-01,model_Portfolio,Rebalance,0.1321,0.0717,0.1492,0.0259,0.1451,0.0638,0.1529,0.0279,0.0819,0.1495
2025-10-02,model_Portfolio,Hold,0.1324,0.0723,0.1499,0.0262,0.1391,0.0646,0.1542,0.0282,0.0839,0.1492
2025-10-03,model_Portfolio,Hold,0.1329,0.0721,0.151,0.0257,0.1418,0.0643,0.1532,0.0279,0.0831,0.1479
2025-10-06,model_Portfolio,Hold,0.1326,0.0732,0.1527,0.0259,0.1458,0.0645,0.1468,0.0286,0.082,0.1478
2025-10-07,model_Portfolio,Hold,0.1321,0.0742,0.1527,0.0261,0.1458,0.0646,0.1436,0.0281,0.0819,0.1509
2025-10-08,model_Portfolio,Hold,0.1348,0.0755,0.1529,0.0268,0.1445,0.0647,0.1398,0.0283,0.0831,0.1497
2025-10-09,model_Portfolio,Hold,0.1354,0.0761,0.1537,0.0274,0.1406,0.064,0.1399,0.0283,0.0824,0.1521
2025-10-10,model_Portfolio,Hold,0.1373,0.0742,0.1564,0.0265,0.133,0.0639,0.1417,0.0282,0.0817,0.157
2025-10-13,model_Portfolio,Hold,0.1356,0.0747,0.1549,0.0269,0.1378,0.0646,0.1411,0.029,0.0827,0.1527
2025-10-14,model_Portfolio,Hold,0.1363,0.0743,0.1553,0.0262,0.1372,0.0643,0.1421,0.0289,0.0828,0.1525
2025-10-15,model_Portfolio,Hold,0.1336,0.0733,0.1536,0.0262,0.1397,0.0635,0.1449,0.0297,0.0836,0.1519
2025-10-16,model_Portfolio,Hold,0.1337,0.0726,0.1515,0.0265,0.1404,0.0634,0.1452,0.0302,0.0838,0.1527
2025-10-17,model_Portfolio,Hold,0.1343,0.0737,0.1525,0.0262,0.1371,0.0632,0.1443,0.0303,0.0842,0.1542
2025-10-20,model_Portfolio,Hold,0.1343,0.0743,0.1528,0.0265,0.1359,0.063,0.1466,0.0305,0.0847,0.1515
2025-10-21,model_Portfolio,Hold,0.1315,0.0765,0.1512,0.027,0.1357,0.0627,0.1459,0.0296,0.0907,0.1491
2025-10-22,model_Portfolio,Hold,0.1312,0.0756,0.1498,0.0263,0.1382,0.062,0.1469,0.0296,0.0905,0.1498
2025-10-23,model_Portfolio,Hold,0.1281,0.075,0.1478,0.0264,0.1471,0.0618,0.1437,0.0294,0.0919,0.1486
2025-10-24,model_Portfolio,Hold,0.1293,0.0747,0.148,0.0269,0.1431,0.0621,0.1454,0.0304,0.0907,0.1495
2025-10-27,model_Portfolio,Hold,0.1297,0.0757,0.1487,0.0273,0.1403,0.0623,0.1463,0.0315,0.0907,0.1475
2025-10-28,model_Portfolio,Hold,0.1338,0.0793,0.1528,0.0286,0.1415,0.0642,0.1226,0.0324,0.0931,0.1517
2025-10-29,model_Portfolio,Hold,0.1341,0.0791,0.1544,0.0293,0.1432,0.064,0.1167,0.0339,0.0937,0.1516
2025-10-30,model_Portfolio,Hold,0.1365,0.0808,0.1585,0.0288,0.1445,0.064,0.1137,0.0353,0.0962,0.1419
2025-10-31,model_Portfolio,Hold,0.1346,0.0806,0.1581,0.0313,0.1453,0.0631,0.1168,0.0351,0.0957,0.1393
2025-11-03,model_Portfolio,Rebalance,0.0582,0.0492,0.0818,0.0256,0.0743,0.0436,0.0815,0.4255,0.0874,0.073
2025-11-04,model_Portfolio,Hold,0.0598,0.0487,0.0842,0.0254,0.0738,0.0444,0.0799,0.4214,0.0876,0.0747
2025-11-05,model_Portfolio,Hold,0.0585,0.049,0.085,0.0251,0.0715,0.0433,0.0796,0.426,0.0884,0.0735
2025-11-06,model_Portfolio,Hold,0.0581,0.0473,0.0861,0.0242,0.0773,0.0467,0.077,0.4228,0.0874,0.073
2025-11-07,model_Portfolio,Hold,0.0589,0.0482,0.0865,0.0244,0.078,0.0469,0.0806,0.4145,0.088,0.0741
2025-11-10,model_Portfolio,Hold,0.0577,0.0472,0.0847,0.0244,0.0784,0.0459,0.0774,0.4241,0.088,0.0722
2025-11-11,model_Portfolio,Hold,0.0578,0.0465,0.0843,0.0243,0.0787,0.0463,0.0777,0.4234,0.088,0.0729
2025-11-12,model_Portfolio,Hold,0.0591,0.0477,0.0856,0.024,0.0771,0.0466,0.0768,0.42,0.09,0.073
2025-11-13,model_Portfolio,Hold,0.06,0.0484,0.0869,0.0236,0.0806,0.0474,0.0755,0.413,0.0908,0.0736
2025-11-14,model_Portfolio,Hold,0.061,0.0482,0.0868,0.0235,0.0813,0.047,0.076,0.4118,0.09,0.0744
2025-11-17,model_Portfolio,Hold,0.0604,0.0473,0.0849,0.0232,0.0796,0.0456,0.0736,0.4228,0.0885,0.074
2025-11-18,model_Portfolio,Hold,0.0604,0.047,0.0845,0.0221,0.0814,0.0455,0.0735,0.4217,0.0887,0.0751
2025-11-19,model_Portfolio,Hold,0.0583,0.047,0.0827,0.022,0.0782,0.0454,0.0713,0.4321,0.0887,0.0743
2025-11-20,model_Portfolio,Hold,0.058,0.0474,0.0845,0.0217,0.0768,0.0455,0.0711,0.4318,0.0886,0.0745
2025-11-21,model_Portfolio,Hold,0.0583,0.0482,0.0826,0.0215,0.0765,0.0454,0.072,0.4349,0.088,0.0725
2025-11-24,model_Portfolio,Hold,0.0563,0.0454,0.0799,0.0214,0.076,0.0441,0.0706,0.4502,0.0864,0.0696
2025-11-25,model_Portfolio,Hold,0.056,0.0459,0.0798,0.0215,0.074,0.0439,0.0716,0.4512,0.0863,0.0699
2025-11-26,model_Portfolio,Hold,0.0563,0.0457,0.0792,0.0215,0.076,0.044,0.0731,0.4475,0.0862,0.0705
2025-11-28,model_Portfolio,Hold,0.0563,0.046,0.0788,0.0218,0.0766,0.0442,0.073,0.4462,0.0865,0.0706
2025-12-01,model_Portfolio,Rebalance,0.1933,0.0667,0.1451,0.0239,0.1082,0.0603,0.1148,0.0304,0.1491,0.1082
2025-12-02,model_Portfolio,Hold,0.1908,0.0676,0.1443,0.0239,0.109,0.0594,0.1165,0.0305,0.1501,0.1077
2025-12-03,model_Portfolio,Hold,0.1896,0.0709,0.1448,0.0238,0.1157,0.0603,0.105,0.0309,0.1518,0.1072
2025-12-04,model_Portfolio,Hold,0.1916,0.0706,0.1465,0.0237,0.1157,0.0612,0.1019,0.031,0.1498,0.108
2025-12-05,model_Portfolio,Hold,0.1918,0.0701,0.1471,0.0238,0.1179,0.0612,0.0999,0.0315,0.1488,0.1078
2025-12-08,model_Portfolio,Hold,0.1913,0.0716,0.1486,0.024,0.1162,0.0566,0.1009,0.0315,0.1488,0.1104
2025-12-09,model_Portfolio,Hold,0.1897,0.0723,0.1483,0.0241,0.1171,0.0553,0.1015,0.0317,0.1496,0.1103
2025-12-10,model_Portfolio,Hold,0.1903,0.0725,0.1461,0.0243,0.1159,0.0563,0.1033,0.0318,0.149,0.1105
2025-12-11,model_Portfolio,Hold,0.1909,0.0718,0.1479,0.0241,0.114,0.0578,0.1011,0.031,0.1512,0.1102
2025-12-12,model_Portfolio,Hold,0.1929,0.0716,0.1485,0.0235,0.1131,0.0572,0.1027,0.0304,0.1504,0.1095
2025-12-15,model_Portfolio,Hold,0.1968,0.0722,0.1499,0.023,0.1098,0.0575,0.104,0.0302,0.147,0.1097
2025-12-16,model_Portfolio,Hold,0.1973,0.0726,0.1494,0.0234,0.1057,0.0577,0.1046,0.0305,0.147,0.1118
2025-12-17,model_Portfolio,Hold,0.1962,0.0727,0.1501,0.0232,0.1081,0.0584,0.1054,0.0294,0.1454,0.1111
2025-12-18,model_Portfolio,Hold,0.1947,0.0721,0.1509,0.0239,0.1051,0.0581,0.1091,0.0301,0.1458,0.1102
2025-12-19,model_Portfolio,Hold,0.1954,0.0727,0.1508,0.0239,0.1065,0.0572,0.1069,0.0306,0.1461,0.1096
2025-12-22,model_Portfolio,Hold,0.1945,0.0722,0.1501,0.024,0.1076,0.0582,0.1082,0.0308,0.144,0.1104
2025-12-23,model_Portfolio,Hold,0.1936,0.0722,0.151,0.0244,0.1074,0.0582,0.107,0.0313,0.1442,0.1107
2025-12-24,model_Portfolio,Hold,0.1935,0.0718,0.1505,0.0244,0.1071,0.0584,0.1083,0.0312,0.144,0.1109
2025-12-26,model_Portfolio,Hold,0.1937,0.0721,0.1496,0.0244,0.1064,0.0588,0.108,0.0311,0.1456,0.1103
2025-12-29,model_Portfolio,Hold,0.1929,0.0721,0.1494,0.0243,0.1071,0.0588,0.1091,0.0311,0.1451,0.1102
2025-12-30,model_Portfolio,Hold,0.1939,0.0714,0.1499,0.0242,0.108,0.0587,0.1092,0.031,0.1439,0.1099
2022-01-20,model_Portfolio,Rebalance,0.0662,0.0917,0.1485,0.0288,0.159,0.0843,0.157,0.0273,0.0776,0.1598
2022-01-21,model_Portfolio,Hold,0.0678,0.0911,0.1482,0.0275,0.1555,0.0843,0.158,0.0271,0.0783,0.1622
2022-01-24,model_Portfolio,Hold,0.0666,0.0919,0.1494,0.0278,0.1574,0.0842,0.1566,0.0271,0.0782,0.1607
2022-01-25,model_Portfolio,Hold,0.0657,0.0899,0.149,0.0266,0.1688,0.0824,0.1542,0.0261,0.0779,0.1594
2022-01-26,model_Portfolio,Hold,0.0646,0.0895,0.1511,0.0267,0.1707,0.0823,0.1522,0.0268,0.0767,0.1593
2022-01-27,model_Portfolio,Hold,0.0649,0.0904,0.1506,0.0269,0.17,0.0822,0.149,0.0268,0.0771,0.1622
2022-01-28,model_Portfolio,Hold,0.0668,0.0921,0.1502,0.0274,0.1694,0.0819,0.1507,0.0274,0.0732,0.161
2022-01-31,model_Portfolio,Hold,0.0669,0.0936,0.1491,0.0281,0.1671,0.082,0.1526,0.0274,0.0734,0.1598
2022-02-01,model_Portfolio,Hold,0.0662,0.0927,0.1479,0.0281,0.1731,0.082,0.1515,0.0276,0.0733,0.1576
2022-02-02,model_Portfolio,Hold,0.0672,0.0935,0.1486,0.0278,0.1721,0.0813,0.1516,0.0295,0.0724,0.156
2022-02-03,model_Portfolio,Hold,0.0681,0.0912,0.1508,0.026,0.1733,0.0814,0.1498,0.0289,0.0725,0.158
2022-02-04,model_Portfolio,Hold,0.0681,0.0919,0.1535,0.0296,0.1735,0.0765,0.1492,0.029,0.071,0.1576
2022-02-07,model_Portfolio,Hold,0.0677,0.0917,0.156,0.0298,0.1728,0.0745,0.1479,0.0284,0.0718,0.1594
2022-02-08,model_Portfolio,Hold,0.0683,0.0923,0.1583,0.0306,0.1672,0.0743,0.1479,0.0285,0.0725,0.1601
2022-02-09,model_Portfolio,Hold,0.0683,0.0938,0.1563,0.0301,0.1678,0.0752,0.1493,0.0286,0.0721,0.1585
2022-02-10,model_Portfolio,Hold,0.068,0.0919,0.1577,0.0302,0.1707,0.0744,0.1471,0.0285,0.0716,0.1599
2022-02-11,model_Portfolio,Hold,0.0672,0.0888,0.158,0.0293,0.1751,0.0724,0.1482,0.0277,0.0719,0.1613
2022-02-14,model_Portfolio,Hold,0.0669,0.0896,0.1582,0.0302,0.1679,0.0735,0.1493,0.0285,0.0725,0.1634
2022-02-15,model_Portfolio,Hold,0.0671,0.0898,0.1589,0.0303,0.1671,0.0743,0.1494,0.0285,0.0717,0.1629
2022-02-16,model_Portfolio,Hold,0.0667,0.0907,0.1582,0.0305,0.1675,0.0733,0.1505,0.0287,0.0707,0.1633
2022-02-17,model_Portfolio,Hold,0.0658,0.0888,0.1569,0.0302,0.1695,0.0727,0.1514,0.0279,0.069,0.1678
2022-02-18,model_Portfolio,Hold,0.064,0.0887,0.1574,0.0299,0.1689,0.0734,0.1517,0.0276,0.0688,0.1696
2022-02-22,model_Portfolio,Hold,0.065,0.0895,0.1578,0.0297,0.1644,0.0729,0.1546,0.0277,0.0689,0.1696
2022-02-23,model_Portfolio,Hold,0.0654,0.0881,0.1563,0.0289,0.1649,0.0725,0.1546,0.0275,0.0685,0.1734
2022-02-24,model_Portfolio,Hold,0.0661,0.0887,0.1509,0.0301,0.1724,0.0725,0.1578,0.0285,0.068,0.1651
2022-02-25,model_Portfolio,Hold,0.066,0.0877,0.1519,0.0296,0.174,0.0718,0.1558,0.028,0.069,0.1661
2022-02-28,model_Portfolio,Hold,0.0651,0.086,0.1499,0.0296,0.1843,0.0706,0.1525,0.0281,0.0682,0.1656
2022-03-01,model_Portfolio,Hold,0.0641,0.0851,0.1443,0.0293,0.1939,0.0692,0.1519,0.0281,0.0667,0.1674
2022-03-02,model_Portfolio,Hold,0.0641,0.0855,0.1457,0.0289,0.1934,0.0688,0.1507,0.0277,0.0667,0.1684
2022-03-03,model_Portfolio,Hold,0.064,0.085,0.1471,0.0279,0.1941,0.0679,0.1516,0.0273,0.0667,0.1683
2022-03-04,model_Portfolio,Hold,0.064,0.0835,0.1441,0.0274,0.1996,0.0667,0.1531,0.0268,0.0658,0.1688
2022-03-07,model_Portfolio,Hold,0.0644,0.0833,0.1455,0.0266,0.1969,0.0665,0.1531,0.0264,0.066,0.1713
2022-03-08,model_Portfolio,Hold,0.0631,0.0827,0.1465,0.0264,0.2013,0.0659,0.1547,0.0267,0.0672,0.1656
2022-03-09,model_Portfolio,Hold,0.0636,0.0837,0.1474,0.0267,0.1991,0.0675,0.1539,0.0276,0.0669,0.1638
2022-03-10,model_Portfolio,Hold,0.0625,0.0833,0.1456,0.028,0.2049,0.0673,0.1524,0.0273,0.0653,0.1636
2022-03-11,model_Portfolio,Hold,0.0618,0.0851,0.1478,0.0282,0.2029,0.0659,0.1524,0.0272,0.065,0.1638
2022-03-14,model_Portfolio,Hold,0.063,0.0846,0.1509,0.0276,0.1965,0.0659,0.1533,0.0265,0.0665,0.165
2022-03-15,model_Portfolio,Hold,0.0636,0.0862,0.1507,0.0285,0.1903,0.0667,0.1539,0.027,0.0664,0.1668
2022-03-16,model_Portfolio,Hold,0.064,0.0877,0.1524,0.0293,0.1891,0.0666,0.153,0.0275,0.0662,0.1643
2022-03-17,model_Portfolio,Hold,0.0636,0.0845,0.1502,0.0295,0.1984,0.0664,0.1519,0.0271,0.0659,0.1624
2022-03-18,model_Portfolio,Hold,0.064,0.0854,0.1497,0.0301,0.196,0.0671,0.1526,0.0275,0.0659,0.1617
2022-03-21,model_Portfolio,Hold,0.063,0.0846,0.1492,0.0298,0.2027,0.0671,0.1493,0.0272,0.0653,0.1617
2022-03-22,model_Portfolio,Hold,0.0626,0.0848,0.1506,0.0303,0.1995,0.0673,0.148,0.0277,0.0655,0.1638
2022-03-23,model_Portfolio,Hold,0.0606,0.0838,0.1503,0.0303,0.2024,0.0676,0.1472,0.0277,0.0651,0.1651
2022-03-24,model_Portfolio,Hold,0.0606,0.0843,0.1507,0.0301,0.2009,0.069,0.1471,0.0281,0.0651,0.1642
2022-03-25,model_Portfolio,Hold,0.0602,0.0836,0.1509,0.0298,0.2015,0.0691,0.1472,0.0277,0.0647,0.1652
2022-03-28,model_Portfolio,Hold,0.0614,0.0853,0.1518,0.0309,0.1954,0.0703,0.1501,0.0279,0.065,0.162
2022-03-29,model_Portfolio,Hold,0.0606,0.0866,0.1498,0.0305,0.198,0.0705,0.1524,0.0277,0.0652,0.1586
2022-03-30,model_Portfolio,Hold,0.0606,0.0859,0.1499,0.0299,0.1988,0.0706,0.1526,0.0276,0.0648,0.1595
2022-03-31,model_Portfolio,Hold,0.0599,0.0861,0.1483,0.0295,0.2006,0.0705,0.1529,0.0272,0.0641,0.161
2022-04-01,model_Portfolio,Rebalance,0.02,0.02,0.02,0.02,0.02,0.02,0.02,0.82,0.02,0.02
2022-04-04,model_Portfolio,Hold,0.0197,0.0199,0.0193,0.0202,0.02,0.0199,0.0194,0.8222,0.0197,0.0197
2022-04-05,model_Portfolio,Hold,0.0201,0.0201,0.0196,0.02,0.0197,0.0202,0.0196,0.8208,0.0199,0.0199
2022-04-06,model_Portfolio,Hold,0.0207,0.0204,0.0205,0.0198,0.0198,0.0205,0.0205,0.8164,0.0205,0.0209
2022-04-07,model_Portfolio,Hold,0.0214,0.0206,0.0206,0.0198,0.0199,0.0207,0.0203,0.8153,0.0206,0.0209
2022-04-08,model_Portfolio,Hold,0.0217,0.0207,0.0211,0.0196,0.0212,0.021,0.0205,0.812,0.0209,0.0214
2022-04-11,model_Portfolio,Hold,0.0218,0.0206,0.0216,0.0198,0.0209,0.0215,0.0207,0.8093,0.0216,0.0222
2022-04-12,model_Portfolio,Hold,0.0216,0.0207,0.0217,0.0199,0.0216,0.0215,0.0207,0.8082,0.0215,0.0225
2022-04-13,model_Portfolio,Hold,0.0216,0.0204,0.0214,0.0202,0.022,0.0214,0.0205,0.8093,0.0212,0.0222
2022-04-14,model_Portfolio,Hold,0.0217,0.0204,0.0219,0.0202,0.0225,0.0216,0.0207,0.8068,0.0214,0.0227
2022-04-18,model_Portfolio,Hold,0.0213,0.02,0.0219,0.0202,0.0226,0.0214,0.0204,0.8086,0.0212,0.0224
2022-04-19,model_Portfolio,Hold,0.0216,0.02,0.0215,0.0205,0.0224,0.0213,0.0204,0.8086,0.0213,0.0223
2022-04-20,model_Portfolio,Hold,0.0224,0.0205,0.0221,0.0202,0.0226,0.0215,0.021,0.8055,0.0217,0.0226
2022-04-21,model_Portfolio,Hold,0.023,0.0208,0.0222,0.0199,0.022,0.0222,0.0213,0.8026,0.0223,0.0236
2022-04-22,model_Portfolio,Hold,0.0232,0.0209,0.0224,0.0201,0.0221,0.0223,0.0217,0.8003,0.0228,0.0241
2022-04-25,model_Portfolio,Hold,0.0228,0.0209,0.0216,0.02,0.0208,0.0218,0.021,0.8056,0.0222,0.0235
2022-04-26,model_Portfolio,Hold,0.023,0.0206,0.0217,0.0197,0.0213,0.0219,0.0214,0.8039,0.0223,0.0241
2022-04-27,model_Portfolio,Hold,0.0236,0.0213,0.0224,0.0201,0.0227,0.0228,0.0217,0.7976,0.023,0.0249
2022-04-28,model_Portfolio,Hold,0.0231,0.0213,0.0211,0.0204,0.0228,0.0223,0.0214,0.8008,0.0227,0.0242
2022-04-29,model_Portfolio,Hold,0.0231,0.0212,0.0212,0.0182,0.0233,0.0225,0.0212,0.8008,0.0231,0.0253
2022-05-02,model_Portfolio,Hold,0.0226,0.0211,0.0209,0.0179,0.0228,0.0223,0.0204,0.8043,0.023,0.0248
2022-05-03,model_Portfolio,Hold,0.0223,0.021,0.0209,0.0178,0.0237,0.0225,0.0205,0.8036,0.0232,0.0246
2022-05-04,model_Portfolio,Hold,0.0221,0.0208,0.0207,0.0173,0.0242,0.0224,0.0201,0.8051,0.0232,0.0241
2022-05-05,model_Portfolio,Hold,0.0226,0.0207,0.0211,0.0168,0.0232,0.0223,0.0205,0.8041,0.0236,0.0251
2022-05-06,model_Portfolio,Hold,0.0225,0.0206,0.0213,0.0166,0.0248,0.0224,0.0203,0.8022,0.0237,0.0254
2022-05-09,model_Portfolio,Hold,0.0222,0.0207,0.0217,0.0162,0.0218,0.0229,0.0198,0.8041,0.0249,0.0256
2022-05-10,model_Portfolio,Hold,0.0219,0.0205,0.0214,0.0161,0.0215,0.0224,0.0192,0.8094,0.0241,0.0237
2022-05-11,model_Portfolio,Hold,0.0218,0.0201,0.0214,0.0157,0.0222,0.0228,0.0191,0.8092,0.0238,0.0239
2022-05-12,model_Portfolio,Hold,0.0224,0.0202,0.0212,0.016,0.0221,0.0227,0.0192,0.8075,0.0245,0.0242
2022-05-13,model_Portfolio,Hold,0.0222,0.0201,0.0207,0.0164,0.0233,0.0223,0.0192,0.8081,0.0238,0.024
2022-05-16,model_Portfolio,Hold,0.0224,0.0202,0.0209,0.0163,0.0242,0.0225,0.0193,0.8055,0.0242,0.0245
2022-05-17,model_Portfolio,Hold,0.0229,0.0202,0.021,0.0166,0.0242,0.0227,0.019,0.8049,0.0241,0.0243
2022-05-18,model_Portfolio,Hold,0.0235,0.0198,0.0215,0.0161,0.0236,0.0231,0.0189,0.8043,0.0245,0.0248
2022-05-19,model_Portfolio,Hold,0.0237,0.02,0.0215,0.0163,0.0241,0.0234,0.0191,0.8031,0.0247,0.0241
2022-05-20,model_Portfolio,Hold,0.0241,0.0204,0.0215,0.0165,0.0249,0.024,0.0195,0.8004,0.0244,0.0244
2022-05-23,model_Portfolio,Hold,0.024,0.0205,0.0216,0.0161,0.0258,0.0235,0.0192,0.8012,0.024,0.0243
2022-05-24,model_Portfolio,Hold,0.0247,0.021,0.0227,0.0163,0.0265,0.0243,0.0199,0.7936,0.0252,0.0257
2022-05-25,model_Portfolio,Hold,0.0245,0.021,0.023,0.0167,0.0277,0.0243,0.0199,0.7916,0.0252,0.0262
2022-05-26,model_Portfolio,Hold,0.0244,0.0215,0.0231,0.017,0.0273,0.0244,0.0199,0.7914,0.0249,0.026
2022-05-27,model_Portfolio,Hold,0.0239,0.0216,0.0227,0.017,0.0273,0.0243,0.0198,0.794,0.0244,0.025
2022-05-31,model_Portfolio,Hold,0.0238,0.021,0.0225,0.0176,0.0267,0.0237,0.0193,0.7966,0.0241,0.0246
2022-06-01,model_Portfolio,Hold,0.0234,0.021,0.0223,0.0178,0.0271,0.0234,0.019,0.7978,0.0237,0.0246
2022-06-02,model_Portfolio,Hold,0.0232,0.021,0.0216,0.0178,0.0262,0.0236,0.0188,0.8005,0.0233,0.0239
2022-06-03,model_Portfolio,Hold,0.0235,0.0213,0.0218,0.0178,0.0273,0.0241,0.0189,0.7975,0.0235,0.0243
2022-06-06,model_Portfolio,Hold,0.0231,0.021,0.0215,0.0178,0.027,0.0242,0.0185,0.8,0.0231,0.0238
2022-06-07,model_Portfolio,Hold,0.0231,0.021,0.0216,0.0175,0.0285,0.0244,0.0186,0.7984,0.0231,0.0239
2022-06-08,model_Portfolio,Hold,0.0228,0.0208,0.0214,0.0173,0.0285,0.0237,0.0177,0.8028,0.023,0.022
2022-06-09,model_Portfolio,Hold,0.0228,0.0208,0.0213,0.0169,0.0284,0.0243,0.0175,0.8026,0.0233,0.0221
2022-06-10,model_Portfolio,Hold,0.0229,0.0207,0.0213,0.0165,0.0286,0.0246,0.0175,0.802,0.0229,0.0229
2022-06-13,model_Portfolio,Hold,0.0231,0.0209,0.0215,0.0163,0.0279,0.0251,0.0171,0.8013,0.0237,0.023
2022-06-14,model_Portfolio,Hold,0.0224,0.0208,0.0215,0.0161,0.0281,0.0247,0.0169,0.803,0.0235,0.023
2022-06-15,model_Portfolio,Hold,0.0223,0.0208,0.0212,0.0165,0.0272,0.0241,0.0166,0.8064,0.0228,0.0222
2022-06-16,model_Portfolio,Hold,0.0225,0.0207,0.0214,0.0164,0.0258,0.0245,0.0165,0.8063,0.023,0.0228
2022-06-17,model_Portfolio,Hold,0.0224,0.0209,0.0213,0.0167,0.024,0.0244,0.0165,0.8085,0.0226,0.0226
2022-06-21,model_Portfolio,Hold,0.022,0.0207,0.021,0.0165,0.0239,0.0241,0.0159,0.8121,0.0219,0.022
2022-06-22,model_Portfolio,Hold,0.0223,0.021,0.0209,0.0166,0.0223,0.0242,0.0162,0.8145,0.022,0.0201
2022-06-23,model_Portfolio,Hold,0.0223,0.0209,0.0207,0.017,0.0214,0.0241,0.0166,0.8148,0.0218,0.0204
2022-06-24,model_Portfolio,Hold,0.022,0.0209,0.0205,0.0168,0.0205,0.024,0.0165,0.8174,0.0215,0.0199
2022-06-27,model_Portfolio,Hold,0.0223,0.0207,0.0209,0.0166,0.0214,0.0238,0.017,0.8155,0.0216,0.0201
2022-06-28,model_Portfolio,Hold,0.0225,0.0207,0.0215,0.0162,0.0228,0.0241,0.0174,0.8122,0.0218,0.0207
2022-06-29,model_Portfolio,Hold,0.023,0.0205,0.0215,0.0165,0.0214,0.0243,0.0176,0.8133,0.0218,0.0201
2022-06-30,model_Portfolio,Hold,0.0234,0.0208,0.0219,0.0165,0.0211,0.0247,0.0181,0.8108,0.0222,0.0206
2022-07-01,model_Portfolio,Rebalance,0.0313,0.02,0.02,0.8085,0.02,0.02,0.02,0.0202,0.02,0.02
2022-07-05,model_Portfolio,Hold,0.0302,0.0191,0.0192,0.8153,0.018,0.0192,0.0196,0.0205,0.0196,0.0192
2022-07-06,model_Portfolio,Hold,0.0299,0.019,0.0193,0.8167,0.0175,0.0189,0.0196,0.0206,0.0196,0.0189
2022-07-07,model_Portfolio,Hold,0.0296,0.0189,0.0191,0.8169,0.0186,0.0185,0.0192,0.021,0.0193,0.0188
2022-07-08,model_Portfolio,Hold,0.0298,0.019,0.0192,0.8166,0.0189,0.0183,0.0189,0.0212,0.0192,0.0188
2022-07-11,model_Portfolio,Hold,0.0305,0.0193,0.0197,0.8128,0.0191,0.019,0.0191,0.0212,0.0198,0.0196
2022-07-12,model_Portfolio,Hold,0.031,0.0196,0.0199,0.8105,0.0185,0.0192,0.0195,0.0213,0.0204,0.0201
2022-07-13,model_Portfolio,Hold,0.0302,0.0194,0.0194,0.8141,0.0186,0.0188,0.019,0.0207,0.02,0.0199
2022-07-14,model_Portfolio,Hold,0.0302,0.0192,0.019,0.8166,0.0179,0.0183,0.0186,0.0205,0.02,0.0197
2022-07-15,model_Portfolio,Hold,0.0303,0.0189,0.0189,0.8178,0.0177,0.0181,0.0188,0.0203,0.0198,0.0194
2022-07-18,model_Portfolio,Hold,0.0298,0.0187,0.0188,0.819,0.0181,0.018,0.0187,0.0198,0.0196,0.0195
2022-07-19,model_Portfolio,Hold,0.0295,0.0188,0.0184,0.8202,0.0183,0.0178,0.0186,0.0199,0.0194,0.0191
2022-07-20,model_Portfolio,Hold,0.0282,0.0183,0.0177,0.8257,0.0181,0.0174,0.0182,0.0193,0.0189,0.0183
2022-07-21,model_Portfolio,Hold,0.0284,0.0185,0.0176,0.827,0.017,0.0174,0.018,0.0191,0.0188,0.0182
2022-07-22,model_Portfolio,Hold,0.0285,0.0188,0.018,0.8256,0.0168,0.0177,0.0186,0.0183,0.0191,0.0186
2022-07-25,model_Portfolio,Hold,0.0285,0.019,0.0184,0.8229,0.018,0.0178,0.0187,0.0184,0.0192,0.0191
2022-07-26,model_Portfolio,Hold,0.0299,0.0196,0.019,0.8142,0.0185,0.0186,0.0203,0.0187,0.0211,0.0201
2022-07-27,model_Portfolio,Hold,0.0288,0.0195,0.0183,0.8192,0.0183,0.018,0.0196,0.0193,0.0199,0.0191
2022-07-28,model_Portfolio,Hold,0.0286,0.0197,0.0182,0.8189,0.0184,0.0182,0.02,0.0192,0.0198,0.0189
2022-07-29,model_Portfolio,Hold,0.0259,0.0183,0.017,0.8314,0.0176,0.0171,0.0187,0.018,0.0186,0.0173
2022-08-01,model_Portfolio,Hold,0.0261,0.0181,0.0168,0.8327,0.017,0.017,0.0185,0.0178,0.0186,0.0174
2022-08-02,model_Portfolio,Hold,0.0261,0.0182,0.0176,0.8321,0.0172,0.0169,0.0181,0.018,0.0186,0.0174
2022-08-03,model_Portfolio,Hold,0.0254,0.0179,0.0171,0.8368,0.0159,0.0164,0.0175,0.0178,0.0182,0.017
2022-08-04,model_Portfolio,Hold,0.025,0.0177,0.0168,0.8397,0.0139,0.0169,0.0172,0.0175,0.0184,0.0167
2022-08-05,model_Portfolio,Hold,0.0252,0.0178,0.017,0.8377,0.0145,0.0174,0.0174,0.0176,0.0185,0.0168
2022-08-08,model_Portfolio,Hold,0.0253,0.018,0.0172,0.8358,0.0149,0.0175,0.0178,0.0177,0.0188,0.017
2022-08-09,model_Portfolio,Hold,0.0253,0.0182,0.0176,0.8344,0.0152,0.0175,0.018,0.0178,0.0189,0.0172
2022-08-10,model_Portfolio,Hold,0.025,0.018,0.0174,0.8364,0.015,0.0174,0.0179,0.0177,0.0185,0.0168
2022-08-11,model_Portfolio,Hold,0.0253,0.018,0.0179,0.8336,0.0159,0.0175,0.0181,0.0177,0.0187,0.0172
2022-08-12,model_Portfolio,Hold,0.0251,0.018,0.0179,0.8344,0.0155,0.0176,0.0181,0.0178,0.0187,0.0168
2022-08-15,model_Portfolio,Hold,0.0252,0.0181,0.018,0.8342,0.0151,0.0178,0.0181,0.0179,0.0186,0.0169
2022-08-16,model_Portfolio,Hold,0.025,0.0179,0.0178,0.8358,0.0148,0.0176,0.0181,0.0177,0.0183,0.0169
2022-08-17,model_Portfolio,Hold,0.0251,0.0181,0.0181,0.8345,0.0152,0.0176,0.0184,0.0177,0.0183,0.0171
2022-08-18,model_Portfolio,Hold,0.0249,0.0181,0.0182,0.8339,0.0165,0.0175,0.0178,0.0177,0.0181,0.0171
2022-08-19,model_Portfolio,Hold,0.0256,0.0184,0.0185,0.8313,0.0167,0.0177,0.018,0.0177,0.0186,0.0175
2022-08-22,model_Portfolio,Hold,0.0258,0.0187,0.0186,0.8282,0.0176,0.0181,0.0182,0.0179,0.0188,0.0181
2022-08-23,model_Portfolio,Hold,0.0254,0.0184,0.0185,0.8285,0.0185,0.0181,0.0179,0.0178,0.0187,0.0181
2022-08-24,model_Portfolio,Hold,0.0252,0.0184,0.0185,0.828,0.0192,0.0181,0.0181,0.0177,0.0186,0.0182
2022-08-25,model_Portfolio,Hold,0.0248,0.0181,0.0183,0.83,0.0188,0.018,0.0179,0.0177,0.0184,0.018
2022-08-26,model_Portfolio,Hold,0.025,0.0183,0.0187,0.8279,0.0196,0.0185,0.0183,0.0176,0.0174,0.0186
2022-08-29,model_Portfolio,Hold,0.0251,0.0182,0.0188,0.8274,0.0203,0.0185,0.0182,0.0176,0.0172,0.0187
2022-08-30,model_Portfolio,Hold,0.0254,0.0182,0.0188,0.8282,0.0195,0.0184,0.0181,0.0176,0.0171,0.0186
2022-08-31,model_Portfolio,Hold,0.0259,0.0182,0.0188,0.8268,0.0196,0.0184,0.0183,0.0178,0.0173,0.0189
2022-09-01,model_Portfolio,Hold,0.0263,0.0181,0.0187,0.8278,0.0189,0.0181,0.018,0.0179,0.0174,0.0189
2022-09-02,model_Portfolio,Hold,0.0258,0.0179,0.0187,0.8291,0.0194,0.0179,0.0179,0.0176,0.0169,0.0188
2022-09-06,model_Portfolio,Hold,0.0261,0.018,0.019,0.8285,0.0191,0.018,0.0184,0.0177,0.0163,0.0188
2022-09-07,model_Portfolio,Hold,0.026,0.0178,0.0189,0.8303,0.0181,0.0182,0.0181,0.0177,0.0165,0.0185
2022-09-08,model_Portfolio,Hold,0.0265,0.0178,0.0191,0.8297,0.0182,0.0181,0.0184,0.0174,0.0163,0.0185
2022-09-09,model_Portfolio,Hold,0.0262,0.0175,0.0187,0.8312,0.0183,0.0179,0.0181,0.0174,0.0164,0.0182
2022-09-12,model_Portfolio,Hold,0.0258,0.0174,0.0185,0.8327,0.0188,0.0179,0.0179,0.017,0.0162,0.0177
2022-09-13,model_Portfolio,Hold,0.0267,0.0178,0.0193,0.8277,0.0196,0.0186,0.0184,0.0171,0.0168,0.018
2022-09-14,model_Portfolio,Hold,0.0264,0.0174,0.0188,0.8294,0.0207,0.0184,0.018,0.017,0.0162,0.0177
2022-09-15,model_Portfolio,Hold,0.0267,0.0174,0.019,0.8284,0.0209,0.0182,0.0181,0.017,0.0163,0.0181
2022-09-16,model_Portfolio,Hold,0.0269,0.0177,0.0193,0.8259,0.0208,0.0185,0.0184,0.0173,0.0166,0.0185
2022-09-19,model_Portfolio,Hold,0.0267,0.0177,0.0194,0.8267,0.0206,0.0185,0.0181,0.0172,0.0165,0.0187
2022-09-20,model_Portfolio,Hold,0.0268,0.0177,0.0199,0.8257,0.0206,0.0185,0.0179,0.0172,0.0168,0.019
2022-09-21,model_Portfolio,Hold,0.0271,0.0179,0.0202,0.8237,0.0206,0.0187,0.018,0.0174,0.017,0.0196
2022-09-22,model_Portfolio,Hold,0.0274,0.0178,0.02,0.8231,0.02,0.0187,0.0183,0.0177,0.0171,0.0199
2022-09-23,model_Portfolio,Hold,0.0281,0.0182,0.0203,0.822,0.0183,0.0191,0.0189,0.018,0.0174,0.0198
2022-09-26,model_Portfolio,Hold,0.0277,0.0179,0.0198,0.8257,0.0176,0.0185,0.0183,0.0177,0.0173,0.0195
2022-09-27,model_Portfolio,Hold,0.0275,0.0179,0.0198,0.8256,0.0182,0.0186,0.0182,0.0177,0.0173,0.0193
2022-09-28,model_Portfolio,Hold,0.0268,0.0178,0.0195,0.827,0.0187,0.0184,0.0181,0.0176,0.0171,0.019
2022-09-29,model_Portfolio,Hold,0.0273,0.018,0.0197,0.8245,0.0193,0.0186,0.0184,0.0176,0.0172,0.0194
2022-09-30,model_Portfolio,Hold,0.0273,0.0182,0.0199,0.8236,0.0192,0.0191,0.0189,0.0175,0.0172,0.0193
2022-10-03,model_Portfolio,Rebalance,0.0554,0.0734,0.1626,0.0282,0.2019,0.0711,0.0982,0.0265,0.1226,0.1601
2022-10-04,model_Portfolio,Hold,0.0555,0.0735,0.1631,0.0285,0.2051,0.0716,0.096,0.0264,0.1212,0.1591
2022-10-05,model_Portfolio,Hold,0.0555,0.0733,0.1617,0.0283,0.2116,0.0699,0.093,0.0263,0.1203,0.1602
2022-10-06,model_Portfolio,Hold,0.055,0.0721,0.1605,0.0282,0.2206,0.0688,0.0917,0.0263,0.1162,0.1607
2022-10-07,model_Portfolio,Hold,0.0556,0.0706,0.1592,0.0273,0.226,0.0679,0.0902,0.026,0.1144,0.1627
2022-10-10,model_Portfolio,Hold,0.0556,0.0705,0.161,0.0273,0.2201,0.0685,0.089,0.0259,0.116,0.1661
2022-10-11,model_Portfolio,Hold,0.0559,0.0692,0.1612,0.0269,0.2164,0.0681,0.0905,0.0258,0.1164,0.1695
2022-10-12,model_Portfolio,Hold,0.0551,0.0688,0.1595,0.0271,0.2182,0.0677,0.0897,0.0259,0.1167,0.1713
2022-10-13,model_Portfolio,Hold,0.055,0.0688,0.1611,0.0263,0.2176,0.0682,0.0882,0.0255,0.1188,0.1706
2022-10-14,model_Portfolio,Hold,0.0554,0.0691,0.1632,0.0255,0.2123,0.0682,0.0881,0.0255,0.1209,0.1719
2022-10-17,model_Portfolio,Hold,0.0563,0.071,0.163,0.0269,0.2111,0.0689,0.089,0.0261,0.1199,0.1679
2022-10-18,model_Portfolio,Hold,0.0567,0.071,0.1635,0.0273,0.2083,0.0699,0.0881,0.0261,0.1214,0.1675
2022-10-19,model_Portfolio,Hold,0.0529,0.0709,0.163,0.027,0.2189,0.0695,0.0859,0.0258,0.1193,0.1668
2022-10-20,model_Portfolio,Hold,0.052,0.0712,0.1624,0.0274,0.2209,0.0695,0.0861,0.0262,0.1197,0.1647
2022-10-21,model_Portfolio,Hold,0.0505,0.0713,0.1629,0.0276,0.2237,0.0685,0.0856,0.0258,0.1203,0.1637
2022-10-24,model_Portfolio,Hold,0.0515,0.0717,0.1629,0.0273,0.2232,0.0682,0.0848,0.0258,0.1201,0.1646
2022-10-25,model_Portfolio,Hold,0.0504,0.0719,0.1602,0.027,0.2266,0.0691,0.088,0.0258,0.1181,0.1629
2022-10-26,model_Portfolio,Hold,0.0503,0.0712,0.1591,0.0257,0.2293,0.0687,0.0873,0.0233,0.1214,0.1638
2022-10-27,model_Portfolio,Hold,0.0498,0.0713,0.1618,0.0248,0.2287,0.0683,0.089,0.0227,0.1222,0.1615
2022-10-28,model_Portfolio,Hold,0.0502,0.0723,0.1643,0.0227,0.2234,0.0685,0.0897,0.0233,0.1238,0.1618
2022-10-31,model_Portfolio,Hold,0.0501,0.0715,0.1657,0.0225,0.2242,0.0677,0.0897,0.023,0.1234,0.1622
2022-11-01,model_Portfolio,Hold,0.0502,0.0707,0.1696,0.0212,0.2253,0.068,0.0892,0.0219,0.1226,0.1613
2022-11-02,model_Portfolio,Hold,0.0507,0.0701,0.1733,0.0207,0.2228,0.0677,0.0898,0.0216,0.123,0.1605
2022-11-03,model_Portfolio,Hold,0.0492,0.0652,0.1692,0.0198,0.235,0.0719,0.089,0.0204,0.1215,0.1586
2022-11-04,model_Portfolio,Hold,0.0489,0.0648,0.1683,0.0197,0.2379,0.0735,0.0887,0.0207,0.1206,0.157
2022-11-07,model_Portfolio,Hold,0.0491,0.0661,0.1684,0.0194,0.2381,0.0732,0.0885,0.021,0.1193,0.1569
2022-11-08,model_Portfolio,Hold,0.0492,0.0662,0.1688,0.0193,0.236,0.0746,0.0877,0.0211,0.12,0.157
2022-11-09,model_Portfolio,Hold,0.0505,0.0673,0.1722,0.019,0.2251,0.0759,0.0883,0.0213,0.1217,0.1588
2022-11-10,model_Portfolio,Hold,0.051,0.07,0.1722,0.0206,0.2242,0.0757,0.0917,0.0221,0.1225,0.1499
2022-11-11,model_Portfolio,Hold,0.0503,0.0698,0.1707,0.0212,0.2295,0.0744,0.089,0.0224,0.1245,0.1484
2022-11-14,model_Portfolio,Hold,0.0501,0.0707,0.1697,0.021,0.226,0.0773,0.0883,0.0226,0.1247,0.1495
2022-11-15,model_Portfolio,Hold,0.0499,0.0704,0.1717,0.0208,0.231,0.076,0.0883,0.0228,0.1229,0.1461
2022-11-16,model_Portfolio,Hold,0.0506,0.0709,0.1749,0.0206,0.2257,0.077,0.0878,0.0232,0.1219,0.1474
2022-11-17,model_Portfolio,Hold,0.0504,0.0702,0.1753,0.0203,0.2246,0.0769,0.0882,0.0232,0.1224,0.1485
2022-11-18,model_Portfolio,Hold,0.0509,0.0699,0.1758,0.0201,0.2213,0.0776,0.0898,0.0229,0.1218,0.15
2022-11-21,model_Portfolio,Hold,0.051,0.0702,0.1772,0.0197,0.2166,0.0777,0.0897,0.0225,0.1229,0.1523
2022-11-22,model_Portfolio,Hold,0.0503,0.07,0.1747,0.0194,0.2234,0.0792,0.0894,0.0224,0.121,0.1501
2022-11-23,model_Portfolio,Hold,0.0512,0.0707,0.1756,0.0197,0.2198,0.0794,0.0893,0.0228,0.121,0.1504
2022-11-25,model_Portfolio,Hold,0.0515,0.071,0.1765,0.0196,0.2178,0.0797,0.0905,0.0225,0.1218,0.1491
2022-11-28,model_Portfolio,Hold,0.0518,0.0711,0.1764,0.0201,0.2152,0.0799,0.0893,0.0227,0.1201,0.1536
2022-11-29,model_Portfolio,Hold,0.051,0.0696,0.1741,0.0195,0.2205,0.0784,0.0904,0.0222,0.1201,0.1541
2022-11-30,model_Portfolio,Hold,0.0514,0.0716,0.1738,0.0201,0.2181,0.0791,0.0907,0.0232,0.118,0.1541
2022-12-01,model_Portfolio,Hold,0.0515,0.0719,0.1735,0.0198,0.2172,0.0795,0.0901,0.0231,0.1179,0.1553
2022-12-02,model_Portfolio,Hold,0.0513,0.0709,0.1736,0.0194,0.2178,0.0807,0.0887,0.0229,0.1181,0.1565
2022-12-05,model_Portfolio,Hold,0.051,0.0705,0.1739,0.0192,0.2156,0.0814,0.0889,0.0231,0.1183,0.1582
2022-12-06,model_Portfolio,Hold,0.0512,0.0701,0.1773,0.0189,0.2108,0.0822,0.0881,0.023,0.1205,0.1578
2022-12-07,model_Portfolio,Hold,0.0516,0.0702,0.1772,0.0189,0.2094,0.0829,0.0874,0.0224,0.1219,0.158
2022-12-08,model_Portfolio,Hold,0.0526,0.0716,0.175,0.0193,0.205,0.084,0.0892,0.0221,0.1215,0.1596
2022-12-09,model_Portfolio,Hold,0.0533,0.0712,0.1755,0.0192,0.2023,0.0833,0.0903,0.0221,0.1223,0.1604
2022-12-12,model_Portfolio,Hold,0.0534,0.0709,0.1745,0.0192,0.2084,0.0831,0.0892,0.0218,0.1212,0.1584
2022-12-13,model_Portfolio,Hold,0.0536,0.0706,0.1716,0.0193,0.2144,0.0834,0.0895,0.0221,0.1199,0.1557
2022-12-14,model_Portfolio,Hold,0.0538,0.0701,0.1719,0.0192,0.212,0.0838,0.0901,0.022,0.1194,0.1576
2022-12-15,model_Portfolio,Hold,0.0533,0.0687,0.1721,0.0189,0.2154,0.0829,0.09,0.0214,0.1178,0.1596
2022-12-16,model_Portfolio,Hold,0.0534,0.0657,0.1743,0.0191,0.2131,0.0844,0.0883,0.0216,0.1191,0.161
2022-12-19,model_Portfolio,Hold,0.0535,0.0638,0.1749,0.0185,0.2143,0.0841,0.0882,0.0213,0.1202,0.1612
2022-12-20,model_Portfolio,Hold,0.0531,0.065,0.1781,0.0185,0.2143,0.0832,0.0881,0.0213,0.1181,0.1603
2022-12-21,model_Portfolio,Hold,0.0528,0.0653,0.1763,0.0184,0.2218,0.0819,0.0874,0.021,0.1181,0.1572
2022-12-22,model_Portfolio,Hold,0.0535,0.0653,0.1776,0.018,0.2156,0.0826,0.0882,0.0209,0.118,0.1602
2022-12-23,model_Portfolio,Hold,0.0527,0.0645,0.1768,0.0181,0.2243,0.0812,0.0875,0.0209,0.1148,0.1592
2022-12-27,model_Portfolio,Hold,0.0528,0.0642,0.1775,0.0175,0.2256,0.081,0.0868,0.0204,0.1145,0.1596
2022-12-28,model_Portfolio,Hold,0.0536,0.065,0.1795,0.0177,0.2186,0.0821,0.0869,0.0205,0.1152,0.1609
2022-12-29,model_Portfolio,Hold,0.0541,0.0655,0.1787,0.0179,0.2192,0.0815,0.0875,0.0208,0.1159,0.1589
2022-12-30,model_Portfolio,Hold,0.0538,0.065,0.1781,0.0179,0.2226,0.081,0.0877,0.0207,0.1151,0.1581
2023-01-03,model_Portfolio,Rebalance,0.0795,0.0861,0.1364,0.0316,0.131,0.0771,0.1512,0.0431,0.1226,0.1414
2023-01-04,model_Portfolio,Hold,0.0806,0.0857,0.1369,0.0313,0.1264,0.0769,0.1538,0.0425,0.1251,0.1408
2023-01-05,model_Portfolio,Hold,0.0814,0.0848,0.1379,0.0309,0.127,0.0768,0.1518,0.0422,0.1246,0.1426
2023-01-06,model_Portfolio,Hold,0.0803,0.0845,0.1387,0.0312,0.127,0.0768,0.1526,0.0416,0.1251,0.1422
2023-01-09,model_Portfolio,Hold,0.0804,0.0862,0.1346,0.0318,0.1288,0.0774,0.152,0.0421,0.1255,0.1412
2023-01-10,model_Portfolio,Hold,0.0812,0.086,0.1348,0.0325,0.1276,0.0772,0.1522,0.042,0.1261,0.1403
2023-01-11,model_Portfolio,Hold,0.0796,0.0872,0.1329,0.0339,0.1276,0.0762,0.1563,0.0429,0.1254,0.138
2023-01-12,model_Portfolio,Hold,0.0783,0.0876,0.1321,0.0338,0.1315,0.0753,0.1578,0.0425,0.125,0.1361
2023-01-13,model_Portfolio,Hold,0.0794,0.0866,0.1333,0.0347,0.1308,0.0752,0.1567,0.0428,0.1245,0.136
2023-01-17,model_Portfolio,Hold,0.0799,0.0881,0.1334,0.0341,0.1311,0.0744,0.1583,0.0427,0.1225,0.1355
2023-01-18,model_Portfolio,Hold,0.0799,0.0874,0.1347,0.0345,0.1301,0.0748,0.16,0.0433,0.1208,0.1344
2023-01-19,model_Portfolio,Hold,0.0805,0.0862,0.133,0.034,0.134,0.0744,0.1598,0.0444,0.1171,0.1366
2023-01-20,model_Portfolio,Hold,0.08,0.0872,0.1317,0.0348,0.1325,0.0744,0.1602,0.0461,0.1175,0.1357
2023-01-23,model_Portfolio,Hold,0.0802,0.0862,0.1316,0.0346,0.1322,0.0749,0.161,0.0466,0.1185,0.1343
2023-01-24,model_Portfolio,Hold,0.0801,0.0859,0.1355,0.0346,0.13,0.0769,0.1625,0.0461,0.1125,0.1358
2023-01-25,model_Portfolio,Hold,0.0795,0.0858,0.1368,0.0351,0.1308,0.077,0.1615,0.0452,0.1111,0.1371
2023-01-26,model_Portfolio,Hold,0.079,0.0856,0.1358,0.0356,0.1338,0.0777,0.161,0.046,0.111,0.1343
2023-01-27,model_Portfolio,Hold,0.0777,0.086,0.1347,0.0365,0.1339,0.0766,0.1634,0.0466,0.1119,0.1329
2023-01-30,model_Portfolio,Hold,0.0785,0.0861,0.1366,0.0363,0.1309,0.0774,0.162,0.046,0.1106,0.1356
2023-01-31,model_Portfolio,Hold,0.0779,0.0863,0.1355,0.0367,0.1295,0.0779,0.1631,0.0462,0.1115,0.1353
2023-02-01,model_Portfolio,Hold,0.078,0.0868,0.1336,0.037,0.1254,0.0765,0.1639,0.0465,0.111,0.1413
2023-02-02,model_Portfolio,Hold,0.078,0.0897,0.1252,0.0396,0.122,0.0708,0.1709,0.0497,0.1149,0.1391
2023-02-03,model_Portfolio,Hold,0.0789,0.0896,0.128,0.0368,0.123,0.0694,0.1704,0.0491,0.1139,0.141
2023-02-06,model_Portfolio,Hold,0.0785,0.0885,0.129,0.0366,0.1235,0.0692,0.1707,0.0484,0.1135,0.1419
2023-02-07,model_Portfolio,Hold,0.0787,0.0888,0.1286,0.0362,0.1273,0.0691,0.1687,0.0502,0.1129,0.1395
2023-02-08,model_Portfolio,Hold,0.0785,0.0889,0.1312,0.036,0.1243,0.0705,0.1699,0.0469,0.1127,0.1411
2023-02-09,model_Portfolio,Hold,0.0779,0.0902,0.1313,0.0357,0.1227,0.0713,0.1713,0.0454,0.1118,0.1423
2023-02-10,model_Portfolio,Hold,0.0771,0.0888,0.1302,0.0351,0.1286,0.0707,0.1699,0.0447,0.1115,0.1434
2023-02-13,model_Portfolio,Hold,0.0769,0.0896,0.1316,0.0356,0.1248,0.0701,0.1703,0.0445,0.1122,0.1445
2023-02-14,model_Portfolio,Hold,0.0768,0.0894,0.1303,0.036,0.126,0.0695,0.17,0.045,0.1123,0.1446
2023-02-15,model_Portfolio,Hold,0.0767,0.0902,0.1302,0.0365,0.1224,0.0701,0.1701,0.046,0.1127,0.1451
2023-02-16,model_Portfolio,Hold,0.077,0.0895,0.1319,0.0359,0.1207,0.0702,0.1691,0.046,0.1131,0.1465
2023-02-17,model_Portfolio,Hold,0.0778,0.0886,0.1331,0.0358,0.1151,0.0703,0.1695,0.0456,0.1147,0.1494
2023-02-21,model_Portfolio,Hold,0.0771,0.0879,0.1334,0.0355,0.1174,0.0712,0.1686,0.0453,0.1132,0.1504
2023-02-22,model_Portfolio,Hold,0.0766,0.0883,0.1342,0.0361,0.1171,0.0716,0.1674,0.0454,0.1132,0.1499
2023-02-23,model_Portfolio,Hold,0.0762,0.0884,0.1329,0.0359,0.1205,0.0717,0.1666,0.0448,0.1126,0.1504
2023-02-24,model_Portfolio,Hold,0.0754,0.0877,0.1353,0.0354,0.1219,0.0727,0.1638,0.0444,0.1126,0.1508
2023-02-27,model_Portfolio,Hold,0.0749,0.0878,0.1348,0.0356,0.1221,0.0739,0.1638,0.0448,0.1132,0.149
2023-02-28,model_Portfolio,Hold,0.0767,0.0879,0.1352,0.0359,0.12,0.0744,0.1626,0.0451,0.1131,0.1492
2023-03-01,model_Portfolio,Hold,0.0763,0.0875,0.1356,0.0352,0.1243,0.0752,0.1556,0.0454,0.1161,0.1488
2023-03-02,model_Portfolio,Hold,0.0772,0.0876,0.1337,0.035,0.1256,0.0758,0.155,0.0459,0.1151,0.149
2023-03-03,model_Portfolio,Hold,0.0777,0.0878,0.1339,0.0356,0.1268,0.0756,0.1539,0.0462,0.1152,0.1474
2023-03-06,model_Portfolio,Hold,0.0766,0.0882,0.1337,0.0353,0.124,0.0753,0.1561,0.047,0.114,0.1498
2023-03-07,model_Portfolio,Hold,0.076,0.0881,0.1341,0.0359,0.1233,0.0764,0.1546,0.0474,0.1133,0.1508
2023-03-08,model_Portfolio,Hold,0.0756,0.088,0.1323,0.0361,0.1213,0.0761,0.158,0.0476,0.1135,0.1517
2023-03-09,model_Portfolio,Hold,0.076,0.0885,0.1325,0.0362,0.1191,0.0761,0.1552,0.0476,0.1141,0.1547
2023-03-10,model_Portfolio,Hold,0.0773,0.0885,0.1343,0.0365,0.1188,0.0773,0.1455,0.0479,0.1155,0.1583
2023-03-13,model_Portfolio,Hold,0.079,0.0887,0.1315,0.0375,0.1151,0.0779,0.1459,0.0486,0.1159,0.16
2023-03-14,model_Portfolio,Hold,0.0787,0.0884,0.1325,0.0382,0.1152,0.0787,0.1453,0.0498,0.1142,0.159
2023-03-15,model_Portfolio,Hold,0.0793,0.0876,0.1306,0.0394,0.1077,0.0775,0.1481,0.0517,0.116,0.162
2023-03-16,model_Portfolio,Hold,0.0796,0.0892,0.1321,0.0406,0.1093,0.0775,0.1435,0.0535,0.1166,0.1581
2023-03-17,model_Portfolio,Hold,0.0794,0.0898,0.1319,0.0409,0.1076,0.0775,0.1423,0.0552,0.1173,0.158
2023-03-20,model_Portfolio,Hold,0.0788,0.0893,0.1343,0.0397,0.1098,0.0776,0.1413,0.0541,0.117,0.1581
2023-03-21,model_Portfolio,Hold,0.0779,0.0896,0.1348,0.0402,0.115,0.0762,0.1402,0.0551,0.115,0.1559
2023-03-22,model_Portfolio,Hold,0.0786,0.0902,0.1348,0.0404,0.1156,0.0771,0.1367,0.0557,0.1147,0.1562
2023-03-23,model_Portfolio,Hold,0.0789,0.0969,0.1337,0.0405,0.1146,0.0748,0.1357,0.0569,0.1143,0.1537
2023-03-24,model_Portfolio,Hold,0.0789,0.0961,0.1332,0.0399,0.1151,0.0743,0.1388,0.0563,0.1133,0.154
2023-03-27,model_Portfolio,Hold,0.079,0.0964,0.1331,0.0397,0.1176,0.0747,0.137,0.0545,0.1133,0.1546
2023-03-28,model_Portfolio,Hold,0.0777,0.0966,0.1338,0.0393,0.1191,0.0755,0.1365,0.0537,0.1134,0.1545
2023-03-29,model_Portfolio,Hold,0.0778,0.097,0.1335,0.0399,0.1175,0.0752,0.1397,0.0531,0.1134,0.1529
2023-03-30,model_Portfolio,Hold,0.078,0.0976,0.1331,0.0405,0.1154,0.0759,0.1418,0.0527,0.1126,0.1524
2023-03-31,model_Portfolio,Hold,0.0785,0.0973,0.1316,0.0404,0.1159,0.0773,0.1415,0.0534,0.1135,0.1506
2023-04-03,model_Portfolio,Rebalance,0.2247,0.075,0.1032,0.0434,0.1041,0.0616,0.1202,0.0258,0.1073,0.1348
2023-04-04,model_Portfolio,Hold,0.2287,0.0754,0.1026,0.0443,0.1017,0.0612,0.1205,0.0261,0.1055,0.134
2023-04-05,model_Portfolio,Hold,0.2317,0.0742,0.1034,0.0431,0.1014,0.0608,0.1201,0.026,0.1055,0.1338
2023-04-06,model_Portfolio,Hold,0.2326,0.0741,0.1032,0.0433,0.1013,0.0603,0.1205,0.0269,0.1044,0.1334
2023-04-10,model_Portfolio,Hold,0.2295,0.074,0.1037,0.0433,0.1039,0.0605,0.1199,0.0264,0.1055,0.1334
2023-04-11,model_Portfolio,Hold,0.2273,0.0748,0.1043,0.0421,0.1055,0.0605,0.1183,0.0259,0.1067,0.1345
2023-04-12,model_Portfolio,Hold,0.2269,0.0748,0.1053,0.0415,0.1053,0.0613,0.1175,0.0259,0.1071,0.1344
2023-04-13,model_Portfolio,Hold,0.2282,0.0745,0.1048,0.043,0.1065,0.0609,0.1145,0.0263,0.1079,0.1335
2023-04-14,model_Portfolio,Hold,0.2293,0.073,0.1048,0.0431,0.1074,0.0605,0.1136,0.0267,0.1076,0.1339
2023-04-17,model_Portfolio,Hold,0.2293,0.0728,0.1049,0.043,0.1035,0.0602,0.1179,0.0259,0.1081,0.1344
2023-04-18,model_Portfolio,Hold,0.2284,0.0728,0.1053,0.0428,0.1032,0.0605,0.1176,0.0255,0.1075,0.1364
2023-04-19,model_Portfolio,Hold,0.2414,0.0713,0.1033,0.0427,0.0996,0.0599,0.117,0.0249,0.1052,0.1346
2023-04-20,model_Portfolio,Hold,0.24,0.071,0.1038,0.043,0.0986,0.061,0.1171,0.0255,0.1051,0.1349
2023-04-21,model_Portfolio,Hold,0.2422,0.071,0.1027,0.0442,0.0971,0.0604,0.1173,0.0255,0.1046,0.135
2023-04-24,model_Portfolio,Hold,0.2391,0.0712,0.1027,0.0439,0.0986,0.0609,0.1168,0.0256,0.105,0.1363
2023-04-25,model_Portfolio,Hold,0.2413,0.0704,0.1036,0.0429,0.0957,0.061,0.115,0.0254,0.1057,0.139
2023-04-26,model_Portfolio,Hold,0.2406,0.0711,0.1039,0.0443,0.0941,0.0606,0.1155,0.0255,0.1051,0.1393
2023-04-27,model_Portfolio,Hold,0.2373,0.0708,0.1081,0.0454,0.0929,0.0606,0.1156,0.026,0.1054,0.1379
2023-04-28,model_Portfolio,Hold,0.2373,0.0714,0.1077,0.0432,0.0952,0.0607,0.116,0.0257,0.1053,0.1376
2023-05-01,model_Portfolio,Hold,0.2389,0.0712,0.1086,0.0418,0.0954,0.0611,0.1139,0.0257,0.105,0.1385
2023-05-02,model_Portfolio,Hold,0.2437,0.0717,0.1077,0.0432,0.0903,0.0613,0.1136,0.0256,0.1039,0.139
2023-05-03,model_Portfolio,Hold,0.2448,0.0714,0.1059,0.0433,0.09,0.0618,0.1157,0.0257,0.104,0.1374
2023-05-04,model_Portfolio,Hold,0.246,0.0701,0.1064,0.044,0.0861,0.062,0.1173,0.0259,0.1043,0.138
2023-05-05,model_Portfolio,Hold,0.244,0.0691,0.1064,0.0442,0.0876,0.0624,0.1179,0.0258,0.1046,0.1381
2023-05-08,model_Portfolio,Hold,0.2441,0.0691,0.1069,0.0444,0.0875,0.0624,0.1171,0.0264,0.1039,0.1383
2023-05-09,model_Portfolio,Hold,0.2446,0.0693,0.1074,0.0451,0.0885,0.0596,0.1169,0.0265,0.1032,0.1389
2023-05-10,model_Portfolio,Hold,0.2449,0.0705,0.106,0.0465,0.0873,0.0596,0.1176,0.0275,0.103,0.137
2023-05-11,model_Portfolio,Hold,0.2439,0.0715,0.1061,0.0474,0.0881,0.0588,0.116,0.0288,0.1031,0.1364
2023-05-12,model_Portfolio,Hold,0.245,0.0728,0.1052,0.0466,0.0879,0.0591,0.1152,0.029,0.1026,0.1365
2023-05-15,model_Portfolio,Hold,0.2435,0.0729,0.1052,0.047,0.0878,0.0594,0.1164,0.0288,0.1028,0.1362
2023-05-16,model_Portfolio,Hold,0.2452,0.0742,0.1055,0.0485,0.0853,0.0593,0.1145,0.0298,0.1014,0.1363
2023-05-17,model_Portfolio,Hold,0.2415,0.0749,0.1061,0.0489,0.0869,0.0588,0.1148,0.0299,0.1026,0.1357
2023-05-18,model_Portfolio,Hold,0.2405,0.0755,0.1072,0.0499,0.0872,0.0586,0.1127,0.0303,0.1035,0.1347
2023-05-19,model_Portfolio,Hold,0.2409,0.076,0.1069,0.049,0.0888,0.0592,0.1113,0.0302,0.1026,0.1351
2023-05-22,model_Portfolio,Hold,0.2391,0.0762,0.1063,0.0484,0.0889,0.0583,0.113,0.0308,0.1053,0.1338
2023-05-23,model_Portfolio,Hold,0.2355,0.076,0.1062,0.0488,0.0908,0.058,0.1143,0.0304,0.1051,0.1349
2023-05-24,model_Portfolio,Hold,0.2346,0.0767,0.1052,0.0502,0.0932,0.0586,0.1121,0.0304,0.1025,0.1367
2023-05-25,model_Portfolio,Hold,0.2325,0.0787,0.1063,0.0499,0.0911,0.0594,0.1101,0.0313,0.1035,0.1371
2023-05-26,model_Portfolio,Hold,0.2323,0.0813,0.1052,0.0517,0.0907,0.0593,0.1097,0.0313,0.1026,0.1358
2023-05-30,model_Portfolio,Hold,0.2306,0.0829,0.1069,0.0526,0.0879,0.0596,0.1109,0.0312,0.102,0.1355
2023-05-31,model_Portfolio,Hold,0.2327,0.0827,0.1058,0.0524,0.0872,0.0589,0.1125,0.0312,0.0997,0.1367
2023-06-01,model_Portfolio,Hold,0.2333,0.0821,0.106,0.0531,0.0874,0.0594,0.1108,0.0313,0.1002,0.1364
2023-06-02,model_Portfolio,Hold,0.2297,0.0814,0.1061,0.0522,0.0893,0.0594,0.1106,0.0306,0.1059,0.1348
2023-06-05,model_Portfolio,Hold,0.231,0.0803,0.108,0.0532,0.0885,0.0598,0.1117,0.0312,0.1022,0.134
2023-06-06,model_Portfolio,Hold,0.2276,0.081,0.1085,0.0535,0.0889,0.0593,0.114,0.0314,0.1022,0.1336
2023-06-07,model_Portfolio,Hold,0.2238,0.0812,0.1088,0.0509,0.0911,0.0596,0.1166,0.03,0.1042,0.1339
2023-06-08,model_Portfolio,Hold,0.2227,0.0805,0.1089,0.0523,0.0903,0.0601,0.1158,0.03,0.1043,0.1351
2023-06-09,model_Portfolio,Hold,0.2248,0.0809,0.1102,0.052,0.0888,0.0591,0.1159,0.0301,0.1035,0.1348
2023-06-12,model_Portfolio,Hold,0.2234,0.0814,0.1094,0.0532,0.0876,0.059,0.1159,0.0303,0.1045,0.1353
2023-06-13,model_Portfolio,Hold,0.2224,0.0816,0.1095,0.0527,0.0885,0.0597,0.1159,0.0301,0.1051,0.1347
2023-06-14,model_Portfolio,Hold,0.2256,0.0816,0.1086,0.0527,0.0884,0.0605,0.1158,0.0301,0.1044,0.1322
2023-06-15,model_Portfolio,Hold,0.2265,0.0828,0.1087,0.0523,0.0899,0.0602,0.1136,0.03,0.1049,0.1311
2023-06-16,model_Portfolio,Hold,0.2303,0.0821,0.1088,0.0519,0.0896,0.061,0.1088,0.0298,0.1062,0.1315
2023-06-20,model_Portfolio,Hold,0.2338,0.0824,0.1073,0.0525,0.0883,0.0608,0.1086,0.03,0.105,0.1311
2023-06-21,model_Portfolio,Hold,0.2333,0.0815,0.1071,0.0522,0.0903,0.0609,0.1081,0.0295,0.1044,0.1328
2023-06-22,model_Portfolio,Hold,0.2379,0.08,0.1072,0.0545,0.0877,0.0607,0.1059,0.0301,0.1034,0.1324
2023-06-23,model_Portfolio,Hold,0.2395,0.0784,0.1075,0.0546,0.0868,0.0609,0.1051,0.0302,0.1046,0.1325
2023-06-26,model_Portfolio,Hold,0.2385,0.0775,0.1073,0.0534,0.0873,0.0604,0.1094,0.029,0.1034,0.1339
2023-06-27,model_Portfolio,Hold,0.2366,0.0783,0.1086,0.0541,0.0865,0.0614,0.1106,0.0289,0.1011,0.134
2023-06-28,model_Portfolio,Hold,0.2365,0.0786,0.1086,0.0541,0.0877,0.0614,0.1075,0.0294,0.1015,0.1346
2023-06-29,model_Portfolio,Hold,0.2345,0.0796,0.1088,0.0531,0.0888,0.0616,0.1086,0.0289,0.1013,0.1348
2023-06-30,model_Portfolio,Hold,0.2353,0.0789,0.1088,0.0536,0.0887,0.0624,0.1077,0.0288,0.1012,0.1346
2023-07-03,model_Portfolio,Rebalance,0.02,0.02,0.02,0.8199,0.02,0.02,0.02,0.02,0.02,0.02
2023-07-05,model_Portfolio,Hold,0.0201,0.0199,0.0199,0.8206,0.0202,0.0194,0.0202,0.0203,0.0195,0.02
2023-07-06,model_Portfolio,Hold,0.0203,0.0201,0.0201,0.8194,0.02,0.0196,0.0204,0.0203,0.0193,0.0204
2023-07-07,model_Portfolio,Hold,0.02,0.0197,0.02,0.8206,0.0206,0.0194,0.0203,0.02,0.0193,0.0201
2023-07-10,model_Portfolio,Hold,0.0204,0.0203,0.0203,0.8181,0.0211,0.0199,0.0204,0.0198,0.0197,0.02
2023-07-11,model_Portfolio,Hold,0.0203,0.0201,0.0203,0.8172,0.0221,0.0196,0.0206,0.0197,0.0203,0.02
2023-07-12,model_Portfolio,Hold,0.0199,0.0201,0.0199,0.8188,0.0219,0.0197,0.0202,0.0197,0.02,0.0198
2023-07-13,model_Portfolio,Hold,0.0196,0.0197,0.0194,0.8207,0.022,0.0195,0.0199,0.0202,0.0198,0.0193
2023-07-14,model_Portfolio,Hold,0.0197,0.0197,0.0192,0.822,0.0209,0.0195,0.02,0.0203,0.0196,0.0192
2023-07-17,model_Portfolio,Hold,0.0196,0.0201,0.0196,0.8211,0.0208,0.0197,0.0198,0.0203,0.0196,0.0193
2023-07-18,model_Portfolio,Hold,0.0197,0.0204,0.0198,0.8194,0.0218,0.0197,0.0197,0.0202,0.02,0.0194
2023-07-19,model_Portfolio,Hold,0.0194,0.0198,0.0196,0.8219,0.0215,0.0194,0.0199,0.0196,0.0197,0.0191
2023-07-20,model_Portfolio,Hold,0.0209,0.0201,0.0205,0.8149,0.0224,0.0202,0.0208,0.0198,0.0205,0.0198
2023-07-21,model_Portfolio,Hold,0.0213,0.0202,0.0205,0.8137,0.0227,0.0203,0.0211,0.0199,0.0205,0.0197
2023-07-24,model_Portfolio,Hold,0.0216,0.0202,0.0207,0.8119,0.0232,0.0204,0.0212,0.0203,0.0207,0.0199
2023-07-25,model_Portfolio,Hold,0.0212,0.0204,0.0206,0.8109,0.0233,0.0205,0.0213,0.0203,0.0217,0.0197
2023-07-26,model_Portfolio,Hold,0.0214,0.0204,0.0208,0.8076,0.0237,0.0204,0.022,0.0216,0.0223,0.0199
2023-07-27,model_Portfolio,Hold,0.0212,0.0206,0.0206,0.8086,0.0234,0.0204,0.0217,0.0216,0.022,0.0199
2023-07-28,model_Portfolio,Hold,0.0207,0.0199,0.0201,0.8124,0.0232,0.0199,0.0213,0.0216,0.0216,0.0193
2023-07-31,model_Portfolio,Hold,0.0202,0.0197,0.0199,0.8142,0.0232,0.0199,0.021,0.0214,0.0213,0.0191
2023-08-01,model_Portfolio,Hold,0.0204,0.0203,0.0202,0.813,0.0233,0.02,0.0206,0.0215,0.0214,0.0193
2023-08-02,model_Portfolio,Hold,0.0205,0.0206,0.0218,0.8101,0.0231,0.0202,0.0211,0.0215,0.0216,0.0195
2023-08-03,model_Portfolio,Hold,0.0202,0.0204,0.0219,0.8109,0.0246,0.019,0.0211,0.0214,0.0212,0.0193
2023-08-04,model_Portfolio,Hold,0.019,0.0189,0.0205,0.8235,0.0232,0.0179,0.0195,0.02,0.0196,0.018
2023-08-07,model_Portfolio,Hold,0.0188,0.0188,0.0205,0.8245,0.0229,0.0178,0.0197,0.0202,0.0192,0.0177
2023-08-08,model_Portfolio,Hold,0.0185,0.019,0.0205,0.8228,0.0239,0.0178,0.0197,0.0205,0.0192,0.018
2023-08-09,model_Portfolio,Hold,0.0187,0.019,0.0204,0.821,0.0247,0.0182,0.02,0.0205,0.0194,0.0182
2023-08-10,model_Portfolio,Hold,0.0185,0.0189,0.0203,0.822,0.0246,0.0182,0.0198,0.0204,0.0194,0.018
2023-08-11,model_Portfolio,Hold,0.0186,0.0188,0.0205,0.8211,0.025,0.0183,0.0198,0.0204,0.0195,0.0179
2023-08-14,model_Portfolio,Hold,0.0185,0.0187,0.0203,0.8234,0.0246,0.0182,0.0192,0.0204,0.019,0.0176
2023-08-15,model_Portfolio,Hold,0.0187,0.0188,0.0205,0.8227,0.0246,0.0182,0.0191,0.0205,0.019,0.0178
2023-08-16,model_Portfolio,Hold,0.0189,0.0191,0.0208,0.8203,0.0249,0.0186,0.0194,0.0207,0.0192,0.018
2023-08-17,model_Portfolio,Hold,0.0191,0.0191,0.0209,0.8189,0.0253,0.0186,0.0194,0.021,0.0196,0.018
2023-08-18,model_Portfolio,Hold,0.019,0.0191,0.0208,0.8189,0.0255,0.0187,0.0194,0.0207,0.0196,0.0182
2023-08-21,model_Portfolio,Hold,0.0189,0.0191,0.0205,0.8207,0.0251,0.0186,0.0191,0.0207,0.0193,0.018
2023-08-22,model_Portfolio,Hold,0.0192,0.0193,0.0204,0.8206,0.0245,0.0186,0.0191,0.0209,0.0192,0.0181
2023-08-23,model_Portfolio,Hold,0.019,0.0196,0.0202,0.8206,0.0242,0.0185,0.0194,0.0212,0.0192,0.0181
2023-08-24,model_Portfolio,Hold,0.0192,0.02,0.021,0.8172,0.0246,0.019,0.0197,0.0213,0.0195,0.0186
2023-08-25,model_Portfolio,Hold,0.0191,0.0201,0.0208,0.8181,0.0246,0.0189,0.0194,0.0211,0.0194,0.0185
2023-08-28,model_Portfolio,Hold,0.0188,0.0202,0.0208,0.8167,0.0247,0.019,0.0194,0.0213,0.0204,0.0187
2023-08-29,model_Portfolio,Hold,0.0188,0.0201,0.0206,0.8169,0.0248,0.019,0.0194,0.0216,0.0204,0.0185
2023-08-30,model_Portfolio,Hold,0.0188,0.02,0.0206,0.8167,0.0248,0.0191,0.0195,0.0218,0.0201,0.0186
2023-08-31,model_Portfolio,Hold,0.0182,0.0197,0.0202,0.8199,0.0244,0.0188,0.0189,0.0214,0.0202,0.0182
2023-09-01,model_Portfolio,Hold,0.0182,0.0199,0.0202,0.8191,0.0251,0.0189,0.019,0.0213,0.0202,0.0181
2023-09-05,model_Portfolio,Hold,0.018,0.0199,0.0202,0.8189,0.0254,0.0187,0.019,0.0215,0.0203,0.0182
2023-09-06,model_Portfolio,Hold,0.0183,0.0202,0.0204,0.8175,0.0253,0.0189,0.0192,0.0215,0.0205,0.0182
2023-09-07,model_Portfolio,Hold,0.0179,0.02,0.0202,0.8202,0.0248,0.0186,0.019,0.0213,0.0201,0.018
2023-09-08,model_Portfolio,Hold,0.0178,0.0198,0.0202,0.8203,0.0247,0.0189,0.0187,0.0214,0.0201,0.0181
2023-09-11,model_Portfolio,Hold,0.0176,0.0193,0.0198,0.8251,0.0232,0.0187,0.0178,0.0209,0.0198,0.0177
2023-09-12,model_Portfolio,Hold,0.0178,0.0188,0.0202,0.8234,0.0242,0.0188,0.0178,0.0209,0.0199,0.0181
2023-09-13,model_Portfolio,Hold,0.0175,0.0184,0.0199,0.8288,0.0226,0.0185,0.0174,0.0207,0.0184,0.0177
2023-09-14,model_Portfolio,Hold,0.0175,0.0185,0.0201,0.8269,0.0231,0.0187,0.0179,0.0209,0.0186,0.0178
2023-09-15,model_Portfolio,Hold,0.0178,0.0188,0.0204,0.824,0.0234,0.019,0.0183,0.0214,0.0189,0.0181
2023-09-18,model_Portfolio,Hold,0.0177,0.019,0.0206,0.8236,0.0236,0.0188,0.0181,0.0215,0.019,0.018
2023-09-19,model_Portfolio,Hold,0.0179,0.0194,0.021,0.8216,0.0236,0.0191,0.0183,0.0218,0.0191,0.0182
2023-09-20,model_Portfolio,Hold,0.0181,0.0197,0.0213,0.8205,0.0235,0.0191,0.0186,0.0215,0.0191,0.0185
2023-09-21,model_Portfolio,Hold,0.0187,0.0202,0.0219,0.8175,0.0238,0.0194,0.0178,0.0218,0.0197,0.0192
2023-09-22,model_Portfolio,Hold,0.0185,0.0205,0.022,0.8177,0.0239,0.0194,0.0176,0.0218,0.0196,0.019
2023-09-25,model_Portfolio,Hold,0.0182,0.0203,0.0218,0.8199,0.0241,0.0193,0.0173,0.0217,0.0189,0.0186
2023-09-26,model_Portfolio,Hold,0.0186,0.0206,0.0225,0.8155,0.0249,0.0198,0.0175,0.022,0.0194,0.0192
2023-09-27,model_Portfolio,Hold,0.0184,0.0208,0.0227,0.8144,0.0257,0.0197,0.0175,0.0223,0.0193,0.0192
2023-09-28,model_Portfolio,Hold,0.0189,0.0199,0.0228,0.814,0.0256,0.0198,0.0178,0.0226,0.0192,0.0193
2023-09-29,model_Portfolio,Hold,0.0186,0.0202,0.0224,0.8161,0.0248,0.0196,0.0178,0.0222,0.0192,0.0191
2023-10-02,model_Portfolio,Rebalance,0.1126,0.0737,0.1385,0.0267,0.1477,0.0722,0.0872,0.0267,0.158,0.1568
2023-10-03,model_Portfolio,Hold,0.1135,0.0738,0.1377,0.0259,0.1493,0.0735,0.087,0.0265,0.1566,0.1563
2023-10-04,model_Portfolio,Hold,0.1135,0.0746,0.139,0.0264,0.1433,0.0744,0.0877,0.0271,0.1555,0.1585
2023-10-05,model_Portfolio,Hold,0.1142,0.0747,0.1397,0.0262,0.1422,0.0731,0.0879,0.0271,0.1552,0.1598
2023-10-06,model_Portfolio,Hold,0.1144,0.0749,0.1411,0.0265,0.1409,0.073,0.0872,0.0274,0.1553,0.1593
2023-10-09,model_Portfolio,Hold,0.1127,0.0738,0.1402,0.0262,0.1449,0.0728,0.0884,0.0272,0.1544,0.1595
2023-10-10,model_Portfolio,Hold,0.1131,0.0736,0.1408,0.0263,0.1432,0.0734,0.088,0.027,0.1565,0.158
2023-10-11,model_Portfolio,Hold,0.1075,0.074,0.1427,0.0268,0.1435,0.0743,0.089,0.0276,0.1562,0.1584
2023-10-12,model_Portfolio,Hold,0.1064,0.0729,0.1443,0.0272,0.1462,0.0738,0.0871,0.0275,0.1555,0.159
2023-10-13,model_Portfolio,Hold,0.1063,0.0716,0.1437,0.0264,0.1524,0.073,0.0869,0.027,0.1535,0.1591
2023-10-16,model_Portfolio,Hold,0.1064,0.0715,0.1433,0.0266,0.1538,0.0725,0.0875,0.027,0.1536,0.1578
2023-10-17,model_Portfolio,Hold,0.1058,0.0718,0.1431,0.0263,0.1538,0.0731,0.0871,0.0269,0.1539,0.1581
2023-10-18,model_Portfolio,Hold,0.1104,0.0713,0.1422,0.0258,0.1569,0.0717,0.0847,0.0268,0.1512,0.1589
2023-10-19,model_Portfolio,Hold,0.1112,0.0716,0.1419,0.0261,0.1593,0.0715,0.0829,0.027,0.1501,0.1583
2023-10-20,model_Portfolio,Hold,0.1137,0.0708,0.1396,0.0256,0.1574,0.0716,0.0839,0.0268,0.1505,0.16
2023-10-23,model_Portfolio,Hold,0.1138,0.0711,0.1404,0.0262,0.1555,0.0714,0.0842,0.0272,0.1505,0.1596
2023-10-24,model_Portfolio,Hold,0.1113,0.0706,0.1399,0.0263,0.153,0.0712,0.0843,0.0274,0.1567,0.1593
2023-10-25,model_Portfolio,Hold,0.1109,0.0704,0.1421,0.0251,0.1545,0.0712,0.082,0.025,0.1569,0.1619
2023-10-26,model_Portfolio,Hold,0.1133,0.0715,0.1431,0.0251,0.1548,0.0732,0.0851,0.0248,0.1582,0.1509
2023-10-27,model_Portfolio,Hold,0.1128,0.0715,0.1423,0.027,0.1548,0.0734,0.0837,0.0249,0.1574,0.1522
2023-10-30,model_Portfolio,Hold,0.1116,0.0713,0.1423,0.0277,0.1513,0.0737,0.0839,0.0251,0.159,0.1541
2023-10-31,model_Portfolio,Hold,0.1127,0.0719,0.1426,0.0276,0.1504,0.0736,0.0834,0.0248,0.1604,0.1527
2023-11-01,model_Portfolio,Hold,0.1129,0.0725,0.1439,0.0284,0.1496,0.0737,0.083,0.0253,0.1594,0.1513
2023-11-02,model_Portfolio,Hold,0.1118,0.0728,0.1458,0.028,0.1469,0.0738,0.0857,0.0249,0.1592,0.1511
2023-11-03,model_Portfolio,Hold,0.1104,0.0733,0.1451,0.0278,0.1463,0.0739,0.0886,0.025,0.1601,0.1495
2023-11-06,model_Portfolio,Hold,0.1102,0.0737,0.1447,0.0282,0.1449,0.0739,0.0883,0.0254,0.1606,0.15
2023-11-07,model_Portfolio,Hold,0.1118,0.0754,0.1462,0.0293,0.1426,0.0656,0.0882,0.0259,0.1626,0.1523
2023-11-08,model_Portfolio,Hold,0.1124,0.0766,0.146,0.0294,0.1384,0.0675,0.0891,0.0263,0.1622,0.1522
2023-11-09,model_Portfolio,Hold,0.1119,0.0763,0.1483,0.0293,0.1382,0.0691,0.085,0.0262,0.1625,0.1531
2023-11-10,model_Portfolio,Hold,0.1114,0.077,0.148,0.0297,0.1391,0.0689,0.0852,0.0264,0.1629,0.1514
2023-11-13,model_Portfolio,Hold,0.1138,0.0761,0.1482,0.0295,0.1383,0.0689,0.0842,0.0264,0.163,0.1516
2023-11-14,model_Portfolio,Hold,0.1126,0.0755,0.1461,0.0295,0.1385,0.0681,0.0918,0.026,0.1631,0.1488
2023-11-15,model_Portfolio,Hold,0.1131,0.0762,0.1429,0.0288,0.1368,0.0691,0.0917,0.0261,0.1654,0.15
2023-11-16,model_Portfolio,Hold,0.1159,0.0768,0.1444,0.0288,0.1317,0.0692,0.0902,0.0266,0.1664,0.1501
2023-11-17,model_Portfolio,Hold,0.1147,0.0767,0.1451,0.0291,0.135,0.0681,0.0898,0.0262,0.1652,0.15
2023-11-20,model_Portfolio,Hold,0.1163,0.0772,0.1436,0.0293,0.135,0.0684,0.0902,0.0263,0.1641,0.1497
2023-11-21,model_Portfolio,Hold,0.1172,0.0771,0.1451,0.0288,0.1338,0.0696,0.0897,0.0265,0.1626,0.1496
2023-11-22,model_Portfolio,Hold,0.1173,0.0772,0.1449,0.0292,0.1326,0.0685,0.0898,0.0266,0.1638,0.15
2023-11-24,model_Portfolio,Hold,0.1169,0.0771,0.1452,0.0291,0.1332,0.0683,0.0898,0.0261,0.164,0.1504
2023-11-27,model_Portfolio,Hold,0.1169,0.0768,0.1454,0.0293,0.1314,0.0677,0.0898,0.0261,0.1662,0.1504
2023-11-28,model_Portfolio,Hold,0.1158,0.0766,0.1435,0.0291,0.1311,0.0666,0.0918,0.0261,0.168,0.1513
2023-11-29,model_Portfolio,Hold,0.1175,0.0767,0.1425,0.0289,0.1308,0.0661,0.0929,0.0257,0.1679,0.151
2023-11-30,model_Portfolio,Hold,0.1177,0.0763,0.1438,0.0287,0.1291,0.0668,0.0928,0.0251,0.1682,0.1514
2023-12-01,model_Portfolio,Hold,0.1168,0.0764,0.1417,0.0285,0.1281,0.0664,0.0989,0.0247,0.1672,0.1513
2023-12-04,model_Portfolio,Hold,0.1166,0.0757,0.1412,0.028,0.1262,0.0655,0.0999,0.0241,0.1725,0.1503
2023-12-05,model_Portfolio,Hold,0.1167,0.0763,0.1423,0.0286,0.1237,0.0641,0.1006,0.0246,0.1711,0.1519
2023-12-06,model_Portfolio,Hold,0.118,0.0766,0.1415,0.0283,0.1216,0.0643,0.103,0.0246,0.1738,0.1484
2023-12-07,model_Portfolio,Hold,0.1168,0.0764,0.1418,0.0287,0.1207,0.0644,0.1029,0.0258,0.1744,0.148
2023-12-08,model_Portfolio,Hold,0.1171,0.0767,0.1424,0.0288,0.1227,0.0645,0.1006,0.0254,0.1742,0.1476
2023-12-11,model_Portfolio,Hold,0.1185,0.0775,0.1427,0.0284,0.123,0.0646,0.1001,0.025,0.173,0.1473
2023-12-12,model_Portfolio,Hold,0.1192,0.0778,0.1451,0.0287,0.1213,0.0653,0.0982,0.0249,0.1723,0.1473
2023-12-13,model_Portfolio,Hold,0.118,0.0767,0.1423,0.0285,0.1218,0.0648,0.1038,0.0245,0.1723,0.1474
2023-12-14,model_Portfolio,Hold,0.118,0.0756,0.136,0.0279,0.1234,0.0644,0.1098,0.0241,0.1749,0.1459
2023-12-15,model_Portfolio,Hold,0.1175,0.0765,0.1359,0.0286,0.123,0.0649,0.1071,0.0244,0.1762,0.1458
2023-12-18,model_Portfolio,Hold,0.118,0.0758,0.1367,0.0293,0.1237,0.0648,0.1059,0.0249,0.1739,0.147
2023-12-19,model_Portfolio,Hold,0.1178,0.0753,0.1373,0.0291,0.1243,0.0648,0.1058,0.0249,0.1736,0.1471
2023-12-20,model_Portfolio,Hold,0.1188,0.0762,0.1374,0.0293,0.1248,0.0649,0.1051,0.0257,0.1724,0.1455
2023-12-21,model_Portfolio,Hold,0.1185,0.0773,0.1366,0.0293,0.1247,0.0649,0.1058,0.0258,0.1734,0.1437
2023-12-22,model_Portfolio,Hold,0.1187,0.0783,0.1365,0.0291,0.1244,0.065,0.1045,0.0259,0.1741,0.1435
2023-12-26,model_Portfolio,Hold,0.1178,0.0774,0.1357,0.0288,0.1278,0.0649,0.1046,0.0256,0.1753,0.142
2023-12-27,model_Portfolio,Hold,0.1183,0.0774,0.1359,0.0288,0.1272,0.065,0.1046,0.0254,0.1762,0.1413
2023-12-28,model_Portfolio,Hold,0.1191,0.077,0.1364,0.0288,0.1237,0.0647,0.1055,0.0254,0.1779,0.1415
2023-12-29,model_Portfolio,Hold,0.119,0.077,0.1373,0.0286,0.1232,0.0652,0.104,0.0254,0.1778,0.1424
2024-01-02,model_Portfolio,Rebalance,0.02,0.02,0.02,0.1657,0.02,0.02,0.02,0.6743,0.02,0.02
2024-01-03,model_Portfolio,Hold,0.0199,0.0195,0.02,0.164,0.0204,0.0198,0.0194,0.6776,0.0196,0.0199
2024-01-04,model_Portfolio,Hold,0.0206,0.0198,0.0201,0.1626,0.0192,0.0201,0.0198,0.6775,0.02,0.0203
2024-01-05,model_Portfolio,Hold,0.0206,0.0198,0.0203,0.1637,0.0194,0.0201,0.02,0.6756,0.0202,0.0204
2024-01-08,model_Portfolio,Hold,0.0205,0.0196,0.0199,0.1646,0.0187,0.0199,0.0201,0.6769,0.0198,0.0201
2024-01-09,model_Portfolio,Hold,0.0203,0.0195,0.0191,0.1652,0.018,0.0193,0.0196,0.6794,0.0196,0.0199
2024-01-10,model_Portfolio,Hold,0.0204,0.0195,0.0194,0.1663,0.0177,0.0191,0.0196,0.6795,0.0193,0.0193
2024-01-11,model_Portfolio,Hold,0.0203,0.0196,0.0194,0.1678,0.0176,0.0189,0.0191,0.6783,0.0194,0.0196
2024-01-12,model_Portfolio,Hold,0.0204,0.02,0.0194,0.1667,0.0176,0.0188,0.0191,0.6794,0.0192,0.0194
2024-01-16,model_Portfolio,Hold,0.0204,0.02,0.0194,0.1658,0.017,0.0186,0.0192,0.6811,0.0192,0.0193
2024-01-17,model_Portfolio,Hold,0.0206,0.0202,0.0196,0.1654,0.0168,0.0188,0.0188,0.6813,0.019,0.0193
2024-01-18,model_Portfolio,Hold,0.0204,0.0203,0.0196,0.1654,0.0166,0.0185,0.0184,0.6829,0.0189,0.019
2024-01-19,model_Portfolio,Hold,0.0201,0.0202,0.0195,0.1647,0.0163,0.0183,0.0183,0.6853,0.0188,0.0186
2024-01-22,model_Portfolio,Hold,0.0201,0.0204,0.0195,0.1644,0.0165,0.0183,0.0184,0.6848,0.0189,0.0187
2024-01-23,model_Portfolio,Hold,0.02,0.0205,0.0195,0.165,0.0165,0.0184,0.0181,0.6868,0.0167,0.0186
2024-01-24,model_Portfolio,Hold,0.0193,0.0203,0.0194,0.1647,0.0167,0.0179,0.0178,0.6896,0.0161,0.0183
2024-01-25,model_Portfolio,Hold,0.0192,0.0201,0.019,0.1628,0.0167,0.018,0.0178,0.692,0.0163,0.0181
2024-01-26,model_Portfolio,Hold,0.0191,0.02,0.0191,0.1637,0.0167,0.0178,0.0179,0.6914,0.0163,0.018
2024-01-29,model_Portfolio,Hold,0.0192,0.0199,0.0188,0.1645,0.0164,0.0176,0.0181,0.6914,0.0162,0.018
2024-01-30,model_Portfolio,Hold,0.0194,0.0201,0.0192,0.1641,0.0169,0.0177,0.0175,0.6905,0.0163,0.0182
2024-01-31,model_Portfolio,Hold,0.0205,0.0209,0.0201,0.17,0.0174,0.0185,0.0186,0.6779,0.017,0.0191
2024-02-01,model_Portfolio,Hold,0.0206,0.0211,0.018,0.1729,0.0169,0.0186,0.0186,0.6765,0.0171,0.0197
2024-02-02,model_Portfolio,Hold,0.0198,0.0208,0.0178,0.1831,0.0163,0.0182,0.0181,0.6701,0.0166,0.0192
2024-02-05,model_Portfolio,Hold,0.0197,0.0206,0.0177,0.1815,0.0161,0.0154,0.0176,0.6763,0.0163,0.0188
2024-02-06,model_Portfolio,Hold,0.0201,0.0203,0.0178,0.18,0.0164,0.0153,0.0175,0.6772,0.0164,0.0188
2024-02-07,model_Portfolio,Hold,0.0198,0.0202,0.0181,0.18,0.0163,0.015,0.0173,0.6784,0.0163,0.0185
2024-02-08,model_Portfolio,Hold,0.0196,0.0203,0.0179,0.1791,0.0162,0.0153,0.0174,0.6795,0.0162,0.0184
2024-02-09,model_Portfolio,Hold,0.0192,0.0201,0.0176,0.1806,0.0156,0.015,0.0168,0.6811,0.0158,0.0181
2024-02-12,model_Portfolio,Hold,0.0194,0.02,0.0178,0.1798,0.0161,0.0154,0.0172,0.6796,0.0163,0.0184
2024-02-13,model_Portfolio,Hold,0.0196,0.0201,0.018,0.179,0.0159,0.0153,0.0168,0.6805,0.0162,0.0186
2024-02-14,model_Portfolio,Hold,0.0196,0.0205,0.0181,0.1802,0.0159,0.0151,0.0167,0.6793,0.016,0.0185
2024-02-15,model_Portfolio,Hold,0.0201,0.0208,0.0186,0.1813,0.0169,0.016,0.0179,0.6733,0.0165,0.0187
2024-02-16,model_Portfolio,Hold,0.0204,0.0209,0.0186,0.1831,0.0172,0.0162,0.018,0.6702,0.0165,0.0189
2024-02-20,model_Portfolio,Hold,0.0209,0.0205,0.0186,0.1804,0.0169,0.0163,0.018,0.6729,0.0166,0.0189
2024-02-21,model_Portfolio,Hold,0.0209,0.0202,0.0186,0.1803,0.017,0.0161,0.0182,0.6734,0.0164,0.0188
2024-02-22,model_Portfolio,Hold,0.0208,0.0205,0.0184,0.1841,0.0161,0.0161,0.0179,0.671,0.0163,0.0188
2024-02-23,model_Portfolio,Hold,0.0209,0.0208,0.0185,0.1844,0.016,0.0162,0.018,0.67,0.0163,0.0189
2024-02-26,model_Portfolio,Hold,0.0214,0.0215,0.019,0.1901,0.0163,0.0165,0.0182,0.6611,0.0167,0.0193
2024-02-27,model_Portfolio,Hold,0.0214,0.0214,0.019,0.1876,0.0165,0.0166,0.0184,0.6632,0.0167,0.0193
2024-02-28,model_Portfolio,Hold,0.0218,0.0216,0.0193,0.1896,0.0166,0.0168,0.0186,0.6594,0.0168,0.0195
2024-02-29,model_Portfolio,Hold,0.0212,0.0212,0.0191,0.1908,0.0163,0.0167,0.0189,0.66,0.0166,0.0192
2024-03-01,model_Portfolio,Hold,0.0213,0.0216,0.0191,0.1932,0.0167,0.0169,0.0189,0.6565,0.0167,0.0193
2024-03-04,model_Portfolio,Hold,0.022,0.0222,0.0193,0.1962,0.0168,0.0174,0.0195,0.6507,0.0169,0.0191
2024-03-05,model_Portfolio,Hold,0.0218,0.0219,0.0197,0.1938,0.0171,0.0176,0.0193,0.652,0.0173,0.0194
2024-03-06,model_Portfolio,Hold,0.0221,0.0223,0.0201,0.1941,0.0173,0.018,0.0194,0.6492,0.0173,0.0202
2024-03-07,model_Portfolio,Hold,0.022,0.0222,0.0198,0.1941,0.0169,0.0178,0.0191,0.6513,0.017,0.0199
2024-03-08,model_Portfolio,Hold,0.0219,0.0216,0.0197,0.1918,0.017,0.0175,0.0195,0.6539,0.0172,0.0199
2024-03-11,model_Portfolio,Hold,0.0216,0.0212,0.0197,0.1865,0.0171,0.0178,0.0193,0.6595,0.0171,0.0202
2024-03-12,model_Portfolio,Hold,0.0215,0.0214,0.0195,0.1886,0.0171,0.0174,0.019,0.6576,0.0178,0.0202
2024-03-13,model_Portfolio,Hold,0.0212,0.0211,0.0195,0.1881,0.0175,0.0174,0.0187,0.6577,0.0186,0.0201
2024-03-14,model_Portfolio,Hold,0.0206,0.0207,0.0192,0.1872,0.0172,0.017,0.0181,0.6618,0.0181,0.0202
2024-03-15,model_Portfolio,Hold,0.0203,0.0208,0.0196,0.1853,0.0172,0.0172,0.0184,0.6622,0.0187,0.0203
2024-03-18,model_Portfolio,Hold,0.0192,0.0201,0.0191,0.1799,0.0169,0.0167,0.0178,0.6723,0.0181,0.02
2024-03-19,model_Portfolio,Hold,0.0193,0.0204,0.019,0.1815,0.0173,0.0165,0.0178,0.6699,0.0182,0.02
2024-03-20,model_Portfolio,Hold,0.0188,0.0203,0.019,0.1818,0.0174,0.0161,0.018,0.6702,0.0185,0.0199
2024-03-21,model_Portfolio,Hold,0.019,0.0185,0.0191,0.183,0.0176,0.016,0.0185,0.6696,0.0185,0.0201
2024-03-22,model_Portfolio,Hold,0.0186,0.0179,0.0187,0.1814,0.0172,0.0159,0.0178,0.6751,0.0181,0.0194
2024-03-25,model_Portfolio,Hold,0.0185,0.0177,0.0189,0.1826,0.0178,0.016,0.018,0.6732,0.0178,0.0196
2024-03-26,model_Portfolio,Hold,0.0188,0.0179,0.0189,0.1811,0.0169,0.016,0.0177,0.6759,0.0174,0.0195
2024-03-27,model_Portfolio,Hold,0.019,0.018,0.0189,0.1817,0.0172,0.0162,0.0183,0.6733,0.0177,0.0196
2024-03-28,model_Portfolio,Hold,0.019,0.0183,0.019,0.1819,0.0175,0.0163,0.0184,0.6722,0.0179,0.0196
2024-04-01,model_Portfolio,Rebalance,0.02,0.02,0.02,0.02,0.02,0.02,0.02,0.82,0.02,0.02
2024-04-02,model_Portfolio,Hold,0.0201,0.0199,0.0201,0.0201,0.0201,0.0198,0.0199,0.8201,0.0199,0.02
2024-04-03,model_Portfolio,Hold,0.02,0.0197,0.0201,0.0202,0.02,0.0198,0.0198,0.821,0.0199,0.0196
2024-04-04,model_Portfolio,Hold,0.0203,0.0201,0.0204,0.0205,0.0206,0.0201,0.0201,0.8183,0.0199,0.0198
2024-04-05,model_Portfolio,Hold,0.0202,0.02,0.0204,0.0208,0.0205,0.0199,0.0202,0.8186,0.0197,0.0196
2024-04-08,model_Portfolio,Hold,0.0198,0.0196,0.0201,0.0206,0.0199,0.0196,0.0203,0.8209,0.0197,0.0195
2024-04-09,model_Portfolio,Hold,0.02,0.0196,0.0194,0.0204,0.0196,0.0196,0.0206,0.8218,0.0196,0.0194
2024-04-10,model_Portfolio,Hold,0.0198,0.0192,0.0195,0.0205,0.0198,0.0194,0.0196,0.8232,0.0197,0.0193
2024-04-11,model_Portfolio,Hold,0.0196,0.0189,0.0184,0.0205,0.0191,0.0191,0.0194,0.8266,0.0195,0.0189
2024-04-12,model_Portfolio,Hold,0.0195,0.0186,0.0188,0.0204,0.0189,0.0189,0.0193,0.8274,0.0193,0.0189
2024-04-15,model_Portfolio,Hold,0.0198,0.0187,0.0191,0.0205,0.0189,0.0192,0.0192,0.8258,0.0197,0.0192
2024-04-16,model_Portfolio,Hold,0.0199,0.0188,0.0192,0.0205,0.0186,0.019,0.0189,0.8262,0.0197,0.0191
2024-04-17,model_Portfolio,Hold,0.0192,0.0188,0.019,0.0202,0.0184,0.019,0.0188,0.8279,0.0196,0.0192
2024-04-18,model_Portfolio,Hold,0.019,0.0188,0.0191,0.0199,0.0184,0.0193,0.0187,0.8279,0.0196,0.0192
2024-04-19,model_Portfolio,Hold,0.0196,0.019,0.0199,0.0196,0.0187,0.0193,0.0187,0.8255,0.02,0.0198
2024-04-22,model_Portfolio,Hold,0.0193,0.0188,0.0197,0.0196,0.0185,0.0193,0.019,0.8263,0.0198,0.0198
2024-04-23,model_Portfolio,Hold,0.0191,0.0186,0.0195,0.0197,0.0181,0.019,0.0189,0.8278,0.0196,0.0197
2024-04-24,model_Portfolio,Hold,0.0189,0.0183,0.0196,0.0193,0.018,0.019,0.0188,0.829,0.0194,0.0196
2024-04-25,model_Portfolio,Hold,0.0193,0.0184,0.0198,0.0193,0.0185,0.0194,0.0188,0.8268,0.0196,0.0203
2024-04-26,model_Portfolio,Hold,0.0179,0.0169,0.0182,0.0184,0.0171,0.018,0.0172,0.8398,0.0181,0.0186
2024-04-29,model_Portfolio,Hold,0.0183,0.0171,0.0189,0.019,0.0177,0.0186,0.0181,0.8342,0.0187,0.0193
2024-04-30,model_Portfolio,Hold,0.0184,0.0173,0.0191,0.0187,0.0174,0.0188,0.0179,0.8328,0.0199,0.0197
2024-05-01,model_Portfolio,Hold,0.0184,0.017,0.0192,0.0191,0.0167,0.0188,0.018,0.8331,0.0202,0.0196
2024-05-02,model_Portfolio,Hold,0.0181,0.0169,0.0188,0.0194,0.0158,0.019,0.0179,0.8352,0.0196,0.0193
2024-05-03,model_Portfolio,Hold,0.018,0.017,0.0185,0.0195,0.0158,0.0191,0.0182,0.8352,0.0196,0.0191
2024-05-06,model_Portfolio,Hold,0.0179,0.0171,0.0188,0.0196,0.016,0.0192,0.018,0.8352,0.0194,0.019
2024-05-07,model_Portfolio,Hold,0.0177,0.017,0.0184,0.0193,0.016,0.0189,0.0177,0.8373,0.0189,0.0188
2024-05-08,model_Portfolio,Hold,0.0176,0.0173,0.0186,0.0194,0.0162,0.0189,0.0176,0.8359,0.0192,0.0192
2024-05-09,model_Portfolio,Hold,0.0175,0.0169,0.0187,0.0195,0.0164,0.0192,0.0179,0.8353,0.0193,0.0193
2024-05-10,model_Portfolio,Hold,0.0176,0.017,0.019,0.0194,0.0162,0.0193,0.0182,0.8341,0.0197,0.0195
2024-05-13,model_Portfolio,Hold,0.0176,0.017,0.0189,0.0193,0.0161,0.0192,0.018,0.8346,0.0198,0.0195
2024-05-14,model_Portfolio,Hold,0.0173,0.0169,0.0188,0.0192,0.016,0.019,0.0184,0.835,0.0198,0.0196
2024-05-15,model_Portfolio,Hold,0.0172,0.0168,0.0189,0.0189,0.016,0.019,0.0183,0.8357,0.0198,0.0195
2024-05-16,model_Portfolio,Hold,0.0171,0.0166,0.0186,0.0185,0.0158,0.0192,0.018,0.8364,0.0203,0.0194
2024-05-17,model_Portfolio,Hold,0.0168,0.0162,0.0187,0.0184,0.0158,0.0195,0.0179,0.8373,0.0202,0.0192
2024-05-20,model_Portfolio,Hold,0.0166,0.0162,0.0185,0.0182,0.0158,0.0196,0.0177,0.8381,0.0201,0.0191
2024-05-21,model_Portfolio,Hold,0.0165,0.0161,0.0185,0.0181,0.0156,0.0194,0.0176,0.8392,0.0196,0.0192
2024-05-22,model_Portfolio,Hold,0.017,0.0164,0.0187,0.0182,0.0155,0.0196,0.0176,0.8383,0.0195,0.0193
2024-05-23,model_Portfolio,Hold,0.0171,0.0166,0.0188,0.0183,0.0154,0.0198,0.0173,0.8379,0.0195,0.0193
2024-05-24,model_Portfolio,Hold,0.017,0.0162,0.0188,0.0182,0.0152,0.0198,0.0172,0.8392,0.0194,0.0191
2024-05-28,model_Portfolio,Hold,0.0165,0.0159,0.0186,0.0182,0.0153,0.0196,0.0169,0.8408,0.0191,0.019
2024-05-29,model_Portfolio,Hold,0.0164,0.0158,0.0187,0.0182,0.0151,0.0194,0.0167,0.8418,0.019,0.019
2024-05-30,model_Portfolio,Hold,0.0169,0.0156,0.0192,0.0183,0.0156,0.0198,0.0171,0.8387,0.0194,0.0194
2024-05-31,model_Portfolio,Hold,0.0169,0.0154,0.0195,0.0179,0.016,0.0202,0.0175,0.8372,0.0198,0.0197
2024-06-03,model_Portfolio,Hold,0.0169,0.0153,0.0193,0.0181,0.0154,0.0204,0.0172,0.838,0.0196,0.0198
2024-06-04,model_Portfolio,Hold,0.017,0.0156,0.019,0.0181,0.0151,0.0203,0.0171,0.8386,0.0193,0.0198
2024-06-05,model_Portfolio,Hold,0.0168,0.0156,0.019,0.0182,0.015,0.0201,0.0168,0.8396,0.0193,0.0196
2024-06-06,model_Portfolio,Hold,0.0169,0.0156,0.0188,0.0184,0.015,0.02,0.0167,0.8402,0.019,0.0195
2024-06-07,model_Portfolio,Hold,0.0176,0.0155,0.0191,0.0185,0.0149,0.0209,0.0166,0.8375,0.0197,0.0197
2024-06-10,model_Portfolio,Hold,0.0175,0.0156,0.0189,0.0187,0.0152,0.021,0.0165,0.8376,0.0196,0.0195
2024-06-11,model_Portfolio,Hold,0.0171,0.0157,0.0186,0.0186,0.0152,0.0207,0.0163,0.839,0.0195,0.0193
2024-06-12,model_Portfolio,Hold,0.0168,0.0151,0.0187,0.0185,0.0149,0.0208,0.0165,0.8403,0.0194,0.019
2024-06-13,model_Portfolio,Hold,0.0168,0.0151,0.0187,0.0184,0.0147,0.0213,0.0169,0.839,0.0197,0.0192
2024-06-14,model_Portfolio,Hold,0.0168,0.0153,0.0185,0.0183,0.0143,0.0204,0.0167,0.8414,0.0195,0.0189
2024-06-17,model_Portfolio,Hold,0.0167,0.0152,0.0187,0.0183,0.0143,0.0202,0.0165,0.8417,0.0194,0.019
2024-06-18,model_Portfolio,Hold,0.0169,0.0153,0.0191,0.0183,0.0145,0.0205,0.0168,0.8397,0.0196,0.0192
2024-06-20,model_Portfolio,Hold,0.0172,0.0163,0.0191,0.0185,0.0145,0.0201,0.0166,0.8386,0.0196,0.0194
2024-06-21,model_Portfolio,Hold,0.0168,0.0162,0.0188,0.0185,0.0142,0.0199,0.0165,0.8406,0.0195,0.0192
2024-06-24,model_Portfolio,Hold,0.0168,0.0161,0.019,0.0182,0.0148,0.0197,0.0167,0.8396,0.0196,0.0195
2024-06-25,model_Portfolio,Hold,0.0164,0.0158,0.0185,0.0179,0.0143,0.019,0.0161,0.8439,0.019,0.0191
2024-06-26,model_Portfolio,Hold,0.0164,0.0157,0.0183,0.0186,0.0142,0.0188,0.016,0.8441,0.0189,0.0191
2024-06-27,model_Portfolio,Hold,0.0162,0.0155,0.0182,0.0189,0.0143,0.0186,0.016,0.8447,0.0191,0.0186
2024-06-28,model_Portfolio,Hold,0.0163,0.0157,0.0185,0.0187,0.0147,0.0186,0.0165,0.8429,0.0192,0.0189
2024-07-01,model_Portfolio,Rebalance,0.1325,0.0619,0.1286,0.0271,0.1275,0.0618,0.0886,0.0292,0.1447,0.1981
2024-07-02,model_Portfolio,Hold,0.132,0.0619,0.1287,0.0273,0.1259,0.0625,0.0892,0.0295,0.1456,0.1975
2024-07-03,model_Portfolio,Hold,0.131,0.0624,0.1283,0.027,0.1263,0.063,0.0893,0.0296,0.1457,0.1972
2024-07-05,model_Portfolio,Hold,0.1334,0.0611,0.1285,0.0274,0.123,0.0631,0.0893,0.0304,0.1455,0.1982
2024-07-08,model_Portfolio,Hold,0.1314,0.0613,0.1281,0.0274,0.1243,0.0638,0.0894,0.0303,0.1456,0.1984
2024-07-09,model_Portfolio,Hold,0.1308,0.0611,0.1287,0.0274,0.1241,0.0638,0.089,0.0303,0.1436,0.2014
2024-07-10,model_Portfolio,Hold,0.1315,0.06,0.1295,0.0272,0.123,0.0635,0.0889,0.0304,0.1453,0.2007
2024-07-11,model_Portfolio,Hold,0.1306,0.0598,0.1303,0.0261,0.1252,0.0629,0.0933,0.029,0.1449,0.1979
2024-07-12,model_Portfolio,Hold,0.1295,0.0617,0.1295,0.0258,0.1248,0.0632,0.0933,0.0286,0.1448,0.1988
2024-07-15,model_Portfolio,Hold,0.1278,0.0628,0.1297,0.0254,0.1302,0.0624,0.0935,0.0287,0.142,0.1975
2024-07-16,model_Portfolio,Hold,0.1267,0.0638,0.1291,0.0253,0.1303,0.0639,0.0933,0.0281,0.142,0.1976
2024-07-17,model_Portfolio,Hold,0.1274,0.0631,0.1281,0.0243,0.1307,0.0637,0.0931,0.0273,0.1419,0.2004
2024-07-18,model_Portfolio,Hold,0.123,0.0642,0.1297,0.024,0.1318,0.0634,0.0921,0.027,0.1425,0.2023
2024-07-19,model_Portfolio,Hold,0.1256,0.0645,0.128,0.024,0.1314,0.0626,0.0914,0.0271,0.1425,0.203
2024-07-22,model_Portfolio,Hold,0.1275,0.0648,0.13,0.0238,0.1292,0.0591,0.0917,0.0276,0.1437,0.2025
2024-07-23,model_Portfolio,Hold,0.1284,0.0649,0.1304,0.0245,0.1274,0.0612,0.0889,0.0278,0.1441,0.2024
2024-07-24,model_Portfolio,Hold,0.1331,0.0649,0.1307,0.0238,0.1263,0.0625,0.085,0.0265,0.1427,0.2045
2024-07-25,model_Portfolio,Hold,0.131,0.0649,0.1302,0.0236,0.13,0.0619,0.085,0.0256,0.1424,0.2053
2024-07-26,model_Portfolio,Hold,0.1254,0.0623,0.1264,0.0231,0.125,0.0602,0.084,0.0246,0.1687,0.2004
2024-07-29,model_Portfolio,Hold,0.1254,0.0621,0.1266,0.0233,0.1238,0.0616,0.0833,0.0251,0.1669,0.2017
2024-07-30,model_Portfolio,Hold,0.1253,0.0623,0.1269,0.023,0.1241,0.0608,0.0839,0.0251,0.168,0.2006
2024-07-31,model_Portfolio,Hold,0.1265,0.0628,0.1274,0.0237,0.1252,0.061,0.083,0.0254,0.1697,0.1952
2024-08-01,model_Portfolio,Hold,0.1292,0.0612,0.1334,0.0229,0.1225,0.0653,0.08,0.0248,0.1652,0.1956
2024-08-02,model_Portfolio,Hold,0.1325,0.0612,0.1322,0.0212,0.1144,0.0649,0.08,0.0246,0.1661,0.2028
2024-08-05,model_Portfolio,Hold,0.1324,0.0608,0.1325,0.0209,0.113,0.0657,0.081,0.024,0.1692,0.2006
2024-08-06,model_Portfolio,Hold,0.1328,0.0615,0.1338,0.0209,0.1105,0.0654,0.0828,0.0238,0.1687,0.2001
2024-08-07,model_Portfolio,Hold,0.1335,0.0615,0.1349,0.021,0.1103,0.0652,0.0808,0.0239,0.1662,0.2026
2024-08-08,model_Portfolio,Hold,0.1315,0.0602,0.1351,0.0211,0.1145,0.0647,0.0804,0.024,0.1669,0.2015
2024-08-09,model_Portfolio,Hold,0.1305,0.0603,0.1359,0.0213,0.1142,0.0646,0.0809,0.0243,0.166,0.2019
2024-08-12,model_Portfolio,Hold,0.1297,0.0601,0.1362,0.0213,0.118,0.0638,0.0796,0.0242,0.1653,0.2018
2024-08-13,model_Portfolio,Hold,0.129,0.0605,0.1356,0.0216,0.1158,0.0638,0.0803,0.0242,0.1663,0.203
2024-08-14,model_Portfolio,Hold,0.1305,0.0604,0.136,0.0215,0.1155,0.0635,0.0797,0.0236,0.1668,0.2026
2024-08-15,model_Portfolio,Hold,0.1309,0.0611,0.1354,0.0223,0.1169,0.0626,0.0805,0.0236,0.1672,0.1997
2024-08-16,model_Portfolio,Hold,0.1304,0.0611,0.1376,0.0221,0.1154,0.0627,0.0798,0.0237,0.1662,0.201
2024-08-19,model_Portfolio,Hold,0.131,0.0614,0.1378,0.0222,0.1153,0.0621,0.0802,0.0242,0.1657,0.2003
2024-08-20,model_Portfolio,Hold,0.1303,0.0618,0.1379,0.0224,0.112,0.0622,0.08,0.0243,0.1673,0.2017
2024-08-21,model_Portfolio,Hold,0.1302,0.062,0.1384,0.0224,0.1102,0.0623,0.0802,0.024,0.1682,0.2019
2024-08-22,model_Portfolio,Hold,0.1309,0.0614,0.1399,0.0218,0.1095,0.062,0.0819,0.0237,0.1672,0.2017
2024-08-23,model_Portfolio,Hold,0.13,0.0612,0.1392,0.0217,0.1104,0.0616,0.0829,0.0237,0.1677,0.2017
2024-08-26,model_Portfolio,Hold,0.1291,0.0614,0.1384,0.0214,0.1115,0.0618,0.0826,0.0236,0.1691,0.2013
2024-08-27,model_Portfolio,Hold,0.1297,0.0621,0.1389,0.0211,0.1096,0.0617,0.082,0.0234,0.1688,0.2028
2024-08-28,model_Portfolio,Hold,0.1294,0.0615,0.1403,0.0208,0.1101,0.0614,0.0809,0.0231,0.169,0.2035
2024-08-29,model_Portfolio,Hold,0.1285,0.0617,0.1405,0.0208,0.1124,0.0611,0.0796,0.0228,0.1697,0.2028
2024-08-30,model_Portfolio,Hold,0.1285,0.0617,0.1407,0.0215,0.1086,0.0612,0.0804,0.0229,0.1711,0.2034
2024-09-03,model_Portfolio,Hold,0.1318,0.0625,0.1409,0.0215,0.1033,0.0612,0.0807,0.0224,0.1684,0.2072
2024-09-04,model_Portfolio,Hold,0.1313,0.0628,0.1425,0.0211,0.0998,0.061,0.08,0.0222,0.1698,0.2094
2024-09-05,model_Portfolio,Hold,0.1305,0.0626,0.1422,0.0218,0.1007,0.0611,0.0803,0.0225,0.1697,0.2087
2024-09-06,model_Portfolio,Hold,0.133,0.0632,0.143,0.0213,0.0991,0.0608,0.0805,0.0218,0.1682,0.2091
2024-09-09,model_Portfolio,Hold,0.1351,0.0631,0.1427,0.0216,0.0971,0.0615,0.0813,0.0214,0.1669,0.2094
2024-09-10,model_Portfolio,Hold,0.1358,0.0642,0.1414,0.0221,0.0929,0.0618,0.0823,0.0214,0.1689,0.2091
2024-09-11,model_Portfolio,Hold,0.1357,0.0649,0.1405,0.0228,0.0924,0.0626,0.0832,0.0218,0.1698,0.2064
2024-09-12,model_Portfolio,Hold,0.1355,0.0646,0.1407,0.023,0.0923,0.0628,0.0838,0.0222,0.1714,0.2035
2024-09-13,model_Portfolio,Hold,0.1341,0.0641,0.1406,0.0228,0.0926,0.0633,0.0849,0.0225,0.1717,0.2034
2024-09-16,model_Portfolio,Hold,0.1344,0.0644,0.1414,0.0224,0.0938,0.0639,0.0844,0.0224,0.1722,0.2008
2024-09-17,model_Portfolio,Hold,0.1357,0.0616,0.1415,0.0228,0.0975,0.0647,0.0844,0.0227,0.1718,0.1972
2024-09-18,model_Portfolio,Hold,0.1328,0.0618,0.1415,0.0229,0.0975,0.0643,0.0848,0.0229,0.1726,0.1989
2024-09-19,model_Portfolio,Hold,0.1323,0.0618,0.1405,0.0234,0.0987,0.0645,0.0839,0.0233,0.1737,0.1979
2024-09-20,model_Portfolio,Hold,0.1317,0.062,0.1405,0.0236,0.0976,0.0646,0.0833,0.0235,0.1748,0.1985
2024-09-23,model_Portfolio,Hold,0.1315,0.0618,0.1417,0.0236,0.0979,0.0648,0.083,0.023,0.174,0.1987
2024-09-24,model_Portfolio,Hold,0.1296,0.0618,0.1402,0.0236,0.0974,0.0654,0.0843,0.023,0.1757,0.199
2024-09-25,model_Portfolio,Hold,0.1294,0.0616,0.1417,0.0235,0.0949,0.0658,0.0847,0.023,0.1758,0.1995
2024-09-26,model_Portfolio,Hold,0.1294,0.065,0.142,0.0233,0.0893,0.0665,0.0827,0.0232,0.1792,0.1994
2024-09-27,model_Portfolio,Hold,0.1289,0.0638,0.1425,0.0229,0.0945,0.0666,0.0822,0.0233,0.1763,0.199
2024-09-30,model_Portfolio,Hold,0.1305,0.0644,0.1438,0.0227,0.0941,0.0659,0.0814,0.0235,0.1752,0.1986
2024-10-01,model_Portfolio,Rebalance,0.02,0.02,0.02,0.02,0.02,0.02,0.02,0.02,0.82,0.02
2024-10-02,model_Portfolio,Hold,0.0202,0.0204,0.0205,0.0201,0.0203,0.0201,0.0201,0.02,0.8182,0.0201
2024-10-03,model_Portfolio,Hold,0.0201,0.0208,0.0204,0.0199,0.021,0.0199,0.02,0.0201,0.8179,0.0199
2024-10-04,model_Portfolio,Hold,0.0201,0.0208,0.0207,0.0203,0.0212,0.0198,0.0198,0.0202,0.8173,0.0199
2024-10-07,model_Portfolio,Hold,0.0202,0.0205,0.0201,0.0198,0.0213,0.0217,0.0197,0.0198,0.8171,0.0199
2024-10-08,model_Portfolio,Hold,0.0205,0.0207,0.0202,0.02,0.0208,0.0216,0.0197,0.0199,0.8168,0.0197
2024-10-09,model_Portfolio,Hold,0.0207,0.021,0.0199,0.0202,0.0208,0.0218,0.0198,0.0196,0.8165,0.0199
2024-10-10,model_Portfolio,Hold,0.0208,0.021,0.0202,0.0205,0.0214,0.022,0.0201,0.0198,0.8144,0.0199
2024-10-11,model_Portfolio,Hold,0.0207,0.0208,0.0203,0.0206,0.0213,0.0219,0.0203,0.0197,0.8145,0.0198
2024-10-14,model_Portfolio,Hold,0.0207,0.0209,0.0203,0.0203,0.0209,0.022,0.0206,0.0198,0.8148,0.0197
2024-10-15,model_Portfolio,Hold,0.0206,0.0211,0.0203,0.0203,0.0195,0.0223,0.0208,0.0199,0.8155,0.0197
2024-10-16,model_Portfolio,Hold,0.0209,0.0212,0.0203,0.0202,0.0193,0.0224,0.021,0.0198,0.8154,0.0197
2024-10-17,model_Portfolio,Hold,0.021,0.0215,0.0205,0.0203,0.0195,0.0226,0.0208,0.0196,0.8147,0.0196
2024-10-18,model_Portfolio,Hold,0.0213,0.0216,0.0204,0.0205,0.0197,0.0229,0.0209,0.0197,0.8133,0.0196
2024-10-21,model_Portfolio,Hold,0.0209,0.0216,0.0202,0.0206,0.0198,0.0229,0.0206,0.0198,0.8141,0.0195
2024-10-22,model_Portfolio,Hold,0.0212,0.0218,0.0205,0.0211,0.0204,0.0233,0.0207,0.0203,0.8105,0.0202
2024-10-23,model_Portfolio,Hold,0.0219,0.0223,0.021,0.021,0.0203,0.0236,0.0216,0.0205,0.8071,0.0206
2024-10-24,model_Portfolio,Hold,0.022,0.0221,0.0212,0.0214,0.0207,0.0235,0.0212,0.0207,0.8062,0.0209
2024-10-25,model_Portfolio,Hold,0.0218,0.0222,0.021,0.0219,0.0211,0.0235,0.0208,0.0213,0.8052,0.0211
2024-10-28,model_Portfolio,Hold,0.0211,0.0215,0.0203,0.0212,0.0195,0.0227,0.0201,0.0208,0.8123,0.0206
2024-10-29,model_Portfolio,Hold,0.0211,0.0217,0.0205,0.0216,0.0193,0.0227,0.02,0.0213,0.8113,0.0206
2024-10-30,model_Portfolio,Hold,0.0215,0.0209,0.0207,0.022,0.0196,0.0227,0.0205,0.0221,0.8088,0.021
2024-10-31,model_Portfolio,Hold,0.0212,0.0207,0.0196,0.0212,0.0196,0.0225,0.0201,0.0216,0.8109,0.0226
2024-11-01,model_Portfolio,Hold,0.0223,0.0209,0.0197,0.0227,0.0193,0.0225,0.0201,0.0218,0.8082,0.0225
2024-11-04,model_Portfolio,Hold,0.0223,0.021,0.0199,0.0226,0.0199,0.0225,0.0207,0.0217,0.8067,0.0227
2024-11-05,model_Portfolio,Hold,0.0222,0.021,0.02,0.0229,0.0198,0.0224,0.0207,0.0216,0.8066,0.0227
2024-11-06,model_Portfolio,Hold,0.021,0.0206,0.0195,0.0227,0.0198,0.0213,0.0196,0.0214,0.8125,0.0216
2024-11-07,model_Portfolio,Hold,0.0208,0.021,0.0195,0.0231,0.0176,0.0219,0.0198,0.0221,0.8126,0.0215
2024-11-08,model_Portfolio,Hold,0.0209,0.0205,0.0195,0.0228,0.0174,0.0217,0.0198,0.0216,0.8143,0.0215
2024-11-11,model_Portfolio,Hold,0.0211,0.0208,0.02,0.0228,0.0178,0.022,0.0194,0.022,0.8124,0.0216
2024-11-12,model_Portfolio,Hold,0.0214,0.0213,0.0204,0.0234,0.0179,0.0221,0.0192,0.0226,0.8095,0.0222
2024-11-13,model_Portfolio,Hold,0.0211,0.0217,0.0202,0.0238,0.0179,0.0221,0.0192,0.022,0.8097,0.0223
2024-11-14,model_Portfolio,Hold,0.0209,0.0212,0.0199,0.0234,0.0182,0.0222,0.019,0.0215,0.8114,0.0223
2024-11-15,model_Portfolio,Hold,0.0213,0.0209,0.0205,0.0227,0.0183,0.0226,0.0187,0.0214,0.8107,0.0228
2024-11-18,model_Portfolio,Hold,0.0215,0.0208,0.0206,0.0225,0.0183,0.0233,0.0186,0.0217,0.8099,0.0229
2024-11-19,model_Portfolio,Hold,0.0217,0.0211,0.0207,0.0231,0.0181,0.0236,0.0187,0.0223,0.8077,0.023
2024-11-20,model_Portfolio,Hold,0.0216,0.0214,0.0206,0.023,0.0183,0.0236,0.0187,0.0221,0.8076,0.0231
2024-11-21,model_Portfolio,Hold,0.0219,0.0217,0.021,0.0226,0.0186,0.0238,0.0191,0.0211,0.8071,0.0232
2024-11-22,model_Portfolio,Hold,0.0218,0.0214,0.021,0.0222,0.0188,0.0238,0.0194,0.0206,0.8078,0.0233
2024-11-25,model_Portfolio,Hold,0.0216,0.0212,0.0208,0.0224,0.0184,0.0236,0.0198,0.0207,0.8085,0.023
2024-11-26,model_Portfolio,Hold,0.0212,0.021,0.0206,0.0227,0.018,0.0233,0.0194,0.0205,0.8105,0.0229
2024-11-27,model_Portfolio,Hold,0.0214,0.021,0.0207,0.0226,0.018,0.0232,0.0192,0.0206,0.8102,0.023
2024-11-29,model_Portfolio,Hold,0.0212,0.0209,0.0205,0.0227,0.018,0.0232,0.019,0.0204,0.8112,0.0229
2024-12-02,model_Portfolio,Hold,0.021,0.0209,0.0201,0.0231,0.0179,0.0234,0.019,0.0208,0.811,0.0228
2024-12-03,model_Portfolio,Hold,0.0212,0.0206,0.0196,0.0237,0.0181,0.0233,0.019,0.0211,0.8105,0.023
2024-12-04,model_Portfolio,Hold,0.0212,0.0212,0.0197,0.0243,0.018,0.0232,0.0185,0.0215,0.8095,0.0229
2024-12-05,model_Portfolio,Hold,0.0208,0.0207,0.0195,0.0241,0.0174,0.0224,0.0183,0.021,0.8132,0.0227
2024-12-06,model_Portfolio,Hold,0.0208,0.021,0.0194,0.0249,0.0171,0.0223,0.018,0.0212,0.8125,0.0229
2024-12-09,model_Portfolio,Hold,0.0209,0.021,0.0192,0.025,0.018,0.0223,0.0187,0.0215,0.8109,0.0225
2024-12-10,model_Portfolio,Hold,0.0212,0.0214,0.0192,0.0251,0.0182,0.0224,0.0185,0.023,0.8084,0.0226
2024-12-11,model_Portfolio,Hold,0.0209,0.0215,0.0192,0.0257,0.0182,0.0222,0.0183,0.0242,0.8076,0.0222
2024-12-12,model_Portfolio,Hold,0.0209,0.0213,0.0193,0.0256,0.0187,0.0221,0.0182,0.0238,0.8079,0.0224
2024-12-13,model_Portfolio,Hold,0.0208,0.0212,0.0193,0.0254,0.0186,0.0222,0.0182,0.0235,0.8086,0.0223
2024-12-16,model_Portfolio,Hold,0.0207,0.0211,0.0192,0.0261,0.0179,0.0218,0.018,0.0245,0.8083,0.0223
2024-12-17,model_Portfolio,Hold,0.021,0.0214,0.0192,0.0262,0.0174,0.0219,0.0183,0.0246,0.8077,0.0223
2024-12-18,model_Portfolio,Hold,0.0212,0.0212,0.0192,0.0255,0.0176,0.0217,0.0179,0.0242,0.809,0.0224
2024-12-19,model_Portfolio,Hold,0.0211,0.0225,0.0191,0.0255,0.0171,0.0213,0.0176,0.0239,0.8098,0.022
2024-12-20,model_Portfolio,Hold,0.0211,0.0218,0.0191,0.0253,0.0173,0.0211,0.0177,0.0239,0.8107,0.0221
2024-12-23,model_Portfolio,Hold,0.0211,0.0214,0.0191,0.0254,0.0178,0.021,0.0177,0.0244,0.8102,0.022
2024-12-24,model_Portfolio,Hold,0.021,0.0213,0.019,0.0256,0.0178,0.021,0.0176,0.0243,0.8107,0.0217
2024-12-26,model_Portfolio,Hold,0.021,0.0211,0.019,0.0252,0.0177,0.0208,0.0175,0.0241,0.8118,0.0217
2024-12-27,model_Portfolio,Hold,0.0211,0.021,0.0191,0.025,0.018,0.0208,0.0174,0.0239,0.8117,0.0217
2024-12-30,model_Portfolio,Hold,0.0209,0.021,0.0192,0.025,0.0185,0.0207,0.0175,0.0239,0.8116,0.0218
2024-12-31,model_Portfolio,Hold,0.0209,0.0209,0.0193,0.0247,0.019,0.0208,0.0177,0.0237,0.8111,0.0219
2025-01-02,model_Portfolio,Rebalance,0.0806,0.0412,0.0793,0.0244,0.0831,0.044,0.0861,0.4146,0.0586,0.0881
2025-01-03,model_Portfolio,Hold,0.0801,0.0414,0.0791,0.0246,0.0825,0.0436,0.0867,0.4156,0.0581,0.0883
2025-01-06,model_Portfolio,Hold,0.0789,0.0408,0.0775,0.0248,0.0827,0.0432,0.0848,0.4235,0.0578,0.0859
2025-01-07,model_Portfolio,Hold,0.0793,0.0414,0.0784,0.0243,0.0828,0.0438,0.0846,0.4213,0.059,0.085
2025-01-08,model_Portfolio,Hold,0.08,0.0417,0.079,0.0243,0.083,0.0436,0.0848,0.4185,0.0599,0.0852
2025-01-10,model_Portfolio,Hold,0.0796,0.0412,0.078,0.0242,0.084,0.0454,0.0837,0.4194,0.0591,0.0852
2025-01-13,model_Portfolio,Hold,0.0797,0.0409,0.0786,0.024,0.0859,0.0464,0.0854,0.4142,0.0602,0.0846
2025-01-14,model_Portfolio,Hold,0.0794,0.0407,0.0793,0.0239,0.0873,0.0472,0.0854,0.4103,0.0612,0.0852
2025-01-15,model_Portfolio,Hold,0.0772,0.0402,0.079,0.0241,0.0881,0.0464,0.0846,0.4165,0.0606,0.0834
2025-01-16,model_Portfolio,Hold,0.0793,0.0405,0.0799,0.0238,0.0871,0.0472,0.0861,0.4113,0.0612,0.0836
2025-01-17,model_Portfolio,Hold,0.0782,0.0404,0.0796,0.0242,0.0837,0.0476,0.0867,0.414,0.0615,0.084
2025-01-21,model_Portfolio,Hold,0.0799,0.0405,0.0789,0.0245,0.0807,0.0475,0.0869,0.415,0.0635,0.0827
2025-01-22,model_Portfolio,Hold,0.0807,0.0409,0.0775,0.025,0.0805,0.0472,0.0852,0.4165,0.0646,0.0818
2025-01-23,model_Portfolio,Hold,0.0839,0.0411,0.0771,0.0249,0.0806,0.048,0.0846,0.4133,0.0645,0.082
2025-01-24,model_Portfolio,Hold,0.0845,0.0407,0.0768,0.0246,0.0793,0.0483,0.0849,0.4145,0.0638,0.0826
2025-01-27,model_Portfolio,Hold,0.0881,0.0422,0.0798,0.0249,0.0801,0.0483,0.0859,0.4,0.0652,0.0855
2025-01-28,model_Portfolio,Hold,0.0867,0.0428,0.0791,0.0252,0.0799,0.0483,0.0818,0.4071,0.0651,0.0841
2025-01-29,model_Portfolio,Hold,0.0871,0.0424,0.0795,0.0251,0.0794,0.0484,0.0807,0.4079,0.0653,0.0843
2025-01-30,model_Portfolio,Hold,0.0866,0.0425,0.0789,0.0245,0.0778,0.049,0.0797,0.4139,0.0656,0.0814
2025-01-31,model_Portfolio,Hold,0.0857,0.0428,0.078,0.0247,0.0739,0.0488,0.0806,0.4188,0.0645,0.0822
2025-02-03,model_Portfolio,Hold,0.0868,0.0433,0.0782,0.0249,0.073,0.0497,0.079,0.4169,0.0641,0.084
2025-02-04,model_Portfolio,Hold,0.086,0.0433,0.0771,0.025,0.075,0.0486,0.0778,0.4211,0.0639,0.0823
2025-02-05,model_Portfolio,Hold,0.0904,0.0453,0.0796,0.0251,0.0764,0.0495,0.0821,0.4012,0.066,0.0846
2025-02-06,model_Portfolio,Hold,0.0885,0.0444,0.0772,0.0256,0.0752,0.0492,0.0825,0.4054,0.0665,0.0854
2025-02-07,model_Portfolio,Hold,0.0907,0.0451,0.0789,0.025,0.0766,0.0474,0.0834,0.3992,0.0666,0.087
2025-02-10,model_Portfolio,Hold,0.0914,0.0447,0.0774,0.0252,0.0805,0.047,0.0822,0.3977,0.0659,0.0881
2025-02-11,model_Portfolio,Hold,0.0916,0.0451,0.0778,0.0252,0.0817,0.0469,0.0818,0.3957,0.0661,0.0882
2025-02-12,model_Portfolio,Hold,0.0918,0.0454,0.0785,0.025,0.0792,0.0474,0.0828,0.3957,0.0662,0.0881
2025-02-13,model_Portfolio,Hold,0.0918,0.0451,0.0786,0.0249,0.0788,0.0477,0.0825,0.3973,0.0655,0.0878
2025-02-14,model_Portfolio,Hold,0.0912,0.045,0.0782,0.0248,0.0813,0.048,0.0819,0.3963,0.0659,0.0874
2025-02-18,model_Portfolio,Hold,0.091,0.045,0.079,0.0246,0.0829,0.0482,0.0828,0.3937,0.0662,0.0867
2025-02-19,model_Portfolio,Hold,0.0918,0.045,0.0791,0.0245,0.0824,0.0478,0.0818,0.3943,0.0663,0.087
2025-02-20,model_Portfolio,Hold,0.0926,0.0444,0.079,0.0241,0.0826,0.0475,0.0821,0.3931,0.0658,0.0888
2025-02-21,model_Portfolio,Hold,0.0955,0.0428,0.0788,0.0238,0.0812,0.0477,0.0836,0.3897,0.0652,0.0916
2025-02-24,model_Portfolio,Hold,0.0953,0.0427,0.0801,0.0233,0.0813,0.0475,0.0848,0.3879,0.0653,0.0917
2025-02-25,model_Portfolio,Hold,0.096,0.0426,0.0823,0.0234,0.0796,0.0488,0.0882,0.3801,0.0658,0.0931
2025-02-26,model_Portfolio,Hold,0.0973,0.0426,0.0825,0.0238,0.0793,0.0488,0.0876,0.3788,0.067,0.0922
2025-02-27,model_Portfolio,Hold,0.0984,0.0429,0.0848,0.0235,0.0744,0.0491,0.0903,0.3737,0.0692,0.0937
2025-02-28,model_Portfolio,Hold,0.0986,0.0414,0.0853,0.0236,0.0744,0.0491,0.0904,0.373,0.0704,0.0938
2025-03-03,model_Portfolio,Hold,0.1015,0.0415,0.0869,0.0231,0.0688,0.0489,0.0908,0.3705,0.0706,0.0975
2025-03-04,model_Portfolio,Hold,0.0999,0.0417,0.0852,0.023,0.0679,0.0482,0.0902,0.3804,0.0673,0.0961
2025-03-05,model_Portfolio,Hold,0.0992,0.0417,0.0849,0.0233,0.0672,0.0488,0.091,0.3818,0.0675,0.0947
2025-03-06,model_Portfolio,Hold,0.0978,0.0411,0.0852,0.0226,0.0683,0.0489,0.0893,0.3823,0.0676,0.097
2025-03-07,model_Portfolio,Hold,0.0983,0.0407,0.0847,0.0222,0.068,0.0493,0.0908,0.3819,0.0666,0.0974
2025-03-10,model_Portfolio,Hold,0.1003,0.0407,0.085,0.0221,0.0699,0.0482,0.0923,0.3717,0.0685,0.1013
2025-03-11,model_Portfolio,Hold,0.0982,0.0403,0.0857,0.0226,0.0715,0.0479,0.0908,0.3724,0.0694,0.1011
2025-03-12,model_Portfolio,Hold,0.0959,0.0397,0.084,0.0228,0.0728,0.0472,0.0897,0.3776,0.0703,0.1001
2025-03-13,model_Portfolio,Hold,0.0972,0.0394,0.0858,0.0225,0.0717,0.0476,0.0894,0.3738,0.0695,0.103
2025-03-14,model_Portfolio,Hold,0.0936,0.0391,0.0864,0.0227,0.0729,0.0469,0.0905,0.375,0.0706,0.1023
2025-03-17,model_Portfolio,Hold,0.094,0.0398,0.087,0.0224,0.0742,0.0473,0.0906,0.3711,0.0717,0.1019
2025-03-18,model_Portfolio,Hold,0.0943,0.0402,0.0874,0.0224,0.0758,0.0473,0.0908,0.368,0.0716,0.1023
2025-03-19,model_Portfolio,Hold,0.094,0.0398,0.0872,0.0224,0.0772,0.0471,0.0891,0.3709,0.0718,0.1005
2025-03-20,model_Portfolio,Hold,0.0943,0.0372,0.0881,0.0225,0.077,0.0473,0.0892,0.3714,0.0715,0.1015
2025-03-21,model_Portfolio,Hold,0.0939,0.0377,0.0877,0.0227,0.0771,0.0471,0.0884,0.3739,0.071,0.1006
2025-03-24,model_Portfolio,Hold,0.0931,0.0374,0.0875,0.0231,0.0768,0.0467,0.0883,0.3767,0.0713,0.0992
2025-03-25,model_Portfolio,Hold,0.0915,0.0374,0.0872,0.0233,0.0766,0.0464,0.0865,0.3813,0.0711,0.0989
2025-03-26,model_Portfolio,Hold,0.0931,0.038,0.0885,0.023,0.078,0.0472,0.0873,0.3722,0.0713,0.1015
2025-03-27,model_Portfolio,Hold,0.0969,0.0378,0.0891,0.0231,0.0787,0.0473,0.0873,0.3673,0.0696,0.1029
2025-03-28,model_Portfolio,Hold,0.0989,0.0382,0.0905,0.0226,0.0796,0.048,0.0894,0.358,0.0696,0.1052
2025-03-31,model_Portfolio,Hold,0.0996,0.0389,0.091,0.0222,0.0794,0.0481,0.087,0.3561,0.07,0.1078
2025-04-01,model_Portfolio,Rebalance,0.0997,0.0593,0.219,0.0257,0.1228,0.0692,0.1533,0.0248,0.0761,0.1501
2025-04-02,model_Portfolio,Hold,0.0999,0.0599,0.2188,0.0262,0.1235,0.0695,0.1553,0.0248,0.0762,0.1459
2025-04-03,model_Portfolio,Hold,0.1041,0.0596,0.2275,0.0249,0.1077,0.0698,0.1516,0.0249,0.0753,0.1545
2025-04-04,model_Portfolio,Hold,0.106,0.0607,0.2237,0.0257,0.0993,0.0699,0.1539,0.0259,0.0737,0.1612
2025-04-07,model_Portfolio,Hold,0.1078,0.0614,0.2221,0.0267,0.0991,0.0696,0.1492,0.0265,0.0756,0.162
2025-04-08,model_Portfolio,Hold,0.1086,0.0616,0.2249,0.0264,0.0943,0.0678,0.1498,0.0265,0.0759,0.1642
2025-04-09,model_Portfolio,Hold,0.1045,0.0617,0.2228,0.0278,0.1055,0.0692,0.1476,0.0273,0.0775,0.1563
2025-04-10,model_Portfolio,Hold,0.1065,0.0613,0.2303,0.0274,0.0958,0.0698,0.1417,0.0273,0.0774,0.1626
2025-04-11,model_Portfolio,Hold,0.1064,0.0599,0.2306,0.0274,0.0968,0.0702,0.1433,0.0275,0.0777,0.1602
2025-04-14,model_Portfolio,Hold,0.1058,0.0602,0.2309,0.0266,0.0965,0.0702,0.1464,0.0275,0.0766,0.1593
2025-04-15,model_Portfolio,Hold,0.1056,0.0604,0.2316,0.0264,0.0952,0.0688,0.1464,0.0272,0.0767,0.1616
2025-04-16,model_Portfolio,Hold,0.1092,0.06,0.2314,0.0258,0.0988,0.0682,0.1435,0.0268,0.0744,0.1618
2025-04-17,model_Portfolio,Hold,0.1093,0.0589,0.2296,0.0253,0.1027,0.068,0.1436,0.0262,0.0736,0.1629
2025-04-21,model_Portfolio,Hold,0.1107,0.0595,0.2292,0.0251,0.1009,0.068,0.1427,0.0262,0.0729,0.1649
2025-04-22,model_Portfolio,Hold,0.1092,0.0589,0.23,0.0252,0.1021,0.0682,0.1398,0.0261,0.0766,0.1637
2025-04-23,model_Portfolio,Hold,0.1076,0.0597,0.2302,0.0263,0.1007,0.068,0.1411,0.0268,0.0765,0.163
2025-04-24,model_Portfolio,Hold,0.1061,0.0598,0.2293,0.0269,0.1035,0.0683,0.1401,0.0272,0.0772,0.1616
2025-04-25,model_Portfolio,Hold,0.1063,0.0606,0.2282,0.0274,0.1048,0.0683,0.1385,0.0278,0.0768,0.1614
2025-04-28,model_Portfolio,Hold,0.1063,0.0602,0.2281,0.0271,0.1055,0.0685,0.1397,0.0274,0.0768,0.1603
2025-04-29,model_Portfolio,Hold,0.1077,0.0616,0.2297,0.0272,0.1041,0.0693,0.1325,0.0275,0.0775,0.1629
2025-04-30,model_Portfolio,Hold,0.1083,0.062,0.2306,0.0268,0.0999,0.0696,0.1331,0.0273,0.078,0.1644
2025-05-01,model_Portfolio,Hold,0.1088,0.0625,0.2203,0.0278,0.1047,0.0701,0.1349,0.0279,0.0777,0.1654
2025-05-02,model_Portfolio,Hold,0.1087,0.0625,0.2212,0.0273,0.1046,0.0704,0.1348,0.0279,0.0788,0.1638
2025-05-05,model_Portfolio,Hold,0.1095,0.0635,0.2237,0.027,0.0994,0.0697,0.1343,0.0282,0.0788,0.1659
2025-05-06,model_Portfolio,Hold,0.1103,0.063,0.2248,0.027,0.1012,0.0687,0.1312,0.0281,0.0775,0.1682
2025-05-07,model_Portfolio,Hold,0.1108,0.0633,0.2267,0.0274,0.0994,0.0678,0.1315,0.026,0.0778,0.1692
2025-05-08,model_Portfolio,Hold,0.1098,0.0633,0.2232,0.0277,0.103,0.0685,0.1336,0.0263,0.0784,0.1662
2025-05-09,model_Portfolio,Hold,0.1091,0.0631,0.2223,0.0278,0.1063,0.0688,0.1341,0.026,0.0792,0.1634
2025-05-12,model_Portfolio,Hold,0.107,0.0653,0.2193,0.0297,0.1115,0.0694,0.1331,0.0267,0.0827,0.1551
2025-05-13,model_Portfolio,Hold,0.105,0.0656,0.2189,0.0302,0.1166,0.069,0.1303,0.027,0.0832,0.1542
2025-05-14,model_Portfolio,Hold,0.1056,0.0658,0.2186,0.0304,0.1159,0.0691,0.1289,0.0282,0.0823,0.1553
2025-05-15,model_Portfolio,Hold,0.1082,0.0656,0.2199,0.0293,0.1119,0.069,0.1284,0.0277,0.0818,0.1582
2025-05-16,model_Portfolio,Hold,0.1083,0.0639,0.2199,0.029,0.1098,0.0695,0.1295,0.0278,0.0834,0.1589
2025-05-19,model_Portfolio,Hold,0.1087,0.064,0.2186,0.0291,0.1078,0.0689,0.1313,0.0278,0.0838,0.1601
2025-05-20,model_Portfolio,Hold,0.109,0.0646,0.2181,0.0289,0.108,0.0689,0.1287,0.0275,0.0843,0.1621
2025-05-21,model_Portfolio,Hold,0.1095,0.0654,0.2194,0.0291,0.1068,0.0688,0.1248,0.0288,0.0833,0.1642
2025-05-22,model_Portfolio,Hold,0.1085,0.0653,0.2178,0.0295,0.1073,0.0689,0.1252,0.0293,0.0838,0.1643
2025-05-23,model_Portfolio,Hold,0.1086,0.0641,0.2185,0.0292,0.1083,0.0692,0.1241,0.029,0.0832,0.1659
2025-05-27,model_Portfolio,Hold,0.1083,0.0643,0.217,0.0295,0.1095,0.0693,0.1268,0.0293,0.083,0.1631
2025-05-28,model_Portfolio,Hold,0.1084,0.0649,0.2156,0.0295,0.1095,0.0691,0.1265,0.0294,0.0831,0.1639
2025-05-29,model_Portfolio,Hold,0.1082,0.0647,0.2157,0.0295,0.1097,0.069,0.1284,0.0291,0.0831,0.1627
2025-05-30,model_Portfolio,Hold,0.1086,0.0644,0.2169,0.0293,0.1074,0.0703,0.1262,0.029,0.0822,0.1655
2025-06-02,model_Portfolio,Hold,0.1087,0.064,0.2175,0.0296,0.1095,0.0703,0.1252,0.0286,0.0811,0.1656
2025-06-03,model_Portfolio,Hold,0.1079,0.0631,0.2163,0.0292,0.1145,0.0708,0.1254,0.0279,0.0814,0.1635
2025-06-04,model_Portfolio,Hold,0.1081,0.0644,0.2154,0.0296,0.1132,0.0706,0.1269,0.0284,0.0814,0.1619
2025-06-05,model_Portfolio,Hold,0.1094,0.0644,0.215,0.0298,0.1132,0.0699,0.1256,0.0286,0.0814,0.1628
2025-06-06,model_Portfolio,Hold,0.1079,0.0642,0.2157,0.0303,0.116,0.07,0.126,0.0292,0.0801,0.1606
2025-06-09,model_Portfolio,Hold,0.1077,0.064,0.2133,0.0308,0.1169,0.0701,0.1282,0.0296,0.0794,0.1602
2025-06-10,model_Portfolio,Hold,0.1075,0.0643,0.2111,0.0307,0.12,0.07,0.1299,0.0298,0.0792,0.1575
2025-06-11,model_Portfolio,Hold,0.1079,0.0637,0.2082,0.0299,0.1215,0.0698,0.1291,0.0294,0.08,0.1604
2025-06-12,model_Portfolio,Hold,0.1084,0.0632,0.2101,0.0298,0.1231,0.0698,0.1284,0.0291,0.0784,0.1598
2025-06-13,model_Portfolio,Hold,0.1078,0.062,0.2093,0.0296,0.1297,0.0691,0.1268,0.0289,0.0771,0.1596
2025-06-16,model_Portfolio,Hold,0.1065,0.0625,0.2103,0.0302,0.1265,0.0691,0.1277,0.0292,0.0785,0.1596
2025-06-17,model_Portfolio,Hold,0.1058,0.0624,0.2102,0.0302,0.129,0.0686,0.1259,0.0293,0.0775,0.1611
2025-06-18,model_Portfolio,Hold,0.1062,0.0615,0.212,0.03,0.1265,0.0684,0.1257,0.0289,0.0779,0.1629
2025-06-20,model_Portfolio,Hold,0.1072,0.0575,0.2144,0.0297,0.125,0.0676,0.1272,0.028,0.0791,0.1644
2025-06-23,model_Portfolio,Hold,0.1071,0.0593,0.2171,0.0295,0.1148,0.0681,0.1296,0.0276,0.0808,0.1661
2025-06-24,model_Portfolio,Hold,0.11,0.0599,0.2137,0.0298,0.1125,0.0694,0.1328,0.0277,0.0813,0.163
2025-06-25,model_Portfolio,Hold,0.111,0.0595,0.2132,0.0301,0.1116,0.0706,0.1316,0.0287,0.0813,0.1625
2025-06-26,model_Portfolio,Hold,0.1071,0.0593,0.2144,0.0306,0.1148,0.0703,0.1315,0.0289,0.0823,0.1609
2025-06-27,model_Portfolio,Hold,0.1072,0.059,0.2159,0.0313,0.115,0.0698,0.1294,0.0296,0.0826,0.1601
2025-06-30,model_Portfolio,Hold,0.1084,0.0596,0.2165,0.0307,0.1132,0.0697,0.1304,0.0292,0.0827,0.1596
2025-07-01,model_Portfolio,Rebalance,0.0424,0.0906,0.1108,0.0279,0.1707,0.0867,0.1634,0.0288,0.1327,0.146
2025-07-02,model_Portfolio,Hold,0.0414,0.0896,0.1073,0.0276,0.1739,0.0872,0.1656,0.0289,0.1315,0.147
2025-07-03,model_Portfolio,Hold,0.0412,0.0899,0.1079,0.0279,0.1734,0.0872,0.1661,0.0289,0.13,0.1475
2025-07-07,model_Portfolio,Hold,0.0414,0.0894,0.1071,0.0281,0.1739,0.0872,0.1635,0.0288,0.1302,0.1503
2025-07-08,model_Portfolio,Hold,0.0407,0.0889,0.1059,0.0272,0.1809,0.0869,0.1654,0.0279,0.1299,0.1463
2025-07-09,model_Portfolio,Hold,0.0408,0.0876,0.105,0.0277,0.1813,0.0879,0.1662,0.0284,0.1324,0.1426
2025-07-10,model_Portfolio,Hold,0.0407,0.0849,0.1048,0.0275,0.1799,0.0873,0.17,0.0284,0.1328,0.1438
2025-07-11,model_Portfolio,Hold,0.0406,0.0834,0.1049,0.0281,0.1788,0.0874,0.172,0.0291,0.1326,0.1431
2025-07-14,model_Portfolio,Hold,0.0407,0.0834,0.1065,0.0283,0.1739,0.0874,0.1707,0.0294,0.135,0.1445
2025-07-15,model_Portfolio,Hold,0.0414,0.0835,0.106,0.0288,0.169,0.0875,0.1705,0.0299,0.1358,0.1476
2025-07-16,model_Portfolio,Hold,0.0414,0.0845,0.1067,0.0284,0.1642,0.0881,0.172,0.0301,0.1365,0.1483
2025-07-17,model_Portfolio,Hold,0.0376,0.0849,0.106,0.0283,0.1695,0.0889,0.1726,0.03,0.1369,0.1452
2025-07-18,model_Portfolio,Hold,0.0388,0.0852,0.1069,0.0287,0.17,0.0898,0.1718,0.0303,0.1325,0.146
2025-07-21,model_Portfolio,Hold,0.039,0.0851,0.1061,0.0291,0.168,0.0893,0.1719,0.0312,0.1321,0.1482
2025-07-22,model_Portfolio,Hold,0.0389,0.0853,0.1063,0.0285,0.1693,0.0894,0.1749,0.0309,0.129,0.1475
2025-07-23,model_Portfolio,Hold,0.0386,0.0843,0.1055,0.0283,0.1718,0.0885,0.1781,0.0305,0.1274,0.1469
2025-07-24,model_Portfolio,Hold,0.0386,0.0833,0.1055,0.0289,0.1734,0.0887,0.1769,0.0309,0.1266,0.1471
2025-07-25,model_Portfolio,Hold,0.0388,0.0835,0.1061,0.0287,0.1711,0.089,0.1766,0.031,0.1279,0.1472
2025-07-28,model_Portfolio,Hold,0.0391,0.0825,0.1046,0.0292,0.177,0.0888,0.1717,0.0312,0.1299,0.1459
2025-07-29,model_Portfolio,Hold,0.0395,0.0827,0.1041,0.0288,0.1772,0.0883,0.1718,0.0316,0.1291,0.1469
2025-07-30,model_Portfolio,Hold,0.04,0.082,0.1027,0.029,0.1771,0.0876,0.1702,0.032,0.1258,0.1536
2025-07-31,model_Portfolio,Hold,0.0395,0.0803,0.104,0.0296,0.1762,0.0873,0.1675,0.0314,0.1287,0.1554
2025-08-01,model_Portfolio,Hold,0.0407,0.0786,0.1051,0.0278,0.1725,0.0874,0.1704,0.0316,0.1274,0.1586
2025-08-04,model_Portfolio,Hold,0.0412,0.0789,0.1046,0.0271,0.1692,0.0884,0.1714,0.0323,0.1293,0.1576
2025-08-05,model_Portfolio,Hold,0.0411,0.0748,0.1042,0.0272,0.1709,0.0893,0.1723,0.032,0.1303,0.1579
2025-08-06,model_Portfolio,Hold,0.0415,0.0755,0.1087,0.0285,0.1673,0.089,0.1642,0.0325,0.132,0.1607
2025-08-07,model_Portfolio,Hold,0.0413,0.0727,0.107,0.0282,0.1776,0.0875,0.1633,0.0321,0.1308,0.1594
2025-08-08,model_Portfolio,Hold,0.0416,0.0712,0.1073,0.0279,0.181,0.0868,0.1611,0.0326,0.1309,0.1595
2025-08-11,model_Portfolio,Hold,0.0408,0.0713,0.1083,0.0278,0.1807,0.0855,0.1564,0.0326,0.133,0.1636
2025-08-12,model_Portfolio,Hold,0.0402,0.0701,0.1063,0.0275,0.183,0.086,0.1584,0.0326,0.1335,0.1624
2025-08-13,model_Portfolio,Hold,0.0393,0.0717,0.1074,0.0276,0.1822,0.0866,0.1595,0.0321,0.1341,0.1595
2025-08-14,model_Portfolio,Hold,0.0394,0.0722,0.1075,0.0285,0.1824,0.0864,0.1592,0.0324,0.1317,0.1603
2025-08-15,model_Portfolio,Hold,0.0401,0.0723,0.1074,0.0285,0.1821,0.0858,0.1624,0.0325,0.128,0.1608
2025-08-18,model_Portfolio,Hold,0.0396,0.0728,0.1076,0.0285,0.1811,0.0849,0.1644,0.0323,0.1281,0.1608
2025-08-19,model_Portfolio,Hold,0.0396,0.0743,0.108,0.0278,0.1784,0.085,0.1655,0.0318,0.1284,0.1612
2025-08-20,model_Portfolio,Hold,0.0398,0.0738,0.1092,0.0272,0.1786,0.0853,0.1633,0.0313,0.1283,0.1631
2025-08-21,model_Portfolio,Hold,0.0396,0.0733,0.1093,0.0269,0.1807,0.0854,0.1628,0.0313,0.1277,0.1629
2025-08-22,model_Portfolio,Hold,0.0388,0.0729,0.1068,0.0271,0.1849,0.085,0.166,0.0315,0.1281,0.1589
2025-08-25,model_Portfolio,Hold,0.0386,0.0721,0.1059,0.027,0.1914,0.0836,0.1652,0.032,0.1265,0.1576
2025-08-26,model_Portfolio,Hold,0.0386,0.0721,0.1069,0.0272,0.1896,0.0837,0.1663,0.0318,0.1273,0.1565
2025-08-27,model_Portfolio,Hold,0.0384,0.0722,0.1055,0.0271,0.1925,0.0834,0.1672,0.0317,0.1266,0.1555
2025-08-28,model_Portfolio,Hold,0.0382,0.0716,0.1038,0.0272,0.1951,0.0832,0.1667,0.0322,0.1269,0.1549
2025-08-29,model_Portfolio,Hold,0.0384,0.0723,0.104,0.0268,0.1961,0.0825,0.1671,0.0322,0.1246,0.156
2025-09-02,model_Portfolio,Hold,0.0381,0.0714,0.1031,0.0264,0.2019,0.0822,0.1645,0.0321,0.124,0.1562
2025-09-03,model_Portfolio,Hold,0.0386,0.0715,0.1051,0.0267,0.1937,0.0826,0.1671,0.0353,0.1231,0.1563
2025-09-04,model_Portfolio,Hold,0.0383,0.0701,0.1053,0.0275,0.1973,0.0811,0.1674,0.035,0.1242,0.154
2025-09-05,model_Portfolio,Hold,0.0384,0.0709,0.1041,0.0272,0.1921,0.0813,0.1716,0.0355,0.1244,0.1544
2025-09-08,model_Portfolio,Hold,0.0385,0.0715,0.1041,0.0278,0.1891,0.0815,0.1744,0.0356,0.1241,0.1535
2025-09-09,model_Portfolio,Hold,0.0387,0.0711,0.105,0.0283,0.1857,0.0818,0.1722,0.0368,0.1245,0.1559
2025-09-10,model_Portfolio,Hold,0.0375,0.0678,0.1047,0.027,0.1973,0.0809,0.1708,0.0363,0.1234,0.1542
2025-09-11,model_Portfolio,Hold,0.0382,0.0675,0.1052,0.0268,0.193,0.0822,0.1708,0.0362,0.1271,0.1531
2025-09-12,model_Portfolio,Hold,0.0386,0.0662,0.106,0.0266,0.1924,0.0819,0.1717,0.0364,0.1261,0.1542
2025-09-15,model_Portfolio,Hold,0.0379,0.066,0.1054,0.027,0.1932,0.0811,0.1732,0.038,0.1253,0.1528
2025-09-16,model_Portfolio,Hold,0.0379,0.065,0.1034,0.027,0.2043,0.0789,0.1715,0.0375,0.1237,0.1508
2025-09-17,model_Portfolio,Hold,0.0383,0.0662,0.1049,0.0267,0.2012,0.0804,0.1702,0.0373,0.1226,0.1523
2025-09-18,model_Portfolio,Hold,0.0384,0.0658,0.1039,0.0267,0.1994,0.0811,0.1751,0.0377,0.123,0.1489
2025-09-19,model_Portfolio,Hold,0.039,0.066,0.1042,0.0268,0.1964,0.0806,0.173,0.0382,0.1243,0.1515
2025-09-22,model_Portfolio,Hold,0.0394,0.0665,0.1042,0.0265,0.1987,0.0804,0.1735,0.0381,0.1228,0.1499
2025-09-23,model_Portfolio,Hold,0.039,0.0649,0.1045,0.0256,0.2009,0.0769,0.1747,0.0378,0.1241,0.1516
2025-09-24,model_Portfolio,Hold,0.0384,0.0659,0.1055,0.0255,0.2044,0.0757,0.1725,0.0371,0.1228,0.1522
2025-09-25,model_Portfolio,Hold,0.0386,0.0647,0.1066,0.0255,0.2057,0.0746,0.1706,0.0372,0.1227,0.1538
2025-09-26,model_Portfolio,Hold,0.0383,0.066,0.1076,0.0255,0.207,0.0743,0.1687,0.0371,0.1216,0.1538
2025-09-29,model_Portfolio,Hold,0.0381,0.0681,0.1074,0.0258,0.2037,0.0752,0.1695,0.0366,0.1223,0.1534
2025-09-30,model_Portfolio,Hold,0.0383,0.0678,0.1075,0.0254,0.2027,0.0756,0.1696,0.0364,0.1229,0.1539
2025-10-01,model_Portfolio,Rebalance,0.1321,0.0717,0.1492,0.0259,0.1451,0.0638,0.1529,0.0279,0.0819,0.1495
2025-10-02,model_Portfolio,Hold,0.1324,0.0723,0.1499,0.0262,0.1391,0.0646,0.1542,0.0282,0.0839,0.1492
2025-10-03,model_Portfolio,Hold,0.1329,0.0721,0.151,0.0257,0.1418,0.0643,0.1532,0.0279,0.0831,0.1479
2025-10-06,model_Portfolio,Hold,0.1326,0.0732,0.1527,0.0259,0.1458,0.0645,0.1468,0.0286,0.082,0.1478
2025-10-07,model_Portfolio,Hold,0.1321,0.0742,0.1527,0.0261,0.1458,0.0646,0.1436,0.0281,0.0819,0.1509
2025-10-08,model_Portfolio,Hold,0.1348,0.0755,0.1529,0.0268,0.1445,0.0647,0.1398,0.0283,0.0831,0.1497
2025-10-09,model_Portfolio,Hold,0.1354,0.0761,0.1537,0.0274,0.1406,0.064,0.1399,0.0283,0.0824,0.1521
2025-10-10,model_Portfolio,Hold,0.1373,0.0742,0.1564,0.0265,0.133,0.0639,0.1417,0.0282,0.0817,0.157
2025-10-13,model_Portfolio,Hold,0.1356,0.0747,0.1549,0.0269,0.1378,0.0646,0.1411,0.029,0.0827,0.1527
2025-10-14,model_Portfolio,Hold,0.1363,0.0743,0.1553,0.0262,0.1372,0.0643,0.1421,0.0289,0.0828,0.1525
2025-10-15,model_Portfolio,Hold,0.1336,0.0733,0.1536,0.0262,0.1397,0.0635,0.1449,0.0297,0.0836,0.1519
2025-10-16,model_Portfolio,Hold,0.1337,0.0726,0.1515,0.0265,0.1404,0.0634,0.1452,0.0302,0.0838,0.1527
2025-10-17,model_Portfolio,Hold,0.1343,0.0737,0.1525,0.0262,0.1371,0.0632,0.1443,0.0303,0.0842,0.1542
2025-10-20,model_Portfolio,Hold,0.1343,0.0743,0.1528,0.0265,0.1359,0.063,0.1466,0.0305,0.0847,0.1515
2025-10-21,model_Portfolio,Hold,0.1315,0.0765,0.1512,0.027,0.1357,0.0627,0.1459,0.0296,0.0907,0.1491
2025-10-22,model_Portfolio,Hold,0.1312,0.0756,0.1498,0.0263,0.1382,0.062,0.1469,0.0296,0.0905,0.1498
2025-10-23,model_Portfolio,Hold,0.1281,0.075,0.1478,0.0264,0.1471,0.0618,0.1437,0.0294,0.0919,0.1486
2025-10-24,model_Portfolio,Hold,0.1293,0.0747,0.148,0.0269,0.1431,0.0621,0.1454,0.0304,0.0907,0.1495
2025-10-27,model_Portfolio,Hold,0.1297,0.0757,0.1487,0.0273,0.1403,0.0623,0.1463,0.0315,0.0907,0.1475
2025-10-28,model_Portfolio,Hold,0.1338,0.0793,0.1528,0.0286,0.1415,0.0642,0.1226,0.0324,0.0931,0.1517
2025-10-29,model_Portfolio,Hold,0.1341,0.0791,0.1544,0.0293,0.1432,0.064,0.1167,0.0339,0.0937,0.1516
2025-10-30,model_Portfolio,Hold,0.1365,0.0808,0.1585,0.0288,0.1445,0.064,0.1137,0.0353,0.0962,0.1419
2025-10-31,model_Portfolio,Hold,0.1346,0.0806,0.1581,0.0313,0.1453,0.0631,0.1168,0.0351,0.0957,0.1393
2025-11-03,model_Portfolio,Hold,0.1359,0.0807,0.1591,0.0329,0.1454,0.0627,0.1126,0.0357,0.094,0.1411
2025-11-04,model_Portfolio,Hold,0.1385,0.0792,0.1623,0.0324,0.1433,0.0633,0.1095,0.035,0.0934,0.1431
2025-11-05,model_Portfolio,Hold,0.1366,0.0805,0.1653,0.0323,0.1399,0.0622,0.1101,0.0358,0.0952,0.1422
2025-11-06,model_Portfolio,Hold,0.1347,0.0771,0.1662,0.0309,0.1502,0.0667,0.1056,0.0352,0.0933,0.1401
2025-11-07,model_Portfolio,Hold,0.1347,0.0776,0.1648,0.0307,0.1497,0.0661,0.1092,0.0341,0.0928,0.1403
2025-11-10,model_Portfolio,Hold,0.1341,0.0771,0.1639,0.0312,0.1528,0.0657,0.1065,0.0354,0.0943,0.139
2025-11-11,model_Portfolio,Hold,0.1342,0.0759,0.163,0.031,0.1532,0.0662,0.1068,0.0353,0.0942,0.1401
2025-11-12,model_Portfolio,Hold,0.1366,0.0774,0.1647,0.0305,0.1492,0.0662,0.1051,0.0349,0.0958,0.1396
2025-11-13,model_Portfolio,Hold,0.1369,0.0776,0.1651,0.0297,0.1541,0.0666,0.1019,0.0338,0.0954,0.1389
2025-11-14,model_Portfolio,Hold,0.1385,0.077,0.1644,0.0293,0.1549,0.0657,0.1022,0.0336,0.0943,0.14
2025-11-17,model_Portfolio,Hold,0.1396,0.0767,0.1634,0.0295,0.1543,0.0649,0.1006,0.0351,0.0942,0.1416
2025-11-18,model_Portfolio,Hold,0.1392,0.0761,0.1622,0.0281,0.1573,0.0645,0.1003,0.0349,0.0942,0.1432
2025-11-19,model_Portfolio,Hold,0.1369,0.0775,0.1618,0.0285,0.1538,0.0657,0.099,0.0365,0.0959,0.1444
2025-11-20,model_Portfolio,Hold,0.136,0.0782,0.1652,0.0281,0.1511,0.0658,0.0987,0.0364,0.0958,0.1448
2025-11-21,model_Portfolio,Hold,0.1375,0.08,0.1622,0.0279,0.1514,0.066,0.1006,0.0369,0.0957,0.1417
2025-11-24,model_Portfolio,Hold,0.1364,0.0774,0.1613,0.0286,0.1542,0.0657,0.1012,0.0392,0.0965,0.1395
2025-11-25,model_Portfolio,Hold,0.1359,0.0783,0.1614,0.0287,0.1506,0.0657,0.103,0.0394,0.0966,0.1405
2025-11-26,model_Portfolio,Hold,0.1359,0.0776,0.1592,0.0286,0.1537,0.0654,0.1044,0.0388,0.0958,0.1408
2025-11-28,model_Portfolio,Hold,0.1355,0.0778,0.158,0.0289,0.1547,0.0656,0.104,0.0386,0.096,0.1408
2025-12-01,model_Portfolio,Hold,0.1346,0.0802,0.1569,0.029,0.1566,0.0655,0.1029,0.038,0.0951,0.1411
2025-12-02,model_Portfolio,Hold,0.1329,0.0813,0.1559,0.0291,0.1577,0.0645,0.1043,0.0381,0.0957,0.1404
2025-12-03,model_Portfolio,Hold,0.1314,0.0848,0.1558,0.0287,0.1666,0.0653,0.0936,0.0385,0.0963,0.139
2025-12-04,model_Portfolio,Hold,0.1327,0.0844,0.1574,0.0286,0.1665,0.0661,0.0908,0.0385,0.095,0.14
2025-12-05,model_Portfolio,Hold,0.1326,0.0837,0.1579,0.0287,0.1693,0.066,0.0889,0.0391,0.0942,0.1395
2025-12-08,model_Portfolio,Hold,0.1323,0.0855,0.1595,0.029,0.1669,0.0611,0.0898,0.039,0.0942,0.1428
2025-12-09,model_Portfolio,Hold,0.1311,0.0863,0.1591,0.029,0.1681,0.0596,0.0902,0.0393,0.0947,0.1427
2025-12-10,model_Portfolio,Hold,0.1316,0.0865,0.1568,0.0293,0.1665,0.0607,0.0919,0.0394,0.0943,0.1429
2025-12-11,model_Portfolio,Hold,0.1322,0.0859,0.159,0.0291,0.164,0.0625,0.0901,0.0385,0.0959,0.1429
2025-12-12,model_Portfolio,Hold,0.1338,0.0858,0.1599,0.0284,0.1629,0.0619,0.0917,0.0379,0.0955,0.1422
2025-12-15,model_Portfolio,Hold,0.1367,0.0865,0.1616,0.0279,0.1584,0.0623,0.0929,0.0376,0.0935,0.1426
2025-12-16,model_Portfolio,Hold,0.1372,0.0871,0.1613,0.0284,0.1527,0.0626,0.0936,0.038,0.0936,0.1456
2025-12-17,model_Portfolio,Hold,0.1362,0.0871,0.1618,0.028,0.156,0.0633,0.0942,0.0366,0.0925,0.1443
2025-12-18,model_Portfolio,Hold,0.1354,0.0865,0.1629,0.0289,0.1518,0.063,0.0976,0.0376,0.0929,0.1434
2025-12-19,model_Portfolio,Hold,0.1358,0.0873,0.1627,0.029,0.1538,0.0621,0.0956,0.0382,0.093,0.1426
2025-12-22,model_Portfolio,Hold,0.135,0.0864,0.1616,0.029,0.1551,0.0631,0.0966,0.0383,0.0915,0.1434
2025-12-23,model_Portfolio,Hold,0.1342,0.0864,0.1626,0.0295,0.1547,0.063,0.0955,0.0389,0.0916,0.1437
2025-12-24,model_Portfolio,Hold,0.1342,0.086,0.1621,0.0295,0.1544,0.0632,0.0966,0.0388,0.0915,0.1439
2025-12-26,model_Portfolio,Hold,0.1345,0.0865,0.1613,0.0295,0.1535,0.0637,0.0965,0.0388,0.0926,0.1433
2025-12-29,model_Portfolio,Hold,0.1339,0.0864,0.161,0.0294,0.1544,0.0636,0.0974,0.0387,0.0922,0.1431
2025-12-30,model_Portfolio,Hold,0.1345,0.0855,0.1614,0.0293,0.1556,0.0636,0.0975,0.0385,0.0914,0.1427
2022-01-20,model_Portfolio,Rebalance,0.0662,0.0917,0.1485,0.0288,0.159,0.0843,0.157,0.0273,0.0776,0.1598
2022-01-21,model_Portfolio,Hold,0.0678,0.0911,0.1482,0.0275,0.1555,0.0843,0.158,0.0271,0.0783,0.1622
2022-01-24,model_Portfolio,Hold,0.0666,0.0919,0.1494,0.0278,0.1574,0.0842,0.1566,0.0271,0.0782,0.1607
2022-01-25,model_Portfolio,Hold,0.0657,0.0899,0.149,0.0266,0.1688,0.0824,0.1542,0.0261,0.0779,0.1594
2022-01-26,model_Portfolio,Hold,0.0646,0.0895,0.1511,0.0267,0.1707,0.0823,0.1522,0.0268,0.0767,0.1593
2022-01-27,model_Portfolio,Hold,0.0649,0.0904,0.1506,0.0269,0.17,0.0822,0.149,0.0268,0.0771,0.1622
2022-01-28,model_Portfolio,Hold,0.0668,0.0921,0.1502,0.0274,0.1694,0.0819,0.1507,0.0274,0.0732,0.161
2022-01-31,model_Portfolio,Hold,0.0669,0.0936,0.1491,0.0281,0.1671,0.082,0.1526,0.0274,0.0734,0.1598
2022-02-01,model_Portfolio,Hold,0.0662,0.0927,0.1479,0.0281,0.1731,0.082,0.1515,0.0276,0.0733,0.1576
2022-02-02,model_Portfolio,Hold,0.0672,0.0935,0.1486,0.0278,0.1721,0.0813,0.1516,0.0295,0.0724,0.156
2022-02-03,model_Portfolio,Hold,0.0681,0.0912,0.1508,0.026,0.1733,0.0814,0.1498,0.0289,0.0725,0.158
2022-02-04,model_Portfolio,Hold,0.0681,0.0919,0.1535,0.0296,0.1735,0.0765,0.1492,0.029,0.071,0.1576
2022-02-07,model_Portfolio,Hold,0.0677,0.0917,0.156,0.0298,0.1728,0.0745,0.1479,0.0284,0.0718,0.1594
2022-02-08,model_Portfolio,Hold,0.0683,0.0923,0.1583,0.0306,0.1672,0.0743,0.1479,0.0285,0.0725,0.1601
2022-02-09,model_Portfolio,Hold,0.0683,0.0938,0.1563,0.0301,0.1678,0.0752,0.1493,0.0286,0.0721,0.1585
2022-02-10,model_Portfolio,Hold,0.068,0.0919,0.1577,0.0302,0.1707,0.0744,0.1471,0.0285,0.0716,0.1599
2022-02-11,model_Portfolio,Hold,0.0672,0.0888,0.158,0.0293,0.1751,0.0724,0.1482,0.0277,0.0719,0.1613
2022-02-14,model_Portfolio,Hold,0.0669,0.0896,0.1582,0.0302,0.1679,0.0735,0.1493,0.0285,0.0725,0.1634
2022-02-15,model_Portfolio,Hold,0.0671,0.0898,0.1589,0.0303,0.1671,0.0743,0.1494,0.0285,0.0717,0.1629
2022-02-16,model_Portfolio,Hold,0.0667,0.0907,0.1582,0.0305,0.1675,0.0733,0.1505,0.0287,0.0707,0.1633
2022-02-17,model_Portfolio,Hold,0.0658,0.0888,0.1569,0.0302,0.1695,0.0727,0.1514,0.0279,0.069,0.1678
2022-02-18,model_Portfolio,Hold,0.064,0.0887,0.1574,0.0299,0.1689,0.0734,0.1517,0.0276,0.0688,0.1696
2022-02-22,model_Portfolio,Hold,0.065,0.0895,0.1578,0.0297,0.1644,0.0729,0.1546,0.0277,0.0689,0.1696
2022-02-23,model_Portfolio,Hold,0.0654,0.0881,0.1563,0.0289,0.1649,0.0725,0.1546,0.0275,0.0685,0.1734
2022-02-24,model_Portfolio,Hold,0.0661,0.0887,0.1509,0.0301,0.1724,0.0725,0.1578,0.0285,0.068,0.1651
2022-02-25,model_Portfolio,Hold,0.066,0.0877,0.1519,0.0296,0.174,0.0718,0.1558,0.028,0.069,0.1661
2022-02-28,model_Portfolio,Hold,0.0651,0.086,0.1499,0.0296,0.1843,0.0706,0.1525,0.0281,0.0682,0.1656
2022-03-01,model_Portfolio,Hold,0.0641,0.0851,0.1443,0.0293,0.1939,0.0692,0.1519,0.0281,0.0667,0.1674
2022-03-02,model_Portfolio,Hold,0.0641,0.0855,0.1457,0.0289,0.1934,0.0688,0.1507,0.0277,0.0667,0.1684
2022-03-03,model_Portfolio,Hold,0.064,0.085,0.1471,0.0279,0.1941,0.0679,0.1516,0.0273,0.0667,0.1683
2022-03-04,model_Portfolio,Hold,0.064,0.0835,0.1441,0.0274,0.1996,0.0667,0.1531,0.0268,0.0658,0.1688
2022-03-07,model_Portfolio,Hold,0.0644,0.0833,0.1455,0.0266,0.1969,0.0665,0.1531,0.0264,0.066,0.1713
2022-03-08,model_Portfolio,Hold,0.0631,0.0827,0.1465,0.0264,0.2013,0.0659,0.1547,0.0267,0.0672,0.1656
2022-03-09,model_Portfolio,Hold,0.0636,0.0837,0.1474,0.0267,0.1991,0.0675,0.1539,0.0276,0.0669,0.1638
2022-03-10,model_Portfolio,Hold,0.0625,0.0833,0.1456,0.028,0.2049,0.0673,0.1524,0.0273,0.0653,0.1636
2022-03-11,model_Portfolio,Hold,0.0618,0.0851,0.1478,0.0282,0.2029,0.0659,0.1524,0.0272,0.065,0.1638
2022-03-14,model_Portfolio,Hold,0.063,0.0846,0.1509,0.0276,0.1965,0.0659,0.1533,0.0265,0.0665,0.165
2022-03-15,model_Portfolio,Hold,0.0636,0.0862,0.1507,0.0285,0.1903,0.0667,0.1539,0.027,0.0664,0.1668
2022-03-16,model_Portfolio,Hold,0.064,0.0877,0.1524,0.0293,0.1891,0.0666,0.153,0.0275,0.0662,0.1643
2022-03-17,model_Portfolio,Hold,0.0636,0.0845,0.1502,0.0295,0.1984,0.0664,0.1519,0.0271,0.0659,0.1624
2022-03-18,model_Portfolio,Hold,0.064,0.0854,0.1497,0.0301,0.196,0.0671,0.1526,0.0275,0.0659,0.1617
2022-03-21,model_Portfolio,Hold,0.063,0.0846,0.1492,0.0298,0.2027,0.0671,0.1493,0.0272,0.0653,0.1617
2022-03-22,model_Portfolio,Hold,0.0626,0.0848,0.1506,0.0303,0.1995,0.0673,0.148,0.0277,0.0655,0.1638
2022-03-23,model_Portfolio,Hold,0.0606,0.0838,0.1503,0.0303,0.2024,0.0676,0.1472,0.0277,0.0651,0.1651
2022-03-24,model_Portfolio,Hold,0.0606,0.0843,0.1507,0.0301,0.2009,0.069,0.1471,0.0281,0.0651,0.1642
2022-03-25,model_Portfolio,Hold,0.0602,0.0836,0.1509,0.0298,0.2015,0.0691,0.1472,0.0277,0.0647,0.1652
2022-03-28,model_Portfolio,Hold,0.0614,0.0853,0.1518,0.0309,0.1954,0.0703,0.1501,0.0279,0.065,0.162
2022-03-29,model_Portfolio,Hold,0.0606,0.0866,0.1498,0.0305,0.198,0.0705,0.1524,0.0277,0.0652,0.1586
2022-03-30,model_Portfolio,Hold,0.0606,0.0859,0.1499,0.0299,0.1988,0.0706,0.1526,0.0276,0.0648,0.1595
2022-03-31,model_Portfolio,Hold,0.0599,0.0861,0.1483,0.0295,0.2006,0.0705,0.1529,0.0272,0.0641,0.161
2022-04-01,model_Portfolio,Hold,0.0594,0.0859,0.1476,0.0292,0.2025,0.0694,0.1546,0.0271,0.0637,0.1606
2022-04-04,model_Portfolio,Hold,0.0594,0.0867,0.1445,0.03,0.2057,0.0703,0.1521,0.0275,0.0635,0.1602
2022-04-05,model_Portfolio,Hold,0.0602,0.087,0.146,0.0295,0.2012,0.0706,0.1531,0.0273,0.0637,0.1613
2022-04-06,model_Portfolio,Hold,0.0602,0.0861,0.1485,0.0285,0.1964,0.07,0.1553,0.0264,0.0641,0.1645
2022-04-07,model_Portfolio,Hold,0.0619,0.0864,0.1487,0.0283,0.1971,0.0703,0.1531,0.0263,0.0639,0.164
2022-04-08,model_Portfolio,Hold,0.0613,0.0849,0.1481,0.0274,0.2049,0.0696,0.1513,0.0256,0.0633,0.1637
2022-04-11,model_Portfolio,Hold,0.0608,0.0835,0.1501,0.0273,0.1993,0.0705,0.1508,0.0252,0.0646,0.1678
2022-04-12,model_Portfolio,Hold,0.0598,0.0832,0.149,0.0272,0.2041,0.0697,0.1495,0.0249,0.0638,0.1688
2022-04-13,model_Portfolio,Hold,0.06,0.0823,0.1477,0.0278,0.2089,0.0696,0.1487,0.0251,0.0632,0.1667
2022-04-14,model_Portfolio,Hold,0.0594,0.0811,0.1493,0.0272,0.2104,0.0691,0.1479,0.0246,0.0629,0.1681
2022-04-18,model_Portfolio,Hold,0.0589,0.0799,0.1502,0.0275,0.2125,0.0691,0.1468,0.0248,0.0626,0.1675
2022-04-19,model_Portfolio,Hold,0.0599,0.0806,0.1481,0.0281,0.2115,0.0691,0.1473,0.0249,0.0634,0.1671
2022-04-20,model_Portfolio,Hold,0.0608,0.0808,0.1497,0.0272,0.2099,0.0685,0.1489,0.0244,0.0632,0.1665
2022-04-21,model_Portfolio,Hold,0.0618,0.0813,0.1486,0.0264,0.2024,0.0698,0.1495,0.024,0.0644,0.1717
2022-04-22,model_Portfolio,Hold,0.0617,0.0806,0.1479,0.0265,0.2008,0.0695,0.1507,0.0237,0.0651,0.1735
2022-04-25,model_Portfolio,Hold,0.0625,0.0831,0.1473,0.0271,0.1949,0.0702,0.1502,0.0246,0.0656,0.1744
2022-04-26,model_Portfolio,Hold,0.0622,0.0812,0.1464,0.0264,0.1966,0.0696,0.1515,0.0243,0.0649,0.177
2022-04-27,model_Portfolio,Hold,0.0618,0.0808,0.1459,0.026,0.2027,0.0701,0.1483,0.0233,0.0647,0.1764
2022-04-28,model_Portfolio,Hold,0.0616,0.0825,0.1401,0.0269,0.2072,0.0697,0.1485,0.0238,0.065,0.1747
2022-04-29,model_Portfolio,Hold,0.0609,0.0811,0.1391,0.0237,0.2101,0.0697,0.1459,0.0235,0.0655,0.1806
2022-05-02,model_Portfolio,Hold,0.0607,0.0825,0.1396,0.0238,0.2091,0.0703,0.1431,0.0241,0.0664,0.1805
2022-05-03,model_Portfolio,Hold,0.0595,0.0813,0.1389,0.0234,0.2155,0.0703,0.1428,0.0239,0.0664,0.178
2022-05-04,model_Portfolio,Hold,0.0592,0.0811,0.1383,0.0229,0.2214,0.0703,0.1409,0.024,0.0668,0.175
2022-05-05,model_Portfolio,Hold,0.0604,0.0803,0.1404,0.0221,0.2112,0.07,0.143,0.0239,0.0676,0.1812
2022-05-06,model_Portfolio,Hold,0.0592,0.0785,0.139,0.0215,0.2226,0.069,0.1391,0.0234,0.0667,0.1808
2022-05-09,model_Portfolio,Hold,0.0598,0.0805,0.145,0.0215,0.1999,0.072,0.139,0.0241,0.0718,0.1864
2022-05-10,model_Portfolio,Hold,0.0606,0.0822,0.1474,0.022,0.203,0.0726,0.1383,0.0249,0.0716,0.1774
2022-05-11,model_Portfolio,Hold,0.0601,0.0803,0.1463,0.0213,0.2082,0.0734,0.1372,0.0248,0.0704,0.1779
2022-05-12,model_Portfolio,Hold,0.0613,0.0803,0.1442,0.0216,0.2066,0.0729,0.1373,0.0246,0.0719,0.1794
2022-05-13,model_Portfolio,Hold,0.0606,0.0796,0.1405,0.0222,0.2171,0.0715,0.1371,0.0246,0.0697,0.1772
2022-05-16,model_Portfolio,Hold,0.0601,0.0789,0.1393,0.0216,0.2223,0.0708,0.1349,0.0241,0.0698,0.1783
2022-05-17,model_Portfolio,Hold,0.0616,0.0788,0.1405,0.0221,0.2221,0.0715,0.133,0.0241,0.0694,0.1769
2022-05-18,model_Portfolio,Hold,0.063,0.0771,0.1435,0.0213,0.2162,0.0727,0.1318,0.024,0.0704,0.1801
2022-05-19,model_Portfolio,Hold,0.0633,0.0775,0.1428,0.0215,0.22,0.0732,0.1327,0.0239,0.0708,0.1743
2022-05-20,model_Portfolio,Hold,0.0634,0.078,0.1407,0.0214,0.2233,0.0738,0.1336,0.0234,0.0689,0.1734
2022-05-23,model_Portfolio,Hold,0.0628,0.0779,0.1408,0.0209,0.2308,0.0721,0.1311,0.0234,0.0674,0.1726
2022-05-24,model_Portfolio,Hold,0.0623,0.077,0.1426,0.0203,0.2286,0.072,0.1311,0.0223,0.0682,0.1757
2022-05-25,model_Portfolio,Hold,0.061,0.0759,0.1422,0.0205,0.2351,0.0708,0.1291,0.0219,0.0672,0.1762
2022-05-26,model_Portfolio,Hold,0.0609,0.0778,0.143,0.021,0.2327,0.0714,0.1294,0.022,0.0667,0.1752
2022-05-27,model_Portfolio,Hold,0.0603,0.0792,0.1425,0.0212,0.2357,0.0719,0.1302,0.0223,0.0661,0.1706
2022-05-31,model_Portfolio,Hold,0.0612,0.0782,0.1439,0.0223,0.2343,0.0711,0.1291,0.0228,0.0665,0.1707
2022-06-01,model_Portfolio,Hold,0.0601,0.0786,0.1425,0.0226,0.2382,0.0706,0.1278,0.0229,0.0654,0.1713
2022-06-02,model_Portfolio,Hold,0.0608,0.0799,0.1409,0.0231,0.2351,0.0726,0.1288,0.0234,0.0656,0.1698
2022-06-03,model_Portfolio,Hold,0.0606,0.0798,0.1395,0.0226,0.2404,0.0728,0.1269,0.0229,0.0649,0.1696
2022-06-06,model_Portfolio,Hold,0.0603,0.0795,0.1399,0.023,0.2409,0.0741,0.1259,0.0233,0.0648,0.1684
2022-06-07,model_Portfolio,Hold,0.0594,0.0784,0.1383,0.0222,0.2501,0.0736,0.1248,0.0229,0.0638,0.1664
2022-06-08,model_Portfolio,Hold,0.06,0.0798,0.1402,0.0226,0.2564,0.0733,0.122,0.0236,0.0651,0.157
2022-06-09,model_Portfolio,Hold,0.0602,0.0795,0.14,0.0221,0.2559,0.0752,0.1201,0.0236,0.0659,0.1576
2022-06-10,model_Portfolio,Hold,0.06,0.0788,0.1389,0.0214,0.2557,0.0754,0.1196,0.0234,0.0644,0.1624
2022-06-13,model_Portfolio,Hold,0.0607,0.0797,0.1404,0.0211,0.2499,0.0772,0.117,0.0234,0.0668,0.1638
2022-06-14,model_Portfolio,Hold,0.0591,0.0796,0.1407,0.0209,0.2529,0.0763,0.1162,0.0236,0.0664,0.1643
2022-06-15,model_Portfolio,Hold,0.0601,0.0812,0.1419,0.022,0.2505,0.0762,0.1163,0.0242,0.0659,0.1619
2022-06-16,model_Portfolio,Hold,0.0609,0.0814,0.1443,0.022,0.2386,0.0779,0.1164,0.0243,0.0668,0.1674
2022-06-17,model_Portfolio,Hold,0.0619,0.0837,0.1461,0.0228,0.2267,0.0791,0.1188,0.0249,0.067,0.169
2022-06-21,model_Portfolio,Hold,0.0619,0.0844,0.1466,0.0229,0.2291,0.0794,0.1166,0.0254,0.066,0.1675
2022-06-22,model_Portfolio,Hold,0.0644,0.0881,0.1503,0.0237,0.2192,0.0817,0.1217,0.0262,0.0681,0.1566
2022-06-23,model_Portfolio,Hold,0.0648,0.0878,0.1493,0.0244,0.2115,0.082,0.1257,0.0263,0.0679,0.1603
2022-06-24,model_Portfolio,Hold,0.0649,0.0893,0.1508,0.0246,0.2067,0.0829,0.127,0.0269,0.0681,0.1589
2022-06-27,model_Portfolio,Hold,0.0646,0.0872,0.1509,0.0238,0.2123,0.0809,0.1288,0.0263,0.0672,0.158
2022-06-28,model_Portfolio,Hold,0.0635,0.0847,0.1512,0.0227,0.2201,0.0798,0.128,0.0255,0.0661,0.1583
2022-06-29,model_Portfolio,Hold,0.0661,0.0853,0.1531,0.0235,0.2092,0.0817,0.1318,0.026,0.0672,0.1562
2022-06-30,model_Portfolio,Hold,0.0664,0.0854,0.1543,0.0231,0.2042,0.0821,0.1335,0.0256,0.0676,0.1578
2022-07-01,model_Portfolio,Rebalance,0.0313,0.02,0.02,0.8085,0.02,0.02,0.02,0.0202,0.02,0.02
2022-07-05,model_Portfolio,Hold,0.0302,0.0191,0.0192,0.8153,0.018,0.0192,0.0196,0.0205,0.0196,0.0192
2022-07-06,model_Portfolio,Hold,0.0299,0.019,0.0193,0.8167,0.0175,0.0189,0.0196,0.0206,0.0196,0.0189
2022-07-07,model_Portfolio,Hold,0.0296,0.0189,0.0191,0.8169,0.0186,0.0185,0.0192,0.021,0.0193,0.0188
2022-07-08,model_Portfolio,Hold,0.0298,0.019,0.0192,0.8166,0.0189,0.0183,0.0189,0.0212,0.0192,0.0188
2022-07-11,model_Portfolio,Hold,0.0305,0.0193,0.0197,0.8128,0.0191,0.019,0.0191,0.0212,0.0198,0.0196
2022-07-12,model_Portfolio,Hold,0.031,0.0196,0.0199,0.8105,0.0185,0.0192,0.0195,0.0213,0.0204,0.0201
2022-07-13,model_Portfolio,Hold,0.0302,0.0194,0.0194,0.8141,0.0186,0.0188,0.019,0.0207,0.02,0.0199
2022-07-14,model_Portfolio,Hold,0.0302,0.0192,0.019,0.8166,0.0179,0.0183,0.0186,0.0205,0.02,0.0197
2022-07-15,model_Portfolio,Hold,0.0303,0.0189,0.0189,0.8178,0.0177,0.0181,0.0188,0.0203,0.0198,0.0194
2022-07-18,model_Portfolio,Hold,0.0298,0.0187,0.0188,0.819,0.0181,0.018,0.0187,0.0198,0.0196,0.0195
2022-07-19,model_Portfolio,Hold,0.0295,0.0188,0.0184,0.8202,0.0183,0.0178,0.0186,0.0199,0.0194,0.0191
2022-07-20,model_Portfolio,Hold,0.0282,0.0183,0.0177,0.8257,0.0181,0.0174,0.0182,0.0193,0.0189,0.0183
2022-07-21,model_Portfolio,Hold,0.0284,0.0185,0.0176,0.827,0.017,0.0174,0.018,0.0191,0.0188,0.0182
2022-07-22,model_Portfolio,Hold,0.0285,0.0188,0.018,0.8256,0.0168,0.0177,0.0186,0.0183,0.0191,0.0186
2022-07-25,model_Portfolio,Hold,0.0285,0.019,0.0184,0.8229,0.018,0.0178,0.0187,0.0184,0.0192,0.0191
2022-07-26,model_Portfolio,Hold,0.0299,0.0196,0.019,0.8142,0.0185,0.0186,0.0203,0.0187,0.0211,0.0201
2022-07-27,model_Portfolio,Hold,0.0288,0.0195,0.0183,0.8192,0.0183,0.018,0.0196,0.0193,0.0199,0.0191
2022-07-28,model_Portfolio,Hold,0.0286,0.0197,0.0182,0.8189,0.0184,0.0182,0.02,0.0192,0.0198,0.0189
2022-07-29,model_Portfolio,Hold,0.0259,0.0183,0.017,0.8314,0.0176,0.0171,0.0187,0.018,0.0186,0.0173
2022-08-01,model_Portfolio,Hold,0.0261,0.0181,0.0168,0.8327,0.017,0.017,0.0185,0.0178,0.0186,0.0174
2022-08-02,model_Portfolio,Hold,0.0261,0.0182,0.0176,0.8321,0.0172,0.0169,0.0181,0.018,0.0186,0.0174
2022-08-03,model_Portfolio,Hold,0.0254,0.0179,0.0171,0.8368,0.0159,0.0164,0.0175,0.0178,0.0182,0.017
2022-08-04,model_Portfolio,Hold,0.025,0.0177,0.0168,0.8397,0.0139,0.0169,0.0172,0.0175,0.0184,0.0167
2022-08-05,model_Portfolio,Hold,0.0252,0.0178,0.017,0.8377,0.0145,0.0174,0.0174,0.0176,0.0185,0.0168
2022-08-08,model_Portfolio,Hold,0.0253,0.018,0.0172,0.8358,0.0149,0.0175,0.0178,0.0177,0.0188,0.017
2022-08-09,model_Portfolio,Hold,0.0253,0.0182,0.0176,0.8344,0.0152,0.0175,0.018,0.0178,0.0189,0.0172
2022-08-10,model_Portfolio,Hold,0.025,0.018,0.0174,0.8364,0.015,0.0174,0.0179,0.0177,0.0185,0.0168
2022-08-11,model_Portfolio,Hold,0.0253,0.018,0.0179,0.8336,0.0159,0.0175,0.0181,0.0177,0.0187,0.0172
2022-08-12,model_Portfolio,Hold,0.0251,0.018,0.0179,0.8344,0.0155,0.0176,0.0181,0.0178,0.0187,0.0168
2022-08-15,model_Portfolio,Hold,0.0252,0.0181,0.018,0.8342,0.0151,0.0178,0.0181,0.0179,0.0186,0.0169
2022-08-16,model_Portfolio,Hold,0.025,0.0179,0.0178,0.8358,0.0148,0.0176,0.0181,0.0177,0.0183,0.0169
2022-08-17,model_Portfolio,Hold,0.0251,0.0181,0.0181,0.8345,0.0152,0.0176,0.0184,0.0177,0.0183,0.0171
2022-08-18,model_Portfolio,Hold,0.0249,0.0181,0.0182,0.8339,0.0165,0.0175,0.0178,0.0177,0.0181,0.0171
2022-08-19,model_Portfolio,Hold,0.0256,0.0184,0.0185,0.8313,0.0167,0.0177,0.018,0.0177,0.0186,0.0175
2022-08-22,model_Portfolio,Hold,0.0258,0.0187,0.0186,0.8282,0.0176,0.0181,0.0182,0.0179,0.0188,0.0181
2022-08-23,model_Portfolio,Hold,0.0254,0.0184,0.0185,0.8285,0.0185,0.0181,0.0179,0.0178,0.0187,0.0181
2022-08-24,model_Portfolio,Hold,0.0252,0.0184,0.0185,0.828,0.0192,0.0181,0.0181,0.0177,0.0186,0.0182
2022-08-25,model_Portfolio,Hold,0.0248,0.0181,0.0183,0.83,0.0188,0.018,0.0179,0.0177,0.0184,0.018
2022-08-26,model_Portfolio,Hold,0.025,0.0183,0.0187,0.8279,0.0196,0.0185,0.0183,0.0176,0.0174,0.0186
2022-08-29,model_Portfolio,Hold,0.0251,0.0182,0.0188,0.8274,0.0203,0.0185,0.0182,0.0176,0.0172,0.0187
2022-08-30,model_Portfolio,Hold,0.0254,0.0182,0.0188,0.8282,0.0195,0.0184,0.0181,0.0176,0.0171,0.0186
2022-08-31,model_Portfolio,Hold,0.0259,0.0182,0.0188,0.8268,0.0196,0.0184,0.0183,0.0178,0.0173,0.0189
2022-09-01,model_Portfolio,Hold,0.0263,0.0181,0.0187,0.8278,0.0189,0.0181,0.018,0.0179,0.0174,0.0189
2022-09-02,model_Portfolio,Hold,0.0258,0.0179,0.0187,0.8291,0.0194,0.0179,0.0179,0.0176,0.0169,0.0188
2022-09-06,model_Portfolio,Hold,0.0261,0.018,0.019,0.8285,0.0191,0.018,0.0184,0.0177,0.0163,0.0188
2022-09-07,model_Portfolio,Hold,0.026,0.0178,0.0189,0.8303,0.0181,0.0182,0.0181,0.0177,0.0165,0.0185
2022-09-08,model_Portfolio,Hold,0.0265,0.0178,0.0191,0.8297,0.0182,0.0181,0.0184,0.0174,0.0163,0.0185
2022-09-09,model_Portfolio,Hold,0.0262,0.0175,0.0187,0.8312,0.0183,0.0179,0.0181,0.0174,0.0164,0.0182
2022-09-12,model_Portfolio,Hold,0.0258,0.0174,0.0185,0.8327,0.0188,0.0179,0.0179,0.017,0.0162,0.0177
2022-09-13,model_Portfolio,Hold,0.0267,0.0178,0.0193,0.8277,0.0196,0.0186,0.0184,0.0171,0.0168,0.018
2022-09-14,model_Portfolio,Hold,0.0264,0.0174,0.0188,0.8294,0.0207,0.0184,0.018,0.017,0.0162,0.0177
2022-09-15,model_Portfolio,Hold,0.0267,0.0174,0.019,0.8284,0.0209,0.0182,0.0181,0.017,0.0163,0.0181
2022-09-16,model_Portfolio,Hold,0.0269,0.0177,0.0193,0.8259,0.0208,0.0185,0.0184,0.0173,0.0166,0.0185
2022-09-19,model_Portfolio,Hold,0.0267,0.0177,0.0194,0.8267,0.0206,0.0185,0.0181,0.0172,0.0165,0.0187
2022-09-20,model_Portfolio,Hold,0.0268,0.0177,0.0199,0.8257,0.0206,0.0185,0.0179,0.0172,0.0168,0.019
2022-09-21,model_Portfolio,Hold,0.0271,0.0179,0.0202,0.8237,0.0206,0.0187,0.018,0.0174,0.017,0.0196
2022-09-22,model_Portfolio,Hold,0.0274,0.0178,0.02,0.8231,0.02,0.0187,0.0183,0.0177,0.0171,0.0199
2022-09-23,model_Portfolio,Hold,0.0281,0.0182,0.0203,0.822,0.0183,0.0191,0.0189,0.018,0.0174,0.0198
2022-09-26,model_Portfolio,Hold,0.0277,0.0179,0.0198,0.8257,0.0176,0.0185,0.0183,0.0177,0.0173,0.0195
2022-09-27,model_Portfolio,Hold,0.0275,0.0179,0.0198,0.8256,0.0182,0.0186,0.0182,0.0177,0.0173,0.0193
2022-09-28,model_Portfolio,Hold,0.0268,0.0178,0.0195,0.827,0.0187,0.0184,0.0181,0.0176,0.0171,0.019
2022-09-29,model_Portfolio,Hold,0.0273,0.018,0.0197,0.8245,0.0193,0.0186,0.0184,0.0176,0.0172,0.0194
2022-09-30,model_Portfolio,Hold,0.0273,0.0182,0.0199,0.8236,0.0192,0.0191,0.0189,0.0175,0.0172,0.0193
2022-10-03,model_Portfolio,Hold,0.0273,0.0182,0.0199,0.8223,0.0204,0.019,0.0189,0.0176,0.0171,0.0193
2022-10-04,model_Portfolio,Hold,0.0271,0.0181,0.0198,0.824,0.0205,0.019,0.0183,0.0174,0.0168,0.019
2022-10-05,model_Portfolio,Hold,0.0273,0.0181,0.0197,0.824,0.0212,0.0186,0.0178,0.0174,0.0167,0.0192
2022-10-06,model_Portfolio,Hold,0.0272,0.0179,0.0197,0.824,0.0223,0.0184,0.0176,0.0175,0.0162,0.0193
2022-10-07,model_Portfolio,Hold,0.0282,0.018,0.02,0.8197,0.0234,0.0186,0.0178,0.0178,0.0164,0.0201
2022-10-10,model_Portfolio,Hold,0.0282,0.018,0.0203,0.8193,0.0228,0.0188,0.0176,0.0177,0.0167,0.0205
2022-10-11,model_Portfolio,Hold,0.0287,0.0178,0.0205,0.8173,0.0227,0.0189,0.0181,0.0178,0.0169,0.0212
2022-10-12,model_Portfolio,Hold,0.0281,0.0176,0.0202,0.8189,0.0228,0.0187,0.0178,0.0178,0.0169,0.0213
2022-10-13,model_Portfolio,Hold,0.0288,0.0181,0.021,0.814,0.0233,0.0193,0.018,0.018,0.0176,0.0218
2022-10-14,model_Portfolio,Hold,0.0297,0.0186,0.0217,0.8093,0.0233,0.0198,0.0184,0.0184,0.0183,0.0225
2022-10-17,model_Portfolio,Hold,0.0289,0.0183,0.0208,0.8165,0.0221,0.0191,0.0178,0.0181,0.0174,0.021
2022-10-18,model_Portfolio,Hold,0.0287,0.0181,0.0206,0.8187,0.0216,0.0192,0.0174,0.0178,0.0174,0.0207
2022-10-19,model_Portfolio,Hold,0.0271,0.0183,0.0208,0.8185,0.0229,0.0193,0.0172,0.0178,0.0173,0.0208
2022-10-20,model_Portfolio,Hold,0.0264,0.0181,0.0204,0.8207,0.0229,0.0191,0.017,0.0179,0.0172,0.0203
2022-10-21,model_Portfolio,Hold,0.0255,0.0181,0.0204,0.8226,0.0231,0.0187,0.0168,0.0175,0.0172,0.0201
2022-10-24,model_Portfolio,Hold,0.0262,0.0183,0.0206,0.8208,0.0232,0.0188,0.0168,0.0177,0.0173,0.0204
2022-10-25,model_Portfolio,Hold,0.0259,0.0185,0.0204,0.8192,0.0238,0.0192,0.0176,0.0179,0.0172,0.0204
2022-10-26,model_Portfolio,Hold,0.0269,0.0191,0.0211,0.8131,0.0251,0.0199,0.0182,0.0168,0.0184,0.0214
2022-10-27,model_Portfolio,Hold,0.0274,0.0197,0.0222,0.8078,0.0258,0.0204,0.0191,0.0169,0.0191,0.0217
2022-10-28,model_Portfolio,Hold,0.0297,0.0215,0.0241,0.7927,0.027,0.0219,0.0206,0.0186,0.0207,0.0233
2022-10-31,model_Portfolio,Hold,0.0297,0.0214,0.0244,0.7921,0.0272,0.0218,0.0207,0.0184,0.0207,0.0235
2022-11-01,model_Portfolio,Hold,0.0312,0.0221,0.0262,0.7827,0.0287,0.0229,0.0216,0.0184,0.0216,0.0245
2022-11-02,model_Portfolio,Hold,0.0322,0.0224,0.0273,0.7782,0.0289,0.0233,0.0222,0.0185,0.0221,0.0248
2022-11-03,model_Portfolio,Hold,0.0324,0.0216,0.0277,0.7719,0.0317,0.0256,0.0228,0.0181,0.0226,0.0255
2022-11-04,model_Portfolio,Hold,0.0323,0.0215,0.0276,0.771,0.0321,0.0263,0.0228,0.0185,0.0226,0.0253
2022-11-07,model_Portfolio,Hold,0.0328,0.0222,0.0279,0.7681,0.0325,0.0265,0.023,0.0189,0.0226,0.0255
2022-11-08,model_Portfolio,Hold,0.033,0.0223,0.0281,0.7667,0.0324,0.0271,0.0229,0.0191,0.0228,0.0257
2022-11-09,model_Portfolio,Hold,0.0342,0.0229,0.029,0.7624,0.0312,0.0279,0.0233,0.0194,0.0234,0.0262
2022-11-10,model_Portfolio,Hold,0.0325,0.0224,0.0272,0.7754,0.0292,0.0261,0.0228,0.019,0.0221,0.0233
2022-11-11,model_Portfolio,Hold,0.0314,0.0219,0.0264,0.781,0.0293,0.0251,0.0216,0.0188,0.022,0.0226
2022-11-14,model_Portfolio,Hold,0.0314,0.0222,0.0264,0.7793,0.0289,0.0262,0.0215,0.0191,0.0221,0.0228
2022-11-15,model_Portfolio,Hold,0.0315,0.0224,0.0269,0.7776,0.0298,0.026,0.0217,0.0195,0.022,0.0225
2022-11-16,model_Portfolio,Hold,0.0322,0.0226,0.0276,0.7755,0.0293,0.0265,0.0217,0.0199,0.0219,0.0228
2022-11-17,model_Portfolio,Hold,0.0325,0.0227,0.0281,0.7723,0.0296,0.0268,0.0221,0.0202,0.0223,0.0233
2022-11-18,model_Portfolio,Hold,0.033,0.0228,0.0283,0.7703,0.0294,0.0273,0.0227,0.0201,0.0224,0.0237
2022-11-21,model_Portfolio,Hold,0.0335,0.0232,0.0289,0.7675,0.0291,0.0276,0.023,0.02,0.0229,0.0244
2022-11-22,model_Portfolio,Hold,0.0335,0.0234,0.0288,0.7651,0.0304,0.0285,0.0231,0.02,0.0228,0.0243
2022-11-23,model_Portfolio,Hold,0.0336,0.0233,0.0286,0.7671,0.0295,0.0282,0.0228,0.0202,0.0225,0.0241
2022-11-25,model_Portfolio,Hold,0.0341,0.0236,0.029,0.7651,0.0294,0.0285,0.0233,0.0201,0.0228,0.024
2022-11-28,model_Portfolio,Hold,0.0336,0.0232,0.0284,0.7697,0.0285,0.028,0.0225,0.0198,0.022,0.0243
2022-11-29,model_Portfolio,Hold,0.0338,0.0232,0.0287,0.7657,0.0299,0.0281,0.0233,0.0198,0.0225,0.0249
2022-11-30,model_Portfolio,Hold,0.0333,0.0233,0.028,0.7695,0.0289,0.0278,0.0229,0.0203,0.0217,0.0244
2022-12-01,model_Portfolio,Hold,0.0337,0.0237,0.0282,0.7672,0.0291,0.0282,0.023,0.0204,0.0218,0.0248
2022-12-02,model_Portfolio,Hold,0.0341,0.0237,0.0287,0.7638,0.0296,0.029,0.023,0.0205,0.0222,0.0254
2022-12-05,model_Portfolio,Hold,0.0343,0.0238,0.029,0.7611,0.0296,0.0296,0.0233,0.0209,0.0225,0.0259
2022-12-06,model_Portfolio,Hold,0.0347,0.0239,0.0298,0.7588,0.0292,0.0302,0.0233,0.021,0.0231,0.0261
2022-12-07,model_Portfolio,Hold,0.035,0.0239,0.0298,0.7589,0.029,0.0304,0.0231,0.0205,0.0234,0.0261
2022-12-08,model_Portfolio,Hold,0.0351,0.024,0.0289,0.7619,0.0279,0.0303,0.0231,0.0199,0.0229,0.0259
2022-12-09,model_Portfolio,Hold,0.0357,0.0239,0.0292,0.7606,0.0277,0.0302,0.0235,0.0199,0.0232,0.0262
2022-12-12,model_Portfolio,Hold,0.0358,0.0239,0.029,0.7607,0.0286,0.0302,0.0233,0.0197,0.023,0.0259
2022-12-13,model_Portfolio,Hold,0.0357,0.0237,0.0284,0.7619,0.0292,0.0301,0.0232,0.0198,0.0226,0.0253
2022-12-14,model_Portfolio,Hold,0.0359,0.0236,0.0286,0.761,0.029,0.0304,0.0235,0.0199,0.0226,0.0257
2022-12-15,model_Portfolio,Hold,0.0362,0.0234,0.029,0.7585,0.0299,0.0305,0.0238,0.0196,0.0226,0.0264
2022-12-16,model_Portfolio,Hold,0.036,0.0223,0.0292,0.7605,0.0294,0.0308,0.0232,0.0197,0.0227,0.0264
2022-12-19,model_Portfolio,Hold,0.0369,0.0221,0.0299,0.7555,0.0302,0.0314,0.0237,0.0198,0.0234,0.0271
2022-12-20,model_Portfolio,Hold,0.0367,0.0226,0.0306,0.7551,0.0303,0.0311,0.0237,0.0199,0.0231,0.027
2022-12-21,model_Portfolio,Hold,0.0366,0.0228,0.0304,0.7551,0.0315,0.0308,0.0236,0.0196,0.0232,0.0266
2022-12-22,model_Portfolio,Hold,0.0376,0.0231,0.031,0.7508,0.031,0.0315,0.0242,0.0198,0.0235,0.0275
2022-12-23,model_Portfolio,Hold,0.0371,0.0228,0.0309,0.752,0.0323,0.0309,0.024,0.0198,0.0229,0.0273
2022-12-27,model_Portfolio,Hold,0.038,0.0232,0.0317,0.7469,0.0332,0.0316,0.0243,0.0198,0.0233,0.028
2022-12-28,model_Portfolio,Hold,0.0383,0.0234,0.0319,0.7474,0.032,0.0318,0.0242,0.0198,0.0233,0.028
2022-12-29,model_Portfolio,Hold,0.0382,0.0233,0.0313,0.7499,0.0317,0.0312,0.0241,0.0198,0.0232,0.0274
2022-12-30,model_Portfolio,Hold,0.0381,0.0232,0.0313,0.7496,0.0323,0.0311,0.0242,0.0198,0.0231,0.0273
2023-01-03,model_Portfolio,Rebalance,0.0795,0.0861,0.1364,0.0316,0.131,0.0771,0.1512,0.0431,0.1226,0.1414
2023-01-04,model_Portfolio,Hold,0.0806,0.0857,0.1369,0.0313,0.1264,0.0769,0.1538,0.0425,0.1251,0.1408
2023-01-05,model_Portfolio,Hold,0.0814,0.0848,0.1379,0.0309,0.127,0.0768,0.1518,0.0422,0.1246,0.1426
2023-01-06,model_Portfolio,Hold,0.0803,0.0845,0.1387,0.0312,0.127,0.0768,0.1526,0.0416,0.1251,0.1422
2023-01-09,model_Portfolio,Hold,0.0804,0.0862,0.1346,0.0318,0.1288,0.0774,0.152,0.0421,0.1255,0.1412
2023-01-10,model_Portfolio,Hold,0.0812,0.086,0.1348,0.0325,0.1276,0.0772,0.1522,0.042,0.1261,0.1403
2023-01-11,model_Portfolio,Hold,0.0796,0.0872,0.1329,0.0339,0.1276,0.0762,0.1563,0.0429,0.1254,0.138
2023-01-12,model_Portfolio,Hold,0.0783,0.0876,0.1321,0.0338,0.1315,0.0753,0.1578,0.0425,0.125,0.1361
2023-01-13,model_Portfolio,Hold,0.0794,0.0866,0.1333,0.0347,0.1308,0.0752,0.1567,0.0428,0.1245,0.136
2023-01-17,model_Portfolio,Hold,0.0799,0.0881,0.1334,0.0341,0.1311,0.0744,0.1583,0.0427,0.1225,0.1355
2023-01-18,model_Portfolio,Hold,0.0799,0.0874,0.1347,0.0345,0.1301,0.0748,0.16,0.0433,0.1208,0.1344
2023-01-19,model_Portfolio,Hold,0.0805,0.0862,0.133,0.034,0.134,0.0744,0.1598,0.0444,0.1171,0.1366
2023-01-20,model_Portfolio,Hold,0.08,0.0872,0.1317,0.0348,0.1325,0.0744,0.1602,0.0461,0.1175,0.1357
2023-01-23,model_Portfolio,Hold,0.0802,0.0862,0.1316,0.0346,0.1322,0.0749,0.161,0.0466,0.1185,0.1343
2023-01-24,model_Portfolio,Hold,0.0801,0.0859,0.1355,0.0346,0.13,0.0769,0.1625,0.0461,0.1125,0.1358
2023-01-25,model_Portfolio,Hold,0.0795,0.0858,0.1368,0.0351,0.1308,0.077,0.1615,0.0452,0.1111,0.1371
2023-01-26,model_Portfolio,Hold,0.079,0.0856,0.1358,0.0356,0.1338,0.0777,0.161,0.046,0.111,0.1343
2023-01-27,model_Portfolio,Hold,0.0777,0.086,0.1347,0.0365,0.1339,0.0766,0.1634,0.0466,0.1119,0.1329
2023-01-30,model_Portfolio,Hold,0.0785,0.0861,0.1366,0.0363,0.1309,0.0774,0.162,0.046,0.1106,0.1356
2023-01-31,model_Portfolio,Hold,0.0779,0.0863,0.1355,0.0367,0.1295,0.0779,0.1631,0.0462,0.1115,0.1353
2023-02-01,model_Portfolio,Hold,0.078,0.0868,0.1336,0.037,0.1254,0.0765,0.1639,0.0465,0.111,0.1413
2023-02-02,model_Portfolio,Hold,0.078,0.0897,0.1252,0.0396,0.122,0.0708,0.1709,0.0497,0.1149,0.1391
2023-02-03,model_Portfolio,Hold,0.0789,0.0896,0.128,0.0368,0.123,0.0694,0.1704,0.0491,0.1139,0.141
2023-02-06,model_Portfolio,Hold,0.0785,0.0885,0.129,0.0366,0.1235,0.0692,0.1707,0.0484,0.1135,0.1419
2023-02-07,model_Portfolio,Hold,0.0787,0.0888,0.1286,0.0362,0.1273,0.0691,0.1687,0.0502,0.1129,0.1395
2023-02-08,model_Portfolio,Hold,0.0785,0.0889,0.1312,0.036,0.1243,0.0705,0.1699,0.0469,0.1127,0.1411
2023-02-09,model_Portfolio,Hold,0.0779,0.0902,0.1313,0.0357,0.1227,0.0713,0.1713,0.0454,0.1118,0.1423
2023-02-10,model_Portfolio,Hold,0.0771,0.0888,0.1302,0.0351,0.1286,0.0707,0.1699,0.0447,0.1115,0.1434
2023-02-13,model_Portfolio,Hold,0.0769,0.0896,0.1316,0.0356,0.1248,0.0701,0.1703,0.0445,0.1122,0.1445
2023-02-14,model_Portfolio,Hold,0.0768,0.0894,0.1303,0.036,0.126,0.0695,0.17,0.045,0.1123,0.1446
2023-02-15,model_Portfolio,Hold,0.0767,0.0902,0.1302,0.0365,0.1224,0.0701,0.1701,0.046,0.1127,0.1451
2023-02-16,model_Portfolio,Hold,0.077,0.0895,0.1319,0.0359,0.1207,0.0702,0.1691,0.046,0.1131,0.1465
2023-02-17,model_Portfolio,Hold,0.0778,0.0886,0.1331,0.0358,0.1151,0.0703,0.1695,0.0456,0.1147,0.1494
2023-02-21,model_Portfolio,Hold,0.0771,0.0879,0.1334,0.0355,0.1174,0.0712,0.1686,0.0453,0.1132,0.1504
2023-02-22,model_Portfolio,Hold,0.0766,0.0883,0.1342,0.0361,0.1171,0.0716,0.1674,0.0454,0.1132,0.1499
2023-02-23,model_Portfolio,Hold,0.0762,0.0884,0.1329,0.0359,0.1205,0.0717,0.1666,0.0448,0.1126,0.1504
2023-02-24,model_Portfolio,Hold,0.0754,0.0877,0.1353,0.0354,0.1219,0.0727,0.1638,0.0444,0.1126,0.1508
2023-02-27,model_Portfolio,Hold,0.0749,0.0878,0.1348,0.0356,0.1221,0.0739,0.1638,0.0448,0.1132,0.149
2023-02-28,model_Portfolio,Hold,0.0767,0.0879,0.1352,0.0359,0.12,0.0744,0.1626,0.0451,0.1131,0.1492
2023-03-01,model_Portfolio,Hold,0.0763,0.0875,0.1356,0.0352,0.1243,0.0752,0.1556,0.0454,0.1161,0.1488
2023-03-02,model_Portfolio,Hold,0.0772,0.0876,0.1337,0.035,0.1256,0.0758,0.155,0.0459,0.1151,0.149
2023-03-03,model_Portfolio,Hold,0.0777,0.0878,0.1339,0.0356,0.1268,0.0756,0.1539,0.0462,0.1152,0.1474
2023-03-06,model_Portfolio,Hold,0.0766,0.0882,0.1337,0.0353,0.124,0.0753,0.1561,0.047,0.114,0.1498
2023-03-07,model_Portfolio,Hold,0.076,0.0881,0.1341,0.0359,0.1233,0.0764,0.1546,0.0474,0.1133,0.1508
2023-03-08,model_Portfolio,Hold,0.0756,0.088,0.1323,0.0361,0.1213,0.0761,0.158,0.0476,0.1135,0.1517
2023-03-09,model_Portfolio,Hold,0.076,0.0885,0.1325,0.0362,0.1191,0.0761,0.1552,0.0476,0.1141,0.1547
2023-03-10,model_Portfolio,Hold,0.0773,0.0885,0.1343,0.0365,0.1188,0.0773,0.1455,0.0479,0.1155,0.1583
2023-03-13,model_Portfolio,Hold,0.079,0.0887,0.1315,0.0375,0.1151,0.0779,0.1459,0.0486,0.1159,0.16
2023-03-14,model_Portfolio,Hold,0.0787,0.0884,0.1325,0.0382,0.1152,0.0787,0.1453,0.0498,0.1142,0.159
2023-03-15,model_Portfolio,Hold,0.0793,0.0876,0.1306,0.0394,0.1077,0.0775,0.1481,0.0517,0.116,0.162
2023-03-16,model_Portfolio,Hold,0.0796,0.0892,0.1321,0.0406,0.1093,0.0775,0.1435,0.0535,0.1166,0.1581
2023-03-17,model_Portfolio,Hold,0.0794,0.0898,0.1319,0.0409,0.1076,0.0775,0.1423,0.0552,0.1173,0.158
2023-03-20,model_Portfolio,Hold,0.0788,0.0893,0.1343,0.0397,0.1098,0.0776,0.1413,0.0541,0.117,0.1581
2023-03-21,model_Portfolio,Hold,0.0779,0.0896,0.1348,0.0402,0.115,0.0762,0.1402,0.0551,0.115,0.1559
2023-03-22,model_Portfolio,Hold,0.0786,0.0902,0.1348,0.0404,0.1156,0.0771,0.1367,0.0557,0.1147,0.1562
2023-03-23,model_Portfolio,Hold,0.0789,0.0969,0.1337,0.0405,0.1146,0.0748,0.1357,0.0569,0.1143,0.1537
2023-03-24,model_Portfolio,Hold,0.0789,0.0961,0.1332,0.0399,0.1151,0.0743,0.1388,0.0563,0.1133,0.154
2023-03-27,model_Portfolio,Hold,0.079,0.0964,0.1331,0.0397,0.1176,0.0747,0.137,0.0545,0.1133,0.1546
2023-03-28,model_Portfolio,Hold,0.0777,0.0966,0.1338,0.0393,0.1191,0.0755,0.1365,0.0537,0.1134,0.1545
2023-03-29,model_Portfolio,Hold,0.0778,0.097,0.1335,0.0399,0.1175,0.0752,0.1397,0.0531,0.1134,0.1529
2023-03-30,model_Portfolio,Hold,0.078,0.0976,0.1331,0.0405,0.1154,0.0759,0.1418,0.0527,0.1126,0.1524
2023-03-31,model_Portfolio,Hold,0.0785,0.0973,0.1316,0.0404,0.1159,0.0773,0.1415,0.0534,0.1135,0.1506
2023-04-03,model_Portfolio,Hold,0.078,0.0963,0.1306,0.0397,0.1247,0.077,0.1387,0.0531,0.1117,0.1502
2023-04-04,model_Portfolio,Hold,0.0796,0.0971,0.1302,0.0406,0.1223,0.0767,0.1396,0.0538,0.1102,0.1498
2023-04-05,model_Portfolio,Hold,0.0808,0.0958,0.1316,0.0396,0.1222,0.0764,0.1394,0.0538,0.1105,0.15
2023-04-06,model_Portfolio,Hold,0.0812,0.0956,0.1314,0.0398,0.122,0.0757,0.1398,0.0556,0.1093,0.1495
2023-04-10,model_Portfolio,Hold,0.0799,0.0952,0.1317,0.0397,0.1248,0.0758,0.1389,0.0544,0.1102,0.1492
2023-04-11,model_Portfolio,Hold,0.079,0.0961,0.1322,0.0386,0.1266,0.0758,0.1368,0.0535,0.1113,0.1501
2023-04-12,model_Portfolio,Hold,0.0788,0.0961,0.1334,0.038,0.1263,0.0766,0.1358,0.0534,0.1117,0.15
2023-04-13,model_Portfolio,Hold,0.0794,0.0958,0.1329,0.0394,0.1278,0.0762,0.1324,0.0543,0.1126,0.1491
2023-04-14,model_Portfolio,Hold,0.0798,0.094,0.133,0.0395,0.1291,0.0759,0.1315,0.0552,0.1124,0.1497
2023-04-17,model_Portfolio,Hold,0.0799,0.0938,0.1332,0.0394,0.1245,0.0756,0.1366,0.0535,0.1131,0.1504
2023-04-18,model_Portfolio,Hold,0.0795,0.0937,0.1337,0.0392,0.1241,0.0759,0.1362,0.0527,0.1124,0.1525
2023-04-19,model_Portfolio,Hold,0.085,0.0929,0.1327,0.0397,0.1211,0.0759,0.1371,0.0521,0.1112,0.1523
2023-04-20,model_Portfolio,Hold,0.0844,0.0924,0.1331,0.0399,0.1197,0.0772,0.1369,0.0532,0.1109,0.1523
2023-04-21,model_Portfolio,Hold,0.0854,0.0926,0.132,0.0411,0.1181,0.0767,0.1376,0.0532,0.1106,0.1528
2023-04-24,model_Portfolio,Hold,0.084,0.0925,0.1317,0.0406,0.1196,0.0771,0.1366,0.0533,0.1108,0.1538
2023-04-25,model_Portfolio,Hold,0.085,0.0917,0.1331,0.0398,0.1164,0.0774,0.1347,0.053,0.1117,0.1573
2023-04-26,model_Portfolio,Hold,0.0847,0.0926,0.1333,0.0411,0.1144,0.0768,0.1352,0.0533,0.111,0.1575
2023-04-27,model_Portfolio,Hold,0.0833,0.0918,0.1383,0.042,0.1126,0.0765,0.135,0.054,0.111,0.1554
2023-04-28,model_Portfolio,Hold,0.0832,0.0926,0.1378,0.0399,0.1153,0.0766,0.1353,0.0534,0.1109,0.155
2023-05-01,model_Portfolio,Hold,0.0839,0.0924,0.139,0.0387,0.1156,0.0772,0.133,0.0534,0.1107,0.1562
2023-05-02,model_Portfolio,Hold,0.0859,0.0935,0.1385,0.0401,0.1099,0.0779,0.1332,0.0536,0.1099,0.1574
2023-05-03,model_Portfolio,Hold,0.0864,0.0933,0.1363,0.0403,0.1097,0.0785,0.1358,0.0538,0.1101,0.1558
2023-05-04,model_Portfolio,Hold,0.087,0.0916,0.1372,0.041,0.105,0.0788,0.1379,0.0542,0.1106,0.1567
2023-05-05,model_Portfolio,Hold,0.0861,0.0901,0.137,0.0411,0.1067,0.0793,0.1384,0.054,0.1108,0.1565
2023-05-08,model_Portfolio,Hold,0.0861,0.0901,0.1374,0.0413,0.1066,0.0792,0.1373,0.0552,0.11,0.1567
2023-05-09,model_Portfolio,Hold,0.0863,0.0904,0.1382,0.0419,0.1078,0.0757,0.1373,0.0555,0.1093,0.1575
2023-05-10,model_Portfolio,Hold,0.0864,0.092,0.1363,0.0432,0.1063,0.0757,0.138,0.0576,0.1091,0.1553
2023-05-11,model_Portfolio,Hold,0.0859,0.0931,0.1362,0.044,0.1071,0.0745,0.1359,0.0601,0.1089,0.1543
2023-05-12,model_Portfolio,Hold,0.0863,0.0949,0.1352,0.0433,0.1069,0.075,0.1349,0.0606,0.1085,0.1545
2023-05-15,model_Portfolio,Hold,0.0857,0.0949,0.135,0.0436,0.1067,0.0753,0.1363,0.06,0.1086,0.1539
2023-05-16,model_Portfolio,Hold,0.0864,0.0966,0.1355,0.045,0.1037,0.0751,0.1341,0.0623,0.1072,0.1541
2023-05-17,model_Portfolio,Hold,0.0848,0.0972,0.1359,0.0452,0.1053,0.0743,0.1341,0.0622,0.1081,0.153
2023-05-18,model_Portfolio,Hold,0.0843,0.098,0.137,0.0461,0.1055,0.0739,0.1314,0.063,0.1089,0.1517
2023-05-19,model_Portfolio,Hold,0.0845,0.0986,0.1366,0.0453,0.1075,0.0747,0.1299,0.0629,0.108,0.1521
2023-05-22,model_Portfolio,Hold,0.0837,0.0986,0.1356,0.0447,0.1074,0.0734,0.1316,0.0638,0.1106,0.1504
2023-05-23,model_Portfolio,Hold,0.0822,0.0982,0.1353,0.0449,0.1094,0.0729,0.1328,0.0629,0.1101,0.1513
2023-05-24,model_Portfolio,Hold,0.0819,0.0989,0.1338,0.0461,0.1123,0.0736,0.1301,0.0628,0.1073,0.1531
2023-05-25,model_Portfolio,Hold,0.0809,0.1013,0.1348,0.0458,0.1095,0.0744,0.1274,0.0646,0.1081,0.1532
2023-05-26,model_Portfolio,Hold,0.0808,0.1046,0.1335,0.0474,0.109,0.0743,0.127,0.0646,0.1071,0.1518
2023-05-30,model_Portfolio,Hold,0.0801,0.1065,0.1354,0.0481,0.1054,0.0745,0.1281,0.0643,0.1064,0.1511
2023-05-31,model_Portfolio,Hold,0.081,0.1065,0.1343,0.0481,0.1047,0.0738,0.1303,0.0644,0.1042,0.1527
2023-06-01,model_Portfolio,Hold,0.0812,0.1057,0.1346,0.0487,0.1051,0.0745,0.1284,0.0645,0.1047,0.1525
2023-06-02,model_Portfolio,Hold,0.0798,0.1046,0.1344,0.0478,0.1071,0.0744,0.1278,0.0631,0.1105,0.1504
2023-06-05,model_Portfolio,Hold,0.0803,0.1033,0.1369,0.0487,0.1062,0.0748,0.1292,0.0644,0.1066,0.1496
2023-06-06,model_Portfolio,Hold,0.0789,0.1038,0.1371,0.0489,0.1064,0.0739,0.1314,0.0646,0.1063,0.1487
2023-06-07,model_Portfolio,Hold,0.0774,0.1038,0.1372,0.0463,0.1087,0.0742,0.1341,0.0616,0.1081,0.1487
2023-06-08,model_Portfolio,Hold,0.077,0.1029,0.1372,0.0476,0.1078,0.0747,0.1331,0.0616,0.1082,0.15
2023-06-09,model_Portfolio,Hold,0.0778,0.1035,0.139,0.0474,0.1061,0.0736,0.1334,0.0617,0.1075,0.1498
2023-06-12,model_Portfolio,Hold,0.0773,0.104,0.138,0.0484,0.1046,0.0734,0.1333,0.0622,0.1085,0.1502
2023-06-13,model_Portfolio,Hold,0.0768,0.1042,0.1379,0.048,0.1056,0.0742,0.1332,0.0617,0.109,0.1495
2023-06-14,model_Portfolio,Hold,0.0782,0.1045,0.1371,0.0481,0.1057,0.0755,0.1335,0.0618,0.1085,0.1471
2023-06-15,model_Portfolio,Hold,0.0785,0.1061,0.1374,0.0477,0.1076,0.0751,0.131,0.0617,0.1091,0.1459
2023-06-16,model_Portfolio,Hold,0.0801,0.1056,0.1379,0.0475,0.1076,0.0763,0.1259,0.0615,0.1108,0.1469
2023-06-20,model_Portfolio,Hold,0.0815,0.1063,0.1365,0.0483,0.1062,0.0763,0.126,0.0621,0.1099,0.1468
2023-06-21,model_Portfolio,Hold,0.0813,0.1051,0.1362,0.048,0.1087,0.0764,0.1253,0.0609,0.1092,0.1487
2023-06-22,model_Portfolio,Hold,0.0833,0.1036,0.1369,0.0503,0.1061,0.0765,0.1233,0.0626,0.1086,0.1488
2023-06-23,model_Portfolio,Hold,0.084,0.1017,0.1374,0.0505,0.1051,0.0768,0.1226,0.0628,0.1101,0.1492
2023-06-26,model_Portfolio,Hold,0.0836,0.1005,0.1372,0.0493,0.1057,0.0762,0.1276,0.0602,0.1088,0.1508
2023-06-27,model_Portfolio,Hold,0.0828,0.1013,0.1387,0.0498,0.1045,0.0773,0.1288,0.06,0.1062,0.1506
2023-06-28,model_Portfolio,Hold,0.0827,0.1017,0.1385,0.0498,0.106,0.0773,0.1251,0.061,0.1066,0.1513
2023-06-29,model_Portfolio,Hold,0.0819,0.1028,0.1385,0.0489,0.1071,0.0774,0.1261,0.0598,0.1062,0.1512
2023-06-30,model_Portfolio,Hold,0.0822,0.102,0.1387,0.0494,0.107,0.0785,0.1252,0.0596,0.1062,0.1511
2023-07-03,model_Portfolio,Rebalance,0.02,0.02,0.02,0.8199,0.02,0.02,0.02,0.02,0.02,0.02
2023-07-05,model_Portfolio,Hold,0.0201,0.0199,0.0199,0.8206,0.0202,0.0194,0.0202,0.0203,0.0195,0.02
2023-07-06,model_Portfolio,Hold,0.0203,0.0201,0.0201,0.8194,0.02,0.0196,0.0204,0.0203,0.0193,0.0204
2023-07-07,model_Portfolio,Hold,0.02,0.0197,0.02,0.8206,0.0206,0.0194,0.0203,0.02,0.0193,0.0201
2023-07-10,model_Portfolio,Hold,0.0204,0.0203,0.0203,0.8181,0.0211,0.0199,0.0204,0.0198,0.0197,0.02
2023-07-11,model_Portfolio,Hold,0.0203,0.0201,0.0203,0.8172,0.0221,0.0196,0.0206,0.0197,0.0203,0.02
2023-07-12,model_Portfolio,Hold,0.0199,0.0201,0.0199,0.8188,0.0219,0.0197,0.0202,0.0197,0.02,0.0198
2023-07-13,model_Portfolio,Hold,0.0196,0.0197,0.0194,0.8207,0.022,0.0195,0.0199,0.0202,0.0198,0.0193
2023-07-14,model_Portfolio,Hold,0.0197,0.0197,0.0192,0.822,0.0209,0.0195,0.02,0.0203,0.0196,0.0192
2023-07-17,model_Portfolio,Hold,0.0196,0.0201,0.0196,0.8211,0.0208,0.0197,0.0198,0.0203,0.0196,0.0193
2023-07-18,model_Portfolio,Hold,0.0197,0.0204,0.0198,0.8194,0.0218,0.0197,0.0197,0.0202,0.02,0.0194
2023-07-19,model_Portfolio,Hold,0.0194,0.0198,0.0196,0.8219,0.0215,0.0194,0.0199,0.0196,0.0197,0.0191
2023-07-20,model_Portfolio,Hold,0.0209,0.0201,0.0205,0.8149,0.0224,0.0202,0.0208,0.0198,0.0205,0.0198
2023-07-21,model_Portfolio,Hold,0.0213,0.0202,0.0205,0.8137,0.0227,0.0203,0.0211,0.0199,0.0205,0.0197
2023-07-24,model_Portfolio,Hold,0.0216,0.0202,0.0207,0.8119,0.0232,0.0204,0.0212,0.0203,0.0207,0.0199
2023-07-25,model_Portfolio,Hold,0.0212,0.0204,0.0206,0.8109,0.0233,0.0205,0.0213,0.0203,0.0217,0.0197
2023-07-26,model_Portfolio,Hold,0.0214,0.0204,0.0208,0.8076,0.0237,0.0204,0.022,0.0216,0.0223,0.0199
2023-07-27,model_Portfolio,Hold,0.0212,0.0206,0.0206,0.8086,0.0234,0.0204,0.0217,0.0216,0.022,0.0199
2023-07-28,model_Portfolio,Hold,0.0207,0.0199,0.0201,0.8124,0.0232,0.0199,0.0213,0.0216,0.0216,0.0193
2023-07-31,model_Portfolio,Hold,0.0202,0.0197,0.0199,0.8142,0.0232,0.0199,0.021,0.0214,0.0213,0.0191
2023-08-01,model_Portfolio,Hold,0.0204,0.0203,0.0202,0.813,0.0233,0.02,0.0206,0.0215,0.0214,0.0193
2023-08-02,model_Portfolio,Hold,0.0205,0.0206,0.0218,0.8101,0.0231,0.0202,0.0211,0.0215,0.0216,0.0195
2023-08-03,model_Portfolio,Hold,0.0202,0.0204,0.0219,0.8109,0.0246,0.019,0.0211,0.0214,0.0212,0.0193
2023-08-04,model_Portfolio,Hold,0.019,0.0189,0.0205,0.8235,0.0232,0.0179,0.0195,0.02,0.0196,0.018
2023-08-07,model_Portfolio,Hold,0.0188,0.0188,0.0205,0.8245,0.0229,0.0178,0.0197,0.0202,0.0192,0.0177
2023-08-08,model_Portfolio,Hold,0.0185,0.019,0.0205,0.8228,0.0239,0.0178,0.0197,0.0205,0.0192,0.018
2023-08-09,model_Portfolio,Hold,0.0187,0.019,0.0204,0.821,0.0247,0.0182,0.02,0.0205,0.0194,0.0182
2023-08-10,model_Portfolio,Hold,0.0185,0.0189,0.0203,0.822,0.0246,0.0182,0.0198,0.0204,0.0194,0.018
2023-08-11,model_Portfolio,Hold,0.0186,0.0188,0.0205,0.8211,0.025,0.0183,0.0198,0.0204,0.0195,0.0179
2023-08-14,model_Portfolio,Hold,0.0185,0.0187,0.0203,0.8234,0.0246,0.0182,0.0192,0.0204,0.019,0.0176
2023-08-15,model_Portfolio,Hold,0.0187,0.0188,0.0205,0.8227,0.0246,0.0182,0.0191,0.0205,0.019,0.0178
2023-08-16,model_Portfolio,Hold,0.0189,0.0191,0.0208,0.8203,0.0249,0.0186,0.0194,0.0207,0.0192,0.018
2023-08-17,model_Portfolio,Hold,0.0191,0.0191,0.0209,0.8189,0.0253,0.0186,0.0194,0.021,0.0196,0.018
2023-08-18,model_Portfolio,Hold,0.019,0.0191,0.0208,0.8189,0.0255,0.0187,0.0194,0.0207,0.0196,0.0182
2023-08-21,model_Portfolio,Hold,0.0189,0.0191,0.0205,0.8207,0.0251,0.0186,0.0191,0.0207,0.0193,0.018
2023-08-22,model_Portfolio,Hold,0.0192,0.0193,0.0204,0.8206,0.0245,0.0186,0.0191,0.0209,0.0192,0.0181
2023-08-23,model_Portfolio,Hold,0.019,0.0196,0.0202,0.8206,0.0242,0.0185,0.0194,0.0212,0.0192,0.0181
2023-08-24,model_Portfolio,Hold,0.0192,0.02,0.021,0.8172,0.0246,0.019,0.0197,0.0213,0.0195,0.0186
2023-08-25,model_Portfolio,Hold,0.0191,0.0201,0.0208,0.8181,0.0246,0.0189,0.0194,0.0211,0.0194,0.0185
2023-08-28,model_Portfolio,Hold,0.0188,0.0202,0.0208,0.8167,0.0247,0.019,0.0194,0.0213,0.0204,0.0187
2023-08-29,model_Portfolio,Hold,0.0188,0.0201,0.0206,0.8169,0.0248,0.019,0.0194,0.0216,0.0204,0.0185
2023-08-30,model_Portfolio,Hold,0.0188,0.02,0.0206,0.8167,0.0248,0.0191,0.0195,0.0218,0.0201,0.0186
2023-08-31,model_Portfolio,Hold,0.0182,0.0197,0.0202,0.8199,0.0244,0.0188,0.0189,0.0214,0.0202,0.0182
2023-09-01,model_Portfolio,Hold,0.0182,0.0199,0.0202,0.8191,0.0251,0.0189,0.019,0.0213,0.0202,0.0181
2023-09-05,model_Portfolio,Hold,0.018,0.0199,0.0202,0.8189,0.0254,0.0187,0.019,0.0215,0.0203,0.0182
2023-09-06,model_Portfolio,Hold,0.0183,0.0202,0.0204,0.8175,0.0253,0.0189,0.0192,0.0215,0.0205,0.0182
2023-09-07,model_Portfolio,Hold,0.0179,0.02,0.0202,0.8202,0.0248,0.0186,0.019,0.0213,0.0201,0.018
2023-09-08,model_Portfolio,Hold,0.0178,0.0198,0.0202,0.8203,0.0247,0.0189,0.0187,0.0214,0.0201,0.0181
2023-09-11,model_Portfolio,Hold,0.0176,0.0193,0.0198,0.8251,0.0232,0.0187,0.0178,0.0209,0.0198,0.0177
2023-09-12,model_Portfolio,Hold,0.0178,0.0188,0.0202,0.8234,0.0242,0.0188,0.0178,0.0209,0.0199,0.0181
2023-09-13,model_Portfolio,Hold,0.0175,0.0184,0.0199,0.8288,0.0226,0.0185,0.0174,0.0207,0.0184,0.0177
2023-09-14,model_Portfolio,Hold,0.0175,0.0185,0.0201,0.8269,0.0231,0.0187,0.0179,0.0209,0.0186,0.0178
2023-09-15,model_Portfolio,Hold,0.0178,0.0188,0.0204,0.824,0.0234,0.019,0.0183,0.0214,0.0189,0.0181
2023-09-18,model_Portfolio,Hold,0.0177,0.019,0.0206,0.8236,0.0236,0.0188,0.0181,0.0215,0.019,0.018
2023-09-19,model_Portfolio,Hold,0.0179,0.0194,0.021,0.8216,0.0236,0.0191,0.0183,0.0218,0.0191,0.0182
2023-09-20,model_Portfolio,Hold,0.0181,0.0197,0.0213,0.8205,0.0235,0.0191,0.0186,0.0215,0.0191,0.0185
2023-09-21,model_Portfolio,Hold,0.0187,0.0202,0.0219,0.8175,0.0238,0.0194,0.0178,0.0218,0.0197,0.0192
2023-09-22,model_Portfolio,Hold,0.0185,0.0205,0.022,0.8177,0.0239,0.0194,0.0176,0.0218,0.0196,0.019
2023-09-25,model_Portfolio,Hold,0.0182,0.0203,0.0218,0.8199,0.0241,0.0193,0.0173,0.0217,0.0189,0.0186
2023-09-26,model_Portfolio,Hold,0.0186,0.0206,0.0225,0.8155,0.0249,0.0198,0.0175,0.022,0.0194,0.0192
2023-09-27,model_Portfolio,Hold,0.0184,0.0208,0.0227,0.8144,0.0257,0.0197,0.0175,0.0223,0.0193,0.0192
2023-09-28,model_Portfolio,Hold,0.0189,0.0199,0.0228,0.814,0.0256,0.0198,0.0178,0.0226,0.0192,0.0193
2023-09-29,model_Portfolio,Hold,0.0186,0.0202,0.0224,0.8161,0.0248,0.0196,0.0178,0.0222,0.0192,0.0191
2023-10-02,model_Portfolio,Hold,0.0181,0.02,0.0221,0.8206,0.0235,0.019,0.0173,0.0225,0.0182,0.0186
2023-10-03,model_Portfolio,Hold,0.0187,0.0205,0.0225,0.816,0.0244,0.0198,0.0176,0.0229,0.0185,0.019
2023-10-04,model_Portfolio,Hold,0.0184,0.0204,0.0223,0.8185,0.023,0.0197,0.0175,0.0231,0.0181,0.019
2023-10-05,model_Portfolio,Hold,0.0186,0.0206,0.0226,0.8174,0.023,0.0195,0.0176,0.0232,0.0182,0.0193
2023-10-06,model_Portfolio,Hold,0.0185,0.0205,0.0226,0.8188,0.0226,0.0193,0.0173,0.0233,0.018,0.019
2023-10-09,model_Portfolio,Hold,0.0184,0.0204,0.0227,0.8172,0.0234,0.0195,0.0177,0.0234,0.0181,0.0192
2023-10-10,model_Portfolio,Hold,0.0184,0.0202,0.0227,0.8181,0.0231,0.0196,0.0176,0.0231,0.0183,0.019
2023-10-11,model_Portfolio,Hold,0.0172,0.02,0.0226,0.8206,0.0227,0.0195,0.0175,0.0232,0.0179,0.0187
2023-10-12,model_Portfolio,Hold,0.0168,0.0195,0.0226,0.823,0.0229,0.0191,0.0169,0.0229,0.0177,0.0186
2023-10-13,model_Portfolio,Hold,0.0172,0.0196,0.0231,0.8192,0.0244,0.0194,0.0173,0.023,0.0178,0.019
2023-10-16,model_Portfolio,Hold,0.0171,0.0194,0.0228,0.8203,0.0245,0.0191,0.0173,0.0228,0.0178,0.0188
2023-10-17,model_Portfolio,Hold,0.0172,0.0197,0.0231,0.8183,0.0248,0.0195,0.0174,0.023,0.018,0.019
2023-10-18,model_Portfolio,Hold,0.0182,0.0199,0.0233,0.8156,0.0257,0.0194,0.0172,0.0233,0.0179,0.0194
2023-10-19,model_Portfolio,Hold,0.0182,0.0198,0.023,0.8171,0.0259,0.0192,0.0167,0.0232,0.0177,0.0192
2023-10-20,model_Portfolio,Hold,0.0189,0.0199,0.023,0.8147,0.0259,0.0195,0.0172,0.0234,0.018,0.0197
2023-10-23,model_Portfolio,Hold,0.0186,0.0196,0.0227,0.8178,0.0251,0.0191,0.0169,0.0234,0.0176,0.0193
2023-10-24,model_Portfolio,Hold,0.0181,0.0194,0.0225,0.8186,0.0246,0.019,0.0169,0.0234,0.0183,0.0192
2023-10-25,model_Portfolio,Hold,0.0188,0.0202,0.0239,0.8128,0.0259,0.0198,0.0171,0.0223,0.0191,0.0203
2023-10-26,model_Portfolio,Hold,0.0192,0.0204,0.024,0.8124,0.0259,0.0203,0.0177,0.022,0.0192,0.0189
2023-10-27,model_Portfolio,Hold,0.018,0.0192,0.0225,0.8236,0.0244,0.0191,0.0164,0.0209,0.018,0.0179
2023-10-30,model_Portfolio,Hold,0.0174,0.0188,0.022,0.8275,0.0234,0.0188,0.0161,0.0206,0.0178,0.0177
2023-10-31,model_Portfolio,Hold,0.0176,0.019,0.0221,0.827,0.0233,0.0189,0.016,0.0204,0.018,0.0177
2023-11-01,model_Portfolio,Hold,0.0173,0.0188,0.0218,0.8305,0.0227,0.0185,0.0156,0.0203,0.0175,0.0171
2023-11-02,model_Portfolio,Hold,0.0173,0.019,0.0223,0.8287,0.0225,0.0187,0.0163,0.0203,0.0177,0.0173
2023-11-03,model_Portfolio,Hold,0.0172,0.0193,0.0224,0.8275,0.0225,0.0188,0.0169,0.0204,0.0179,0.0172
2023-11-06,model_Portfolio,Hold,0.0169,0.0191,0.022,0.8295,0.022,0.0186,0.0167,0.0205,0.0177,0.017
2023-11-07,model_Portfolio,Hold,0.0166,0.019,0.0216,0.8351,0.021,0.016,0.0162,0.0203,0.0174,0.0168
2023-11-08,model_Portfolio,Hold,0.0167,0.0192,0.0215,0.835,0.0204,0.0164,0.0163,0.0205,0.0173,0.0167
2023-11-09,model_Portfolio,Hold,0.0167,0.0192,0.0219,0.8348,0.0204,0.0169,0.0156,0.0205,0.0174,0.0168
2023-11-10,model_Portfolio,Hold,0.0164,0.0192,0.0216,0.8362,0.0203,0.0166,0.0154,0.0205,0.0172,0.0165
2023-11-13,model_Portfolio,Hold,0.0168,0.019,0.0217,0.8357,0.0203,0.0167,0.0153,0.0205,0.0173,0.0166
2023-11-14,model_Portfolio,Hold,0.0167,0.0189,0.0215,0.8354,0.0203,0.0165,0.0167,0.0203,0.0174,0.0163
2023-11-15,model_Portfolio,Hold,0.0171,0.0195,0.0214,0.8321,0.0205,0.0171,0.017,0.0207,0.0179,0.0167
2023-11-16,model_Portfolio,Hold,0.0175,0.0196,0.0216,0.8317,0.0197,0.0171,0.0168,0.0211,0.0181,0.0168
2023-11-17,model_Portfolio,Hold,0.0172,0.0194,0.0215,0.8339,0.02,0.0167,0.0165,0.0206,0.0177,0.0166
2023-11-20,model_Portfolio,Hold,0.0173,0.0194,0.0212,0.8342,0.0199,0.0167,0.0165,0.0206,0.0176,0.0165
2023-11-21,model_Portfolio,Hold,0.0177,0.0196,0.0217,0.832,0.02,0.0172,0.0166,0.021,0.0176,0.0167
2023-11-22,model_Portfolio,Hold,0.0175,0.0195,0.0214,0.8338,0.0196,0.0168,0.0165,0.0208,0.0176,0.0166
2023-11-24,model_Portfolio,Hold,0.0175,0.0195,0.0216,0.8334,0.0198,0.0168,0.0166,0.0206,0.0177,0.0167
2023-11-27,model_Portfolio,Hold,0.0174,0.0193,0.0215,0.8347,0.0194,0.0165,0.0165,0.0204,0.0178,0.0166
2023-11-28,model_Portfolio,Hold,0.0174,0.0194,0.0213,0.8337,0.0195,0.0164,0.0169,0.0206,0.0181,0.0168
2023-11-29,model_Portfolio,Hold,0.0177,0.0195,0.0213,0.8331,0.0195,0.0163,0.0172,0.0204,0.0182,0.0168
2023-11-30,model_Portfolio,Hold,0.0178,0.0195,0.0216,0.8326,0.0194,0.0166,0.0173,0.02,0.0183,0.0169
2023-12-01,model_Portfolio,Hold,0.0178,0.0197,0.0214,0.8316,0.0193,0.0166,0.0185,0.0198,0.0183,0.017
2023-12-04,model_Portfolio,Hold,0.0181,0.0198,0.0217,0.8294,0.0194,0.0166,0.019,0.0196,0.0192,0.0172
2023-12-05,model_Portfolio,Hold,0.0177,0.0196,0.0214,0.8325,0.0186,0.016,0.0188,0.0197,0.0187,0.0171
2023-12-06,model_Portfolio,Hold,0.0181,0.0198,0.0215,0.8308,0.0185,0.0162,0.0194,0.0198,0.0191,0.0168
2023-12-07,model_Portfolio,Hold,0.0177,0.0195,0.0213,0.8322,0.0181,0.016,0.0192,0.0205,0.019,0.0166
2023-12-08,model_Portfolio,Hold,0.0177,0.0196,0.0213,0.8327,0.0184,0.016,0.0187,0.0202,0.0189,0.0165
2023-12-11,model_Portfolio,Hold,0.0181,0.0201,0.0217,0.8306,0.0187,0.0162,0.0189,0.0201,0.019,0.0167
2023-12-12,model_Portfolio,Hold,0.0181,0.0199,0.0218,0.8324,0.0182,0.0162,0.0183,0.0198,0.0188,0.0165
2023-12-13,model_Portfolio,Hold,0.018,0.0198,0.0215,0.8317,0.0184,0.0162,0.0194,0.0196,0.0189,0.0166
2023-12-14,model_Portfolio,Hold,0.0183,0.0198,0.0209,0.8288,0.019,0.0164,0.021,0.0196,0.0195,0.0167
2023-12-15,model_Portfolio,Hold,0.0179,0.0197,0.0205,0.8322,0.0185,0.0162,0.02,0.0195,0.0192,0.0164
2023-12-18,model_Portfolio,Hold,0.0176,0.0191,0.0202,0.8354,0.0182,0.0158,0.0194,0.0195,0.0186,0.0162
2023-12-19,model_Portfolio,Hold,0.0176,0.0191,0.0204,0.8345,0.0184,0.0159,0.0195,0.0196,0.0187,0.0163
2023-12-20,model_Portfolio,Hold,0.0177,0.0192,0.0203,0.8348,0.0184,0.0158,0.0192,0.0201,0.0184,0.016
2023-12-21,model_Portfolio,Hold,0.0177,0.0195,0.0202,0.8345,0.0184,0.0159,0.0194,0.0202,0.0185,0.0158
2023-12-22,model_Portfolio,Hold,0.0178,0.0198,0.0203,0.8336,0.0184,0.0159,0.0192,0.0204,0.0187,0.0159
2023-12-26,model_Portfolio,Hold,0.0178,0.0197,0.0203,0.8324,0.0191,0.016,0.0194,0.0203,0.019,0.0158
2023-12-27,model_Portfolio,Hold,0.0179,0.0198,0.0203,0.8323,0.019,0.0161,0.0195,0.0202,0.0191,0.0158
2023-12-28,model_Portfolio,Hold,0.018,0.0196,0.0204,0.8326,0.0185,0.016,0.0196,0.0202,0.0193,0.0158
2023-12-29,model_Portfolio,Hold,0.0181,0.0198,0.0207,0.8317,0.0185,0.0162,0.0194,0.0202,0.0194,0.016
2024-01-02,model_Portfolio,Rebalance,0.02,0.02,0.02,0.1657,0.02,0.02,0.02,0.6743,0.02,0.02
2024-01-03,model_Portfolio,Hold,0.0199,0.0195,0.02,0.164,0.0204,0.0198,0.0194,0.6776,0.0196,0.0199
2024-01-04,model_Portfolio,Hold,0.0206,0.0198,0.0201,0.1626,0.0192,0.0201,0.0198,0.6775,0.02,0.0203
2024-01-05,model_Portfolio,Hold,0.0206,0.0198,0.0203,0.1637,0.0194,0.0201,0.02,0.6756,0.0202,0.0204
2024-01-08,model_Portfolio,Hold,0.0205,0.0196,0.0199,0.1646,0.0187,0.0199,0.0201,0.6769,0.0198,0.0201
2024-01-09,model_Portfolio,Hold,0.0203,0.0195,0.0191,0.1652,0.018,0.0193,0.0196,0.6794,0.0196,0.0199
2024-01-10,model_Portfolio,Hold,0.0204,0.0195,0.0194,0.1663,0.0177,0.0191,0.0196,0.6795,0.0193,0.0193
2024-01-11,model_Portfolio,Hold,0.0203,0.0196,0.0194,0.1678,0.0176,0.0189,0.0191,0.6783,0.0194,0.0196
2024-01-12,model_Portfolio,Hold,0.0204,0.02,0.0194,0.1667,0.0176,0.0188,0.0191,0.6794,0.0192,0.0194
2024-01-16,model_Portfolio,Hold,0.0204,0.02,0.0194,0.1658,0.017,0.0186,0.0192,0.6811,0.0192,0.0193
2024-01-17,model_Portfolio,Hold,0.0206,0.0202,0.0196,0.1654,0.0168,0.0188,0.0188,0.6813,0.019,0.0193
2024-01-18,model_Portfolio,Hold,0.0204,0.0203,0.0196,0.1654,0.0166,0.0185,0.0184,0.6829,0.0189,0.019
2024-01-19,model_Portfolio,Hold,0.0201,0.0202,0.0195,0.1647,0.0163,0.0183,0.0183,0.6853,0.0188,0.0186
2024-01-22,model_Portfolio,Hold,0.0201,0.0204,0.0195,0.1644,0.0165,0.0183,0.0184,0.6848,0.0189,0.0187
2024-01-23,model_Portfolio,Hold,0.02,0.0205,0.0195,0.165,0.0165,0.0184,0.0181,0.6868,0.0167,0.0186
2024-01-24,model_Portfolio,Hold,0.0193,0.0203,0.0194,0.1647,0.0167,0.0179,0.0178,0.6896,0.0161,0.0183
2024-01-25,model_Portfolio,Hold,0.0192,0.0201,0.019,0.1628,0.0167,0.018,0.0178,0.692,0.0163,0.0181
2024-01-26,model_Portfolio,Hold,0.0191,0.02,0.0191,0.1637,0.0167,0.0178,0.0179,0.6914,0.0163,0.018
2024-01-29,model_Portfolio,Hold,0.0192,0.0199,0.0188,0.1645,0.0164,0.0176,0.0181,0.6914,0.0162,0.018
2024-01-30,model_Portfolio,Hold,0.0194,0.0201,0.0192,0.1641,0.0169,0.0177,0.0175,0.6905,0.0163,0.0182
2024-01-31,model_Portfolio,Hold,0.0205,0.0209,0.0201,0.17,0.0174,0.0185,0.0186,0.6779,0.017,0.0191
2024-02-01,model_Portfolio,Hold,0.0206,0.0211,0.018,0.1729,0.0169,0.0186,0.0186,0.6765,0.0171,0.0197
2024-02-02,model_Portfolio,Hold,0.0198,0.0208,0.0178,0.1831,0.0163,0.0182,0.0181,0.6701,0.0166,0.0192
2024-02-05,model_Portfolio,Hold,0.0197,0.0206,0.0177,0.1815,0.0161,0.0154,0.0176,0.6763,0.0163,0.0188
2024-02-06,model_Portfolio,Hold,0.0201,0.0203,0.0178,0.18,0.0164,0.0153,0.0175,0.6772,0.0164,0.0188
2024-02-07,model_Portfolio,Hold,0.0198,0.0202,0.0181,0.18,0.0163,0.015,0.0173,0.6784,0.0163,0.0185
2024-02-08,model_Portfolio,Hold,0.0196,0.0203,0.0179,0.1791,0.0162,0.0153,0.0174,0.6795,0.0162,0.0184
2024-02-09,model_Portfolio,Hold,0.0192,0.0201,0.0176,0.1806,0.0156,0.015,0.0168,0.6811,0.0158,0.0181
2024-02-12,model_Portfolio,Hold,0.0194,0.02,0.0178,0.1798,0.0161,0.0154,0.0172,0.6796,0.0163,0.0184
2024-02-13,model_Portfolio,Hold,0.0196,0.0201,0.018,0.179,0.0159,0.0153,0.0168,0.6805,0.0162,0.0186
2024-02-14,model_Portfolio,Hold,0.0196,0.0205,0.0181,0.1802,0.0159,0.0151,0.0167,0.6793,0.016,0.0185
2024-02-15,model_Portfolio,Hold,0.0201,0.0208,0.0186,0.1813,0.0169,0.016,0.0179,0.6733,0.0165,0.0187
2024-02-16,model_Portfolio,Hold,0.0204,0.0209,0.0186,0.1831,0.0172,0.0162,0.018,0.6702,0.0165,0.0189
2024-02-20,model_Portfolio,Hold,0.0209,0.0205,0.0186,0.1804,0.0169,0.0163,0.018,0.6729,0.0166,0.0189
2024-02-21,model_Portfolio,Hold,0.0209,0.0202,0.0186,0.1803,0.017,0.0161,0.0182,0.6734,0.0164,0.0188
2024-02-22,model_Portfolio,Hold,0.0208,0.0205,0.0184,0.1841,0.0161,0.0161,0.0179,0.671,0.0163,0.0188
2024-02-23,model_Portfolio,Hold,0.0209,0.0208,0.0185,0.1844,0.016,0.0162,0.018,0.67,0.0163,0.0189
2024-02-26,model_Portfolio,Hold,0.0214,0.0215,0.019,0.1901,0.0163,0.0165,0.0182,0.6611,0.0167,0.0193
2024-02-27,model_Portfolio,Hold,0.0214,0.0214,0.019,0.1876,0.0165,0.0166,0.0184,0.6632,0.0167,0.0193
2024-02-28,model_Portfolio,Hold,0.0218,0.0216,0.0193,0.1896,0.0166,0.0168,0.0186,0.6594,0.0168,0.0195
2024-02-29,model_Portfolio,Hold,0.0212,0.0212,0.0191,0.1908,0.0163,0.0167,0.0189,0.66,0.0166,0.0192
2024-03-01,model_Portfolio,Hold,0.0213,0.0216,0.0191,0.1932,0.0167,0.0169,0.0189,0.6565,0.0167,0.0193
2024-03-04,model_Portfolio,Hold,0.022,0.0222,0.0193,0.1962,0.0168,0.0174,0.0195,0.6507,0.0169,0.0191
2024-03-05,model_Portfolio,Hold,0.0218,0.0219,0.0197,0.1938,0.0171,0.0176,0.0193,0.652,0.0173,0.0194
2024-03-06,model_Portfolio,Hold,0.0221,0.0223,0.0201,0.1941,0.0173,0.018,0.0194,0.6492,0.0173,0.0202
2024-03-07,model_Portfolio,Hold,0.022,0.0222,0.0198,0.1941,0.0169,0.0178,0.0191,0.6513,0.017,0.0199
2024-03-08,model_Portfolio,Hold,0.0219,0.0216,0.0197,0.1918,0.017,0.0175,0.0195,0.6539,0.0172,0.0199
2024-03-11,model_Portfolio,Hold,0.0216,0.0212,0.0197,0.1865,0.0171,0.0178,0.0193,0.6595,0.0171,0.0202
2024-03-12,model_Portfolio,Hold,0.0215,0.0214,0.0195,0.1886,0.0171,0.0174,0.019,0.6576,0.0178,0.0202
2024-03-13,model_Portfolio,Hold,0.0212,0.0211,0.0195,0.1881,0.0175,0.0174,0.0187,0.6577,0.0186,0.0201
2024-03-14,model_Portfolio,Hold,0.0206,0.0207,0.0192,0.1872,0.0172,0.017,0.0181,0.6618,0.0181,0.0202
2024-03-15,model_Portfolio,Hold,0.0203,0.0208,0.0196,0.1853,0.0172,0.0172,0.0184,0.6622,0.0187,0.0203
2024-03-18,model_Portfolio,Hold,0.0192,0.0201,0.0191,0.1799,0.0169,0.0167,0.0178,0.6723,0.0181,0.02
2024-03-19,model_Portfolio,Hold,0.0193,0.0204,0.019,0.1815,0.0173,0.0165,0.0178,0.6699,0.0182,0.02
2024-03-20,model_Portfolio,Hold,0.0188,0.0203,0.019,0.1818,0.0174,0.0161,0.018,0.6702,0.0185,0.0199
2024-03-21,model_Portfolio,Hold,0.019,0.0185,0.0191,0.183,0.0176,0.016,0.0185,0.6696,0.0185,0.0201
2024-03-22,model_Portfolio,Hold,0.0186,0.0179,0.0187,0.1814,0.0172,0.0159,0.0178,0.6751,0.0181,0.0194
2024-03-25,model_Portfolio,Hold,0.0185,0.0177,0.0189,0.1826,0.0178,0.016,0.018,0.6732,0.0178,0.0196
2024-03-26,model_Portfolio,Hold,0.0188,0.0179,0.0189,0.1811,0.0169,0.016,0.0177,0.6759,0.0174,0.0195
2024-03-27,model_Portfolio,Hold,0.019,0.018,0.0189,0.1817,0.0172,0.0162,0.0183,0.6733,0.0177,0.0196
2024-03-28,model_Portfolio,Hold,0.019,0.0183,0.019,0.1819,0.0175,0.0163,0.0184,0.6722,0.0179,0.0196
2024-04-01,model_Portfolio,Hold,0.0183,0.0175,0.0184,0.1787,0.0177,0.016,0.0175,0.6782,0.0186,0.019
2024-04-02,model_Portfolio,Hold,0.0184,0.0175,0.0185,0.1794,0.0177,0.0159,0.0174,0.6778,0.0185,0.019
2024-04-03,model_Portfolio,Hold,0.0183,0.0172,0.0185,0.1807,0.0176,0.0158,0.0173,0.6776,0.0185,0.0186
2024-04-04,model_Portfolio,Hold,0.0185,0.0175,0.0187,0.1825,0.0182,0.016,0.0176,0.6739,0.0184,0.0187
2024-04-05,model_Portfolio,Hold,0.0184,0.0174,0.0187,0.1848,0.018,0.0159,0.0176,0.6725,0.0182,0.0185
2024-04-08,model_Portfolio,Hold,0.0181,0.0172,0.0184,0.183,0.0175,0.0156,0.0177,0.6758,0.0182,0.0185
2024-04-09,model_Portfolio,Hold,0.0182,0.0171,0.0178,0.1819,0.0173,0.0156,0.018,0.6775,0.0182,0.0184
2024-04-10,model_Portfolio,Hold,0.0181,0.0167,0.0178,0.1828,0.0174,0.0155,0.0171,0.678,0.0182,0.0182
2024-04-11,model_Portfolio,Hold,0.0179,0.0165,0.0169,0.1829,0.0168,0.0152,0.017,0.681,0.018,0.0178
2024-04-12,model_Portfolio,Hold,0.0178,0.0162,0.0172,0.1823,0.0167,0.0151,0.0169,0.6821,0.0179,0.0179
2024-04-15,model_Portfolio,Hold,0.018,0.0164,0.0175,0.1827,0.0167,0.0153,0.0168,0.6804,0.0182,0.0181
2024-04-16,model_Portfolio,Hold,0.0181,0.0165,0.0176,0.183,0.0164,0.0151,0.0165,0.6805,0.0182,0.0181
2024-04-17,model_Portfolio,Hold,0.0176,0.0164,0.0175,0.1805,0.0162,0.0152,0.0164,0.6838,0.0181,0.0182
2024-04-18,model_Portfolio,Hold,0.0174,0.0165,0.0176,0.1783,0.0163,0.0154,0.0164,0.6855,0.0182,0.0183
2024-04-19,model_Portfolio,Hold,0.018,0.0168,0.0183,0.1758,0.0166,0.0155,0.0165,0.6851,0.0186,0.0189
2024-04-22,model_Portfolio,Hold,0.0177,0.0166,0.0182,0.1761,0.0164,0.0155,0.0167,0.6856,0.0184,0.0188
2024-04-23,model_Portfolio,Hold,0.0176,0.0163,0.018,0.1764,0.016,0.0153,0.0166,0.6867,0.0183,0.0187
2024-04-24,model_Portfolio,Hold,0.0175,0.0162,0.0181,0.1734,0.016,0.0153,0.0166,0.69,0.0181,0.0188
2024-04-25,model_Portfolio,Hold,0.0178,0.0162,0.0183,0.1734,0.0165,0.0156,0.0166,0.688,0.0183,0.0194
2024-04-26,model_Portfolio,Hold,0.0166,0.015,0.017,0.1667,0.0154,0.0146,0.0153,0.7046,0.0171,0.0179
2024-04-29,model_Portfolio,Hold,0.0169,0.0151,0.0175,0.1716,0.0158,0.015,0.016,0.6959,0.0175,0.0185
2024-04-30,model_Portfolio,Hold,0.0171,0.0153,0.0177,0.1695,0.0155,0.0152,0.0159,0.6962,0.0187,0.0189
2024-05-01,model_Portfolio,Hold,0.017,0.0151,0.0178,0.1718,0.0149,0.0152,0.0159,0.6947,0.0189,0.0187
2024-05-02,model_Portfolio,Hold,0.0167,0.0149,0.0174,0.1744,0.014,0.0153,0.0158,0.6947,0.0183,0.0185
2024-05-03,model_Portfolio,Hold,0.0166,0.015,0.0171,0.1751,0.014,0.0154,0.016,0.6943,0.0183,0.0182
2024-05-06,model_Portfolio,Hold,0.0164,0.015,0.0173,0.1762,0.0142,0.0154,0.0158,0.6934,0.0181,0.0181
2024-05-07,model_Portfolio,Hold,0.0163,0.015,0.0171,0.174,0.0142,0.0153,0.0156,0.6969,0.0176,0.018
2024-05-08,model_Portfolio,Hold,0.0162,0.0152,0.0173,0.1747,0.0144,0.0152,0.0155,0.6951,0.0179,0.0183
2024-05-09,model_Portfolio,Hold,0.0161,0.0149,0.0173,0.1753,0.0146,0.0154,0.0158,0.6942,0.018,0.0184
2024-05-10,model_Portfolio,Hold,0.0162,0.015,0.0175,0.1746,0.0144,0.0155,0.016,0.6936,0.0184,0.0186
2024-05-13,model_Portfolio,Hold,0.0162,0.015,0.0175,0.1735,0.0143,0.0155,0.0159,0.6948,0.0186,0.0186
2024-05-14,model_Portfolio,Hold,0.016,0.0149,0.0175,0.173,0.0142,0.0153,0.0162,0.6956,0.0185,0.0187
2024-05-15,model_Portfolio,Hold,0.016,0.0148,0.0175,0.1704,0.0143,0.0154,0.0162,0.6981,0.0186,0.0187
2024-05-16,model_Portfolio,Hold,0.0159,0.0147,0.0174,0.1674,0.0142,0.0156,0.016,0.7011,0.0191,0.0186
2024-05-17,model_Portfolio,Hold,0.0157,0.0144,0.0175,0.1668,0.0142,0.0158,0.0159,0.7022,0.019,0.0185
2024-05-20,model_Portfolio,Hold,0.0155,0.0145,0.0173,0.1654,0.0142,0.016,0.0158,0.704,0.019,0.0184
2024-05-21,model_Portfolio,Hold,0.0154,0.0143,0.0173,0.1646,0.0141,0.0158,0.0157,0.7057,0.0186,0.0185
2024-05-22,model_Portfolio,Hold,0.0158,0.0146,0.0174,0.1655,0.0139,0.0159,0.0157,0.7041,0.0184,0.0186
2024-05-23,model_Portfolio,Hold,0.0159,0.0147,0.0175,0.1661,0.0138,0.0161,0.0154,0.7033,0.0184,0.0186
2024-05-24,model_Portfolio,Hold,0.0158,0.0144,0.0176,0.165,0.0137,0.0161,0.0153,0.7053,0.0183,0.0185
2024-05-28,model_Portfolio,Hold,0.0154,0.0142,0.0174,0.1652,0.0138,0.016,0.015,0.7066,0.018,0.0184
2024-05-29,model_Portfolio,Hold,0.0153,0.014,0.0175,0.1657,0.0135,0.0158,0.0148,0.7072,0.0179,0.0183
2024-05-30,model_Portfolio,Hold,0.0157,0.0139,0.0179,0.1661,0.014,0.0161,0.0152,0.704,0.0183,0.0187
2024-05-31,model_Portfolio,Hold,0.0157,0.0137,0.0183,0.1633,0.0144,0.0164,0.0156,0.7049,0.0187,0.019
2024-06-03,model_Portfolio,Hold,0.0158,0.0136,0.018,0.1644,0.0138,0.0166,0.0153,0.7048,0.0185,0.0191
2024-06-04,model_Portfolio,Hold,0.0158,0.0139,0.0178,0.1647,0.0136,0.0165,0.0153,0.705,0.0183,0.0191
2024-06-05,model_Portfolio,Hold,0.0157,0.0139,0.0177,0.1651,0.0135,0.0164,0.015,0.7056,0.0182,0.0189
2024-06-06,model_Portfolio,Hold,0.0157,0.0138,0.0176,0.167,0.0134,0.0162,0.0149,0.7047,0.0179,0.0188
2024-06-07,model_Portfolio,Hold,0.0163,0.0138,0.0178,0.1679,0.0134,0.017,0.0148,0.7017,0.0185,0.0189
2024-06-10,model_Portfolio,Hold,0.0162,0.0138,0.0176,0.1694,0.0136,0.017,0.0146,0.7006,0.0184,0.0187
2024-06-11,model_Portfolio,Hold,0.0159,0.0139,0.0173,0.1685,0.0136,0.0168,0.0145,0.7026,0.0184,0.0186
2024-06-12,model_Portfolio,Hold,0.0156,0.0134,0.0174,0.1675,0.0134,0.0169,0.0147,0.7045,0.0183,0.0183
2024-06-13,model_Portfolio,Hold,0.0157,0.0135,0.0175,0.167,0.0132,0.0173,0.0151,0.7037,0.0186,0.0185
2024-06-14,model_Portfolio,Hold,0.0156,0.0136,0.0173,0.166,0.0128,0.0166,0.0149,0.7066,0.0184,0.0182
2024-06-17,model_Portfolio,Hold,0.0155,0.0135,0.0175,0.166,0.0128,0.0164,0.0147,0.7069,0.0183,0.0183
2024-06-18,model_Portfolio,Hold,0.0158,0.0136,0.0178,0.1664,0.013,0.0167,0.0149,0.7047,0.0185,0.0185
2024-06-20,model_Portfolio,Hold,0.016,0.0145,0.0178,0.1678,0.013,0.0163,0.0147,0.7028,0.0185,0.0186
2024-06-21,model_Portfolio,Hold,0.0156,0.0144,0.0175,0.1677,0.0127,0.0161,0.0146,0.7045,0.0183,0.0185
2024-06-24,model_Portfolio,Hold,0.0156,0.0144,0.0177,0.1652,0.0133,0.0161,0.0149,0.7055,0.0185,0.0188
2024-06-25,model_Portfolio,Hold,0.0154,0.0141,0.0173,0.1629,0.0129,0.0155,0.0144,0.7111,0.018,0.0185
2024-06-26,model_Portfolio,Hold,0.0152,0.0139,0.0171,0.1684,0.0127,0.0153,0.0142,0.7071,0.0178,0.0183
2024-06-27,model_Portfolio,Hold,0.015,0.0137,0.0169,0.1704,0.0128,0.0151,0.0142,0.7062,0.0179,0.0178
2024-06-28,model_Portfolio,Hold,0.0152,0.014,0.0172,0.1693,0.0131,0.0151,0.0147,0.7054,0.018,0.0181
2024-07-01,model_Portfolio,Rebalance,0.1325,0.0619,0.1286,0.0271,0.1275,0.0618,0.0886,0.0292,0.1447,0.1981
2024-07-02,model_Portfolio,Hold,0.132,0.0619,0.1287,0.0273,0.1259,0.0625,0.0892,0.0295,0.1456,0.1975
2024-07-03,model_Portfolio,Hold,0.131,0.0624,0.1283,0.027,0.1263,0.063,0.0893,0.0296,0.1457,0.1972
2024-07-05,model_Portfolio,Hold,0.1334,0.0611,0.1285,0.0274,0.123,0.0631,0.0893,0.0304,0.1455,0.1982
2024-07-08,model_Portfolio,Hold,0.1314,0.0613,0.1281,0.0274,0.1243,0.0638,0.0894,0.0303,0.1456,0.1984
2024-07-09,model_Portfolio,Hold,0.1308,0.0611,0.1287,0.0274,0.1241,0.0638,0.089,0.0303,0.1436,0.2014
2024-07-10,model_Portfolio,Hold,0.1315,0.06,0.1295,0.0272,0.123,0.0635,0.0889,0.0304,0.1453,0.2007
2024-07-11,model_Portfolio,Hold,0.1306,0.0598,0.1303,0.0261,0.1252,0.0629,0.0933,0.029,0.1449,0.1979
2024-07-12,model_Portfolio,Hold,0.1295,0.0617,0.1295,0.0258,0.1248,0.0632,0.0933,0.0286,0.1448,0.1988
2024-07-15,model_Portfolio,Hold,0.1278,0.0628,0.1297,0.0254,0.1302,0.0624,0.0935,0.0287,0.142,0.1975
2024-07-16,model_Portfolio,Hold,0.1267,0.0638,0.1291,0.0253,0.1303,0.0639,0.0933,0.0281,0.142,0.1976
2024-07-17,model_Portfolio,Hold,0.1274,0.0631,0.1281,0.0243,0.1307,0.0637,0.0931,0.0273,0.1419,0.2004
2024-07-18,model_Portfolio,Hold,0.123,0.0642,0.1297,0.024,0.1318,0.0634,0.0921,0.027,0.1425,0.2023
2024-07-19,model_Portfolio,Hold,0.1256,0.0645,0.128,0.024,0.1314,0.0626,0.0914,0.0271,0.1425,0.203
2024-07-22,model_Portfolio,Hold,0.1275,0.0648,0.13,0.0238,0.1292,0.0591,0.0917,0.0276,0.1437,0.2025
2024-07-23,model_Portfolio,Hold,0.1284,0.0649,0.1304,0.0245,0.1274,0.0612,0.0889,0.0278,0.1441,0.2024
2024-07-24,model_Portfolio,Hold,0.1331,0.0649,0.1307,0.0238,0.1263,0.0625,0.085,0.0265,0.1427,0.2045
2024-07-25,model_Portfolio,Hold,0.131,0.0649,0.1302,0.0236,0.13,0.0619,0.085,0.0256,0.1424,0.2053
2024-07-26,model_Portfolio,Hold,0.1254,0.0623,0.1264,0.0231,0.125,0.0602,0.084,0.0246,0.1687,0.2004
2024-07-29,model_Portfolio,Hold,0.1254,0.0621,0.1266,0.0233,0.1238,0.0616,0.0833,0.0251,0.1669,0.2017
2024-07-30,model_Portfolio,Hold,0.1253,0.0623,0.1269,0.023,0.1241,0.0608,0.0839,0.0251,0.168,0.2006
2024-07-31,model_Portfolio,Hold,0.1265,0.0628,0.1274,0.0237,0.1252,0.061,0.083,0.0254,0.1697,0.1952
2024-08-01,model_Portfolio,Hold,0.1292,0.0612,0.1334,0.0229,0.1225,0.0653,0.08,0.0248,0.1652,0.1956
2024-08-02,model_Portfolio,Hold,0.1325,0.0612,0.1322,0.0212,0.1144,0.0649,0.08,0.0246,0.1661,0.2028
2024-08-05,model_Portfolio,Hold,0.1324,0.0608,0.1325,0.0209,0.113,0.0657,0.081,0.024,0.1692,0.2006
2024-08-06,model_Portfolio,Hold,0.1328,0.0615,0.1338,0.0209,0.1105,0.0654,0.0828,0.0238,0.1687,0.2001
2024-08-07,model_Portfolio,Hold,0.1335,0.0615,0.1349,0.021,0.1103,0.0652,0.0808,0.0239,0.1662,0.2026
2024-08-08,model_Portfolio,Hold,0.1315,0.0602,0.1351,0.0211,0.1145,0.0647,0.0804,0.024,0.1669,0.2015
2024-08-09,model_Portfolio,Hold,0.1305,0.0603,0.1359,0.0213,0.1142,0.0646,0.0809,0.0243,0.166,0.2019
2024-08-12,model_Portfolio,Hold,0.1297,0.0601,0.1362,0.0213,0.118,0.0638,0.0796,0.0242,0.1653,0.2018
2024-08-13,model_Portfolio,Hold,0.129,0.0605,0.1356,0.0216,0.1158,0.0638,0.0803,0.0242,0.1663,0.203
2024-08-14,model_Portfolio,Hold,0.1305,0.0604,0.136,0.0215,0.1155,0.0635,0.0797,0.0236,0.1668,0.2026
2024-08-15,model_Portfolio,Hold,0.1309,0.0611,0.1354,0.0223,0.1169,0.0626,0.0805,0.0236,0.1672,0.1997
2024-08-16,model_Portfolio,Hold,0.1304,0.0611,0.1376,0.0221,0.1154,0.0627,0.0798,0.0237,0.1662,0.201
2024-08-19,model_Portfolio,Hold,0.131,0.0614,0.1378,0.0222,0.1153,0.0621,0.0802,0.0242,0.1657,0.2003
2024-08-20,model_Portfolio,Hold,0.1303,0.0618,0.1379,0.0224,0.112,0.0622,0.08,0.0243,0.1673,0.2017
2024-08-21,model_Portfolio,Hold,0.1302,0.062,0.1384,0.0224,0.1102,0.0623,0.0802,0.024,0.1682,0.2019
2024-08-22,model_Portfolio,Hold,0.1309,0.0614,0.1399,0.0218,0.1095,0.062,0.0819,0.0237,0.1672,0.2017
2024-08-23,model_Portfolio,Hold,0.13,0.0612,0.1392,0.0217,0.1104,0.0616,0.0829,0.0237,0.1677,0.2017
2024-08-26,model_Portfolio,Hold,0.1291,0.0614,0.1384,0.0214,0.1115,0.0618,0.0826,0.0236,0.1691,0.2013
2024-08-27,model_Portfolio,Hold,0.1297,0.0621,0.1389,0.0211,0.1096,0.0617,0.082,0.0234,0.1688,0.2028
2024-08-28,model_Portfolio,Hold,0.1294,0.0615,0.1403,0.0208,0.1101,0.0614,0.0809,0.0231,0.169,0.2035
2024-08-29,model_Portfolio,Hold,0.1285,0.0617,0.1405,0.0208,0.1124,0.0611,0.0796,0.0228,0.1697,0.2028
2024-08-30,model_Portfolio,Hold,0.1285,0.0617,0.1407,0.0215,0.1086,0.0612,0.0804,0.0229,0.1711,0.2034
2024-09-03,model_Portfolio,Hold,0.1318,0.0625,0.1409,0.0215,0.1033,0.0612,0.0807,0.0224,0.1684,0.2072
2024-09-04,model_Portfolio,Hold,0.1313,0.0628,0.1425,0.0211,0.0998,0.061,0.08,0.0222,0.1698,0.2094
2024-09-05,model_Portfolio,Hold,0.1305,0.0626,0.1422,0.0218,0.1007,0.0611,0.0803,0.0225,0.1697,0.2087
2024-09-06,model_Portfolio,Hold,0.133,0.0632,0.143,0.0213,0.0991,0.0608,0.0805,0.0218,0.1682,0.2091
2024-09-09,model_Portfolio,Hold,0.1351,0.0631,0.1427,0.0216,0.0971,0.0615,0.0813,0.0214,0.1669,0.2094
2024-09-10,model_Portfolio,Hold,0.1358,0.0642,0.1414,0.0221,0.0929,0.0618,0.0823,0.0214,0.1689,0.2091
2024-09-11,model_Portfolio,Hold,0.1357,0.0649,0.1405,0.0228,0.0924,0.0626,0.0832,0.0218,0.1698,0.2064
2024-09-12,model_Portfolio,Hold,0.1355,0.0646,0.1407,0.023,0.0923,0.0628,0.0838,0.0222,0.1714,0.2035
2024-09-13,model_Portfolio,Hold,0.1341,0.0641,0.1406,0.0228,0.0926,0.0633,0.0849,0.0225,0.1717,0.2034
2024-09-16,model_Portfolio,Hold,0.1344,0.0644,0.1414,0.0224,0.0938,0.0639,0.0844,0.0224,0.1722,0.2008
2024-09-17,model_Portfolio,Hold,0.1357,0.0616,0.1415,0.0228,0.0975,0.0647,0.0844,0.0227,0.1718,0.1972
2024-09-18,model_Portfolio,Hold,0.1328,0.0618,0.1415,0.0229,0.0975,0.0643,0.0848,0.0229,0.1726,0.1989
2024-09-19,model_Portfolio,Hold,0.1323,0.0618,0.1405,0.0234,0.0987,0.0645,0.0839,0.0233,0.1737,0.1979
2024-09-20,model_Portfolio,Hold,0.1317,0.062,0.1405,0.0236,0.0976,0.0646,0.0833,0.0235,0.1748,0.1985
2024-09-23,model_Portfolio,Hold,0.1315,0.0618,0.1417,0.0236,0.0979,0.0648,0.083,0.023,0.174,0.1987
2024-09-24,model_Portfolio,Hold,0.1296,0.0618,0.1402,0.0236,0.0974,0.0654,0.0843,0.023,0.1757,0.199
2024-09-25,model_Portfolio,Hold,0.1294,0.0616,0.1417,0.0235,0.0949,0.0658,0.0847,0.023,0.1758,0.1995
2024-09-26,model_Portfolio,Hold,0.1294,0.065,0.142,0.0233,0.0893,0.0665,0.0827,0.0232,0.1792,0.1994
2024-09-27,model_Portfolio,Hold,0.1289,0.0638,0.1425,0.0229,0.0945,0.0666,0.0822,0.0233,0.1763,0.199
2024-09-30,model_Portfolio,Hold,0.1305,0.0644,0.1438,0.0227,0.0941,0.0659,0.0814,0.0235,0.1752,0.1986
2024-10-01,model_Portfolio,Hold,0.1296,0.0639,0.1447,0.0224,0.0984,0.0647,0.0801,0.0236,0.1751,0.1976
2024-10-02,model_Portfolio,Hold,0.1298,0.0648,0.1467,0.0224,0.0989,0.0645,0.0796,0.0235,0.1733,0.1965
2024-10-03,model_Portfolio,Hold,0.1287,0.0659,0.1464,0.0222,0.1022,0.0638,0.0793,0.0236,0.1731,0.1949
2024-10-04,model_Portfolio,Hold,0.1284,0.0657,0.1477,0.0226,0.103,0.0634,0.0785,0.0236,0.1727,0.1942
2024-10-07,model_Portfolio,Hold,0.1295,0.0648,0.1436,0.0219,0.1035,0.0695,0.0777,0.0231,0.1725,0.1939
2024-10-08,model_Portfolio,Hold,0.1311,0.0656,0.1446,0.0222,0.1009,0.0691,0.078,0.0233,0.1725,0.1927
2024-10-09,model_Portfolio,Hold,0.132,0.0661,0.1421,0.0224,0.1007,0.0696,0.078,0.0228,0.172,0.1943
2024-10-10,model_Portfolio,Hold,0.1318,0.0657,0.143,0.0226,0.1029,0.0698,0.0786,0.0229,0.1703,0.1925
2024-10-11,model_Portfolio,Hold,0.1312,0.0651,0.1439,0.0227,0.1028,0.0697,0.0796,0.0229,0.1705,0.1915
2024-10-14,model_Portfolio,Hold,0.1318,0.0655,0.1441,0.0224,0.1009,0.0701,0.0808,0.023,0.1709,0.1906
2024-10-15,model_Portfolio,Hold,0.1318,0.0666,0.1448,0.0225,0.0944,0.0711,0.0821,0.0232,0.1718,0.1918
2024-10-16,model_Portfolio,Hold,0.1329,0.0668,0.1444,0.0223,0.0936,0.0714,0.0825,0.023,0.1715,0.1915
2024-10-17,model_Portfolio,Hold,0.1332,0.0674,0.1454,0.0224,0.0942,0.072,0.0817,0.0227,0.1709,0.1902
2024-10-18,model_Portfolio,Hold,0.1346,0.0675,0.1444,0.0225,0.0948,0.0725,0.0819,0.0227,0.1698,0.1892
2024-10-21,model_Portfolio,Hold,0.1331,0.068,0.1435,0.0227,0.0955,0.0731,0.0811,0.023,0.171,0.1889
2024-10-22,model_Portfolio,Hold,0.1324,0.0674,0.1431,0.0229,0.097,0.073,0.0802,0.0232,0.1674,0.1932
2024-10-23,model_Portfolio,Hold,0.1346,0.0678,0.1443,0.0225,0.0951,0.0728,0.0822,0.0231,0.1639,0.1938
2024-10-24,model_Portfolio,Hold,0.1348,0.067,0.1449,0.0228,0.0964,0.0722,0.0802,0.0232,0.163,0.1955
2024-10-25,model_Portfolio,Hold,0.1336,0.0671,0.1437,0.0232,0.0981,0.0721,0.0788,0.0239,0.1627,0.1968
2024-10-28,model_Portfolio,Hold,0.1328,0.0669,0.143,0.0232,0.0932,0.0718,0.0782,0.0239,0.169,0.1979
2024-10-29,model_Portfolio,Hold,0.1327,0.0675,0.144,0.0236,0.0921,0.0715,0.0779,0.0245,0.1685,0.1977
2024-10-30,model_Portfolio,Hold,0.1338,0.0644,0.144,0.0238,0.0927,0.0709,0.0791,0.0252,0.1662,0.1998
2024-10-31,model_Portfolio,Hold,0.1318,0.0637,0.1363,0.0229,0.0927,0.07,0.0773,0.0245,0.1665,0.2143
2024-11-01,model_Portfolio,Hold,0.1378,0.0638,0.1361,0.0243,0.0906,0.0696,0.0768,0.0245,0.1647,0.2118
2024-11-04,model_Portfolio,Hold,0.1369,0.0636,0.136,0.0241,0.0925,0.069,0.0784,0.0243,0.1632,0.2121
2024-11-05,model_Portfolio,Hold,0.1363,0.0636,0.1367,0.0244,0.0921,0.0687,0.0786,0.0242,0.1632,0.2122
2024-11-06,model_Portfolio,Hold,0.1324,0.0642,0.1377,0.0248,0.0947,0.0674,0.0764,0.0247,0.1692,0.2083
2024-11-07,model_Portfolio,Hold,0.1326,0.066,0.1383,0.0256,0.0852,0.0697,0.078,0.0257,0.1706,0.2084
2024-11-08,model_Portfolio,Hold,0.1335,0.0647,0.1387,0.0252,0.0842,0.0695,0.0779,0.0252,0.1715,0.2095
2024-11-11,model_Portfolio,Hold,0.1336,0.065,0.1413,0.025,0.0857,0.0696,0.076,0.0255,0.1696,0.2088
2024-11-12,model_Portfolio,Hold,0.1338,0.0659,0.1422,0.0254,0.0849,0.0693,0.0742,0.0257,0.1669,0.2117
2024-11-13,model_Portfolio,Hold,0.1321,0.0672,0.141,0.0258,0.0849,0.0692,0.0742,0.0252,0.1672,0.2133
2024-11-14,model_Portfolio,Hold,0.1313,0.0657,0.14,0.0255,0.0871,0.0698,0.0737,0.0247,0.1683,0.2139
2024-11-15,model_Portfolio,Hold,0.1326,0.0643,0.1425,0.0245,0.0865,0.0703,0.072,0.0243,0.1664,0.2165
2024-11-18,model_Portfolio,Hold,0.1333,0.0637,0.1424,0.0242,0.0862,0.0722,0.0713,0.0246,0.1657,0.2165
2024-11-19,model_Portfolio,Hold,0.134,0.0644,0.1423,0.0248,0.0847,0.0727,0.0713,0.0251,0.1643,0.2163
2024-11-20,model_Portfolio,Hold,0.1328,0.065,0.1419,0.0246,0.0856,0.0728,0.0713,0.0249,0.1641,0.217
2024-11-21,model_Portfolio,Hold,0.1337,0.0655,0.1432,0.0239,0.0865,0.0727,0.072,0.0236,0.1627,0.2162
2024-11-22,model_Portfolio,Hold,0.1332,0.0645,0.1429,0.0236,0.087,0.0727,0.0731,0.023,0.1628,0.2172
2024-11-25,model_Portfolio,Hold,0.1326,0.0645,0.1428,0.0239,0.086,0.0726,0.075,0.0232,0.1639,0.2155
2024-11-26,model_Portfolio,Hold,0.1313,0.0643,0.1427,0.0245,0.0847,0.0722,0.0742,0.0232,0.1659,0.217
2024-11-27,model_Portfolio,Hold,0.1325,0.0642,0.1429,0.0242,0.0848,0.0719,0.0734,0.0233,0.1654,0.2174
2024-11-29,model_Portfolio,Hold,0.1321,0.0641,0.1425,0.0244,0.0851,0.072,0.0731,0.0232,0.1664,0.2173
2024-12-02,model_Portfolio,Hold,0.1311,0.0645,0.1405,0.025,0.0847,0.073,0.0734,0.0237,0.1671,0.2171
2024-12-03,model_Portfolio,Hold,0.1322,0.0637,0.1364,0.0257,0.0861,0.0728,0.0732,0.024,0.167,0.2189
2024-12-04,model_Portfolio,Hold,0.1323,0.0653,0.1372,0.0263,0.0856,0.0724,0.0714,0.0246,0.1668,0.218
2024-12-05,model_Portfolio,Hold,0.1315,0.0648,0.1377,0.0265,0.0839,0.071,0.0715,0.0242,0.1699,0.219
2024-12-06,model_Portfolio,Hold,0.1315,0.0656,0.1372,0.0273,0.0823,0.0706,0.0705,0.0245,0.1697,0.2207
2024-12-09,model_Portfolio,Hold,0.1317,0.0655,0.1353,0.0274,0.0862,0.0703,0.073,0.0248,0.1689,0.2167
2024-12-10,model_Portfolio,Hold,0.1329,0.0664,0.1348,0.0274,0.0866,0.0703,0.0717,0.0263,0.1674,0.2161
2024-12-11,model_Portfolio,Hold,0.1318,0.0668,0.1353,0.0281,0.0873,0.0699,0.0712,0.0279,0.1679,0.2137
2024-12-12,model_Portfolio,Hold,0.1314,0.0661,0.1353,0.0279,0.0894,0.0695,0.0706,0.0274,0.1677,0.2147
2024-12-13,model_Portfolio,Hold,0.131,0.0659,0.1357,0.0278,0.0892,0.0699,0.0707,0.0271,0.1681,0.2147
2024-12-16,model_Portfolio,Hold,0.1311,0.0661,0.1358,0.0287,0.0863,0.0692,0.0704,0.0283,0.1688,0.2154
2024-12-17,model_Portfolio,Hold,0.133,0.0667,0.1355,0.0287,0.0835,0.0693,0.0716,0.0283,0.1684,0.215
2024-12-18,model_Portfolio,Hold,0.1343,0.0663,0.1353,0.028,0.0845,0.0687,0.0701,0.0279,0.1688,0.2162
2024-12-19,model_Portfolio,Hold,0.1341,0.0706,0.1358,0.0282,0.0826,0.0678,0.0692,0.0278,0.17,0.214
2024-12-20,model_Portfolio,Hold,0.1344,0.0686,0.1358,0.028,0.0836,0.0673,0.0696,0.0278,0.1705,0.2144
2024-12-23,model_Portfolio,Hold,0.1346,0.0672,0.1359,0.028,0.0859,0.067,0.0694,0.0283,0.1702,0.2135
2024-12-24,model_Portfolio,Hold,0.1343,0.0673,0.1358,0.0284,0.0865,0.0671,0.0694,0.0284,0.171,0.2118
2024-12-26,model_Portfolio,Hold,0.1347,0.0669,0.1361,0.0281,0.0862,0.0668,0.0694,0.0282,0.1717,0.212
2024-12-27,model_Portfolio,Hold,0.135,0.0665,0.1364,0.0278,0.0876,0.0666,0.0688,0.028,0.1712,0.2121
2024-12-30,model_Portfolio,Hold,0.1333,0.0663,0.1368,0.0277,0.0895,0.0661,0.0689,0.0279,0.171,0.2124
2024-12-31,model_Portfolio,Hold,0.1331,0.0658,0.1368,0.0273,0.0918,0.0661,0.0694,0.0275,0.1701,0.2122
2025-01-02,model_Portfolio,Rebalance,0.0806,0.0412,0.0793,0.0244,0.0831,0.044,0.0861,0.4146,0.0586,0.0881
2025-01-03,model_Portfolio,Hold,0.0801,0.0414,0.0791,0.0246,0.0825,0.0436,0.0867,0.4156,0.0581,0.0883
2025-01-06,model_Portfolio,Hold,0.0789,0.0408,0.0775,0.0248,0.0827,0.0432,0.0848,0.4235,0.0578,0.0859
2025-01-07,model_Portfolio,Hold,0.0793,0.0414,0.0784,0.0243,0.0828,0.0438,0.0846,0.4213,0.059,0.085
2025-01-08,model_Portfolio,Hold,0.08,0.0417,0.079,0.0243,0.083,0.0436,0.0848,0.4185,0.0599,0.0852
2025-01-10,model_Portfolio,Hold,0.0796,0.0412,0.078,0.0242,0.084,0.0454,0.0837,0.4194,0.0591,0.0852
2025-01-13,model_Portfolio,Hold,0.0797,0.0409,0.0786,0.024,0.0859,0.0464,0.0854,0.4142,0.0602,0.0846
2025-01-14,model_Portfolio,Hold,0.0794,0.0407,0.0793,0.0239,0.0873,0.0472,0.0854,0.4103,0.0612,0.0852
2025-01-15,model_Portfolio,Hold,0.0772,0.0402,0.079,0.0241,0.0881,0.0464,0.0846,0.4165,0.0606,0.0834
2025-01-16,model_Portfolio,Hold,0.0793,0.0405,0.0799,0.0238,0.0871,0.0472,0.0861,0.4113,0.0612,0.0836
2025-01-17,model_Portfolio,Hold,0.0782,0.0404,0.0796,0.0242,0.0837,0.0476,0.0867,0.414,0.0615,0.084
2025-01-21,model_Portfolio,Hold,0.0799,0.0405,0.0789,0.0245,0.0807,0.0475,0.0869,0.415,0.0635,0.0827
2025-01-22,model_Portfolio,Hold,0.0807,0.0409,0.0775,0.025,0.0805,0.0472,0.0852,0.4165,0.0646,0.0818
2025-01-23,model_Portfolio,Hold,0.0839,0.0411,0.0771,0.0249,0.0806,0.048,0.0846,0.4133,0.0645,0.082
2025-01-24,model_Portfolio,Hold,0.0845,0.0407,0.0768,0.0246,0.0793,0.0483,0.0849,0.4145,0.0638,0.0826
2025-01-27,model_Portfolio,Hold,0.0881,0.0422,0.0798,0.0249,0.0801,0.0483,0.0859,0.4,0.0652,0.0855
2025-01-28,model_Portfolio,Hold,0.0867,0.0428,0.0791,0.0252,0.0799,0.0483,0.0818,0.4071,0.0651,0.0841
2025-01-29,model_Portfolio,Hold,0.0871,0.0424,0.0795,0.0251,0.0794,0.0484,0.0807,0.4079,0.0653,0.0843
2025-01-30,model_Portfolio,Hold,0.0866,0.0425,0.0789,0.0245,0.0778,0.049,0.0797,0.4139,0.0656,0.0814
2025-01-31,model_Portfolio,Hold,0.0857,0.0428,0.078,0.0247,0.0739,0.0488,0.0806,0.4188,0.0645,0.0822
2025-02-03,model_Portfolio,Hold,0.0868,0.0433,0.0782,0.0249,0.073,0.0497,0.079,0.4169,0.0641,0.084
2025-02-04,model_Portfolio,Hold,0.086,0.0433,0.0771,0.025,0.075,0.0486,0.0778,0.4211,0.0639,0.0823
2025-02-05,model_Portfolio,Hold,0.0904,0.0453,0.0796,0.0251,0.0764,0.0495,0.0821,0.4012,0.066,0.0846
2025-02-06,model_Portfolio,Hold,0.0885,0.0444,0.0772,0.0256,0.0752,0.0492,0.0825,0.4054,0.0665,0.0854
2025-02-07,model_Portfolio,Hold,0.0907,0.0451,0.0789,0.025,0.0766,0.0474,0.0834,0.3992,0.0666,0.087
2025-02-10,model_Portfolio,Hold,0.0914,0.0447,0.0774,0.0252,0.0805,0.047,0.0822,0.3977,0.0659,0.0881
2025-02-11,model_Portfolio,Hold,0.0916,0.0451,0.0778,0.0252,0.0817,0.0469,0.0818,0.3957,0.0661,0.0882
2025-02-12,model_Portfolio,Hold,0.0918,0.0454,0.0785,0.025,0.0792,0.0474,0.0828,0.3957,0.0662,0.0881
2025-02-13,model_Portfolio,Hold,0.0918,0.0451,0.0786,0.0249,0.0788,0.0477,0.0825,0.3973,0.0655,0.0878
2025-02-14,model_Portfolio,Hold,0.0912,0.045,0.0782,0.0248,0.0813,0.048,0.0819,0.3963,0.0659,0.0874
2025-02-18,model_Portfolio,Hold,0.091,0.045,0.079,0.0246,0.0829,0.0482,0.0828,0.3937,0.0662,0.0867
2025-02-19,model_Portfolio,Hold,0.0918,0.045,0.0791,0.0245,0.0824,0.0478,0.0818,0.3943,0.0663,0.087
2025-02-20,model_Portfolio,Hold,0.0926,0.0444,0.079,0.0241,0.0826,0.0475,0.0821,0.3931,0.0658,0.0888
2025-02-21,model_Portfolio,Hold,0.0955,0.0428,0.0788,0.0238,0.0812,0.0477,0.0836,0.3897,0.0652,0.0916
2025-02-24,model_Portfolio,Hold,0.0953,0.0427,0.0801,0.0233,0.0813,0.0475,0.0848,0.3879,0.0653,0.0917
2025-02-25,model_Portfolio,Hold,0.096,0.0426,0.0823,0.0234,0.0796,0.0488,0.0882,0.3801,0.0658,0.0931
2025-02-26,model_Portfolio,Hold,0.0973,0.0426,0.0825,0.0238,0.0793,0.0488,0.0876,0.3788,0.067,0.0922
2025-02-27,model_Portfolio,Hold,0.0984,0.0429,0.0848,0.0235,0.0744,0.0491,0.0903,0.3737,0.0692,0.0937
2025-02-28,model_Portfolio,Hold,0.0986,0.0414,0.0853,0.0236,0.0744,0.0491,0.0904,0.373,0.0704,0.0938
2025-03-03,model_Portfolio,Hold,0.1015,0.0415,0.0869,0.0231,0.0688,0.0489,0.0908,0.3705,0.0706,0.0975
2025-03-04,model_Portfolio,Hold,0.0999,0.0417,0.0852,0.023,0.0679,0.0482,0.0902,0.3804,0.0673,0.0961
2025-03-05,model_Portfolio,Hold,0.0992,0.0417,0.0849,0.0233,0.0672,0.0488,0.091,0.3818,0.0675,0.0947
2025-03-06,model_Portfolio,Hold,0.0978,0.0411,0.0852,0.0226,0.0683,0.0489,0.0893,0.3823,0.0676,0.097
2025-03-07,model_Portfolio,Hold,0.0983,0.0407,0.0847,0.0222,0.068,0.0493,0.0908,0.3819,0.0666,0.0974
2025-03-10,model_Portfolio,Hold,0.1003,0.0407,0.085,0.0221,0.0699,0.0482,0.0923,0.3717,0.0685,0.1013
2025-03-11,model_Portfolio,Hold,0.0982,0.0403,0.0857,0.0226,0.0715,0.0479,0.0908,0.3724,0.0694,0.1011
2025-03-12,model_Portfolio,Hold,0.0959,0.0397,0.084,0.0228,0.0728,0.0472,0.0897,0.3776,0.0703,0.1001
2025-03-13,model_Portfolio,Hold,0.0972,0.0394,0.0858,0.0225,0.0717,0.0476,0.0894,0.3738,0.0695,0.103
2025-03-14,model_Portfolio,Hold,0.0936,0.0391,0.0864,0.0227,0.0729,0.0469,0.0905,0.375,0.0706,0.1023
2025-03-17,model_Portfolio,Hold,0.094,0.0398,0.087,0.0224,0.0742,0.0473,0.0906,0.3711,0.0717,0.1019
2025-03-18,model_Portfolio,Hold,0.0943,0.0402,0.0874,0.0224,0.0758,0.0473,0.0908,0.368,0.0716,0.1023
2025-03-19,model_Portfolio,Hold,0.094,0.0398,0.0872,0.0224,0.0772,0.0471,0.0891,0.3709,0.0718,0.1005
2025-03-20,model_Portfolio,Hold,0.0943,0.0372,0.0881,0.0225,0.077,0.0473,0.0892,0.3714,0.0715,0.1015
2025-03-21,model_Portfolio,Hold,0.0939,0.0377,0.0877,0.0227,0.0771,0.0471,0.0884,0.3739,0.071,0.1006
2025-03-24,model_Portfolio,Hold,0.0931,0.0374,0.0875,0.0231,0.0768,0.0467,0.0883,0.3767,0.0713,0.0992
2025-03-25,model_Portfolio,Hold,0.0915,0.0374,0.0872,0.0233,0.0766,0.0464,0.0865,0.3813,0.0711,0.0989
2025-03-26,model_Portfolio,Hold,0.0931,0.038,0.0885,0.023,0.078,0.0472,0.0873,0.3722,0.0713,0.1015
2025-03-27,model_Portfolio,Hold,0.0969,0.0378,0.0891,0.0231,0.0787,0.0473,0.0873,0.3673,0.0696,0.1029
2025-03-28,model_Portfolio,Hold,0.0989,0.0382,0.0905,0.0226,0.0796,0.048,0.0894,0.358,0.0696,0.1052
2025-03-31,model_Portfolio,Hold,0.0996,0.0389,0.091,0.0222,0.0794,0.0481,0.087,0.3561,0.07,0.1078
2025-04-01,model_Portfolio,Hold,0.0985,0.0389,0.0917,0.0223,0.0795,0.048,0.0854,0.3603,0.0702,0.1052
2025-04-02,model_Portfolio,Hold,0.0987,0.0393,0.0916,0.0228,0.08,0.0482,0.0866,0.3604,0.0702,0.1022
2025-04-03,model_Portfolio,Hold,0.1028,0.0391,0.0952,0.0217,0.0697,0.0484,0.0844,0.3612,0.0694,0.1082
2025-04-04,model_Portfolio,Hold,0.1031,0.0392,0.0921,0.022,0.0633,0.0477,0.0844,0.3701,0.0668,0.1112
2025-04-07,model_Portfolio,Hold,0.1038,0.0393,0.0906,0.0226,0.0626,0.0471,0.0811,0.3743,0.0679,0.1107
2025-04-08,model_Portfolio,Hold,0.1046,0.0394,0.0918,0.0224,0.0596,0.0459,0.0814,0.3746,0.0682,0.1122
2025-04-09,model_Portfolio,Hold,0.0996,0.0391,0.09,0.0233,0.0659,0.0463,0.0794,0.3818,0.0689,0.1057
2025-04-10,model_Portfolio,Hold,0.1015,0.0388,0.093,0.0229,0.0599,0.0467,0.0762,0.3822,0.0689,0.1099
2025-04-11,model_Portfolio,Hold,0.1011,0.0378,0.0928,0.0229,0.0603,0.0469,0.0769,0.3843,0.0689,0.108
2025-04-14,model_Portfolio,Hold,0.1008,0.0381,0.0931,0.0223,0.0602,0.0469,0.0787,0.3843,0.068,0.1076
2025-04-15,model_Portfolio,Hold,0.101,0.0384,0.0938,0.0222,0.0597,0.0462,0.079,0.3818,0.0684,0.1096
2025-04-16,model_Portfolio,Hold,0.1048,0.0383,0.0941,0.0218,0.0622,0.0459,0.0777,0.3783,0.0667,0.1102
2025-04-17,model_Portfolio,Hold,0.1057,0.0379,0.0941,0.0215,0.0651,0.0462,0.0784,0.3727,0.0665,0.1118
2025-04-21,model_Portfolio,Hold,0.1072,0.0383,0.094,0.0213,0.064,0.0462,0.0779,0.372,0.0658,0.1132
2025-04-22,model_Portfolio,Hold,0.1058,0.0379,0.0943,0.0215,0.0648,0.0464,0.0764,0.3713,0.0692,0.1124
2025-04-23,model_Portfolio,Hold,0.1033,0.0381,0.0936,0.0222,0.0634,0.0459,0.0764,0.3775,0.0685,0.111
2025-04-24,model_Portfolio,Hold,0.1013,0.0379,0.0927,0.0226,0.0648,0.0458,0.0755,0.381,0.0688,0.1095
2025-04-25,model_Portfolio,Hold,0.1007,0.0381,0.0915,0.0228,0.065,0.0454,0.074,0.3863,0.0678,0.1084
2025-04-28,model_Portfolio,Hold,0.1012,0.0381,0.0919,0.0227,0.0658,0.0458,0.075,0.3831,0.0681,0.1082
2025-04-29,model_Portfolio,Hold,0.1023,0.0389,0.0924,0.0227,0.0648,0.0462,0.071,0.3834,0.0686,0.1097
2025-04-30,model_Portfolio,Hold,0.103,0.0392,0.0929,0.0225,0.0623,0.0465,0.0714,0.382,0.0692,0.111
2025-05-01,model_Portfolio,Hold,0.1025,0.0391,0.088,0.023,0.0647,0.0464,0.0717,0.3857,0.0683,0.1106
2025-05-02,model_Portfolio,Hold,0.1024,0.0391,0.0883,0.0226,0.0646,0.0466,0.0716,0.3861,0.0693,0.1094
2025-05-05,model_Portfolio,Hold,0.1028,0.0396,0.0889,0.0223,0.0612,0.0459,0.0711,0.3886,0.069,0.1105
2025-05-06,model_Portfolio,Hold,0.1036,0.0393,0.0895,0.0223,0.0623,0.0453,0.0695,0.3881,0.068,0.1121
2025-05-07,model_Portfolio,Hold,0.1071,0.0406,0.0928,0.0233,0.063,0.046,0.0717,0.3695,0.0701,0.1159
2025-05-08,model_Portfolio,Hold,0.1057,0.0405,0.091,0.0234,0.065,0.0463,0.0725,0.3717,0.0704,0.1135
2025-05-09,model_Portfolio,Hold,0.1054,0.0405,0.091,0.0236,0.0673,0.0467,0.0731,0.369,0.0714,0.112
2025-05-12,model_Portfolio,Hold,0.1023,0.0415,0.0888,0.025,0.0699,0.0466,0.0718,0.3752,0.0737,0.1051
2025-05-13,model_Portfolio,Hold,0.1,0.0415,0.0883,0.0253,0.0728,0.0462,0.07,0.3776,0.0739,0.1042
2025-05-14,model_Portfolio,Hold,0.0989,0.041,0.0867,0.025,0.0712,0.0455,0.0681,0.3885,0.072,0.1032
2025-05-15,model_Portfolio,Hold,0.1021,0.0411,0.0879,0.0243,0.0692,0.0457,0.0684,0.3834,0.072,0.1059
2025-05-16,model_Portfolio,Hold,0.102,0.04,0.0877,0.0241,0.0678,0.046,0.0688,0.3842,0.0733,0.1062
2025-05-19,model_Portfolio,Hold,0.1023,0.0401,0.0872,0.0241,0.0666,0.0456,0.0698,0.3839,0.0736,0.1069
2025-05-20,model_Portfolio,Hold,0.1029,0.0405,0.0873,0.024,0.0669,0.0457,0.0686,0.3813,0.0742,0.1086
2025-05-21,model_Portfolio,Hold,0.1016,0.0403,0.0862,0.0237,0.0649,0.0448,0.0653,0.3929,0.0721,0.1081
2025-05-22,model_Portfolio,Hold,0.1,0.04,0.085,0.0239,0.0648,0.0446,0.0651,0.397,0.0721,0.1074
2025-05-23,model_Portfolio,Hold,0.1006,0.0394,0.0857,0.0238,0.0657,0.045,0.0648,0.3941,0.0719,0.109
2025-05-27,model_Portfolio,Hold,0.0999,0.0394,0.0848,0.0239,0.0662,0.0449,0.066,0.3968,0.0714,0.1067
2025-05-28,model_Portfolio,Hold,0.0998,0.0397,0.0841,0.0239,0.0661,0.0447,0.0657,0.3977,0.0714,0.107
2025-05-29,model_Portfolio,Hold,0.1001,0.0398,0.0845,0.024,0.0665,0.0448,0.067,0.3953,0.0716,0.1067
2025-05-30,model_Portfolio,Hold,0.1005,0.0396,0.085,0.0239,0.0652,0.0457,0.0659,0.3947,0.071,0.1086
2025-06-02,model_Portfolio,Hold,0.1012,0.0396,0.0858,0.0242,0.0668,0.0459,0.0658,0.3909,0.0705,0.1094
2025-06-03,model_Portfolio,Hold,0.1014,0.0394,0.0861,0.0241,0.0705,0.0467,0.0665,0.3848,0.0714,0.109
2025-06-04,model_Portfolio,Hold,0.1009,0.0399,0.0851,0.0243,0.0692,0.0463,0.0668,0.3894,0.0708,0.1072
2025-06-05,model_Portfolio,Hold,0.1018,0.0398,0.0847,0.0244,0.0691,0.0457,0.0659,0.3904,0.0706,0.1075
2025-06-06,model_Portfolio,Hold,0.0997,0.0394,0.0844,0.0247,0.0703,0.0455,0.0657,0.396,0.069,0.1053
2025-06-09,model_Portfolio,Hold,0.099,0.039,0.083,0.0249,0.0704,0.0452,0.0664,0.3996,0.068,0.1044
2025-06-10,model_Portfolio,Hold,0.0985,0.0392,0.082,0.0247,0.0721,0.0451,0.0672,0.4011,0.0677,0.1024
2025-06-11,model_Portfolio,Hold,0.0993,0.0389,0.0811,0.0242,0.0732,0.0451,0.067,0.3979,0.0686,0.1047
2025-06-12,model_Portfolio,Hold,0.1003,0.0388,0.0823,0.0242,0.0746,0.0453,0.067,0.3948,0.0676,0.1049
2025-06-13,model_Portfolio,Hold,0.1,0.0382,0.0822,0.0242,0.0788,0.045,0.0663,0.3937,0.0667,0.105
2025-06-16,model_Portfolio,Hold,0.0983,0.0383,0.0822,0.0245,0.0766,0.0448,0.0665,0.3966,0.0677,0.1045
2025-06-17,model_Portfolio,Hold,0.0976,0.0383,0.0822,0.0245,0.0781,0.0445,0.0656,0.397,0.0667,0.1055
2025-06-18,model_Portfolio,Hold,0.0985,0.0379,0.0833,0.0244,0.0769,0.0446,0.0658,0.3941,0.0674,0.1072
2025-06-20,model_Portfolio,Hold,0.1007,0.0359,0.0853,0.0245,0.077,0.0446,0.0674,0.3857,0.0693,0.1096
2025-06-23,model_Portfolio,Hold,0.1011,0.0372,0.0868,0.0245,0.071,0.0451,0.069,0.3831,0.0712,0.1112
2025-06-24,model_Portfolio,Hold,0.1036,0.0375,0.0853,0.0247,0.0695,0.0459,0.0706,0.3826,0.0715,0.1089
2025-06-25,model_Portfolio,Hold,0.103,0.0367,0.0839,0.0246,0.068,0.046,0.0689,0.3914,0.0704,0.1071
2025-06-26,model_Portfolio,Hold,0.0993,0.0365,0.0842,0.0249,0.0697,0.0457,0.0688,0.394,0.0711,0.1058
2025-06-27,model_Portfolio,Hold,0.0985,0.036,0.084,0.0253,0.0692,0.045,0.0671,0.3999,0.0708,0.1043
2025-06-30,model_Portfolio,Hold,0.1001,0.0365,0.0847,0.025,0.0685,0.0452,0.0679,0.3965,0.0712,0.1045
2025-07-01,model_Portfolio,Rebalance,0.0424,0.0906,0.1108,0.0279,0.1707,0.0867,0.1634,0.0288,0.1327,0.146
2025-07-02,model_Portfolio,Hold,0.0414,0.0896,0.1073,0.0276,0.1739,0.0872,0.1656,0.0289,0.1315,0.147
2025-07-03,model_Portfolio,Hold,0.0412,0.0899,0.1079,0.0279,0.1734,0.0872,0.1661,0.0289,0.13,0.1475
2025-07-07,model_Portfolio,Hold,0.0414,0.0894,0.1071,0.0281,0.1739,0.0872,0.1635,0.0288,0.1302,0.1503
2025-07-08,model_Portfolio,Hold,0.0407,0.0889,0.1059,0.0272,0.1809,0.0869,0.1654,0.0279,0.1299,0.1463
2025-07-09,model_Portfolio,Hold,0.0408,0.0876,0.105,0.0277,0.1813,0.0879,0.1662,0.0284,0.1324,0.1426
2025-07-10,model_Portfolio,Hold,0.0407,0.0849,0.1048,0.0275,0.1799,0.0873,0.17,0.0284,0.1328,0.1438
2025-07-11,model_Portfolio,Hold,0.0406,0.0834,0.1049,0.0281,0.1788,0.0874,0.172,0.0291,0.1326,0.1431
2025-07-14,model_Portfolio,Hold,0.0407,0.0834,0.1065,0.0283,0.1739,0.0874,0.1707,0.0294,0.135,0.1445
2025-07-15,model_Portfolio,Hold,0.0414,0.0835,0.106,0.0288,0.169,0.0875,0.1705,0.0299,0.1358,0.1476
2025-07-16,model_Portfolio,Hold,0.0414,0.0845,0.1067,0.0284,0.1642,0.0881,0.172,0.0301,0.1365,0.1483
2025-07-17,model_Portfolio,Hold,0.0376,0.0849,0.106,0.0283,0.1695,0.0889,0.1726,0.03,0.1369,0.1452
2025-07-18,model_Portfolio,Hold,0.0388,0.0852,0.1069,0.0287,0.17,0.0898,0.1718,0.0303,0.1325,0.146
2025-07-21,model_Portfolio,Hold,0.039,0.0851,0.1061,0.0291,0.168,0.0893,0.1719,0.0312,0.1321,0.1482
2025-07-22,model_Portfolio,Hold,0.0389,0.0853,0.1063,0.0285,0.1693,0.0894,0.1749,0.0309,0.129,0.1475
2025-07-23,model_Portfolio,Hold,0.0386,0.0843,0.1055,0.0283,0.1718,0.0885,0.1781,0.0305,0.1274,0.1469
2025-07-24,model_Portfolio,Hold,0.0386,0.0833,0.1055,0.0289,0.1734,0.0887,0.1769,0.0309,0.1266,0.1471
2025-07-25,model_Portfolio,Hold,0.0388,0.0835,0.1061,0.0287,0.1711,0.089,0.1766,0.031,0.1279,0.1472
2025-07-28,model_Portfolio,Hold,0.0391,0.0825,0.1046,0.0292,0.177,0.0888,0.1717,0.0312,0.1299,0.1459
2025-07-29,model_Portfolio,Hold,0.0395,0.0827,0.1041,0.0288,0.1772,0.0883,0.1718,0.0316,0.1291,0.1469
2025-07-30,model_Portfolio,Hold,0.04,0.082,0.1027,0.029,0.1771,0.0876,0.1702,0.032,0.1258,0.1536
2025-07-31,model_Portfolio,Hold,0.0395,0.0803,0.104,0.0296,0.1762,0.0873,0.1675,0.0314,0.1287,0.1554
2025-08-01,model_Portfolio,Hold,0.0407,0.0786,0.1051,0.0278,0.1725,0.0874,0.1704,0.0316,0.1274,0.1586
2025-08-04,model_Portfolio,Hold,0.0412,0.0789,0.1046,0.0271,0.1692,0.0884,0.1714,0.0323,0.1293,0.1576
2025-08-05,model_Portfolio,Hold,0.0411,0.0748,0.1042,0.0272,0.1709,0.0893,0.1723,0.032,0.1303,0.1579
2025-08-06,model_Portfolio,Hold,0.0415,0.0755,0.1087,0.0285,0.1673,0.089,0.1642,0.0325,0.132,0.1607
2025-08-07,model_Portfolio,Hold,0.0413,0.0727,0.107,0.0282,0.1776,0.0875,0.1633,0.0321,0.1308,0.1594
2025-08-08,model_Portfolio,Hold,0.0416,0.0712,0.1073,0.0279,0.181,0.0868,0.1611,0.0326,0.1309,0.1595
2025-08-11,model_Portfolio,Hold,0.0408,0.0713,0.1083,0.0278,0.1807,0.0855,0.1564,0.0326,0.133,0.1636
2025-08-12,model_Portfolio,Hold,0.0402,0.0701,0.1063,0.0275,0.183,0.086,0.1584,0.0326,0.1335,0.1624
2025-08-13,model_Portfolio,Hold,0.0393,0.0717,0.1074,0.0276,0.1822,0.0866,0.1595,0.0321,0.1341,0.1595
2025-08-14,model_Portfolio,Hold,0.0394,0.0722,0.1075,0.0285,0.1824,0.0864,0.1592,0.0324,0.1317,0.1603
2025-08-15,model_Portfolio,Hold,0.0401,0.0723,0.1074,0.0285,0.1821,0.0858,0.1624,0.0325,0.128,0.1608
2025-08-18,model_Portfolio,Hold,0.0396,0.0728,0.1076,0.0285,0.1811,0.0849,0.1644,0.0323,0.1281,0.1608
2025-08-19,model_Portfolio,Hold,0.0396,0.0743,0.108,0.0278,0.1784,0.085,0.1655,0.0318,0.1284,0.1612
2025-08-20,model_Portfolio,Hold,0.0398,0.0738,0.1092,0.0272,0.1786,0.0853,0.1633,0.0313,0.1283,0.1631
2025-08-21,model_Portfolio,Hold,0.0396,0.0733,0.1093,0.0269,0.1807,0.0854,0.1628,0.0313,0.1277,0.1629
2025-08-22,model_Portfolio,Hold,0.0388,0.0729,0.1068,0.0271,0.1849,0.085,0.166,0.0315,0.1281,0.1589
2025-08-25,model_Portfolio,Hold,0.0386,0.0721,0.1059,0.027,0.1914,0.0836,0.1652,0.032,0.1265,0.1576
2025-08-26,model_Portfolio,Hold,0.0386,0.0721,0.1069,0.0272,0.1896,0.0837,0.1663,0.0318,0.1273,0.1565
2025-08-27,model_Portfolio,Hold,0.0384,0.0722,0.1055,0.0271,0.1925,0.0834,0.1672,0.0317,0.1266,0.1555
2025-08-28,model_Portfolio,Hold,0.0382,0.0716,0.1038,0.0272,0.1951,0.0832,0.1667,0.0322,0.1269,0.1549
2025-08-29,model_Portfolio,Hold,0.0384,0.0723,0.104,0.0268,0.1961,0.0825,0.1671,0.0322,0.1246,0.156
2025-09-02,model_Portfolio,Hold,0.0381,0.0714,0.1031,0.0264,0.2019,0.0822,0.1645,0.0321,0.124,0.1562
2025-09-03,model_Portfolio,Hold,0.0386,0.0715,0.1051,0.0267,0.1937,0.0826,0.1671,0.0353,0.1231,0.1563
2025-09-04,model_Portfolio,Hold,0.0383,0.0701,0.1053,0.0275,0.1973,0.0811,0.1674,0.035,0.1242,0.154
2025-09-05,model_Portfolio,Hold,0.0384,0.0709,0.1041,0.0272,0.1921,0.0813,0.1716,0.0355,0.1244,0.1544
2025-09-08,model_Portfolio,Hold,0.0385,0.0715,0.1041,0.0278,0.1891,0.0815,0.1744,0.0356,0.1241,0.1535
2025-09-09,model_Portfolio,Hold,0.0387,0.0711,0.105,0.0283,0.1857,0.0818,0.1722,0.0368,0.1245,0.1559
2025-09-10,model_Portfolio,Hold,0.0375,0.0678,0.1047,0.027,0.1973,0.0809,0.1708,0.0363,0.1234,0.1542
2025-09-11,model_Portfolio,Hold,0.0382,0.0675,0.1052,0.0268,0.193,0.0822,0.1708,0.0362,0.1271,0.1531
2025-09-12,model_Portfolio,Hold,0.0386,0.0662,0.106,0.0266,0.1924,0.0819,0.1717,0.0364,0.1261,0.1542
2025-09-15,model_Portfolio,Hold,0.0379,0.066,0.1054,0.027,0.1932,0.0811,0.1732,0.038,0.1253,0.1528
2025-09-16,model_Portfolio,Hold,0.0379,0.065,0.1034,0.027,0.2043,0.0789,0.1715,0.0375,0.1237,0.1508
2025-09-17,model_Portfolio,Hold,0.0383,0.0662,0.1049,0.0267,0.2012,0.0804,0.1702,0.0373,0.1226,0.1523
2025-09-18,model_Portfolio,Hold,0.0384,0.0658,0.1039,0.0267,0.1994,0.0811,0.1751,0.0377,0.123,0.1489
2025-09-19,model_Portfolio,Hold,0.039,0.066,0.1042,0.0268,0.1964,0.0806,0.173,0.0382,0.1243,0.1515
2025-09-22,model_Portfolio,Hold,0.0394,0.0665,0.1042,0.0265,0.1987,0.0804,0.1735,0.0381,0.1228,0.1499
2025-09-23,model_Portfolio,Hold,0.039,0.0649,0.1045,0.0256,0.2009,0.0769,0.1747,0.0378,0.1241,0.1516
2025-09-24,model_Portfolio,Hold,0.0384,0.0659,0.1055,0.0255,0.2044,0.0757,0.1725,0.0371,0.1228,0.1522
2025-09-25,model_Portfolio,Hold,0.0386,0.0647,0.1066,0.0255,0.2057,0.0746,0.1706,0.0372,0.1227,0.1538
2025-09-26,model_Portfolio,Hold,0.0383,0.066,0.1076,0.0255,0.207,0.0743,0.1687,0.0371,0.1216,0.1538
2025-09-29,model_Portfolio,Hold,0.0381,0.0681,0.1074,0.0258,0.2037,0.0752,0.1695,0.0366,0.1223,0.1534
2025-09-30,model_Portfolio,Hold,0.0383,0.0678,0.1075,0.0254,0.2027,0.0756,0.1696,0.0364,0.1229,0.1539
2025-10-01,model_Portfolio,Hold,0.0379,0.0666,0.1059,0.0254,0.208,0.0746,0.1688,0.0364,0.1228,0.1536
2025-10-02,model_Portfolio,Hold,0.0381,0.0673,0.1066,0.0258,0.1997,0.0757,0.1706,0.0368,0.126,0.1535
2025-10-03,model_Portfolio,Hold,0.0382,0.067,0.1074,0.0252,0.2036,0.0753,0.1695,0.0365,0.1249,0.1523
2025-10-06,model_Portfolio,Hold,0.0381,0.0681,0.1086,0.0255,0.2092,0.0755,0.1624,0.0374,0.1232,0.152
2025-10-07,model_Portfolio,Hold,0.038,0.069,0.1086,0.0256,0.2093,0.0756,0.1589,0.0368,0.123,0.1553
2025-10-08,model_Portfolio,Hold,0.0389,0.0704,0.109,0.0264,0.2079,0.0759,0.155,0.0371,0.1251,0.1544
2025-10-09,model_Portfolio,Hold,0.0391,0.0712,0.1099,0.0271,0.2029,0.0753,0.1556,0.0371,0.1244,0.1573
2025-10-10,model_Portfolio,Hold,0.0399,0.0697,0.1124,0.0264,0.1929,0.0756,0.1584,0.0373,0.1241,0.1633
2025-10-13,model_Portfolio,Hold,0.0392,0.0699,0.1108,0.0266,0.199,0.0761,0.157,0.0382,0.125,0.1581
2025-10-14,model_Portfolio,Hold,0.0395,0.0696,0.1112,0.0259,0.1983,0.0758,0.1584,0.0381,0.1252,0.158
2025-10-15,model_Portfolio,Hold,0.0385,0.0683,0.1095,0.0258,0.2011,0.0745,0.1607,0.0389,0.126,0.1567
2025-10-16,model_Portfolio,Hold,0.0385,0.0676,0.1079,0.0261,0.2018,0.0743,0.1609,0.0395,0.126,0.1574
2025-10-17,model_Portfolio,Hold,0.0388,0.0688,0.1088,0.0259,0.1974,0.0742,0.1602,0.0398,0.1269,0.1592
2025-10-20,model_Portfolio,Hold,0.0388,0.0694,0.1091,0.0261,0.1957,0.074,0.1628,0.04,0.1278,0.1564
2025-10-21,model_Portfolio,Hold,0.0378,0.071,0.1074,0.0265,0.1945,0.0734,0.1613,0.0387,0.1362,0.1533
2025-10-22,model_Portfolio,Hold,0.0376,0.0701,0.1063,0.0258,0.1978,0.0724,0.1621,0.0386,0.1356,0.1538
2025-10-23,model_Portfolio,Hold,0.0365,0.0691,0.1041,0.0257,0.2091,0.0716,0.1575,0.0381,0.1368,0.1514
2025-10-24,model_Portfolio,Hold,0.0369,0.069,0.1045,0.0263,0.2039,0.0721,0.1597,0.0394,0.1353,0.1528
2025-10-27,model_Portfolio,Hold,0.0371,0.07,0.1051,0.0267,0.2002,0.0725,0.161,0.0409,0.1355,0.1509
2025-10-28,model_Portfolio,Hold,0.0384,0.0736,0.1085,0.028,0.2029,0.0751,0.1354,0.0423,0.1397,0.1559
2025-10-29,model_Portfolio,Hold,0.0385,0.0734,0.1097,0.0287,0.2052,0.0748,0.129,0.0443,0.1406,0.1558
2025-10-30,model_Portfolio,Hold,0.0392,0.0751,0.1127,0.0283,0.2073,0.0749,0.1258,0.0462,0.1445,0.146
2025-10-31,model_Portfolio,Hold,0.0387,0.0749,0.1123,0.0308,0.2082,0.0737,0.129,0.0458,0.1436,0.1431
2025-11-03,model_Portfolio,Hold,0.0391,0.0751,0.1132,0.0323,0.2088,0.0735,0.1247,0.0467,0.1413,0.1453
2025-11-04,model_Portfolio,Hold,0.04,0.074,0.116,0.032,0.2067,0.0745,0.1218,0.046,0.141,0.148
2025-11-05,model_Portfolio,Hold,0.0395,0.0752,0.1182,0.0319,0.2019,0.0732,0.1224,0.047,0.1437,0.1471
2025-11-06,model_Portfolio,Hold,0.0388,0.0717,0.1182,0.0304,0.2156,0.0781,0.1169,0.046,0.1402,0.1442
2025-11-07,model_Portfolio,Hold,0.0388,0.0722,0.1173,0.0302,0.2149,0.0774,0.1209,0.0446,0.1394,0.1445
2025-11-10,model_Portfolio,Hold,0.0385,0.0715,0.1163,0.0306,0.2187,0.0768,0.1175,0.0462,0.1413,0.1427
2025-11-11,model_Portfolio,Hold,0.0385,0.0704,0.1156,0.0304,0.2192,0.0773,0.1179,0.046,0.141,0.1437
2025-11-12,model_Portfolio,Hold,0.0393,0.072,0.1172,0.03,0.2143,0.0776,0.1163,0.0456,0.144,0.1438
2025-11-13,model_Portfolio,Hold,0.0394,0.0722,0.1174,0.0291,0.221,0.0779,0.1127,0.0442,0.1433,0.1429
2025-11-14,model_Portfolio,Hold,0.0399,0.0717,0.117,0.0289,0.2225,0.077,0.1132,0.044,0.1417,0.1442
2025-11-17,model_Portfolio,Hold,0.0402,0.0715,0.1164,0.029,0.2217,0.0761,0.1115,0.0459,0.1417,0.146
2025-11-18,model_Portfolio,Hold,0.04,0.0707,0.1153,0.0276,0.2256,0.0755,0.1109,0.0456,0.1414,0.1473
2025-11-19,model_Portfolio,Hold,0.0393,0.0719,0.1148,0.028,0.2203,0.0767,0.1094,0.0476,0.1438,0.1482
2025-11-20,model_Portfolio,Hold,0.0391,0.0727,0.1174,0.0276,0.2168,0.077,0.1092,0.0476,0.1438,0.1489
2025-11-21,model_Portfolio,Hold,0.0395,0.0744,0.1154,0.0274,0.2172,0.0772,0.1113,0.0482,0.1437,0.1457
2025-11-24,model_Portfolio,Hold,0.0391,0.0717,0.1143,0.028,0.2205,0.0766,0.1115,0.051,0.1443,0.143
2025-11-25,model_Portfolio,Hold,0.039,0.0726,0.1145,0.0282,0.2155,0.0766,0.1136,0.0513,0.1446,0.1441
2025-11-26,model_Portfolio,Hold,0.0389,0.0718,0.1127,0.0279,0.2195,0.0762,0.1149,0.0505,0.1432,0.1442
2025-11-28,model_Portfolio,Hold,0.0388,0.072,0.1118,0.0283,0.2208,0.0763,0.1144,0.0502,0.1434,0.1441
2025-12-01,model_Portfolio,Hold,0.0385,0.0741,0.1109,0.0283,0.2234,0.0762,0.1131,0.0493,0.1419,0.1443
2025-12-02,model_Portfolio,Hold,0.0379,0.075,0.11,0.0283,0.2244,0.0749,0.1144,0.0494,0.1425,0.1432
2025-12-03,model_Portfolio,Hold,0.0373,0.0778,0.1094,0.0279,0.2361,0.0754,0.1023,0.0496,0.1429,0.1413
2025-12-04,model_Portfolio,Hold,0.0378,0.0776,0.1108,0.0278,0.2364,0.0766,0.0994,0.0498,0.1412,0.1426
2025-12-05,model_Portfolio,Hold,0.0377,0.077,0.111,0.0279,0.2403,0.0764,0.0972,0.0505,0.1399,0.142
2025-12-08,model_Portfolio,Hold,0.0377,0.0788,0.1124,0.0282,0.2373,0.0709,0.0984,0.0505,0.1402,0.1456
2025-12-09,model_Portfolio,Hold,0.0373,0.0794,0.1119,0.0282,0.2386,0.069,0.0987,0.0509,0.1407,0.1453
2025-12-10,model_Portfolio,Hold,0.0374,0.0796,0.1103,0.0285,0.2364,0.0703,0.1006,0.051,0.1402,0.1455
2025-12-11,model_Portfolio,Hold,0.0377,0.0791,0.1121,0.0284,0.2332,0.0724,0.0987,0.0498,0.1428,0.1457
2025-12-12,model_Portfolio,Hold,0.0382,0.0792,0.1129,0.0278,0.2322,0.072,0.1007,0.0491,0.1425,0.1453
2025-12-15,model_Portfolio,Hold,0.0392,0.0803,0.1148,0.0274,0.227,0.0728,0.1027,0.0491,0.1402,0.1465
2025-12-16,model_Portfolio,Hold,0.0395,0.0811,0.1148,0.0279,0.2193,0.0733,0.1036,0.0498,0.1407,0.1499
2025-12-17,model_Portfolio,Hold,0.0392,0.081,0.1151,0.0275,0.2238,0.074,0.1042,0.0478,0.1389,0.1485
2025-12-18,model_Portfolio,Hold,0.039,0.0805,0.1159,0.0284,0.218,0.0738,0.1081,0.0491,0.1396,0.1476
2025-12-19,model_Portfolio,Hold,0.0391,0.0811,0.1158,0.0285,0.2208,0.0726,0.1058,0.0499,0.1397,0.1468
2025-12-22,model_Portfolio,Hold,0.0388,0.0803,0.1149,0.0285,0.2223,0.0737,0.1068,0.05,0.1373,0.1474
2025-12-23,model_Portfolio,Hold,0.0386,0.0803,0.1155,0.029,0.2218,0.0737,0.1055,0.0508,0.1374,0.1477
2025-12-24,model_Portfolio,Hold,0.0386,0.0798,0.1151,0.0289,0.2212,0.0738,0.1068,0.0506,0.1372,0.1479
2025-12-26,model_Portfolio,Hold,0.0386,0.0803,0.1145,0.029,0.2199,0.0744,0.1066,0.0506,0.1389,0.1473
2025-12-29,model_Portfolio,Hold,0.0384,0.0801,0.1143,0.0288,0.2211,0.0743,0.1075,0.0504,0.1382,0.1469
2025-12-30,model_Portfolio,Hold,0.0386,0.0793,0.1146,0.0288,0.2229,0.0743,0.1076,0.0502,0.1371,0.1466
2022-01-20,model_Portfolio,Rebalance,0.0662,0.0917,0.1485,0.0288,0.159,0.0843,0.157,0.0273,0.0776,0.1598
2022-01-21,model_Portfolio,Hold,0.0678,0.0911,0.1482,0.0275,0.1555,0.0843,0.158,0.0271,0.0783,0.1622
2022-01-24,model_Portfolio,Hold,0.0666,0.0919,0.1494,0.0278,0.1574,0.0842,0.1566,0.0271,0.0782,0.1607
2022-01-25,model_Portfolio,Hold,0.0657,0.0899,0.149,0.0266,0.1688,0.0824,0.1542,0.0261,0.0779,0.1594
2022-01-26,model_Portfolio,Hold,0.0646,0.0895,0.1511,0.0267,0.1707,0.0823,0.1522,0.0268,0.0767,0.1593
2022-01-27,model_Portfolio,Hold,0.0649,0.0904,0.1506,0.0269,0.17,0.0822,0.149,0.0268,0.0771,0.1622
2022-01-28,model_Portfolio,Hold,0.0668,0.0921,0.1502,0.0274,0.1694,0.0819,0.1507,0.0274,0.0732,0.161
2022-01-31,model_Portfolio,Hold,0.0669,0.0936,0.1491,0.0281,0.1671,0.082,0.1526,0.0274,0.0734,0.1598
2022-02-01,model_Portfolio,Hold,0.0662,0.0927,0.1479,0.0281,0.1731,0.082,0.1515,0.0276,0.0733,0.1576
2022-02-02,model_Portfolio,Hold,0.0672,0.0935,0.1486,0.0278,0.1721,0.0813,0.1516,0.0295,0.0724,0.156
2022-02-03,model_Portfolio,Hold,0.0681,0.0912,0.1508,0.026,0.1733,0.0814,0.1498,0.0289,0.0725,0.158
2022-02-04,model_Portfolio,Hold,0.0681,0.0919,0.1535,0.0296,0.1735,0.0765,0.1492,0.029,0.071,0.1576
2022-02-07,model_Portfolio,Hold,0.0677,0.0917,0.156,0.0298,0.1728,0.0745,0.1479,0.0284,0.0718,0.1594
2022-02-08,model_Portfolio,Hold,0.0683,0.0923,0.1583,0.0306,0.1672,0.0743,0.1479,0.0285,0.0725,0.1601
2022-02-09,model_Portfolio,Hold,0.0683,0.0938,0.1563,0.0301,0.1678,0.0752,0.1493,0.0286,0.0721,0.1585
2022-02-10,model_Portfolio,Hold,0.068,0.0919,0.1577,0.0302,0.1707,0.0744,0.1471,0.0285,0.0716,0.1599
2022-02-11,model_Portfolio,Hold,0.0672,0.0888,0.158,0.0293,0.1751,0.0724,0.1482,0.0277,0.0719,0.1613
2022-02-14,model_Portfolio,Hold,0.0669,0.0896,0.1582,0.0302,0.1679,0.0735,0.1493,0.0285,0.0725,0.1634
2022-02-15,model_Portfolio,Hold,0.0671,0.0898,0.1589,0.0303,0.1671,0.0743,0.1494,0.0285,0.0717,0.1629
2022-02-16,model_Portfolio,Hold,0.0667,0.0907,0.1582,0.0305,0.1675,0.0733,0.1505,0.0287,0.0707,0.1633
2022-02-17,model_Portfolio,Hold,0.0658,0.0888,0.1569,0.0302,0.1695,0.0727,0.1514,0.0279,0.069,0.1678
2022-02-18,model_Portfolio,Hold,0.064,0.0887,0.1574,0.0299,0.1689,0.0734,0.1517,0.0276,0.0688,0.1696
2022-02-22,model_Portfolio,Hold,0.065,0.0895,0.1578,0.0297,0.1644,0.0729,0.1546,0.0277,0.0689,0.1696
2022-02-23,model_Portfolio,Hold,0.0654,0.0881,0.1563,0.0289,0.1649,0.0725,0.1546,0.0275,0.0685,0.1734
2022-02-24,model_Portfolio,Hold,0.0661,0.0887,0.1509,0.0301,0.1724,0.0725,0.1578,0.0285,0.068,0.1651
2022-02-25,model_Portfolio,Hold,0.066,0.0877,0.1519,0.0296,0.174,0.0718,0.1558,0.028,0.069,0.1661
2022-02-28,model_Portfolio,Hold,0.0651,0.086,0.1499,0.0296,0.1843,0.0706,0.1525,0.0281,0.0682,0.1656
2022-03-01,model_Portfolio,Hold,0.0641,0.0851,0.1443,0.0293,0.1939,0.0692,0.1519,0.0281,0.0667,0.1674
2022-03-02,model_Portfolio,Hold,0.0641,0.0855,0.1457,0.0289,0.1934,0.0688,0.1507,0.0277,0.0667,0.1684
2022-03-03,model_Portfolio,Hold,0.064,0.085,0.1471,0.0279,0.1941,0.0679,0.1516,0.0273,0.0667,0.1683
2022-03-04,model_Portfolio,Hold,0.064,0.0835,0.1441,0.0274,0.1996,0.0667,0.1531,0.0268,0.0658,0.1688
2022-03-07,model_Portfolio,Hold,0.0644,0.0833,0.1455,0.0266,0.1969,0.0665,0.1531,0.0264,0.066,0.1713
2022-03-08,model_Portfolio,Hold,0.0631,0.0827,0.1465,0.0264,0.2013,0.0659,0.1547,0.0267,0.0672,0.1656
2022-03-09,model_Portfolio,Hold,0.0636,0.0837,0.1474,0.0267,0.1991,0.0675,0.1539,0.0276,0.0669,0.1638
2022-03-10,model_Portfolio,Hold,0.0625,0.0833,0.1456,0.028,0.2049,0.0673,0.1524,0.0273,0.0653,0.1636
2022-03-11,model_Portfolio,Hold,0.0618,0.0851,0.1478,0.0282,0.2029,0.0659,0.1524,0.0272,0.065,0.1638
2022-03-14,model_Portfolio,Hold,0.063,0.0846,0.1509,0.0276,0.1965,0.0659,0.1533,0.0265,0.0665,0.165
2022-03-15,model_Portfolio,Hold,0.0636,0.0862,0.1507,0.0285,0.1903,0.0667,0.1539,0.027,0.0664,0.1668
2022-03-16,model_Portfolio,Hold,0.064,0.0877,0.1524,0.0293,0.1891,0.0666,0.153,0.0275,0.0662,0.1643
2022-03-17,model_Portfolio,Hold,0.0636,0.0845,0.1502,0.0295,0.1984,0.0664,0.1519,0.0271,0.0659,0.1624
2022-03-18,model_Portfolio,Hold,0.064,0.0854,0.1497,0.0301,0.196,0.0671,0.1526,0.0275,0.0659,0.1617
2022-03-21,model_Portfolio,Hold,0.063,0.0846,0.1492,0.0298,0.2027,0.0671,0.1493,0.0272,0.0653,0.1617
2022-03-22,model_Portfolio,Hold,0.0626,0.0848,0.1506,0.0303,0.1995,0.0673,0.148,0.0277,0.0655,0.1638
2022-03-23,model_Portfolio,Hold,0.0606,0.0838,0.1503,0.0303,0.2024,0.0676,0.1472,0.0277,0.0651,0.1651
2022-03-24,model_Portfolio,Hold,0.0606,0.0843,0.1507,0.0301,0.2009,0.069,0.1471,0.0281,0.0651,0.1642
2022-03-25,model_Portfolio,Hold,0.0602,0.0836,0.1509,0.0298,0.2015,0.0691,0.1472,0.0277,0.0647,0.1652
2022-03-28,model_Portfolio,Hold,0.0614,0.0853,0.1518,0.0309,0.1954,0.0703,0.1501,0.0279,0.065,0.162
2022-03-29,model_Portfolio,Hold,0.0606,0.0866,0.1498,0.0305,0.198,0.0705,0.1524,0.0277,0.0652,0.1586
2022-03-30,model_Portfolio,Hold,0.0606,0.0859,0.1499,0.0299,0.1988,0.0706,0.1526,0.0276,0.0648,0.1595
2022-03-31,model_Portfolio,Hold,0.0599,0.0861,0.1483,0.0295,0.2006,0.0705,0.1529,0.0272,0.0641,0.161
2022-04-01,model_Portfolio,Hold,0.0594,0.0859,0.1476,0.0292,0.2025,0.0694,0.1546,0.0271,0.0637,0.1606
2022-04-04,model_Portfolio,Hold,0.0594,0.0867,0.1445,0.03,0.2057,0.0703,0.1521,0.0275,0.0635,0.1602
2022-04-05,model_Portfolio,Hold,0.0602,0.087,0.146,0.0295,0.2012,0.0706,0.1531,0.0273,0.0637,0.1613
2022-04-06,model_Portfolio,Hold,0.0602,0.0861,0.1485,0.0285,0.1964,0.07,0.1553,0.0264,0.0641,0.1645
2022-04-07,model_Portfolio,Hold,0.0619,0.0864,0.1487,0.0283,0.1971,0.0703,0.1531,0.0263,0.0639,0.164
2022-04-08,model_Portfolio,Hold,0.0613,0.0849,0.1481,0.0274,0.2049,0.0696,0.1513,0.0256,0.0633,0.1637
2022-04-11,model_Portfolio,Hold,0.0608,0.0835,0.1501,0.0273,0.1993,0.0705,0.1508,0.0252,0.0646,0.1678
2022-04-12,model_Portfolio,Hold,0.0598,0.0832,0.149,0.0272,0.2041,0.0697,0.1495,0.0249,0.0638,0.1688
2022-04-13,model_Portfolio,Hold,0.06,0.0823,0.1477,0.0278,0.2089,0.0696,0.1487,0.0251,0.0632,0.1667
2022-04-14,model_Portfolio,Hold,0.0594,0.0811,0.1493,0.0272,0.2104,0.0691,0.1479,0.0246,0.0629,0.1681
2022-04-18,model_Portfolio,Hold,0.0589,0.0799,0.1502,0.0275,0.2125,0.0691,0.1468,0.0248,0.0626,0.1675
2022-04-19,model_Portfolio,Hold,0.0599,0.0806,0.1481,0.0281,0.2115,0.0691,0.1473,0.0249,0.0634,0.1671
2022-04-20,model_Portfolio,Hold,0.0608,0.0808,0.1497,0.0272,0.2099,0.0685,0.1489,0.0244,0.0632,0.1665
2022-04-21,model_Portfolio,Hold,0.0618,0.0813,0.1486,0.0264,0.2024,0.0698,0.1495,0.024,0.0644,0.1717
2022-04-22,model_Portfolio,Hold,0.0617,0.0806,0.1479,0.0265,0.2008,0.0695,0.1507,0.0237,0.0651,0.1735
2022-04-25,model_Portfolio,Hold,0.0625,0.0831,0.1473,0.0271,0.1949,0.0702,0.1502,0.0246,0.0656,0.1744
2022-04-26,model_Portfolio,Hold,0.0622,0.0812,0.1464,0.0264,0.1966,0.0696,0.1515,0.0243,0.0649,0.177
2022-04-27,model_Portfolio,Hold,0.0618,0.0808,0.1459,0.026,0.2027,0.0701,0.1483,0.0233,0.0647,0.1764
2022-04-28,model_Portfolio,Hold,0.0616,0.0825,0.1401,0.0269,0.2072,0.0697,0.1485,0.0238,0.065,0.1747
2022-04-29,model_Portfolio,Hold,0.0609,0.0811,0.1391,0.0237,0.2101,0.0697,0.1459,0.0235,0.0655,0.1806
2022-05-02,model_Portfolio,Hold,0.0607,0.0825,0.1396,0.0238,0.2091,0.0703,0.1431,0.0241,0.0664,0.1805
2022-05-03,model_Portfolio,Hold,0.0595,0.0813,0.1389,0.0234,0.2155,0.0703,0.1428,0.0239,0.0664,0.178
2022-05-04,model_Portfolio,Hold,0.0592,0.0811,0.1383,0.0229,0.2214,0.0703,0.1409,0.024,0.0668,0.175
2022-05-05,model_Portfolio,Hold,0.0604,0.0803,0.1404,0.0221,0.2112,0.07,0.143,0.0239,0.0676,0.1812
2022-05-06,model_Portfolio,Hold,0.0592,0.0785,0.139,0.0215,0.2226,0.069,0.1391,0.0234,0.0667,0.1808
2022-05-09,model_Portfolio,Hold,0.0598,0.0805,0.145,0.0215,0.1999,0.072,0.139,0.0241,0.0718,0.1864
2022-05-10,model_Portfolio,Hold,0.0606,0.0822,0.1474,0.022,0.203,0.0726,0.1383,0.0249,0.0716,0.1774
2022-05-11,model_Portfolio,Hold,0.0601,0.0803,0.1463,0.0213,0.2082,0.0734,0.1372,0.0248,0.0704,0.1779
2022-05-12,model_Portfolio,Hold,0.0613,0.0803,0.1442,0.0216,0.2066,0.0729,0.1373,0.0246,0.0719,0.1794
2022-05-13,model_Portfolio,Hold,0.0606,0.0796,0.1405,0.0222,0.2171,0.0715,0.1371,0.0246,0.0697,0.1772
2022-05-16,model_Portfolio,Hold,0.0601,0.0789,0.1393,0.0216,0.2223,0.0708,0.1349,0.0241,0.0698,0.1783
2022-05-17,model_Portfolio,Hold,0.0616,0.0788,0.1405,0.0221,0.2221,0.0715,0.133,0.0241,0.0694,0.1769
2022-05-18,model_Portfolio,Hold,0.063,0.0771,0.1435,0.0213,0.2162,0.0727,0.1318,0.024,0.0704,0.1801
2022-05-19,model_Portfolio,Hold,0.0633,0.0775,0.1428,0.0215,0.22,0.0732,0.1327,0.0239,0.0708,0.1743
2022-05-20,model_Portfolio,Hold,0.0634,0.078,0.1407,0.0214,0.2233,0.0738,0.1336,0.0234,0.0689,0.1734
2022-05-23,model_Portfolio,Hold,0.0628,0.0779,0.1408,0.0209,0.2308,0.0721,0.1311,0.0234,0.0674,0.1726
2022-05-24,model_Portfolio,Hold,0.0623,0.077,0.1426,0.0203,0.2286,0.072,0.1311,0.0223,0.0682,0.1757
2022-05-25,model_Portfolio,Hold,0.061,0.0759,0.1422,0.0205,0.2351,0.0708,0.1291,0.0219,0.0672,0.1762
2022-05-26,model_Portfolio,Hold,0.0609,0.0778,0.143,0.021,0.2327,0.0714,0.1294,0.022,0.0667,0.1752
2022-05-27,model_Portfolio,Hold,0.0603,0.0792,0.1425,0.0212,0.2357,0.0719,0.1302,0.0223,0.0661,0.1706
2022-05-31,model_Portfolio,Hold,0.0612,0.0782,0.1439,0.0223,0.2343,0.0711,0.1291,0.0228,0.0665,0.1707
2022-06-01,model_Portfolio,Hold,0.0601,0.0786,0.1425,0.0226,0.2382,0.0706,0.1278,0.0229,0.0654,0.1713
2022-06-02,model_Portfolio,Hold,0.0608,0.0799,0.1409,0.0231,0.2351,0.0726,0.1288,0.0234,0.0656,0.1698
2022-06-03,model_Portfolio,Hold,0.0606,0.0798,0.1395,0.0226,0.2404,0.0728,0.1269,0.0229,0.0649,0.1696
2022-06-06,model_Portfolio,Hold,0.0603,0.0795,0.1399,0.023,0.2409,0.0741,0.1259,0.0233,0.0648,0.1684
2022-06-07,model_Portfolio,Hold,0.0594,0.0784,0.1383,0.0222,0.2501,0.0736,0.1248,0.0229,0.0638,0.1664
2022-06-08,model_Portfolio,Hold,0.06,0.0798,0.1402,0.0226,0.2564,0.0733,0.122,0.0236,0.0651,0.157
2022-06-09,model_Portfolio,Hold,0.0602,0.0795,0.14,0.0221,0.2559,0.0752,0.1201,0.0236,0.0659,0.1576
2022-06-10,model_Portfolio,Hold,0.06,0.0788,0.1389,0.0214,0.2557,0.0754,0.1196,0.0234,0.0644,0.1624
2022-06-13,model_Portfolio,Hold,0.0607,0.0797,0.1404,0.0211,0.2499,0.0772,0.117,0.0234,0.0668,0.1638
2022-06-14,model_Portfolio,Hold,0.0591,0.0796,0.1407,0.0209,0.2529,0.0763,0.1162,0.0236,0.0664,0.1643
2022-06-15,model_Portfolio,Hold,0.0601,0.0812,0.1419,0.022,0.2505,0.0762,0.1163,0.0242,0.0659,0.1619
2022-06-16,model_Portfolio,Hold,0.0609,0.0814,0.1443,0.022,0.2386,0.0779,0.1164,0.0243,0.0668,0.1674
2022-06-17,model_Portfolio,Hold,0.0619,0.0837,0.1461,0.0228,0.2267,0.0791,0.1188,0.0249,0.067,0.169
2022-06-21,model_Portfolio,Hold,0.0619,0.0844,0.1466,0.0229,0.2291,0.0794,0.1166,0.0254,0.066,0.1675
2022-06-22,model_Portfolio,Hold,0.0644,0.0881,0.1503,0.0237,0.2192,0.0817,0.1217,0.0262,0.0681,0.1566
2022-06-23,model_Portfolio,Hold,0.0648,0.0878,0.1493,0.0244,0.2115,0.082,0.1257,0.0263,0.0679,0.1603
2022-06-24,model_Portfolio,Hold,0.0649,0.0893,0.1508,0.0246,0.2067,0.0829,0.127,0.0269,0.0681,0.1589
2022-06-27,model_Portfolio,Hold,0.0646,0.0872,0.1509,0.0238,0.2123,0.0809,0.1288,0.0263,0.0672,0.158
2022-06-28,model_Portfolio,Hold,0.0635,0.0847,0.1512,0.0227,0.2201,0.0798,0.128,0.0255,0.0661,0.1583
2022-06-29,model_Portfolio,Hold,0.0661,0.0853,0.1531,0.0235,0.2092,0.0817,0.1318,0.026,0.0672,0.1562
2022-06-30,model_Portfolio,Hold,0.0664,0.0854,0.1543,0.0231,0.2042,0.0821,0.1335,0.0256,0.0676,0.1578
2022-07-01,model_Portfolio,Hold,0.0665,0.0853,0.1548,0.0235,0.2042,0.0819,0.1346,0.0252,0.0663,0.1576
2022-07-05,model_Portfolio,Hold,0.0672,0.0852,0.1558,0.0248,0.1927,0.0825,0.1383,0.0268,0.068,0.1586
2022-07-06,model_Portfolio,Hold,0.0672,0.0859,0.1577,0.0251,0.1894,0.0819,0.1397,0.0272,0.0686,0.1572
2022-07-07,model_Portfolio,Hold,0.0663,0.0852,0.1557,0.0251,0.2001,0.0798,0.1365,0.0276,0.0674,0.1565
2022-07-08,model_Portfolio,Hold,0.0665,0.0855,0.1561,0.025,0.203,0.0789,0.1341,0.0279,0.067,0.1561
2022-07-11,model_Portfolio,Hold,0.0668,0.0848,0.1567,0.0244,0.2008,0.0802,0.1325,0.0273,0.0676,0.1589
2022-07-12,model_Portfolio,Hold,0.0672,0.0855,0.1578,0.0241,0.1926,0.0804,0.1338,0.0272,0.0691,0.1622
2022-07-13,model_Portfolio,Hold,0.0665,0.086,0.1558,0.0246,0.1971,0.0797,0.1326,0.0268,0.0687,0.1623
2022-07-14,model_Portfolio,Hold,0.0677,0.0866,0.1555,0.0251,0.1928,0.0791,0.132,0.027,0.07,0.1641
2022-07-15,model_Portfolio,Hold,0.0685,0.086,0.1553,0.0253,0.1919,0.0789,0.1348,0.0269,0.0697,0.1626
2022-07-18,model_Portfolio,Hold,0.0673,0.085,0.1548,0.0253,0.1966,0.0782,0.1338,0.0262,0.069,0.1636
2022-07-19,model_Portfolio,Hold,0.0671,0.086,0.1524,0.0256,0.1998,0.0781,0.1342,0.0266,0.0687,0.1614
2022-07-20,model_Portfolio,Hold,0.0659,0.0862,0.1512,0.0265,0.203,0.0784,0.1349,0.0265,0.0689,0.1585
2022-07-21,model_Portfolio,Hold,0.0674,0.0882,0.1522,0.0269,0.1939,0.0795,0.1354,0.0266,0.0695,0.1603
2022-07-22,model_Portfolio,Hold,0.0668,0.0886,0.1536,0.0265,0.1896,0.0798,0.1378,0.0252,0.0698,0.1622
2022-07-25,model_Portfolio,Hold,0.0653,0.0876,0.1532,0.0258,0.1981,0.0787,0.1356,0.0247,0.0687,0.1622
2022-07-26,model_Portfolio,Hold,0.0655,0.0861,0.1516,0.0244,0.1942,0.0783,0.1408,0.0241,0.0719,0.163
2022-07-27,model_Portfolio,Hold,0.0649,0.0883,0.15,0.0253,0.1985,0.078,0.14,0.0255,0.0697,0.1599
2022-07-28,model_Portfolio,Hold,0.0643,0.0889,0.1492,0.0252,0.1983,0.0791,0.1425,0.0254,0.0696,0.1576
2022-07-29,model_Portfolio,Hold,0.0622,0.0881,0.1487,0.0273,0.2032,0.0789,0.1421,0.0254,0.0697,0.1542
2022-08-01,model_Portfolio,Hold,0.0632,0.0884,0.1486,0.0277,0.1987,0.0793,0.1421,0.0253,0.0704,0.1563
2022-08-02,model_Portfolio,Hold,0.0629,0.088,0.1543,0.0275,0.1988,0.0786,0.1385,0.0255,0.0698,0.156
2022-08-03,model_Portfolio,Hold,0.0635,0.0898,0.1552,0.0286,0.1907,0.0792,0.1384,0.0262,0.0708,0.1576
2022-08-04,model_Portfolio,Hold,0.0643,0.0916,0.1576,0.0296,0.1721,0.0841,0.1406,0.0265,0.0739,0.1596
2022-08-05,model_Portfolio,Hold,0.0637,0.0907,0.1573,0.0291,0.177,0.0852,0.1396,0.0262,0.0731,0.1581
2022-08-08,model_Portfolio,Hold,0.0632,0.0904,0.1568,0.0286,0.1785,0.0844,0.1412,0.026,0.0733,0.1576
2022-08-09,model_Portfolio,Hold,0.0624,0.0901,0.1587,0.0282,0.1808,0.0833,0.1405,0.0258,0.0728,0.1573
2022-08-10,model_Portfolio,Hold,0.0625,0.0903,0.1589,0.0287,0.1801,0.0838,0.1416,0.026,0.0721,0.1561
2022-08-11,model_Portfolio,Hold,0.0619,0.0886,0.1594,0.0279,0.1867,0.0826,0.1403,0.0255,0.0714,0.1556
2022-08-12,model_Portfolio,Hold,0.0617,0.0893,0.161,0.0282,0.1838,0.0834,0.1412,0.0258,0.0718,0.1538
2022-08-15,model_Portfolio,Hold,0.0623,0.0896,0.1619,0.0282,0.1786,0.0848,0.1419,0.026,0.0717,0.155
2022-08-16,model_Portfolio,Hold,0.0623,0.0897,0.1616,0.0285,0.1767,0.0846,0.1431,0.0259,0.0711,0.1565
2022-08-17,model_Portfolio,Hold,0.0618,0.0895,0.1622,0.0281,0.1798,0.0833,0.1431,0.0256,0.0702,0.1563
2022-08-18,model_Portfolio,Hold,0.0607,0.0887,0.1617,0.0278,0.1926,0.0821,0.1372,0.0254,0.0689,0.1548
2022-08-19,model_Portfolio,Hold,0.0614,0.0884,0.1613,0.0273,0.1928,0.0818,0.1364,0.025,0.0696,0.156
2022-08-22,model_Portfolio,Hold,0.0605,0.0878,0.1592,0.0266,0.1982,0.0818,0.1353,0.0246,0.0686,0.1573
2022-08-23,model_Portfolio,Hold,0.0593,0.0863,0.1575,0.0265,0.2075,0.0813,0.1323,0.0244,0.0682,0.1567
2022-08-24,model_Portfolio,Hold,0.0584,0.0853,0.1558,0.0263,0.2135,0.0809,0.1323,0.0241,0.0672,0.1561
2022-08-25,model_Portfolio,Hold,0.058,0.0854,0.1559,0.0266,0.2117,0.0813,0.133,0.0244,0.0673,0.1564
2022-08-26,model_Portfolio,Hold,0.0573,0.0843,0.1564,0.026,0.216,0.082,0.1332,0.0237,0.0624,0.1587
2022-08-29,model_Portfolio,Hold,0.0572,0.0834,0.1562,0.0258,0.2222,0.0815,0.1312,0.0235,0.0611,0.158
2022-08-30,model_Portfolio,Hold,0.0586,0.0843,0.1574,0.0261,0.2154,0.0815,0.1323,0.0239,0.0615,0.159
2022-08-31,model_Portfolio,Hold,0.0592,0.0836,0.1566,0.0259,0.2156,0.081,0.1326,0.0239,0.0617,0.16
2022-09-01,model_Portfolio,Hold,0.0608,0.0842,0.1576,0.0262,0.2101,0.0806,0.1318,0.0243,0.0626,0.1617
2022-09-02,model_Portfolio,Hold,0.0597,0.0831,0.158,0.0263,0.2159,0.0798,0.1312,0.024,0.0609,0.1611
2022-09-06,model_Portfolio,Hold,0.0602,0.0836,0.1596,0.0262,0.2122,0.0803,0.1343,0.024,0.0588,0.1608
2022-09-07,model_Portfolio,Hold,0.0609,0.0839,0.1619,0.0267,0.2041,0.0822,0.1347,0.0244,0.0603,0.1609
2022-09-08,model_Portfolio,Hold,0.0618,0.0837,0.1628,0.0266,0.204,0.0816,0.1359,0.0239,0.0593,0.1604
2022-09-09,model_Portfolio,Hold,0.0617,0.0831,0.1608,0.0268,0.2071,0.0813,0.1354,0.0241,0.0602,0.1594
2022-09-12,model_Portfolio,Hold,0.0611,0.083,0.1597,0.027,0.2139,0.082,0.1344,0.0237,0.0598,0.1553
2022-09-13,model_Portfolio,Hold,0.0614,0.0821,0.1611,0.026,0.2168,0.0826,0.1336,0.0231,0.0601,0.1532
2022-09-14,model_Portfolio,Hold,0.0608,0.0806,0.158,0.0262,0.2295,0.0816,0.131,0.0231,0.0581,0.151
2022-09-15,model_Portfolio,Hold,0.0609,0.0799,0.1578,0.0259,0.2301,0.0801,0.1312,0.0228,0.0581,0.1532
2022-09-16,model_Portfolio,Hold,0.0607,0.0801,0.1588,0.0255,0.2259,0.0803,0.1319,0.023,0.0586,0.1553
2022-09-19,model_Portfolio,Hold,0.0605,0.0804,0.1603,0.0257,0.2248,0.0806,0.1298,0.0229,0.0583,0.1568
2022-09-20,model_Portfolio,Hold,0.0602,0.08,0.1628,0.0255,0.2229,0.0802,0.1277,0.0228,0.059,0.1589
2022-09-21,model_Portfolio,Hold,0.0603,0.0799,0.1636,0.0251,0.22,0.0804,0.1268,0.0227,0.0591,0.162
2022-09-22,model_Portfolio,Hold,0.0612,0.0799,0.1623,0.0252,0.2148,0.0803,0.129,0.0232,0.0594,0.1647
2022-09-23,model_Portfolio,Hold,0.0632,0.0821,0.1657,0.0253,0.1973,0.0827,0.1346,0.0237,0.061,0.1645
2022-09-26,model_Portfolio,Hold,0.0637,0.0826,0.1657,0.026,0.1942,0.0821,0.1334,0.024,0.062,0.1664
2022-09-27,model_Portfolio,Hold,0.0629,0.0824,0.1653,0.0259,0.1998,0.082,0.1322,0.0238,0.0618,0.164
2022-09-28,model_Portfolio,Hold,0.0615,0.0821,0.1629,0.026,0.2066,0.0814,0.1319,0.0238,0.0612,0.1623
2022-09-29,model_Portfolio,Hold,0.0617,0.0816,0.1624,0.0255,0.2099,0.0809,0.1314,0.0234,0.0606,0.1626
2022-09-30,model_Portfolio,Hold,0.0613,0.082,0.1628,0.0254,0.2072,0.0826,0.1343,0.0232,0.0602,0.1609
2022-10-03,model_Portfolio,Hold,0.0606,0.0812,0.1611,0.025,0.2173,0.0813,0.1327,0.023,0.0593,0.1585
2022-10-04,model_Portfolio,Hold,0.0607,0.0813,0.1616,0.0253,0.2207,0.0818,0.1297,0.0229,0.0586,0.1575
2022-10-05,model_Portfolio,Hold,0.0607,0.0811,0.1602,0.0252,0.2277,0.0799,0.1256,0.0228,0.0582,0.1585
2022-10-06,model_Portfolio,Hold,0.0601,0.0796,0.1587,0.025,0.2369,0.0785,0.1237,0.0228,0.0561,0.1587
2022-10-07,model_Portfolio,Hold,0.0607,0.0779,0.1573,0.0242,0.2426,0.0774,0.1215,0.0225,0.0552,0.1607
2022-10-10,model_Portfolio,Hold,0.0608,0.0779,0.1594,0.0242,0.2366,0.0782,0.1201,0.0225,0.0561,0.1643
2022-10-11,model_Portfolio,Hold,0.0612,0.0765,0.1596,0.0239,0.2327,0.0778,0.1222,0.0223,0.0563,0.1676
2022-10-12,model_Portfolio,Hold,0.0603,0.0761,0.158,0.0241,0.2347,0.0774,0.1212,0.0225,0.0564,0.1695
2022-10-13,model_Portfolio,Hold,0.0603,0.0762,0.1598,0.0233,0.2344,0.0781,0.1192,0.0222,0.0575,0.169
2022-10-14,model_Portfolio,Hold,0.0608,0.0766,0.1621,0.0227,0.229,0.0781,0.1193,0.0222,0.0586,0.1706
2022-10-17,model_Portfolio,Hold,0.0617,0.0786,0.1617,0.0239,0.2276,0.0789,0.1204,0.0227,0.0581,0.1664
2022-10-18,model_Portfolio,Hold,0.0623,0.0788,0.1624,0.0243,0.2248,0.0802,0.1194,0.0228,0.0589,0.1662
2022-10-19,model_Portfolio,Hold,0.058,0.0785,0.1618,0.024,0.236,0.0796,0.1163,0.0224,0.0578,0.1654
2022-10-20,model_Portfolio,Hold,0.0571,0.0789,0.1612,0.0243,0.2382,0.0796,0.1165,0.0228,0.058,0.1634
2022-10-21,model_Portfolio,Hold,0.0555,0.0791,0.1618,0.0245,0.2413,0.0785,0.116,0.0225,0.0583,0.1625
2022-10-24,model_Portfolio,Hold,0.0565,0.0796,0.1618,0.0243,0.2408,0.0782,0.1149,0.0224,0.0582,0.1634
2022-10-25,model_Portfolio,Hold,0.0552,0.0795,0.1588,0.024,0.2438,0.079,0.1189,0.0224,0.0571,0.1613
2022-10-26,model_Portfolio,Hold,0.0551,0.0788,0.1579,0.0228,0.2471,0.0787,0.1181,0.0202,0.0588,0.1624
2022-10-27,model_Portfolio,Hold,0.0546,0.0789,0.1605,0.022,0.2465,0.0782,0.1204,0.0198,0.0592,0.16
2022-10-28,model_Portfolio,Hold,0.0551,0.0801,0.1631,0.0202,0.2409,0.0785,0.1214,0.0203,0.06,0.1605
2022-10-31,model_Portfolio,Hold,0.0549,0.0793,0.1645,0.0201,0.2417,0.0775,0.1214,0.02,0.0598,0.1608
2022-11-01,model_Portfolio,Hold,0.055,0.0784,0.1683,0.0189,0.2427,0.0778,0.1206,0.0191,0.0594,0.1599
2022-11-02,model_Portfolio,Hold,0.0556,0.0776,0.1719,0.0184,0.2401,0.0775,0.1214,0.0188,0.0596,0.1591
2022-11-03,model_Portfolio,Hold,0.0539,0.0721,0.1676,0.0176,0.2529,0.0822,0.1203,0.0177,0.0587,0.157
2022-11-04,model_Portfolio,Hold,0.0535,0.0716,0.1666,0.0175,0.2557,0.0839,0.1197,0.018,0.0583,0.1553
2022-11-07,model_Portfolio,Hold,0.0537,0.073,0.1665,0.0172,0.2559,0.0835,0.1193,0.0182,0.0576,0.155
2022-11-08,model_Portfolio,Hold,0.0538,0.0731,0.1671,0.0171,0.2537,0.0852,0.1184,0.0183,0.058,0.1552
2022-11-09,model_Portfolio,Hold,0.0552,0.0744,0.1706,0.0169,0.2423,0.0867,0.1193,0.0185,0.0589,0.1572
2022-11-10,model_Portfolio,Hold,0.0558,0.0773,0.1705,0.0182,0.2411,0.0865,0.1238,0.0192,0.0592,0.1483
2022-11-11,model_Portfolio,Hold,0.0551,0.0772,0.1693,0.0188,0.2472,0.0852,0.1203,0.0194,0.0603,0.1471
2022-11-14,model_Portfolio,Hold,0.0549,0.0782,0.1683,0.0187,0.2435,0.0886,0.1195,0.0196,0.0604,0.1482
2022-11-15,model_Portfolio,Hold,0.0546,0.0779,0.1701,0.0185,0.2486,0.0869,0.1194,0.0198,0.0595,0.1447
2022-11-16,model_Portfolio,Hold,0.0554,0.0784,0.1733,0.0183,0.2429,0.088,0.1186,0.0201,0.0589,0.1459
2022-11-17,model_Portfolio,Hold,0.0552,0.0777,0.1738,0.018,0.2418,0.088,0.1192,0.0201,0.0592,0.1471
2022-11-18,model_Portfolio,Hold,0.0557,0.0773,0.1741,0.0178,0.238,0.0887,0.1212,0.0199,0.0589,0.1484
2022-11-21,model_Portfolio,Hold,0.0559,0.0776,0.1757,0.0175,0.2332,0.0889,0.1213,0.0196,0.0595,0.1509
2022-11-22,model_Portfolio,Hold,0.0551,0.0773,0.1729,0.0172,0.2402,0.0905,0.1206,0.0194,0.0585,0.1484
2022-11-23,model_Portfolio,Hold,0.0559,0.0781,0.1738,0.0175,0.2364,0.0907,0.1206,0.0198,0.0585,0.1487
2022-11-25,model_Portfolio,Hold,0.0563,0.0785,0.1747,0.0173,0.2341,0.091,0.1221,0.0195,0.0589,0.1475
2022-11-28,model_Portfolio,Hold,0.0566,0.0785,0.1745,0.0178,0.2313,0.0912,0.1205,0.0196,0.058,0.1519
2022-11-29,model_Portfolio,Hold,0.0558,0.0769,0.1722,0.0173,0.2369,0.0895,0.1219,0.0192,0.058,0.1523
2022-11-30,model_Portfolio,Hold,0.0561,0.0789,0.1717,0.0178,0.234,0.0902,0.1222,0.0201,0.0569,0.1521
2022-12-01,model_Portfolio,Hold,0.0562,0.0793,0.1714,0.0175,0.2331,0.0906,0.1214,0.02,0.0569,0.1533
2022-12-02,model_Portfolio,Hold,0.056,0.0782,0.1716,0.0172,0.2339,0.092,0.1196,0.0198,0.057,0.1546
2022-12-05,model_Portfolio,Hold,0.0557,0.0778,0.1719,0.017,0.2315,0.0929,0.1198,0.02,0.0571,0.1562
2022-12-06,model_Portfolio,Hold,0.0561,0.0775,0.1756,0.0168,0.2268,0.0939,0.119,0.0199,0.0582,0.1562
2022-12-07,model_Portfolio,Hold,0.0565,0.0777,0.1756,0.0168,0.2254,0.0949,0.1181,0.0195,0.059,0.1565
2022-12-08,model_Portfolio,Hold,0.0576,0.0791,0.1732,0.0172,0.2205,0.096,0.1205,0.0192,0.0588,0.1579
2022-12-09,model_Portfolio,Hold,0.0584,0.0788,0.1738,0.0171,0.2177,0.0952,0.122,0.0192,0.0591,0.1588
2022-12-12,model_Portfolio,Hold,0.0584,0.0783,0.1727,0.017,0.2241,0.0949,0.1204,0.0189,0.0586,0.1567
2022-12-13,model_Portfolio,Hold,0.0585,0.0779,0.1697,0.0171,0.2303,0.0952,0.1206,0.0191,0.0578,0.1538
2022-12-14,model_Portfolio,Hold,0.0587,0.0773,0.1699,0.017,0.2276,0.0956,0.1215,0.0191,0.0576,0.1557
2022-12-15,model_Portfolio,Hold,0.0581,0.0757,0.1699,0.0167,0.2311,0.0944,0.1212,0.0185,0.0568,0.1574
2022-12-16,model_Portfolio,Hold,0.0584,0.0726,0.1724,0.0169,0.2289,0.0963,0.119,0.0188,0.0575,0.1591
2022-12-19,model_Portfolio,Hold,0.0585,0.0705,0.1731,0.0164,0.2305,0.096,0.1191,0.0185,0.0581,0.1594
2022-12-20,model_Portfolio,Hold,0.058,0.0717,0.1761,0.0164,0.2302,0.0949,0.1188,0.0185,0.057,0.1584
2022-12-21,model_Portfolio,Hold,0.0576,0.0721,0.1742,0.0163,0.2382,0.0934,0.1178,0.0182,0.057,0.1552
2022-12-22,model_Portfolio,Hold,0.0584,0.072,0.1755,0.016,0.2315,0.0943,0.1189,0.0181,0.057,0.1582
2022-12-23,model_Portfolio,Hold,0.0575,0.0711,0.1745,0.016,0.2404,0.0924,0.1178,0.0181,0.0553,0.157
2022-12-27,model_Portfolio,Hold,0.0575,0.0707,0.1752,0.0155,0.2418,0.0923,0.1168,0.0176,0.0552,0.1574
2022-12-28,model_Portfolio,Hold,0.0584,0.0717,0.1772,0.0156,0.2345,0.0936,0.117,0.0177,0.0555,0.1588
2022-12-29,model_Portfolio,Hold,0.059,0.0722,0.1764,0.0159,0.2352,0.0929,0.1179,0.018,0.0559,0.1568
2022-12-30,model_Portfolio,Hold,0.0586,0.0716,0.1757,0.0158,0.2386,0.0922,0.118,0.0179,0.0554,0.1559
2023-01-03,model_Portfolio,Rebalance,0.0795,0.0861,0.1364,0.0316,0.131,0.0771,0.1512,0.0431,0.1226,0.1414
2023-01-04,model_Portfolio,Hold,0.0806,0.0857,0.1369,0.0313,0.1264,0.0769,0.1538,0.0425,0.1251,0.1408
2023-01-05,model_Portfolio,Hold,0.0814,0.0848,0.1379,0.0309,0.127,0.0768,0.1518,0.0422,0.1246,0.1426
2023-01-06,model_Portfolio,Hold,0.0803,0.0845,0.1387,0.0312,0.127,0.0768,0.1526,0.0416,0.1251,0.1422
2023-01-09,model_Portfolio,Hold,0.0804,0.0862,0.1346,0.0318,0.1288,0.0774,0.152,0.0421,0.1255,0.1412
2023-01-10,model_Portfolio,Hold,0.0812,0.086,0.1348,0.0325,0.1276,0.0772,0.1522,0.042,0.1261,0.1403
2023-01-11,model_Portfolio,Hold,0.0796,0.0872,0.1329,0.0339,0.1276,0.0762,0.1563,0.0429,0.1254,0.138
2023-01-12,model_Portfolio,Hold,0.0783,0.0876,0.1321,0.0338,0.1315,0.0753,0.1578,0.0425,0.125,0.1361
2023-01-13,model_Portfolio,Hold,0.0794,0.0866,0.1333,0.0347,0.1308,0.0752,0.1567,0.0428,0.1245,0.136
2023-01-17,model_Portfolio,Hold,0.0799,0.0881,0.1334,0.0341,0.1311,0.0744,0.1583,0.0427,0.1225,0.1355
2023-01-18,model_Portfolio,Hold,0.0799,0.0874,0.1347,0.0345,0.1301,0.0748,0.16,0.0433,0.1208,0.1344
2023-01-19,model_Portfolio,Hold,0.0805,0.0862,0.133,0.034,0.134,0.0744,0.1598,0.0444,0.1171,0.1366
2023-01-20,model_Portfolio,Hold,0.08,0.0872,0.1317,0.0348,0.1325,0.0744,0.1602,0.0461,0.1175,0.1357
2023-01-23,model_Portfolio,Hold,0.0802,0.0862,0.1316,0.0346,0.1322,0.0749,0.161,0.0466,0.1185,0.1343
2023-01-24,model_Portfolio,Hold,0.0801,0.0859,0.1355,0.0346,0.13,0.0769,0.1625,0.0461,0.1125,0.1358
2023-01-25,model_Portfolio,Hold,0.0795,0.0858,0.1368,0.0351,0.1308,0.077,0.1615,0.0452,0.1111,0.1371
2023-01-26,model_Portfolio,Hold,0.079,0.0856,0.1358,0.0356,0.1338,0.0777,0.161,0.046,0.111,0.1343
2023-01-27,model_Portfolio,Hold,0.0777,0.086,0.1347,0.0365,0.1339,0.0766,0.1634,0.0466,0.1119,0.1329
2023-01-30,model_Portfolio,Hold,0.0785,0.0861,0.1366,0.0363,0.1309,0.0774,0.162,0.046,0.1106,0.1356
2023-01-31,model_Portfolio,Hold,0.0779,0.0863,0.1355,0.0367,0.1295,0.0779,0.1631,0.0462,0.1115,0.1353
2023-02-01,model_Portfolio,Hold,0.078,0.0868,0.1336,0.037,0.1254,0.0765,0.1639,0.0465,0.111,0.1413
2023-02-02,model_Portfolio,Hold,0.078,0.0897,0.1252,0.0396,0.122,0.0708,0.1709,0.0497,0.1149,0.1391
2023-02-03,model_Portfolio,Hold,0.0789,0.0896,0.128,0.0368,0.123,0.0694,0.1704,0.0491,0.1139,0.141
2023-02-06,model_Portfolio,Hold,0.0785,0.0885,0.129,0.0366,0.1235,0.0692,0.1707,0.0484,0.1135,0.1419
2023-02-07,model_Portfolio,Hold,0.0787,0.0888,0.1286,0.0362,0.1273,0.0691,0.1687,0.0502,0.1129,0.1395
2023-02-08,model_Portfolio,Hold,0.0785,0.0889,0.1312,0.036,0.1243,0.0705,0.1699,0.0469,0.1127,0.1411
2023-02-09,model_Portfolio,Hold,0.0779,0.0902,0.1313,0.0357,0.1227,0.0713,0.1713,0.0454,0.1118,0.1423
2023-02-10,model_Portfolio,Hold,0.0771,0.0888,0.1302,0.0351,0.1286,0.0707,0.1699,0.0447,0.1115,0.1434
2023-02-13,model_Portfolio,Hold,0.0769,0.0896,0.1316,0.0356,0.1248,0.0701,0.1703,0.0445,0.1122,0.1445
2023-02-14,model_Portfolio,Hold,0.0768,0.0894,0.1303,0.036,0.126,0.0695,0.17,0.045,0.1123,0.1446
2023-02-15,model_Portfolio,Hold,0.0767,0.0902,0.1302,0.0365,0.1224,0.0701,0.1701,0.046,0.1127,0.1451
2023-02-16,model_Portfolio,Hold,0.077,0.0895,0.1319,0.0359,0.1207,0.0702,0.1691,0.046,0.1131,0.1465
2023-02-17,model_Portfolio,Hold,0.0778,0.0886,0.1331,0.0358,0.1151,0.0703,0.1695,0.0456,0.1147,0.1494
2023-02-21,model_Portfolio,Hold,0.0771,0.0879,0.1334,0.0355,0.1174,0.0712,0.1686,0.0453,0.1132,0.1504
2023-02-22,model_Portfolio,Hold,0.0766,0.0883,0.1342,0.0361,0.1171,0.0716,0.1674,0.0454,0.1132,0.1499
2023-02-23,model_Portfolio,Hold,0.0762,0.0884,0.1329,0.0359,0.1205,0.0717,0.1666,0.0448,0.1126,0.1504
2023-02-24,model_Portfolio,Hold,0.0754,0.0877,0.1353,0.0354,0.1219,0.0727,0.1638,0.0444,0.1126,0.1508
2023-02-27,model_Portfolio,Hold,0.0749,0.0878,0.1348,0.0356,0.1221,0.0739,0.1638,0.0448,0.1132,0.149
2023-02-28,model_Portfolio,Hold,0.0767,0.0879,0.1352,0.0359,0.12,0.0744,0.1626,0.0451,0.1131,0.1492
2023-03-01,model_Portfolio,Hold,0.0763,0.0875,0.1356,0.0352,0.1243,0.0752,0.1556,0.0454,0.1161,0.1488
2023-03-02,model_Portfolio,Hold,0.0772,0.0876,0.1337,0.035,0.1256,0.0758,0.155,0.0459,0.1151,0.149
2023-03-03,model_Portfolio,Hold,0.0777,0.0878,0.1339,0.0356,0.1268,0.0756,0.1539,0.0462,0.1152,0.1474
2023-03-06,model_Portfolio,Hold,0.0766,0.0882,0.1337,0.0353,0.124,0.0753,0.1561,0.047,0.114,0.1498
2023-03-07,model_Portfolio,Hold,0.076,0.0881,0.1341,0.0359,0.1233,0.0764,0.1546,0.0474,0.1133,0.1508
2023-03-08,model_Portfolio,Hold,0.0756,0.088,0.1323,0.0361,0.1213,0.0761,0.158,0.0476,0.1135,0.1517
2023-03-09,model_Portfolio,Hold,0.076,0.0885,0.1325,0.0362,0.1191,0.0761,0.1552,0.0476,0.1141,0.1547
2023-03-10,model_Portfolio,Hold,0.0773,0.0885,0.1343,0.0365,0.1188,0.0773,0.1455,0.0479,0.1155,0.1583
2023-03-13,model_Portfolio,Hold,0.079,0.0887,0.1315,0.0375,0.1151,0.0779,0.1459,0.0486,0.1159,0.16
2023-03-14,model_Portfolio,Hold,0.0787,0.0884,0.1325,0.0382,0.1152,0.0787,0.1453,0.0498,0.1142,0.159
2023-03-15,model_Portfolio,Hold,0.0793,0.0876,0.1306,0.0394,0.1077,0.0775,0.1481,0.0517,0.116,0.162
2023-03-16,model_Portfolio,Hold,0.0796,0.0892,0.1321,0.0406,0.1093,0.0775,0.1435,0.0535,0.1166,0.1581
2023-03-17,model_Portfolio,Hold,0.0794,0.0898,0.1319,0.0409,0.1076,0.0775,0.1423,0.0552,0.1173,0.158
2023-03-20,model_Portfolio,Hold,0.0788,0.0893,0.1343,0.0397,0.1098,0.0776,0.1413,0.0541,0.117,0.1581
2023-03-21,model_Portfolio,Hold,0.0779,0.0896,0.1348,0.0402,0.115,0.0762,0.1402,0.0551,0.115,0.1559
2023-03-22,model_Portfolio,Hold,0.0786,0.0902,0.1348,0.0404,0.1156,0.0771,0.1367,0.0557,0.1147,0.1562
2023-03-23,model_Portfolio,Hold,0.0789,0.0969,0.1337,0.0405,0.1146,0.0748,0.1357,0.0569,0.1143,0.1537
2023-03-24,model_Portfolio,Hold,0.0789,0.0961,0.1332,0.0399,0.1151,0.0743,0.1388,0.0563,0.1133,0.154
2023-03-27,model_Portfolio,Hold,0.079,0.0964,0.1331,0.0397,0.1176,0.0747,0.137,0.0545,0.1133,0.1546
2023-03-28,model_Portfolio,Hold,0.0777,0.0966,0.1338,0.0393,0.1191,0.0755,0.1365,0.0537,0.1134,0.1545
2023-03-29,model_Portfolio,Hold,0.0778,0.097,0.1335,0.0399,0.1175,0.0752,0.1397,0.0531,0.1134,0.1529
2023-03-30,model_Portfolio,Hold,0.078,0.0976,0.1331,0.0405,0.1154,0.0759,0.1418,0.0527,0.1126,0.1524
2023-03-31,model_Portfolio,Hold,0.0785,0.0973,0.1316,0.0404,0.1159,0.0773,0.1415,0.0534,0.1135,0.1506
2023-04-03,model_Portfolio,Hold,0.078,0.0963,0.1306,0.0397,0.1247,0.077,0.1387,0.0531,0.1117,0.1502
2023-04-04,model_Portfolio,Hold,0.0796,0.0971,0.1302,0.0406,0.1223,0.0767,0.1396,0.0538,0.1102,0.1498
2023-04-05,model_Portfolio,Hold,0.0808,0.0958,0.1316,0.0396,0.1222,0.0764,0.1394,0.0538,0.1105,0.15
2023-04-06,model_Portfolio,Hold,0.0812,0.0956,0.1314,0.0398,0.122,0.0757,0.1398,0.0556,0.1093,0.1495
2023-04-10,model_Portfolio,Hold,0.0799,0.0952,0.1317,0.0397,0.1248,0.0758,0.1389,0.0544,0.1102,0.1492
2023-04-11,model_Portfolio,Hold,0.079,0.0961,0.1322,0.0386,0.1266,0.0758,0.1368,0.0535,0.1113,0.1501
2023-04-12,model_Portfolio,Hold,0.0788,0.0961,0.1334,0.038,0.1263,0.0766,0.1358,0.0534,0.1117,0.15
2023-04-13,model_Portfolio,Hold,0.0794,0.0958,0.1329,0.0394,0.1278,0.0762,0.1324,0.0543,0.1126,0.1491
2023-04-14,model_Portfolio,Hold,0.0798,0.094,0.133,0.0395,0.1291,0.0759,0.1315,0.0552,0.1124,0.1497
2023-04-17,model_Portfolio,Hold,0.0799,0.0938,0.1332,0.0394,0.1245,0.0756,0.1366,0.0535,0.1131,0.1504
2023-04-18,model_Portfolio,Hold,0.0795,0.0937,0.1337,0.0392,0.1241,0.0759,0.1362,0.0527,0.1124,0.1525
2023-04-19,model_Portfolio,Hold,0.085,0.0929,0.1327,0.0397,0.1211,0.0759,0.1371,0.0521,0.1112,0.1523
2023-04-20,model_Portfolio,Hold,0.0844,0.0924,0.1331,0.0399,0.1197,0.0772,0.1369,0.0532,0.1109,0.1523
2023-04-21,model_Portfolio,Hold,0.0854,0.0926,0.132,0.0411,0.1181,0.0767,0.1376,0.0532,0.1106,0.1528
2023-04-24,model_Portfolio,Hold,0.084,0.0925,0.1317,0.0406,0.1196,0.0771,0.1366,0.0533,0.1108,0.1538
2023-04-25,model_Portfolio,Hold,0.085,0.0917,0.1331,0.0398,0.1164,0.0774,0.1347,0.053,0.1117,0.1573
2023-04-26,model_Portfolio,Hold,0.0847,0.0926,0.1333,0.0411,0.1144,0.0768,0.1352,0.0533,0.111,0.1575
2023-04-27,model_Portfolio,Hold,0.0833,0.0918,0.1383,0.042,0.1126,0.0765,0.135,0.054,0.111,0.1554
2023-04-28,model_Portfolio,Hold,0.0832,0.0926,0.1378,0.0399,0.1153,0.0766,0.1353,0.0534,0.1109,0.155
2023-05-01,model_Portfolio,Hold,0.0839,0.0924,0.139,0.0387,0.1156,0.0772,0.133,0.0534,0.1107,0.1562
2023-05-02,model_Portfolio,Hold,0.0859,0.0935,0.1385,0.0401,0.1099,0.0779,0.1332,0.0536,0.1099,0.1574
2023-05-03,model_Portfolio,Hold,0.0864,0.0933,0.1363,0.0403,0.1097,0.0785,0.1358,0.0538,0.1101,0.1558
2023-05-04,model_Portfolio,Hold,0.087,0.0916,0.1372,0.041,0.105,0.0788,0.1379,0.0542,0.1106,0.1567
2023-05-05,model_Portfolio,Hold,0.0861,0.0901,0.137,0.0411,0.1067,0.0793,0.1384,0.054,0.1108,0.1565
2023-05-08,model_Portfolio,Hold,0.0861,0.0901,0.1374,0.0413,0.1066,0.0792,0.1373,0.0552,0.11,0.1567
2023-05-09,model_Portfolio,Hold,0.0863,0.0904,0.1382,0.0419,0.1078,0.0757,0.1373,0.0555,0.1093,0.1575
2023-05-10,model_Portfolio,Hold,0.0864,0.092,0.1363,0.0432,0.1063,0.0757,0.138,0.0576,0.1091,0.1553
2023-05-11,model_Portfolio,Hold,0.0859,0.0931,0.1362,0.044,0.1071,0.0745,0.1359,0.0601,0.1089,0.1543
2023-05-12,model_Portfolio,Hold,0.0863,0.0949,0.1352,0.0433,0.1069,0.075,0.1349,0.0606,0.1085,0.1545
2023-05-15,model_Portfolio,Hold,0.0857,0.0949,0.135,0.0436,0.1067,0.0753,0.1363,0.06,0.1086,0.1539
2023-05-16,model_Portfolio,Hold,0.0864,0.0966,0.1355,0.045,0.1037,0.0751,0.1341,0.0623,0.1072,0.1541
2023-05-17,model_Portfolio,Hold,0.0848,0.0972,0.1359,0.0452,0.1053,0.0743,0.1341,0.0622,0.1081,0.153
2023-05-18,model_Portfolio,Hold,0.0843,0.098,0.137,0.0461,0.1055,0.0739,0.1314,0.063,0.1089,0.1517
2023-05-19,model_Portfolio,Hold,0.0845,0.0986,0.1366,0.0453,0.1075,0.0747,0.1299,0.0629,0.108,0.1521
2023-05-22,model_Portfolio,Hold,0.0837,0.0986,0.1356,0.0447,0.1074,0.0734,0.1316,0.0638,0.1106,0.1504
2023-05-23,model_Portfolio,Hold,0.0822,0.0982,0.1353,0.0449,0.1094,0.0729,0.1328,0.0629,0.1101,0.1513
2023-05-24,model_Portfolio,Hold,0.0819,0.0989,0.1338,0.0461,0.1123,0.0736,0.1301,0.0628,0.1073,0.1531
2023-05-25,model_Portfolio,Hold,0.0809,0.1013,0.1348,0.0458,0.1095,0.0744,0.1274,0.0646,0.1081,0.1532
2023-05-26,model_Portfolio,Hold,0.0808,0.1046,0.1335,0.0474,0.109,0.0743,0.127,0.0646,0.1071,0.1518
2023-05-30,model_Portfolio,Hold,0.0801,0.1065,0.1354,0.0481,0.1054,0.0745,0.1281,0.0643,0.1064,0.1511
2023-05-31,model_Portfolio,Hold,0.081,0.1065,0.1343,0.0481,0.1047,0.0738,0.1303,0.0644,0.1042,0.1527
2023-06-01,model_Portfolio,Hold,0.0812,0.1057,0.1346,0.0487,0.1051,0.0745,0.1284,0.0645,0.1047,0.1525
2023-06-02,model_Portfolio,Hold,0.0798,0.1046,0.1344,0.0478,0.1071,0.0744,0.1278,0.0631,0.1105,0.1504
2023-06-05,model_Portfolio,Hold,0.0803,0.1033,0.1369,0.0487,0.1062,0.0748,0.1292,0.0644,0.1066,0.1496
2023-06-06,model_Portfolio,Hold,0.0789,0.1038,0.1371,0.0489,0.1064,0.0739,0.1314,0.0646,0.1063,0.1487
2023-06-07,model_Portfolio,Hold,0.0774,0.1038,0.1372,0.0463,0.1087,0.0742,0.1341,0.0616,0.1081,0.1487
2023-06-08,model_Portfolio,Hold,0.077,0.1029,0.1372,0.0476,0.1078,0.0747,0.1331,0.0616,0.1082,0.15
2023-06-09,model_Portfolio,Hold,0.0778,0.1035,0.139,0.0474,0.1061,0.0736,0.1334,0.0617,0.1075,0.1498
2023-06-12,model_Portfolio,Hold,0.0773,0.104,0.138,0.0484,0.1046,0.0734,0.1333,0.0622,0.1085,0.1502
2023-06-13,model_Portfolio,Hold,0.0768,0.1042,0.1379,0.048,0.1056,0.0742,0.1332,0.0617,0.109,0.1495
2023-06-14,model_Portfolio,Hold,0.0782,0.1045,0.1371,0.0481,0.1057,0.0755,0.1335,0.0618,0.1085,0.1471
2023-06-15,model_Portfolio,Hold,0.0785,0.1061,0.1374,0.0477,0.1076,0.0751,0.131,0.0617,0.1091,0.1459
2023-06-16,model_Portfolio,Hold,0.0801,0.1056,0.1379,0.0475,0.1076,0.0763,0.1259,0.0615,0.1108,0.1469
2023-06-20,model_Portfolio,Hold,0.0815,0.1063,0.1365,0.0483,0.1062,0.0763,0.126,0.0621,0.1099,0.1468
2023-06-21,model_Portfolio,Hold,0.0813,0.1051,0.1362,0.048,0.1087,0.0764,0.1253,0.0609,0.1092,0.1487
2023-06-22,model_Portfolio,Hold,0.0833,0.1036,0.1369,0.0503,0.1061,0.0765,0.1233,0.0626,0.1086,0.1488
2023-06-23,model_Portfolio,Hold,0.084,0.1017,0.1374,0.0505,0.1051,0.0768,0.1226,0.0628,0.1101,0.1492
2023-06-26,model_Portfolio,Hold,0.0836,0.1005,0.1372,0.0493,0.1057,0.0762,0.1276,0.0602,0.1088,0.1508
2023-06-27,model_Portfolio,Hold,0.0828,0.1013,0.1387,0.0498,0.1045,0.0773,0.1288,0.06,0.1062,0.1506
2023-06-28,model_Portfolio,Hold,0.0827,0.1017,0.1385,0.0498,0.106,0.0773,0.1251,0.061,0.1066,0.1513
2023-06-29,model_Portfolio,Hold,0.0819,0.1028,0.1385,0.0489,0.1071,0.0774,0.1261,0.0598,0.1062,0.1512
2023-06-30,model_Portfolio,Hold,0.0822,0.102,0.1387,0.0494,0.107,0.0785,0.1252,0.0596,0.1062,0.1511
2023-07-03,model_Portfolio,Hold,0.0805,0.1023,0.1388,0.0491,0.1061,0.0774,0.1274,0.0594,0.1067,0.1523
2023-07-05,model_Portfolio,Hold,0.0808,0.1022,0.1386,0.0493,0.1073,0.0753,0.1287,0.0605,0.1044,0.153
2023-07-06,model_Portfolio,Hold,0.0813,0.1023,0.1391,0.0489,0.1059,0.0758,0.1296,0.0601,0.1027,0.1544
2023-07-07,model_Portfolio,Hold,0.0803,0.1012,0.1393,0.0492,0.1094,0.0752,0.1292,0.0595,0.1033,0.1535
2023-07-10,model_Portfolio,Hold,0.0812,0.1026,0.1391,0.0485,0.1105,0.0765,0.1288,0.0583,0.1037,0.1508
2023-07-11,model_Portfolio,Hold,0.08,0.101,0.1382,0.0481,0.1151,0.0746,0.1288,0.0575,0.1066,0.1501
2023-07-12,model_Portfolio,Hold,0.0792,0.1024,0.1372,0.0487,0.1154,0.0758,0.1276,0.0582,0.1059,0.1497
2023-07-13,model_Portfolio,Hold,0.0793,0.1016,0.135,0.0494,0.1174,0.0761,0.1274,0.0602,0.106,0.1476
2023-07-14,model_Portfolio,Hold,0.0799,0.1024,0.1351,0.0499,0.1121,0.0765,0.1289,0.061,0.106,0.1482
2023-07-17,model_Portfolio,Hold,0.0795,0.104,0.137,0.0496,0.1114,0.0768,0.1269,0.0608,0.1057,0.1483
2023-07-18,model_Portfolio,Hold,0.0789,0.1042,0.1372,0.049,0.1155,0.0761,0.1255,0.06,0.1064,0.1473
2023-07-19,model_Portfolio,Hold,0.0789,0.1026,0.1375,0.0497,0.1155,0.0759,0.1278,0.0589,0.1065,0.1468
2023-07-20,model_Portfolio,Hold,0.0818,0.1001,0.1388,0.0475,0.1155,0.0762,0.1291,0.0573,0.1068,0.147
2023-07-21,model_Portfolio,Hold,0.083,0.1001,0.1379,0.0472,0.1167,0.076,0.1302,0.0573,0.106,0.1457
2023-07-24,model_Portfolio,Hold,0.0831,0.0994,0.1377,0.0467,0.1184,0.0757,0.1299,0.0579,0.1058,0.1454
2023-07-25,model_Portfolio,Hold,0.0812,0.1,0.1366,0.0464,0.1183,0.076,0.1295,0.0577,0.1105,0.1438
2023-07-26,model_Portfolio,Hold,0.0811,0.0985,0.1356,0.0455,0.1182,0.0745,0.1317,0.0604,0.112,0.1425
2023-07-27,model_Portfolio,Hold,0.0805,0.0998,0.1351,0.0458,0.1174,0.0749,0.1309,0.0608,0.1113,0.1435
2023-07-28,model_Portfolio,Hold,0.0801,0.0982,0.1349,0.047,0.1187,0.0746,0.1309,0.0619,0.1113,0.1423
2023-07-31,model_Portfolio,Hold,0.0792,0.0985,0.1349,0.0475,0.1197,0.0751,0.1301,0.062,0.111,0.1421
2023-08-01,model_Portfolio,Hold,0.0792,0.1007,0.1355,0.0472,0.1199,0.0749,0.1273,0.0619,0.1109,0.1425
2023-08-02,model_Portfolio,Hold,0.0782,0.1002,0.144,0.0462,0.1169,0.0745,0.1281,0.0608,0.1098,0.1413
2023-08-03,model_Portfolio,Hold,0.0773,0.0998,0.1452,0.0463,0.1246,0.0701,0.128,0.0607,0.1078,0.1401
2023-08-04,model_Portfolio,Hold,0.0775,0.0983,0.145,0.0502,0.1253,0.0708,0.1265,0.0606,0.1063,0.1394
2023-08-07,model_Portfolio,Hold,0.0772,0.0984,0.1454,0.0506,0.1248,0.0707,0.1286,0.0615,0.1048,0.1381
2023-08-08,model_Portfolio,Hold,0.0755,0.0987,0.1444,0.05,0.1288,0.0701,0.1274,0.0617,0.1042,0.1392
2023-08-09,model_Portfolio,Hold,0.0755,0.0978,0.1423,0.0494,0.1319,0.0708,0.1278,0.0611,0.1041,0.1392
2023-08-10,model_Portfolio,Hold,0.0752,0.0976,0.1426,0.0498,0.1319,0.0711,0.1272,0.0612,0.1045,0.1388
2023-08-11,model_Portfolio,Hold,0.0753,0.0968,0.1433,0.0495,0.1335,0.0714,0.1271,0.0609,0.1046,0.1376
2023-08-14,model_Portfolio,Hold,0.076,0.0977,0.1438,0.0503,0.1329,0.072,0.1248,0.0618,0.1036,0.1371
2023-08-15,model_Portfolio,Hold,0.0764,0.098,0.1445,0.0501,0.1328,0.0718,0.1235,0.0621,0.103,0.1379
2023-08-16,model_Portfolio,Hold,0.0763,0.0984,0.1452,0.0493,0.1325,0.0722,0.124,0.0618,0.103,0.1373
2023-08-17,model_Portfolio,Hold,0.0766,0.0977,0.1447,0.0489,0.1337,0.0718,0.1234,0.0623,0.104,0.1367
2023-08-18,model_Portfolio,Hold,0.0761,0.0973,0.1439,0.0488,0.1349,0.0722,0.1228,0.0614,0.1042,0.1385
2023-08-21,model_Portfolio,Hold,0.0763,0.0986,0.1434,0.0495,0.1341,0.0724,0.1222,0.062,0.1035,0.1381
2023-08-22,model_Portfolio,Hold,0.0775,0.0997,0.1427,0.0495,0.1307,0.0727,0.1228,0.0625,0.1032,0.1388
2023-08-23,model_Portfolio,Hold,0.0768,0.1009,0.141,0.0495,0.1293,0.0722,0.1247,0.0636,0.1034,0.1386
2023-08-24,model_Portfolio,Hold,0.0761,0.1009,0.1437,0.0483,0.1288,0.0727,0.124,0.0626,0.1026,0.1401
2023-08-25,model_Portfolio,Hold,0.0761,0.1019,0.143,0.0486,0.1298,0.0728,0.1226,0.0623,0.1026,0.1403
2023-08-28,model_Portfolio,Hold,0.0744,0.1017,0.1424,0.0482,0.1292,0.0726,0.122,0.0623,0.1071,0.1401
2023-08-29,model_Portfolio,Hold,0.0744,0.1014,0.141,0.0483,0.1298,0.0727,0.1222,0.0633,0.1074,0.1394
2023-08-30,model_Portfolio,Hold,0.0746,0.1011,0.1407,0.0482,0.1299,0.073,0.1225,0.0638,0.106,0.14
2023-08-31,model_Portfolio,Hold,0.0735,0.1013,0.1405,0.0493,0.1303,0.073,0.121,0.0639,0.1083,0.139
2023-09-01,model_Portfolio,Hold,0.073,0.1019,0.14,0.049,0.1331,0.0732,0.1208,0.0633,0.1079,0.1378
2023-09-05,model_Portfolio,Hold,0.072,0.1019,0.1396,0.0489,0.1344,0.0722,0.1208,0.0636,0.1083,0.1384
2023-09-06,model_Portfolio,Hold,0.0728,0.1024,0.1403,0.0485,0.1331,0.0727,0.121,0.0634,0.1083,0.1373
2023-09-07,model_Portfolio,Hold,0.0721,0.1029,0.1409,0.0493,0.1321,0.0723,0.1212,0.0636,0.1078,0.1377
2023-09-08,model_Portfolio,Hold,0.072,0.1019,0.1411,0.0494,0.1316,0.0738,0.1197,0.0641,0.1079,0.1387
2023-09-11,model_Portfolio,Hold,0.0731,0.1018,0.1422,0.051,0.1272,0.0747,0.117,0.0642,0.1093,0.1395
2023-09-12,model_Portfolio,Hold,0.0731,0.0984,0.1435,0.0504,0.1312,0.0745,0.1161,0.0635,0.1086,0.1409
2023-09-13,model_Portfolio,Hold,0.0741,0.0992,0.1454,0.0523,0.1264,0.0757,0.1164,0.0648,0.1036,0.1421
2023-09-14,model_Portfolio,Hold,0.0732,0.0988,0.1453,0.0516,0.1274,0.0755,0.1184,0.0647,0.1036,0.1414
2023-09-15,model_Portfolio,Hold,0.0734,0.0987,0.1455,0.0506,0.1273,0.0753,0.1194,0.0651,0.1035,0.1412
2023-09-18,model_Portfolio,Hold,0.0729,0.0998,0.1463,0.0505,0.1281,0.0747,0.1179,0.0655,0.1035,0.1407
2023-09-19,model_Portfolio,Hold,0.0729,0.1006,0.1478,0.0498,0.127,0.0749,0.1178,0.0657,0.1031,0.1403
2023-09-20,model_Portfolio,Hold,0.0732,0.1013,0.1486,0.0494,0.1254,0.0745,0.1193,0.0642,0.1027,0.1414
2023-09-21,model_Portfolio,Hold,0.0742,0.1024,0.1505,0.0485,0.1251,0.0744,0.1123,0.0642,0.1038,0.1447
2023-09-22,model_Portfolio,Hold,0.0738,0.1041,0.1513,0.0485,0.1258,0.0745,0.1108,0.0644,0.1036,0.1432
2023-09-25,model_Portfolio,Hold,0.0732,0.1042,0.152,0.0493,0.1281,0.0752,0.1102,0.0647,0.1011,0.1421
2023-09-26,model_Portfolio,Hold,0.0731,0.1033,0.1531,0.0478,0.1297,0.0753,0.1089,0.0642,0.1013,0.1432
2023-09-27,model_Portfolio,Hold,0.0721,0.1039,0.1533,0.0475,0.133,0.0744,0.1086,0.0647,0.1002,0.1423
2023-09-28,model_Portfolio,Hold,0.0739,0.0992,0.1542,0.0474,0.1323,0.0747,0.1102,0.0655,0.0998,0.1428
2023-09-29,model_Portfolio,Hold,0.0732,0.1017,0.153,0.0481,0.1292,0.0746,0.1116,0.065,0.1006,0.143
2023-10-02,model_Portfolio,Hold,0.0733,0.1033,0.1543,0.0495,0.1258,0.0743,0.1107,0.0675,0.0981,0.1432
2023-10-03,model_Portfolio,Hold,0.0739,0.1035,0.1535,0.0481,0.1273,0.0757,0.1106,0.0672,0.0974,0.1428
2023-10-04,model_Portfolio,Hold,0.0737,0.1044,0.1546,0.0489,0.1218,0.0764,0.1111,0.0685,0.0963,0.1444
2023-10-05,model_Portfolio,Hold,0.0741,0.1045,0.1554,0.0485,0.1209,0.075,0.1113,0.0684,0.0962,0.1456
2023-10-06,model_Portfolio,Hold,0.0742,0.1047,0.1567,0.049,0.1197,0.0749,0.1104,0.0692,0.0962,0.145
2023-10-09,model_Portfolio,Hold,0.0731,0.1033,0.1558,0.0485,0.1231,0.0747,0.1119,0.0687,0.0956,0.1452
2023-10-10,model_Portfolio,Hold,0.0735,0.103,0.1566,0.0488,0.1218,0.0755,0.1115,0.0683,0.097,0.144
2023-10-11,model_Portfolio,Hold,0.0696,0.1032,0.1581,0.0495,0.1216,0.076,0.1123,0.0694,0.0965,0.1438
2023-10-12,model_Portfolio,Hold,0.0689,0.1017,0.16,0.0502,0.1239,0.0755,0.11,0.0694,0.0961,0.1444
2023-10-13,model_Portfolio,Hold,0.0689,0.1001,0.1597,0.049,0.1294,0.0749,0.11,0.0681,0.0951,0.1448
2023-10-16,model_Portfolio,Hold,0.069,0.1,0.1592,0.0493,0.1306,0.0744,0.1107,0.0681,0.0951,0.1436
2023-10-17,model_Portfolio,Hold,0.0686,0.1004,0.159,0.0487,0.1307,0.075,0.1102,0.068,0.0953,0.144
2023-10-18,model_Portfolio,Hold,0.0719,0.0999,0.1585,0.0479,0.1337,0.0737,0.1076,0.0678,0.0939,0.1451
2023-10-19,model_Portfolio,Hold,0.0724,0.1004,0.1582,0.0484,0.1358,0.0736,0.1053,0.0682,0.0932,0.1445
2023-10-20,model_Portfolio,Hold,0.0741,0.0995,0.1558,0.0477,0.1344,0.0738,0.1067,0.0679,0.0937,0.1464
2023-10-23,model_Portfolio,Hold,0.0741,0.0997,0.1564,0.0486,0.1325,0.0735,0.1069,0.069,0.0935,0.1457
2023-10-24,model_Portfolio,Hold,0.0725,0.0991,0.156,0.0489,0.1305,0.0734,0.1072,0.0694,0.0974,0.1456
2023-10-25,model_Portfolio,Hold,0.0727,0.0994,0.1594,0.0469,0.1325,0.0738,0.1047,0.0638,0.0981,0.1488
2023-10-26,model_Portfolio,Hold,0.0742,0.1008,0.1604,0.0469,0.1327,0.0758,0.1087,0.0631,0.0988,0.1386
2023-10-27,model_Portfolio,Hold,0.0737,0.1007,0.1592,0.0504,0.1325,0.0758,0.1066,0.0634,0.0981,0.1396
2023-10-30,model_Portfolio,Hold,0.0729,0.1003,0.159,0.0517,0.1293,0.0761,0.1068,0.0637,0.0991,0.1411
2023-10-31,model_Portfolio,Hold,0.0736,0.1012,0.1595,0.0515,0.1287,0.0761,0.1063,0.0631,0.1001,0.1399
2023-11-01,model_Portfolio,Hold,0.0737,0.1019,0.1607,0.0528,0.1277,0.076,0.1056,0.0641,0.0992,0.1384
2023-11-02,model_Portfolio,Hold,0.0728,0.1022,0.1626,0.0521,0.1253,0.076,0.1088,0.0632,0.0989,0.138
2023-11-03,model_Portfolio,Hold,0.0718,0.1028,0.1616,0.0516,0.1246,0.076,0.1124,0.0632,0.0994,0.1364
2023-11-06,model_Portfolio,Hold,0.0716,0.1032,0.161,0.0524,0.1233,0.076,0.1119,0.0642,0.0996,0.1368
2023-11-07,model_Portfolio,Hold,0.0725,0.1055,0.1625,0.0543,0.1212,0.0674,0.1117,0.0655,0.1007,0.1387
2023-11-08,model_Portfolio,Hold,0.0729,0.1069,0.162,0.0543,0.1174,0.0691,0.1126,0.0662,0.1003,0.1383
2023-11-09,model_Portfolio,Hold,0.0726,0.1067,0.1647,0.0543,0.1174,0.0709,0.1076,0.0661,0.1006,0.1393
2023-11-10,model_Portfolio,Hold,0.0722,0.1074,0.1642,0.0548,0.118,0.0706,0.1078,0.0666,0.1008,0.1376
2023-11-13,model_Portfolio,Hold,0.0739,0.1064,0.1647,0.0547,0.1176,0.0707,0.1066,0.0666,0.101,0.138
2023-11-14,model_Portfolio,Hold,0.073,0.1053,0.1621,0.0545,0.1175,0.0698,0.116,0.0656,0.1009,0.1353
2023-11-15,model_Portfolio,Hold,0.0734,0.1066,0.1587,0.0533,0.1162,0.0709,0.116,0.0659,0.1024,0.1365
2023-11-16,model_Portfolio,Hold,0.0752,0.1074,0.1604,0.0533,0.1119,0.071,0.1141,0.0671,0.103,0.1366
2023-11-17,model_Portfolio,Hold,0.0744,0.1072,0.1612,0.054,0.1147,0.0698,0.1137,0.0661,0.1023,0.1366
2023-11-20,model_Portfolio,Hold,0.0754,0.1078,0.1595,0.0541,0.1147,0.0702,0.1141,0.0664,0.1016,0.1362
2023-11-21,model_Portfolio,Hold,0.076,0.1077,0.161,0.0534,0.1136,0.0713,0.1135,0.0668,0.1006,0.136
2023-11-22,model_Portfolio,Hold,0.0761,0.1079,0.1609,0.054,0.1126,0.0703,0.1135,0.067,0.1013,0.1365
2023-11-24,model_Portfolio,Hold,0.0759,0.1078,0.1613,0.0538,0.1132,0.0701,0.1137,0.0659,0.1016,0.1369
2023-11-27,model_Portfolio,Hold,0.0759,0.1074,0.1616,0.0543,0.1117,0.0695,0.1138,0.0659,0.1029,0.137
2023-11-28,model_Portfolio,Hold,0.0752,0.1071,0.1596,0.0538,0.1115,0.0684,0.1163,0.0661,0.1041,0.1378
2023-11-29,model_Portfolio,Hold,0.0764,0.1074,0.1586,0.0536,0.1113,0.068,0.1178,0.065,0.1042,0.1377
2023-11-30,model_Portfolio,Hold,0.0766,0.107,0.1602,0.0534,0.11,0.0688,0.1178,0.0636,0.1044,0.1382
2023-12-01,model_Portfolio,Hold,0.0759,0.107,0.1576,0.0529,0.109,0.0683,0.1253,0.0624,0.1037,0.1379
2023-12-04,model_Portfolio,Hold,0.076,0.1063,0.1576,0.052,0.1077,0.0676,0.127,0.0611,0.1073,0.1374
2023-12-05,model_Portfolio,Hold,0.0759,0.1068,0.1584,0.0531,0.1053,0.0659,0.1276,0.0623,0.1061,0.1385
2023-12-06,model_Portfolio,Hold,0.0768,0.1073,0.1576,0.0526,0.1036,0.0661,0.1306,0.0622,0.1079,0.1354
2023-12-07,model_Portfolio,Hold,0.0758,0.1068,0.1575,0.0532,0.1025,0.066,0.1302,0.0652,0.108,0.1347
2023-12-08,model_Portfolio,Hold,0.0761,0.1073,0.1584,0.0533,0.1044,0.0663,0.1274,0.0642,0.108,0.1345
2023-12-11,model_Portfolio,Hold,0.077,0.1086,0.1589,0.0526,0.1047,0.0664,0.127,0.0632,0.1074,0.1343
2023-12-12,model_Portfolio,Hold,0.0775,0.109,0.1614,0.0532,0.1032,0.0672,0.1244,0.0629,0.1069,0.1344
2023-12-13,model_Portfolio,Hold,0.0766,0.1074,0.1583,0.0529,0.1036,0.0666,0.1315,0.0619,0.1068,0.1343
2023-12-14,model_Portfolio,Hold,0.0768,0.106,0.1516,0.0518,0.1052,0.0663,0.1394,0.061,0.1087,0.1333
2023-12-15,model_Portfolio,Hold,0.0765,0.1072,0.1514,0.0531,0.1048,0.0668,0.1359,0.0618,0.1094,0.1331
2023-12-18,model_Portfolio,Hold,0.0767,0.1061,0.1521,0.0544,0.1052,0.0666,0.1343,0.063,0.1078,0.134
2023-12-19,model_Portfolio,Hold,0.0766,0.1054,0.1528,0.054,0.1058,0.0666,0.1341,0.0631,0.1077,0.1341
2023-12-20,model_Portfolio,Hold,0.0771,0.1065,0.1526,0.0543,0.106,0.0666,0.133,0.0649,0.1067,0.1324
2023-12-21,model_Portfolio,Hold,0.0768,0.108,0.1516,0.0542,0.1059,0.0666,0.1338,0.065,0.1073,0.1308
2023-12-22,model_Portfolio,Hold,0.077,0.1094,0.1516,0.0539,0.1056,0.0667,0.1322,0.0653,0.1077,0.1305
2023-12-26,model_Portfolio,Hold,0.0765,0.1083,0.1509,0.0534,0.1087,0.0666,0.1326,0.0648,0.1087,0.1294
2023-12-27,model_Portfolio,Hold,0.0769,0.1084,0.1512,0.0534,0.1083,0.0668,0.1327,0.0642,0.1093,0.1289
2023-12-28,model_Portfolio,Hold,0.0774,0.1078,0.1518,0.0535,0.1053,0.0665,0.1338,0.0643,0.1104,0.1291
2023-12-29,model_Portfolio,Hold,0.0774,0.1079,0.153,0.0531,0.105,0.0671,0.132,0.0642,0.1103,0.13
2024-01-02,model_Portfolio,Rebalance,0.02,0.02,0.02,0.1657,0.02,0.02,0.02,0.6743,0.02,0.02
2024-01-03,model_Portfolio,Hold,0.0199,0.0195,0.02,0.164,0.0204,0.0198,0.0194,0.6776,0.0196,0.0199
2024-01-04,model_Portfolio,Hold,0.0206,0.0198,0.0201,0.1626,0.0192,0.0201,0.0198,0.6775,0.02,0.0203
2024-01-05,model_Portfolio,Hold,0.0206,0.0198,0.0203,0.1637,0.0194,0.0201,0.02,0.6756,0.0202,0.0204
2024-01-08,model_Portfolio,Hold,0.0205,0.0196,0.0199,0.1646,0.0187,0.0199,0.0201,0.6769,0.0198,0.0201
2024-01-09,model_Portfolio,Hold,0.0203,0.0195,0.0191,0.1652,0.018,0.0193,0.0196,0.6794,0.0196,0.0199
2024-01-10,model_Portfolio,Hold,0.0204,0.0195,0.0194,0.1663,0.0177,0.0191,0.0196,0.6795,0.0193,0.0193
2024-01-11,model_Portfolio,Hold,0.0203,0.0196,0.0194,0.1678,0.0176,0.0189,0.0191,0.6783,0.0194,0.0196
2024-01-12,model_Portfolio,Hold,0.0204,0.02,0.0194,0.1667,0.0176,0.0188,0.0191,0.6794,0.0192,0.0194
2024-01-16,model_Portfolio,Hold,0.0204,0.02,0.0194,0.1658,0.017,0.0186,0.0192,0.6811,0.0192,0.0193
2024-01-17,model_Portfolio,Hold,0.0206,0.0202,0.0196,0.1654,0.0168,0.0188,0.0188,0.6813,0.019,0.0193
2024-01-18,model_Portfolio,Hold,0.0204,0.0203,0.0196,0.1654,0.0166,0.0185,0.0184,0.6829,0.0189,0.019
2024-01-19,model_Portfolio,Hold,0.0201,0.0202,0.0195,0.1647,0.0163,0.0183,0.0183,0.6853,0.0188,0.0186
2024-01-22,model_Portfolio,Hold,0.0201,0.0204,0.0195,0.1644,0.0165,0.0183,0.0184,0.6848,0.0189,0.0187
2024-01-23,model_Portfolio,Hold,0.02,0.0205,0.0195,0.165,0.0165,0.0184,0.0181,0.6868,0.0167,0.0186
2024-01-24,model_Portfolio,Hold,0.0193,0.0203,0.0194,0.1647,0.0167,0.0179,0.0178,0.6896,0.0161,0.0183
2024-01-25,model_Portfolio,Hold,0.0192,0.0201,0.019,0.1628,0.0167,0.018,0.0178,0.692,0.0163,0.0181
2024-01-26,model_Portfolio,Hold,0.0191,0.02,0.0191,0.1637,0.0167,0.0178,0.0179,0.6914,0.0163,0.018
2024-01-29,model_Portfolio,Hold,0.0192,0.0199,0.0188,0.1645,0.0164,0.0176,0.0181,0.6914,0.0162,0.018
2024-01-30,model_Portfolio,Hold,0.0194,0.0201,0.0192,0.1641,0.0169,0.0177,0.0175,0.6905,0.0163,0.0182
2024-01-31,model_Portfolio,Hold,0.0205,0.0209,0.0201,0.17,0.0174,0.0185,0.0186,0.6779,0.017,0.0191
2024-02-01,model_Portfolio,Hold,0.0206,0.0211,0.018,0.1729,0.0169,0.0186,0.0186,0.6765,0.0171,0.0197
2024-02-02,model_Portfolio,Hold,0.0198,0.0208,0.0178,0.1831,0.0163,0.0182,0.0181,0.6701,0.0166,0.0192
2024-02-05,model_Portfolio,Hold,0.0197,0.0206,0.0177,0.1815,0.0161,0.0154,0.0176,0.6763,0.0163,0.0188
2024-02-06,model_Portfolio,Hold,0.0201,0.0203,0.0178,0.18,0.0164,0.0153,0.0175,0.6772,0.0164,0.0188
2024-02-07,model_Portfolio,Hold,0.0198,0.0202,0.0181,0.18,0.0163,0.015,0.0173,0.6784,0.0163,0.0185
2024-02-08,model_Portfolio,Hold,0.0196,0.0203,0.0179,0.1791,0.0162,0.0153,0.0174,0.6795,0.0162,0.0184
2024-02-09,model_Portfolio,Hold,0.0192,0.0201,0.0176,0.1806,0.0156,0.015,0.0168,0.6811,0.0158,0.0181
2024-02-12,model_Portfolio,Hold,0.0194,0.02,0.0178,0.1798,0.0161,0.0154,0.0172,0.6796,0.0163,0.0184
2024-02-13,model_Portfolio,Hold,0.0196,0.0201,0.018,0.179,0.0159,0.0153,0.0168,0.6805,0.0162,0.0186
2024-02-14,model_Portfolio,Hold,0.0196,0.0205,0.0181,0.1802,0.0159,0.0151,0.0167,0.6793,0.016,0.0185
2024-02-15,model_Portfolio,Hold,0.0201,0.0208,0.0186,0.1813,0.0169,0.016,0.0179,0.6733,0.0165,0.0187
2024-02-16,model_Portfolio,Hold,0.0204,0.0209,0.0186,0.1831,0.0172,0.0162,0.018,0.6702,0.0165,0.0189
2024-02-20,model_Portfolio,Hold,0.0209,0.0205,0.0186,0.1804,0.0169,0.0163,0.018,0.6729,0.0166,0.0189
2024-02-21,model_Portfolio,Hold,0.0209,0.0202,0.0186,0.1803,0.017,0.0161,0.0182,0.6734,0.0164,0.0188
2024-02-22,model_Portfolio,Hold,0.0208,0.0205,0.0184,0.1841,0.0161,0.0161,0.0179,0.671,0.0163,0.0188
2024-02-23,model_Portfolio,Hold,0.0209,0.0208,0.0185,0.1844,0.016,0.0162,0.018,0.67,0.0163,0.0189
2024-02-26,model_Portfolio,Hold,0.0214,0.0215,0.019,0.1901,0.0163,0.0165,0.0182,0.6611,0.0167,0.0193
2024-02-27,model_Portfolio,Hold,0.0214,0.0214,0.019,0.1876,0.0165,0.0166,0.0184,0.6632,0.0167,0.0193
2024-02-28,model_Portfolio,Hold,0.0218,0.0216,0.0193,0.1896,0.0166,0.0168,0.0186,0.6594,0.0168,0.0195
2024-02-29,model_Portfolio,Hold,0.0212,0.0212,0.0191,0.1908,0.0163,0.0167,0.0189,0.66,0.0166,0.0192
2024-03-01,model_Portfolio,Hold,0.0213,0.0216,0.0191,0.1932,0.0167,0.0169,0.0189,0.6565,0.0167,0.0193
2024-03-04,model_Portfolio,Hold,0.022,0.0222,0.0193,0.1962,0.0168,0.0174,0.0195,0.6507,0.0169,0.0191
2024-03-05,model_Portfolio,Hold,0.0218,0.0219,0.0197,0.1938,0.0171,0.0176,0.0193,0.652,0.0173,0.0194
2024-03-06,model_Portfolio,Hold,0.0221,0.0223,0.0201,0.1941,0.0173,0.018,0.0194,0.6492,0.0173,0.0202
2024-03-07,model_Portfolio,Hold,0.022,0.0222,0.0198,0.1941,0.0169,0.0178,0.0191,0.6513,0.017,0.0199
2024-03-08,model_Portfolio,Hold,0.0219,0.0216,0.0197,0.1918,0.017,0.0175,0.0195,0.6539,0.0172,0.0199
2024-03-11,model_Portfolio,Hold,0.0216,0.0212,0.0197,0.1865,0.0171,0.0178,0.0193,0.6595,0.0171,0.0202
2024-03-12,model_Portfolio,Hold,0.0215,0.0214,0.0195,0.1886,0.0171,0.0174,0.019,0.6576,0.0178,0.0202
2024-03-13,model_Portfolio,Hold,0.0212,0.0211,0.0195,0.1881,0.0175,0.0174,0.0187,0.6577,0.0186,0.0201
2024-03-14,model_Portfolio,Hold,0.0206,0.0207,0.0192,0.1872,0.0172,0.017,0.0181,0.6618,0.0181,0.0202
2024-03-15,model_Portfolio,Hold,0.0203,0.0208,0.0196,0.1853,0.0172,0.0172,0.0184,0.6622,0.0187,0.0203
2024-03-18,model_Portfolio,Hold,0.0192,0.0201,0.0191,0.1799,0.0169,0.0167,0.0178,0.6723,0.0181,0.02
2024-03-19,model_Portfolio,Hold,0.0193,0.0204,0.019,0.1815,0.0173,0.0165,0.0178,0.6699,0.0182,0.02
2024-03-20,model_Portfolio,Hold,0.0188,0.0203,0.019,0.1818,0.0174,0.0161,0.018,0.6702,0.0185,0.0199
2024-03-21,model_Portfolio,Hold,0.019,0.0185,0.0191,0.183,0.0176,0.016,0.0185,0.6696,0.0185,0.0201
2024-03-22,model_Portfolio,Hold,0.0186,0.0179,0.0187,0.1814,0.0172,0.0159,0.0178,0.6751,0.0181,0.0194
2024-03-25,model_Portfolio,Hold,0.0185,0.0177,0.0189,0.1826,0.0178,0.016,0.018,0.6732,0.0178,0.0196
2024-03-26,model_Portfolio,Hold,0.0188,0.0179,0.0189,0.1811,0.0169,0.016,0.0177,0.6759,0.0174,0.0195
2024-03-27,model_Portfolio,Hold,0.019,0.018,0.0189,0.1817,0.0172,0.0162,0.0183,0.6733,0.0177,0.0196
2024-03-28,model_Portfolio,Hold,0.019,0.0183,0.019,0.1819,0.0175,0.0163,0.0184,0.6722,0.0179,0.0196
2024-04-01,model_Portfolio,Hold,0.0183,0.0175,0.0184,0.1787,0.0177,0.016,0.0175,0.6782,0.0186,0.019
2024-04-02,model_Portfolio,Hold,0.0184,0.0175,0.0185,0.1794,0.0177,0.0159,0.0174,0.6778,0.0185,0.019
2024-04-03,model_Portfolio,Hold,0.0183,0.0172,0.0185,0.1807,0.0176,0.0158,0.0173,0.6776,0.0185,0.0186
2024-04-04,model_Portfolio,Hold,0.0185,0.0175,0.0187,0.1825,0.0182,0.016,0.0176,0.6739,0.0184,0.0187
2024-04-05,model_Portfolio,Hold,0.0184,0.0174,0.0187,0.1848,0.018,0.0159,0.0176,0.6725,0.0182,0.0185
2024-04-08,model_Portfolio,Hold,0.0181,0.0172,0.0184,0.183,0.0175,0.0156,0.0177,0.6758,0.0182,0.0185
2024-04-09,model_Portfolio,Hold,0.0182,0.0171,0.0178,0.1819,0.0173,0.0156,0.018,0.6775,0.0182,0.0184
2024-04-10,model_Portfolio,Hold,0.0181,0.0167,0.0178,0.1828,0.0174,0.0155,0.0171,0.678,0.0182,0.0182
2024-04-11,model_Portfolio,Hold,0.0179,0.0165,0.0169,0.1829,0.0168,0.0152,0.017,0.681,0.018,0.0178
2024-04-12,model_Portfolio,Hold,0.0178,0.0162,0.0172,0.1823,0.0167,0.0151,0.0169,0.6821,0.0179,0.0179
2024-04-15,model_Portfolio,Hold,0.018,0.0164,0.0175,0.1827,0.0167,0.0153,0.0168,0.6804,0.0182,0.0181
2024-04-16,model_Portfolio,Hold,0.0181,0.0165,0.0176,0.183,0.0164,0.0151,0.0165,0.6805,0.0182,0.0181
2024-04-17,model_Portfolio,Hold,0.0176,0.0164,0.0175,0.1805,0.0162,0.0152,0.0164,0.6838,0.0181,0.0182
2024-04-18,model_Portfolio,Hold,0.0174,0.0165,0.0176,0.1783,0.0163,0.0154,0.0164,0.6855,0.0182,0.0183
2024-04-19,model_Portfolio,Hold,0.018,0.0168,0.0183,0.1758,0.0166,0.0155,0.0165,0.6851,0.0186,0.0189
2024-04-22,model_Portfolio,Hold,0.0177,0.0166,0.0182,0.1761,0.0164,0.0155,0.0167,0.6856,0.0184,0.0188
2024-04-23,model_Portfolio,Hold,0.0176,0.0163,0.018,0.1764,0.016,0.0153,0.0166,0.6867,0.0183,0.0187
2024-04-24,model_Portfolio,Hold,0.0175,0.0162,0.0181,0.1734,0.016,0.0153,0.0166,0.69,0.0181,0.0188
2024-04-25,model_Portfolio,Hold,0.0178,0.0162,0.0183,0.1734,0.0165,0.0156,0.0166,0.688,0.0183,0.0194
2024-04-26,model_Portfolio,Hold,0.0166,0.015,0.017,0.1667,0.0154,0.0146,0.0153,0.7046,0.0171,0.0179
2024-04-29,model_Portfolio,Hold,0.0169,0.0151,0.0175,0.1716,0.0158,0.015,0.016,0.6959,0.0175,0.0185
2024-04-30,model_Portfolio,Hold,0.0171,0.0153,0.0177,0.1695,0.0155,0.0152,0.0159,0.6962,0.0187,0.0189
2024-05-01,model_Portfolio,Hold,0.017,0.0151,0.0178,0.1718,0.0149,0.0152,0.0159,0.6947,0.0189,0.0187
2024-05-02,model_Portfolio,Hold,0.0167,0.0149,0.0174,0.1744,0.014,0.0153,0.0158,0.6947,0.0183,0.0185
2024-05-03,model_Portfolio,Hold,0.0166,0.015,0.0171,0.1751,0.014,0.0154,0.016,0.6943,0.0183,0.0182
2024-05-06,model_Portfolio,Hold,0.0164,0.015,0.0173,0.1762,0.0142,0.0154,0.0158,0.6934,0.0181,0.0181
2024-05-07,model_Portfolio,Hold,0.0163,0.015,0.0171,0.174,0.0142,0.0153,0.0156,0.6969,0.0176,0.018
2024-05-08,model_Portfolio,Hold,0.0162,0.0152,0.0173,0.1747,0.0144,0.0152,0.0155,0.6951,0.0179,0.0183
2024-05-09,model_Portfolio,Hold,0.0161,0.0149,0.0173,0.1753,0.0146,0.0154,0.0158,0.6942,0.018,0.0184
2024-05-10,model_Portfolio,Hold,0.0162,0.015,0.0175,0.1746,0.0144,0.0155,0.016,0.6936,0.0184,0.0186
2024-05-13,model_Portfolio,Hold,0.0162,0.015,0.0175,0.1735,0.0143,0.0155,0.0159,0.6948,0.0186,0.0186
2024-05-14,model_Portfolio,Hold,0.016,0.0149,0.0175,0.173,0.0142,0.0153,0.0162,0.6956,0.0185,0.0187
2024-05-15,model_Portfolio,Hold,0.016,0.0148,0.0175,0.1704,0.0143,0.0154,0.0162,0.6981,0.0186,0.0187
2024-05-16,model_Portfolio,Hold,0.0159,0.0147,0.0174,0.1674,0.0142,0.0156,0.016,0.7011,0.0191,0.0186
2024-05-17,model_Portfolio,Hold,0.0157,0.0144,0.0175,0.1668,0.0142,0.0158,0.0159,0.7022,0.019,0.0185
2024-05-20,model_Portfolio,Hold,0.0155,0.0145,0.0173,0.1654,0.0142,0.016,0.0158,0.704,0.019,0.0184
2024-05-21,model_Portfolio,Hold,0.0154,0.0143,0.0173,0.1646,0.0141,0.0158,0.0157,0.7057,0.0186,0.0185
2024-05-22,model_Portfolio,Hold,0.0158,0.0146,0.0174,0.1655,0.0139,0.0159,0.0157,0.7041,0.0184,0.0186
2024-05-23,model_Portfolio,Hold,0.0159,0.0147,0.0175,0.1661,0.0138,0.0161,0.0154,0.7033,0.0184,0.0186
2024-05-24,model_Portfolio,Hold,0.0158,0.0144,0.0176,0.165,0.0137,0.0161,0.0153,0.7053,0.0183,0.0185
2024-05-28,model_Portfolio,Hold,0.0154,0.0142,0.0174,0.1652,0.0138,0.016,0.015,0.7066,0.018,0.0184
2024-05-29,model_Portfolio,Hold,0.0153,0.014,0.0175,0.1657,0.0135,0.0158,0.0148,0.7072,0.0179,0.0183
2024-05-30,model_Portfolio,Hold,0.0157,0.0139,0.0179,0.1661,0.014,0.0161,0.0152,0.704,0.0183,0.0187
2024-05-31,model_Portfolio,Hold,0.0157,0.0137,0.0183,0.1633,0.0144,0.0164,0.0156,0.7049,0.0187,0.019
2024-06-03,model_Portfolio,Hold,0.0158,0.0136,0.018,0.1644,0.0138,0.0166,0.0153,0.7048,0.0185,0.0191
2024-06-04,model_Portfolio,Hold,0.0158,0.0139,0.0178,0.1647,0.0136,0.0165,0.0153,0.705,0.0183,0.0191
2024-06-05,model_Portfolio,Hold,0.0157,0.0139,0.0177,0.1651,0.0135,0.0164,0.015,0.7056,0.0182,0.0189
2024-06-06,model_Portfolio,Hold,0.0157,0.0138,0.0176,0.167,0.0134,0.0162,0.0149,0.7047,0.0179,0.0188
2024-06-07,model_Portfolio,Hold,0.0163,0.0138,0.0178,0.1679,0.0134,0.017,0.0148,0.7017,0.0185,0.0189
2024-06-10,model_Portfolio,Hold,0.0162,0.0138,0.0176,0.1694,0.0136,0.017,0.0146,0.7006,0.0184,0.0187
2024-06-11,model_Portfolio,Hold,0.0159,0.0139,0.0173,0.1685,0.0136,0.0168,0.0145,0.7026,0.0184,0.0186
2024-06-12,model_Portfolio,Hold,0.0156,0.0134,0.0174,0.1675,0.0134,0.0169,0.0147,0.7045,0.0183,0.0183
2024-06-13,model_Portfolio,Hold,0.0157,0.0135,0.0175,0.167,0.0132,0.0173,0.0151,0.7037,0.0186,0.0185
2024-06-14,model_Portfolio,Hold,0.0156,0.0136,0.0173,0.166,0.0128,0.0166,0.0149,0.7066,0.0184,0.0182
2024-06-17,model_Portfolio,Hold,0.0155,0.0135,0.0175,0.166,0.0128,0.0164,0.0147,0.7069,0.0183,0.0183
2024-06-18,model_Portfolio,Hold,0.0158,0.0136,0.0178,0.1664,0.013,0.0167,0.0149,0.7047,0.0185,0.0185
2024-06-20,model_Portfolio,Hold,0.016,0.0145,0.0178,0.1678,0.013,0.0163,0.0147,0.7028,0.0185,0.0186
2024-06-21,model_Portfolio,Hold,0.0156,0.0144,0.0175,0.1677,0.0127,0.0161,0.0146,0.7045,0.0183,0.0185
2024-06-24,model_Portfolio,Hold,0.0156,0.0144,0.0177,0.1652,0.0133,0.0161,0.0149,0.7055,0.0185,0.0188
2024-06-25,model_Portfolio,Hold,0.0154,0.0141,0.0173,0.1629,0.0129,0.0155,0.0144,0.7111,0.018,0.0185
2024-06-26,model_Portfolio,Hold,0.0152,0.0139,0.0171,0.1684,0.0127,0.0153,0.0142,0.7071,0.0178,0.0183
2024-06-27,model_Portfolio,Hold,0.015,0.0137,0.0169,0.1704,0.0128,0.0151,0.0142,0.7062,0.0179,0.0178
2024-06-28,model_Portfolio,Hold,0.0152,0.014,0.0172,0.1693,0.0131,0.0151,0.0147,0.7054,0.018,0.0181
2024-07-01,model_Portfolio,Hold,0.015,0.0138,0.0171,0.1717,0.0131,0.0144,0.0144,0.7045,0.0177,0.0182
2024-07-02,model_Portfolio,Hold,0.0148,0.0137,0.0169,0.1721,0.0129,0.0145,0.0144,0.7049,0.0176,0.018
2024-07-03,model_Portfolio,Hold,0.0147,0.0138,0.0169,0.1701,0.0129,0.0146,0.0144,0.707,0.0176,0.018
2024-07-05,model_Portfolio,Hold,0.0146,0.0133,0.0165,0.1688,0.0123,0.0143,0.0141,0.7112,0.0172,0.0177
2024-07-08,model_Portfolio,Hold,0.0144,0.0134,0.0166,0.1693,0.0125,0.0145,0.0142,0.71,0.0173,0.0178
2024-07-09,model_Portfolio,Hold,0.0144,0.0133,0.0166,0.1694,0.0125,0.0145,0.0141,0.7101,0.0171,0.0181
2024-07-10,model_Portfolio,Hold,0.0144,0.0131,0.0167,0.1682,0.0123,0.0144,0.0141,0.7115,0.0173,0.018
2024-07-11,model_Portfolio,Hold,0.0149,0.0135,0.0175,0.1679,0.0131,0.0149,0.0154,0.7064,0.0179,0.0184
2024-07-12,model_Portfolio,Hold,0.015,0.0141,0.0176,0.1676,0.0132,0.0151,0.0155,0.7052,0.0181,0.0187
2024-07-15,model_Portfolio,Hold,0.0148,0.0144,0.0176,0.1653,0.0137,0.0149,0.0156,0.7073,0.0178,0.0186
2024-07-16,model_Portfolio,Hold,0.0149,0.0148,0.0178,0.167,0.014,0.0155,0.0158,0.7034,0.018,0.0189
2024-07-17,model_Portfolio,Hold,0.0154,0.0151,0.0182,0.1648,0.0144,0.0159,0.0162,0.7019,0.0185,0.0197
2024-07-18,model_Portfolio,Hold,0.015,0.0155,0.0185,0.1641,0.0146,0.016,0.0161,0.7015,0.0187,0.02
2024-07-19,model_Portfolio,Hold,0.0153,0.0155,0.0183,0.1637,0.0146,0.0158,0.016,0.7021,0.0187,0.0201
2024-07-22,model_Portfolio,Hold,0.0153,0.0154,0.0183,0.1607,0.0141,0.0147,0.0159,0.7072,0.0186,0.0198
2024-07-23,model_Portfolio,Hold,0.0153,0.0153,0.0182,0.1636,0.0138,0.0151,0.0152,0.7054,0.0185,0.0196
2024-07-24,model_Portfolio,Hold,0.0164,0.0159,0.019,0.1655,0.0142,0.016,0.0151,0.6984,0.019,0.0206
2024-07-25,model_Portfolio,Hold,0.0166,0.0163,0.0194,0.1683,0.015,0.0162,0.0155,0.692,0.0195,0.0212
2024-07-26,model_Portfolio,Hold,0.0164,0.0161,0.0194,0.1696,0.0149,0.0163,0.0158,0.6863,0.0238,0.0213
2024-07-29,model_Portfolio,Hold,0.0161,0.0158,0.0191,0.1685,0.0145,0.0164,0.0155,0.6896,0.0232,0.0211
2024-07-30,model_Portfolio,Hold,0.0162,0.0159,0.0193,0.1667,0.0146,0.0163,0.0156,0.6908,0.0234,0.0211
2024-07-31,model_Portfolio,Hold,0.0161,0.0159,0.0191,0.17,0.0146,0.0161,0.0153,0.6894,0.0234,0.0203
2024-08-01,model_Portfolio,Hold,0.0168,0.0158,0.0204,0.1678,0.0145,0.0176,0.015,0.6882,0.0232,0.0207
2024-08-02,model_Portfolio,Hold,0.0176,0.0161,0.0206,0.1583,0.0138,0.0178,0.0153,0.6948,0.0238,0.0219
2024-08-05,model_Portfolio,Hold,0.0179,0.0163,0.021,0.1582,0.0139,0.0184,0.0158,0.6919,0.0247,0.0221
2024-08-06,model_Portfolio,Hold,0.0181,0.0166,0.0214,0.1595,0.0137,0.0184,0.0162,0.6892,0.0248,0.0222
2024-08-07,model_Portfolio,Hold,0.0181,0.0165,0.0215,0.1598,0.0136,0.0183,0.0158,0.6899,0.0243,0.0223
2024-08-08,model_Portfolio,Hold,0.0177,0.0161,0.0214,0.1599,0.0141,0.0181,0.0156,0.6907,0.0243,0.0221
2024-08-09,model_Portfolio,Hold,0.0174,0.0159,0.0213,0.1597,0.0139,0.0179,0.0156,0.6924,0.0239,0.0219
2024-08-12,model_Portfolio,Hold,0.0174,0.0159,0.0215,0.1607,0.0144,0.0177,0.0154,0.6911,0.024,0.022
2024-08-13,model_Portfolio,Hold,0.0172,0.016,0.0213,0.1619,0.0141,0.0176,0.0155,0.6902,0.024,0.0221
2024-08-14,model_Portfolio,Hold,0.0178,0.0163,0.0218,0.1643,0.0144,0.0179,0.0157,0.6849,0.0246,0.0225
2024-08-15,model_Portfolio,Hold,0.0177,0.0164,0.0215,0.1695,0.0144,0.0175,0.0157,0.6807,0.0245,0.022
2024-08-16,model_Portfolio,Hold,0.0176,0.0163,0.0219,0.1678,0.0142,0.0175,0.0156,0.6827,0.0243,0.0221
2024-08-19,model_Portfolio,Hold,0.0175,0.0162,0.0216,0.166,0.014,0.0171,0.0154,0.6865,0.0239,0.0217
2024-08-20,model_Portfolio,Hold,0.0172,0.0162,0.0214,0.1663,0.0135,0.0171,0.0153,0.6872,0.0239,0.0218
2024-08-21,model_Portfolio,Hold,0.0174,0.0164,0.0217,0.168,0.0134,0.0172,0.0155,0.684,0.0243,0.022
2024-08-22,model_Portfolio,Hold,0.0177,0.0165,0.0223,0.1663,0.0135,0.0174,0.016,0.6837,0.0245,0.0223
2024-08-23,model_Portfolio,Hold,0.0176,0.0164,0.0222,0.1654,0.0137,0.0173,0.0162,0.6843,0.0246,0.0223
2024-08-26,model_Portfolio,Hold,0.0176,0.0166,0.0222,0.1637,0.0139,0.0174,0.0162,0.6852,0.0249,0.0224
2024-08-27,model_Portfolio,Hold,0.0178,0.0169,0.0224,0.1628,0.0137,0.0175,0.0162,0.6848,0.025,0.0227
2024-08-28,model_Portfolio,Hold,0.018,0.0169,0.0229,0.1622,0.0139,0.0176,0.0162,0.6839,0.0253,0.023
2024-08-29,model_Portfolio,Hold,0.018,0.0171,0.0231,0.1639,0.0143,0.0177,0.0161,0.6811,0.0256,0.0231
2024-08-30,model_Portfolio,Hold,0.0178,0.0169,0.0229,0.1677,0.0137,0.0176,0.0161,0.6786,0.0256,0.023
2024-09-03,model_Portfolio,Hold,0.0186,0.0174,0.0233,0.1705,0.0133,0.0179,0.0164,0.6731,0.0257,0.0238
2024-09-04,model_Portfolio,Hold,0.0186,0.0177,0.0238,0.1688,0.0129,0.0179,0.0164,0.6735,0.0261,0.0242
2024-09-05,model_Portfolio,Hold,0.0183,0.0174,0.0235,0.172,0.0129,0.0177,0.0162,0.6723,0.0258,0.0239
2024-09-06,model_Portfolio,Hold,0.0191,0.018,0.0241,0.1718,0.013,0.0181,0.0167,0.6687,0.0261,0.0245
2024-09-09,model_Portfolio,Hold,0.0196,0.0181,0.0243,0.1764,0.0129,0.0185,0.017,0.6622,0.0262,0.0248
2024-09-10,model_Portfolio,Hold,0.0196,0.0184,0.024,0.1798,0.0123,0.0185,0.0172,0.6592,0.0264,0.0246
2024-09-11,model_Portfolio,Hold,0.0192,0.0182,0.0234,0.182,0.012,0.0184,0.017,0.6599,0.026,0.0238
2024-09-12,model_Portfolio,Hold,0.0189,0.0179,0.0231,0.1811,0.0118,0.0182,0.0169,0.6631,0.0259,0.0232
2024-09-13,model_Portfolio,Hold,0.0186,0.0176,0.023,0.1783,0.0118,0.0182,0.017,0.6666,0.0258,0.023
2024-09-16,model_Portfolio,Hold,0.0188,0.0178,0.0232,0.1764,0.012,0.0185,0.017,0.6674,0.026,0.0229
2024-09-17,model_Portfolio,Hold,0.0187,0.0169,0.023,0.1772,0.0123,0.0185,0.0168,0.6687,0.0257,0.0222
2024-09-18,model_Portfolio,Hold,0.0182,0.0168,0.0228,0.1766,0.0122,0.0183,0.0168,0.6704,0.0256,0.0222
2024-09-19,model_Portfolio,Hold,0.0179,0.0165,0.0223,0.1777,0.0122,0.0181,0.0164,0.6718,0.0254,0.0218
2024-09-20,model_Portfolio,Hold,0.0177,0.0165,0.0222,0.178,0.012,0.0179,0.0161,0.6726,0.0254,0.0217
2024-09-23,model_Portfolio,Hold,0.0179,0.0167,0.0227,0.1807,0.0122,0.0183,0.0163,0.6677,0.0256,0.022
2024-09-24,model_Portfolio,Hold,0.0176,0.0167,0.0224,0.1803,0.0121,0.0184,0.0166,0.668,0.0259,0.0221
2024-09-25,model_Portfolio,Hold,0.0176,0.0166,0.0227,0.1799,0.0118,0.0185,0.0166,0.6682,0.0259,0.0221
2024-09-26,model_Portfolio,Hold,0.0176,0.0175,0.0226,0.1778,0.0111,0.0187,0.0162,0.6702,0.0263,0.022
2024-09-27,model_Portfolio,Hold,0.0175,0.0171,0.0227,0.1745,0.0117,0.0187,0.0161,0.6739,0.0258,0.022
2024-09-30,model_Portfolio,Hold,0.0176,0.0172,0.0228,0.1719,0.0116,0.0184,0.0158,0.6773,0.0256,0.0218
2024-10-01,model_Portfolio,Hold,0.0175,0.0171,0.0229,0.1701,0.0121,0.0181,0.0156,0.6794,0.0255,0.0217
2024-10-02,model_Portfolio,Hold,0.0176,0.0174,0.0233,0.1707,0.0122,0.0181,0.0155,0.6782,0.0254,0.0217
2024-10-03,model_Portfolio,Hold,0.0174,0.0177,0.0233,0.1686,0.0126,0.0179,0.0155,0.6804,0.0253,0.0215
2024-10-04,model_Portfolio,Hold,0.0173,0.0175,0.0234,0.1711,0.0127,0.0177,0.0153,0.6786,0.0252,0.0213
2024-10-07,model_Portfolio,Hold,0.0178,0.0176,0.0232,0.1695,0.013,0.0198,0.0154,0.6764,0.0256,0.0217
2024-10-08,model_Portfolio,Hold,0.0179,0.0177,0.0231,0.17,0.0125,0.0195,0.0153,0.6772,0.0254,0.0214
2024-10-09,model_Portfolio,Hold,0.0182,0.018,0.023,0.1736,0.0127,0.0199,0.0155,0.6717,0.0256,0.0218
2024-10-10,model_Portfolio,Hold,0.0181,0.0179,0.0231,0.1746,0.0129,0.0199,0.0156,0.6712,0.0253,0.0215
2024-10-11,model_Portfolio,Hold,0.018,0.0177,0.0232,0.1752,0.0129,0.0198,0.0158,0.6705,0.0253,0.0214
2024-10-14,model_Portfolio,Hold,0.0181,0.0178,0.0232,0.1728,0.0126,0.0199,0.016,0.6729,0.0254,0.0213
2024-10-15,model_Portfolio,Hold,0.018,0.018,0.0232,0.1726,0.0117,0.0201,0.0161,0.6738,0.0253,0.0213
2024-10-16,model_Portfolio,Hold,0.0182,0.0181,0.0233,0.172,0.0117,0.0203,0.0163,0.6731,0.0254,0.0214
2024-10-17,model_Portfolio,Hold,0.0184,0.0184,0.0236,0.1741,0.0119,0.0206,0.0163,0.6697,0.0255,0.0214
2024-10-18,model_Portfolio,Hold,0.0186,0.0185,0.0234,0.1748,0.0119,0.0207,0.0163,0.6692,0.0253,0.0213
2024-10-21,model_Portfolio,Hold,0.0182,0.0184,0.023,0.1746,0.0119,0.0207,0.016,0.6709,0.0252,0.021
2024-10-22,model_Portfolio,Hold,0.018,0.0181,0.0228,0.1745,0.012,0.0205,0.0157,0.6725,0.0246,0.0214
2024-10-23,model_Portfolio,Hold,0.0184,0.0183,0.0232,0.1725,0.0119,0.0206,0.0162,0.6731,0.0242,0.0216
2024-10-24,model_Portfolio,Hold,0.0183,0.018,0.0231,0.1741,0.012,0.0203,0.0157,0.6729,0.0239,0.0216
2024-10-25,model_Portfolio,Hold,0.0178,0.0177,0.0225,0.1737,0.0119,0.0198,0.0151,0.6768,0.0234,0.0213
2024-10-28,model_Portfolio,Hold,0.0176,0.0176,0.0223,0.173,0.0113,0.0197,0.015,0.6779,0.0243,0.0214
2024-10-29,model_Portfolio,Hold,0.0173,0.0174,0.022,0.1729,0.011,0.0193,0.0146,0.6807,0.0237,0.021
2024-10-30,model_Portfolio,Hold,0.0171,0.0163,0.0216,0.1712,0.0108,0.0187,0.0146,0.6859,0.023,0.0208
2024-10-31,model_Portfolio,Hold,0.0173,0.0165,0.021,0.1687,0.0111,0.019,0.0146,0.6855,0.0236,0.0229
2024-11-01,model_Portfolio,Hold,0.0179,0.0164,0.0207,0.1772,0.0107,0.0187,0.0144,0.6787,0.0231,0.0224
2024-11-04,model_Portfolio,Hold,0.0179,0.0165,0.0209,0.177,0.011,0.0187,0.0148,0.6775,0.0231,0.0226
2024-11-05,model_Portfolio,Hold,0.0178,0.0164,0.021,0.1793,0.011,0.0186,0.0148,0.6754,0.023,0.0226
2024-11-06,model_Portfolio,Hold,0.017,0.0164,0.0208,0.1796,0.0111,0.0179,0.0142,0.6776,0.0235,0.0218
2024-11-07,model_Portfolio,Hold,0.0165,0.0163,0.0203,0.179,0.0097,0.018,0.014,0.682,0.023,0.0212
2024-11-08,model_Portfolio,Hold,0.0169,0.0162,0.0206,0.1793,0.0097,0.0182,0.0142,0.6799,0.0234,0.0216
2024-11-11,model_Portfolio,Hold,0.0168,0.0162,0.0209,0.1769,0.0098,0.0181,0.0138,0.683,0.0231,0.0214
2024-11-12,model_Portfolio,Hold,0.0167,0.0162,0.0208,0.1777,0.0096,0.0179,0.0133,0.6838,0.0225,0.0215
2024-11-13,model_Portfolio,Hold,0.0166,0.0168,0.0209,0.183,0.0098,0.018,0.0135,0.6768,0.0228,0.0219
2024-11-14,model_Portfolio,Hold,0.0168,0.0166,0.021,0.1835,0.0102,0.0185,0.0136,0.6743,0.0233,0.0223
2024-11-15,model_Portfolio,Hold,0.0173,0.0166,0.0218,0.1793,0.0103,0.0189,0.0135,0.6759,0.0234,0.023
2024-11-18,model_Portfolio,Hold,0.0173,0.0163,0.0217,0.1765,0.0102,0.0194,0.0133,0.6792,0.0232,0.0229
2024-11-19,model_Portfolio,Hold,0.017,0.0162,0.0212,0.1769,0.0098,0.0191,0.0131,0.6817,0.0226,0.0224
2024-11-20,model_Portfolio,Hold,0.017,0.0165,0.0214,0.1771,0.01,0.0193,0.0132,0.6801,0.0227,0.0227
2024-11-21,model_Portfolio,Hold,0.0178,0.0173,0.0225,0.1795,0.0105,0.0201,0.0139,0.6715,0.0235,0.0235
2024-11-22,model_Portfolio,Hold,0.0181,0.0174,0.0229,0.1804,0.0108,0.0205,0.0143,0.6676,0.0239,0.0241
2024-11-25,model_Portfolio,Hold,0.0179,0.0172,0.0226,0.1813,0.0106,0.0203,0.0146,0.6679,0.0239,0.0237
2024-11-26,model_Portfolio,Hold,0.0176,0.0171,0.0225,0.1847,0.0104,0.0201,0.0144,0.6654,0.0241,0.0237
2024-11-27,model_Portfolio,Hold,0.0178,0.0171,0.0226,0.1831,0.0104,0.02,0.0142,0.6669,0.024,0.0238
2024-11-29,model_Portfolio,Hold,0.0178,0.0171,0.0225,0.1849,0.0104,0.0201,0.0142,0.6651,0.0242,0.0238
2024-12-02,model_Portfolio,Hold,0.0173,0.0168,0.0218,0.1853,0.0102,0.0199,0.014,0.6676,0.0238,0.0233
2024-12-03,model_Portfolio,Hold,0.0172,0.0164,0.0209,0.1878,0.0102,0.0196,0.0137,0.6674,0.0235,0.0232
2024-12-04,model_Portfolio,Hold,0.0169,0.0165,0.0206,0.189,0.01,0.0191,0.0132,0.6689,0.023,0.0227
2024-12-05,model_Portfolio,Hold,0.0169,0.0165,0.0208,0.1919,0.0099,0.0189,0.0133,0.6652,0.0236,0.023
2024-12-06,model_Portfolio,Hold,0.0167,0.0165,0.0205,0.195,0.0095,0.0185,0.0129,0.6642,0.0233,0.0228
2024-12-09,model_Portfolio,Hold,0.0166,0.0163,0.02,0.1939,0.0099,0.0183,0.0132,0.6666,0.023,0.0222
2024-12-10,model_Portfolio,Hold,0.0161,0.0159,0.0192,0.1863,0.0096,0.0176,0.0125,0.6796,0.0219,0.0213
2024-12-11,model_Portfolio,Hold,0.0153,0.0153,0.0184,0.1831,0.0092,0.0168,0.0119,0.6888,0.021,0.0202
2024-12-12,model_Portfolio,Hold,0.0154,0.0154,0.0187,0.1845,0.0096,0.0169,0.012,0.6857,0.0213,0.0206
2024-12-13,model_Portfolio,Hold,0.0155,0.0154,0.0189,0.185,0.0096,0.0171,0.0121,0.6841,0.0215,0.0207
2024-12-16,model_Portfolio,Hold,0.015,0.015,0.0182,0.1843,0.009,0.0164,0.0116,0.6896,0.0209,0.0201
2024-12-17,model_Portfolio,Hold,0.0152,0.0151,0.0182,0.1841,0.0087,0.0164,0.0118,0.6898,0.0208,0.02
2024-12-18,model_Portfolio,Hold,0.0156,0.0152,0.0184,0.1822,0.0089,0.0165,0.0117,0.69,0.0211,0.0204
2024-12-19,model_Portfolio,Hold,0.0156,0.0162,0.0185,0.1838,0.0087,0.0163,0.0116,0.6877,0.0213,0.0202
2024-12-20,model_Portfolio,Hold,0.0156,0.0158,0.0185,0.1827,0.0089,0.0162,0.0117,0.6891,0.0214,0.0203
2024-12-23,model_Portfolio,Hold,0.0154,0.0153,0.0183,0.1807,0.009,0.0159,0.0115,0.6928,0.0211,0.02
2024-12-24,model_Portfolio,Hold,0.0154,0.0152,0.0183,0.1823,0.009,0.0159,0.0114,0.6917,0.0211,0.0197
2024-12-26,model_Portfolio,Hold,0.0155,0.0152,0.0184,0.1812,0.009,0.0159,0.0115,0.692,0.0213,0.0199
2024-12-27,model_Portfolio,Hold,0.0156,0.0153,0.0186,0.181,0.0093,0.016,0.0115,0.6912,0.0215,0.02
2024-12-30,model_Portfolio,Hold,0.0155,0.0152,0.0187,0.1806,0.0095,0.0159,0.0115,0.6916,0.0215,0.0201
2024-12-31,model_Portfolio,Hold,0.0156,0.0153,0.0189,0.1804,0.0098,0.0161,0.0118,0.69,0.0216,0.0203
2025-01-02,model_Portfolio,Rebalance,0.0806,0.0412,0.0793,0.0244,0.0831,0.044,0.0861,0.4146,0.0586,0.0881
2025-01-03,model_Portfolio,Hold,0.0801,0.0414,0.0791,0.0246,0.0825,0.0436,0.0867,0.4156,0.0581,0.0883
2025-01-06,model_Portfolio,Hold,0.0789,0.0408,0.0775,0.0248,0.0827,0.0432,0.0848,0.4235,0.0578,0.0859
2025-01-07,model_Portfolio,Hold,0.0793,0.0414,0.0784,0.0243,0.0828,0.0438,0.0846,0.4213,0.059,0.085
2025-01-08,model_Portfolio,Hold,0.08,0.0417,0.079,0.0243,0.083,0.0436,0.0848,0.4185,0.0599,0.0852
2025-01-10,model_Portfolio,Hold,0.0796,0.0412,0.078,0.0242,0.084,0.0454,0.0837,0.4194,0.0591,0.0852
2025-01-13,model_Portfolio,Hold,0.0797,0.0409,0.0786,0.024,0.0859,0.0464,0.0854,0.4142,0.0602,0.0846
2025-01-14,model_Portfolio,Hold,0.0794,0.0407,0.0793,0.0239,0.0873,0.0472,0.0854,0.4103,0.0612,0.0852
2025-01-15,model_Portfolio,Hold,0.0772,0.0402,0.079,0.0241,0.0881,0.0464,0.0846,0.4165,0.0606,0.0834
2025-01-16,model_Portfolio,Hold,0.0793,0.0405,0.0799,0.0238,0.0871,0.0472,0.0861,0.4113,0.0612,0.0836
2025-01-17,model_Portfolio,Hold,0.0782,0.0404,0.0796,0.0242,0.0837,0.0476,0.0867,0.414,0.0615,0.084
2025-01-21,model_Portfolio,Hold,0.0799,0.0405,0.0789,0.0245,0.0807,0.0475,0.0869,0.415,0.0635,0.0827
2025-01-22,model_Portfolio,Hold,0.0807,0.0409,0.0775,0.025,0.0805,0.0472,0.0852,0.4165,0.0646,0.0818
2025-01-23,model_Portfolio,Hold,0.0839,0.0411,0.0771,0.0249,0.0806,0.048,0.0846,0.4133,0.0645,0.082
2025-01-24,model_Portfolio,Hold,0.0845,0.0407,0.0768,0.0246,0.0793,0.0483,0.0849,0.4145,0.0638,0.0826
2025-01-27,model_Portfolio,Hold,0.0881,0.0422,0.0798,0.0249,0.0801,0.0483,0.0859,0.4,0.0652,0.0855
2025-01-28,model_Portfolio,Hold,0.0867,0.0428,0.0791,0.0252,0.0799,0.0483,0.0818,0.4071,0.0651,0.0841
2025-01-29,model_Portfolio,Hold,0.0871,0.0424,0.0795,0.0251,0.0794,0.0484,0.0807,0.4079,0.0653,0.0843
2025-01-30,model_Portfolio,Hold,0.0866,0.0425,0.0789,0.0245,0.0778,0.049,0.0797,0.4139,0.0656,0.0814
2025-01-31,model_Portfolio,Hold,0.0857,0.0428,0.078,0.0247,0.0739,0.0488,0.0806,0.4188,0.0645,0.0822
2025-02-03,model_Portfolio,Hold,0.0868,0.0433,0.0782,0.0249,0.073,0.0497,0.079,0.4169,0.0641,0.084
2025-02-04,model_Portfolio,Hold,0.086,0.0433,0.0771,0.025,0.075,0.0486,0.0778,0.4211,0.0639,0.0823
2025-02-05,model_Portfolio,Hold,0.0904,0.0453,0.0796,0.0251,0.0764,0.0495,0.0821,0.4012,0.066,0.0846
2025-02-06,model_Portfolio,Hold,0.0885,0.0444,0.0772,0.0256,0.0752,0.0492,0.0825,0.4054,0.0665,0.0854
2025-02-07,model_Portfolio,Hold,0.0907,0.0451,0.0789,0.025,0.0766,0.0474,0.0834,0.3992,0.0666,0.087
2025-02-10,model_Portfolio,Hold,0.0914,0.0447,0.0774,0.0252,0.0805,0.047,0.0822,0.3977,0.0659,0.0881
2025-02-11,model_Portfolio,Hold,0.0916,0.0451,0.0778,0.0252,0.0817,0.0469,0.0818,0.3957,0.0661,0.0882
2025-02-12,model_Portfolio,Hold,0.0918,0.0454,0.0785,0.025,0.0792,0.0474,0.0828,0.3957,0.0662,0.0881
2025-02-13,model_Portfolio,Hold,0.0918,0.0451,0.0786,0.0249,0.0788,0.0477,0.0825,0.3973,0.0655,0.0878
2025-02-14,model_Portfolio,Hold,0.0912,0.045,0.0782,0.0248,0.0813,0.048,0.0819,0.3963,0.0659,0.0874
2025-02-18,model_Portfolio,Hold,0.091,0.045,0.079,0.0246,0.0829,0.0482,0.0828,0.3937,0.0662,0.0867
2025-02-19,model_Portfolio,Hold,0.0918,0.045,0.0791,0.0245,0.0824,0.0478,0.0818,0.3943,0.0663,0.087
2025-02-20,model_Portfolio,Hold,0.0926,0.0444,0.079,0.0241,0.0826,0.0475,0.0821,0.3931,0.0658,0.0888
2025-02-21,model_Portfolio,Hold,0.0955,0.0428,0.0788,0.0238,0.0812,0.0477,0.0836,0.3897,0.0652,0.0916
2025-02-24,model_Portfolio,Hold,0.0953,0.0427,0.0801,0.0233,0.0813,0.0475,0.0848,0.3879,0.0653,0.0917
2025-02-25,model_Portfolio,Hold,0.096,0.0426,0.0823,0.0234,0.0796,0.0488,0.0882,0.3801,0.0658,0.0931
2025-02-26,model_Portfolio,Hold,0.0973,0.0426,0.0825,0.0238,0.0793,0.0488,0.0876,0.3788,0.067,0.0922
2025-02-27,model_Portfolio,Hold,0.0984,0.0429,0.0848,0.0235,0.0744,0.0491,0.0903,0.3737,0.0692,0.0937
2025-02-28,model_Portfolio,Hold,0.0986,0.0414,0.0853,0.0236,0.0744,0.0491,0.0904,0.373,0.0704,0.0938
2025-03-03,model_Portfolio,Hold,0.1015,0.0415,0.0869,0.0231,0.0688,0.0489,0.0908,0.3705,0.0706,0.0975
2025-03-04,model_Portfolio,Hold,0.0999,0.0417,0.0852,0.023,0.0679,0.0482,0.0902,0.3804,0.0673,0.0961
2025-03-05,model_Portfolio,Hold,0.0992,0.0417,0.0849,0.0233,0.0672,0.0488,0.091,0.3818,0.0675,0.0947
2025-03-06,model_Portfolio,Hold,0.0978,0.0411,0.0852,0.0226,0.0683,0.0489,0.0893,0.3823,0.0676,0.097
2025-03-07,model_Portfolio,Hold,0.0983,0.0407,0.0847,0.0222,0.068,0.0493,0.0908,0.3819,0.0666,0.0974
2025-03-10,model_Portfolio,Hold,0.1003,0.0407,0.085,0.0221,0.0699,0.0482,0.0923,0.3717,0.0685,0.1013
2025-03-11,model_Portfolio,Hold,0.0982,0.0403,0.0857,0.0226,0.0715,0.0479,0.0908,0.3724,0.0694,0.1011
2025-03-12,model_Portfolio,Hold,0.0959,0.0397,0.084,0.0228,0.0728,0.0472,0.0897,0.3776,0.0703,0.1001
2025-03-13,model_Portfolio,Hold,0.0972,0.0394,0.0858,0.0225,0.0717,0.0476,0.0894,0.3738,0.0695,0.103
2025-03-14,model_Portfolio,Hold,0.0936,0.0391,0.0864,0.0227,0.0729,0.0469,0.0905,0.375,0.0706,0.1023
2025-03-17,model_Portfolio,Hold,0.094,0.0398,0.087,0.0224,0.0742,0.0473,0.0906,0.3711,0.0717,0.1019
2025-03-18,model_Portfolio,Hold,0.0943,0.0402,0.0874,0.0224,0.0758,0.0473,0.0908,0.368,0.0716,0.1023
2025-03-19,model_Portfolio,Hold,0.094,0.0398,0.0872,0.0224,0.0772,0.0471,0.0891,0.3709,0.0718,0.1005
2025-03-20,model_Portfolio,Hold,0.0943,0.0372,0.0881,0.0225,0.077,0.0473,0.0892,0.3714,0.0715,0.1015
2025-03-21,model_Portfolio,Hold,0.0939,0.0377,0.0877,0.0227,0.0771,0.0471,0.0884,0.3739,0.071,0.1006
2025-03-24,model_Portfolio,Hold,0.0931,0.0374,0.0875,0.0231,0.0768,0.0467,0.0883,0.3767,0.0713,0.0992
2025-03-25,model_Portfolio,Hold,0.0915,0.0374,0.0872,0.0233,0.0766,0.0464,0.0865,0.3813,0.0711,0.0989
2025-03-26,model_Portfolio,Hold,0.0931,0.038,0.0885,0.023,0.078,0.0472,0.0873,0.3722,0.0713,0.1015
2025-03-27,model_Portfolio,Hold,0.0969,0.0378,0.0891,0.0231,0.0787,0.0473,0.0873,0.3673,0.0696,0.1029
2025-03-28,model_Portfolio,Hold,0.0989,0.0382,0.0905,0.0226,0.0796,0.048,0.0894,0.358,0.0696,0.1052
2025-03-31,model_Portfolio,Hold,0.0996,0.0389,0.091,0.0222,0.0794,0.0481,0.087,0.3561,0.07,0.1078
2025-04-01,model_Portfolio,Hold,0.0985,0.0389,0.0917,0.0223,0.0795,0.048,0.0854,0.3603,0.0702,0.1052
2025-04-02,model_Portfolio,Hold,0.0987,0.0393,0.0916,0.0228,0.08,0.0482,0.0866,0.3604,0.0702,0.1022
2025-04-03,model_Portfolio,Hold,0.1028,0.0391,0.0952,0.0217,0.0697,0.0484,0.0844,0.3612,0.0694,0.1082
2025-04-04,model_Portfolio,Hold,0.1031,0.0392,0.0921,0.022,0.0633,0.0477,0.0844,0.3701,0.0668,0.1112
2025-04-07,model_Portfolio,Hold,0.1038,0.0393,0.0906,0.0226,0.0626,0.0471,0.0811,0.3743,0.0679,0.1107
2025-04-08,model_Portfolio,Hold,0.1046,0.0394,0.0918,0.0224,0.0596,0.0459,0.0814,0.3746,0.0682,0.1122
2025-04-09,model_Portfolio,Hold,0.0996,0.0391,0.09,0.0233,0.0659,0.0463,0.0794,0.3818,0.0689,0.1057
2025-04-10,model_Portfolio,Hold,0.1015,0.0388,0.093,0.0229,0.0599,0.0467,0.0762,0.3822,0.0689,0.1099
2025-04-11,model_Portfolio,Hold,0.1011,0.0378,0.0928,0.0229,0.0603,0.0469,0.0769,0.3843,0.0689,0.108
2025-04-14,model_Portfolio,Hold,0.1008,0.0381,0.0931,0.0223,0.0602,0.0469,0.0787,0.3843,0.068,0.1076
2025-04-15,model_Portfolio,Hold,0.101,0.0384,0.0938,0.0222,0.0597,0.0462,0.079,0.3818,0.0684,0.1096
2025-04-16,model_Portfolio,Hold,0.1048,0.0383,0.0941,0.0218,0.0622,0.0459,0.0777,0.3783,0.0667,0.1102
2025-04-17,model_Portfolio,Hold,0.1057,0.0379,0.0941,0.0215,0.0651,0.0462,0.0784,0.3727,0.0665,0.1118
2025-04-21,model_Portfolio,Hold,0.1072,0.0383,0.094,0.0213,0.064,0.0462,0.0779,0.372,0.0658,0.1132
2025-04-22,model_Portfolio,Hold,0.1058,0.0379,0.0943,0.0215,0.0648,0.0464,0.0764,0.3713,0.0692,0.1124
2025-04-23,model_Portfolio,Hold,0.1033,0.0381,0.0936,0.0222,0.0634,0.0459,0.0764,0.3775,0.0685,0.111
2025-04-24,model_Portfolio,Hold,0.1013,0.0379,0.0927,0.0226,0.0648,0.0458,0.0755,0.381,0.0688,0.1095
2025-04-25,model_Portfolio,Hold,0.1007,0.0381,0.0915,0.0228,0.065,0.0454,0.074,0.3863,0.0678,0.1084
2025-04-28,model_Portfolio,Hold,0.1012,0.0381,0.0919,0.0227,0.0658,0.0458,0.075,0.3831,0.0681,0.1082
2025-04-29,model_Portfolio,Hold,0.1023,0.0389,0.0924,0.0227,0.0648,0.0462,0.071,0.3834,0.0686,0.1097
2025-04-30,model_Portfolio,Hold,0.103,0.0392,0.0929,0.0225,0.0623,0.0465,0.0714,0.382,0.0692,0.111
2025-05-01,model_Portfolio,Hold,0.1025,0.0391,0.088,0.023,0.0647,0.0464,0.0717,0.3857,0.0683,0.1106
2025-05-02,model_Portfolio,Hold,0.1024,0.0391,0.0883,0.0226,0.0646,0.0466,0.0716,0.3861,0.0693,0.1094
2025-05-05,model_Portfolio,Hold,0.1028,0.0396,0.0889,0.0223,0.0612,0.0459,0.0711,0.3886,0.069,0.1105
2025-05-06,model_Portfolio,Hold,0.1036,0.0393,0.0895,0.0223,0.0623,0.0453,0.0695,0.3881,0.068,0.1121
2025-05-07,model_Portfolio,Hold,0.1071,0.0406,0.0928,0.0233,0.063,0.046,0.0717,0.3695,0.0701,0.1159
2025-05-08,model_Portfolio,Hold,0.1057,0.0405,0.091,0.0234,0.065,0.0463,0.0725,0.3717,0.0704,0.1135
2025-05-09,model_Portfolio,Hold,0.1054,0.0405,0.091,0.0236,0.0673,0.0467,0.0731,0.369,0.0714,0.112
2025-05-12,model_Portfolio,Hold,0.1023,0.0415,0.0888,0.025,0.0699,0.0466,0.0718,0.3752,0.0737,0.1051
2025-05-13,model_Portfolio,Hold,0.1,0.0415,0.0883,0.0253,0.0728,0.0462,0.07,0.3776,0.0739,0.1042
2025-05-14,model_Portfolio,Hold,0.0989,0.041,0.0867,0.025,0.0712,0.0455,0.0681,0.3885,0.072,0.1032
2025-05-15,model_Portfolio,Hold,0.1021,0.0411,0.0879,0.0243,0.0692,0.0457,0.0684,0.3834,0.072,0.1059
2025-05-16,model_Portfolio,Hold,0.102,0.04,0.0877,0.0241,0.0678,0.046,0.0688,0.3842,0.0733,0.1062
2025-05-19,model_Portfolio,Hold,0.1023,0.0401,0.0872,0.0241,0.0666,0.0456,0.0698,0.3839,0.0736,0.1069
2025-05-20,model_Portfolio,Hold,0.1029,0.0405,0.0873,0.024,0.0669,0.0457,0.0686,0.3813,0.0742,0.1086
2025-05-21,model_Portfolio,Hold,0.1016,0.0403,0.0862,0.0237,0.0649,0.0448,0.0653,0.3929,0.0721,0.1081
2025-05-22,model_Portfolio,Hold,0.1,0.04,0.085,0.0239,0.0648,0.0446,0.0651,0.397,0.0721,0.1074
2025-05-23,model_Portfolio,Hold,0.1006,0.0394,0.0857,0.0238,0.0657,0.045,0.0648,0.3941,0.0719,0.109
2025-05-27,model_Portfolio,Hold,0.0999,0.0394,0.0848,0.0239,0.0662,0.0449,0.066,0.3968,0.0714,0.1067
2025-05-28,model_Portfolio,Hold,0.0998,0.0397,0.0841,0.0239,0.0661,0.0447,0.0657,0.3977,0.0714,0.107
2025-05-29,model_Portfolio,Hold,0.1001,0.0398,0.0845,0.024,0.0665,0.0448,0.067,0.3953,0.0716,0.1067
2025-05-30,model_Portfolio,Hold,0.1005,0.0396,0.085,0.0239,0.0652,0.0457,0.0659,0.3947,0.071,0.1086
2025-06-02,model_Portfolio,Hold,0.1012,0.0396,0.0858,0.0242,0.0668,0.0459,0.0658,0.3909,0.0705,0.1094
2025-06-03,model_Portfolio,Hold,0.1014,0.0394,0.0861,0.0241,0.0705,0.0467,0.0665,0.3848,0.0714,0.109
2025-06-04,model_Portfolio,Hold,0.1009,0.0399,0.0851,0.0243,0.0692,0.0463,0.0668,0.3894,0.0708,0.1072
2025-06-05,model_Portfolio,Hold,0.1018,0.0398,0.0847,0.0244,0.0691,0.0457,0.0659,0.3904,0.0706,0.1075
2025-06-06,model_Portfolio,Hold,0.0997,0.0394,0.0844,0.0247,0.0703,0.0455,0.0657,0.396,0.069,0.1053
2025-06-09,model_Portfolio,Hold,0.099,0.039,0.083,0.0249,0.0704,0.0452,0.0664,0.3996,0.068,0.1044
2025-06-10,model_Portfolio,Hold,0.0985,0.0392,0.082,0.0247,0.0721,0.0451,0.0672,0.4011,0.0677,0.1024
2025-06-11,model_Portfolio,Hold,0.0993,0.0389,0.0811,0.0242,0.0732,0.0451,0.067,0.3979,0.0686,0.1047
2025-06-12,model_Portfolio,Hold,0.1003,0.0388,0.0823,0.0242,0.0746,0.0453,0.067,0.3948,0.0676,0.1049
2025-06-13,model_Portfolio,Hold,0.1,0.0382,0.0822,0.0242,0.0788,0.045,0.0663,0.3937,0.0667,0.105
2025-06-16,model_Portfolio,Hold,0.0983,0.0383,0.0822,0.0245,0.0766,0.0448,0.0665,0.3966,0.0677,0.1045
2025-06-17,model_Portfolio,Hold,0.0976,0.0383,0.0822,0.0245,0.0781,0.0445,0.0656,0.397,0.0667,0.1055
2025-06-18,model_Portfolio,Hold,0.0985,0.0379,0.0833,0.0244,0.0769,0.0446,0.0658,0.3941,0.0674,0.1072
2025-06-20,model_Portfolio,Hold,0.1007,0.0359,0.0853,0.0245,0.077,0.0446,0.0674,0.3857,0.0693,0.1096
2025-06-23,model_Portfolio,Hold,0.1011,0.0372,0.0868,0.0245,0.071,0.0451,0.069,0.3831,0.0712,0.1112
2025-06-24,model_Portfolio,Hold,0.1036,0.0375,0.0853,0.0247,0.0695,0.0459,0.0706,0.3826,0.0715,0.1089
2025-06-25,model_Portfolio,Hold,0.103,0.0367,0.0839,0.0246,0.068,0.046,0.0689,0.3914,0.0704,0.1071
2025-06-26,model_Portfolio,Hold,0.0993,0.0365,0.0842,0.0249,0.0697,0.0457,0.0688,0.394,0.0711,0.1058
2025-06-27,model_Portfolio,Hold,0.0985,0.036,0.084,0.0253,0.0692,0.045,0.0671,0.3999,0.0708,0.1043
2025-06-30,model_Portfolio,Hold,0.1001,0.0365,0.0847,0.025,0.0685,0.0452,0.0679,0.3965,0.0712,0.1045
2025-07-01,model_Portfolio,Hold,0.0998,0.0368,0.0845,0.025,0.0706,0.0458,0.0693,0.3936,0.0716,0.1031
2025-07-02,model_Portfolio,Hold,0.0973,0.0364,0.0819,0.0247,0.072,0.0461,0.0703,0.3962,0.071,0.104
2025-07-03,model_Portfolio,Hold,0.097,0.0366,0.0823,0.0249,0.0718,0.0461,0.0705,0.3962,0.0702,0.1043
2025-07-07,model_Portfolio,Hold,0.0975,0.0364,0.0819,0.0252,0.0721,0.0462,0.0695,0.3943,0.0704,0.1065
2025-07-08,model_Portfolio,Hold,0.0972,0.0367,0.0821,0.0247,0.0761,0.0467,0.0713,0.3887,0.0712,0.1052
2025-07-09,model_Portfolio,Hold,0.097,0.036,0.0809,0.0251,0.0758,0.0469,0.0713,0.3931,0.0722,0.1018
2025-07-10,model_Portfolio,Hold,0.0967,0.0348,0.0808,0.0249,0.0752,0.0466,0.0729,0.3931,0.0724,0.1027
2025-07-11,model_Portfolio,Hold,0.0955,0.034,0.0802,0.0252,0.0741,0.0463,0.0731,0.3987,0.0717,0.1013
2025-07-14,model_Portfolio,Hold,0.0954,0.0338,0.0809,0.0252,0.0716,0.046,0.0721,0.4009,0.0725,0.1017
2025-07-15,model_Portfolio,Hold,0.096,0.0335,0.0797,0.0254,0.069,0.0456,0.0714,0.4042,0.0723,0.1029
2025-07-16,model_Portfolio,Hold,0.0958,0.0338,0.0801,0.025,0.0669,0.0458,0.0719,0.405,0.0725,0.1032
2025-07-17,model_Portfolio,Hold,0.0879,0.0343,0.0804,0.0251,0.0697,0.0467,0.0728,0.4077,0.0734,0.102
2025-07-18,model_Portfolio,Hold,0.09,0.0341,0.0804,0.0253,0.0694,0.0468,0.0719,0.4097,0.0705,0.1018
2025-07-21,model_Portfolio,Hold,0.0894,0.0337,0.0789,0.0254,0.0678,0.046,0.0712,0.4159,0.0695,0.1021
2025-07-22,model_Portfolio,Hold,0.0895,0.034,0.0794,0.0249,0.0685,0.0463,0.0727,0.4146,0.0681,0.1021
2025-07-23,model_Portfolio,Hold,0.0894,0.0338,0.0794,0.025,0.0701,0.0461,0.0745,0.4114,0.0678,0.1024
2025-07-24,model_Portfolio,Hold,0.0891,0.0332,0.0789,0.0253,0.0703,0.0459,0.0736,0.4147,0.067,0.1019
2025-07-25,model_Portfolio,Hold,0.0893,0.0332,0.0792,0.0251,0.0692,0.046,0.0734,0.415,0.0676,0.1019
2025-07-28,model_Portfolio,Hold,0.0898,0.0327,0.0779,0.0255,0.0715,0.0458,0.0711,0.4166,0.0684,0.1007
2025-07-29,model_Portfolio,Hold,0.0901,0.0326,0.0771,0.025,0.0712,0.0453,0.0708,0.4195,0.0676,0.1008
2025-07-30,model_Portfolio,Hold,0.0907,0.0321,0.0755,0.025,0.0706,0.0446,0.0696,0.4219,0.0654,0.1046
2025-07-31,model_Portfolio,Hold,0.0901,0.0317,0.077,0.0257,0.0707,0.0448,0.069,0.4169,0.0674,0.1066
2025-08-01,model_Portfolio,Hold,0.0924,0.0308,0.0773,0.024,0.0688,0.0446,0.0698,0.4178,0.0663,0.1081
2025-08-04,model_Portfolio,Hold,0.0926,0.0307,0.0763,0.0232,0.0669,0.0447,0.0695,0.4231,0.0667,0.1065
2025-08-05,model_Portfolio,Hold,0.0928,0.0292,0.0763,0.0234,0.0678,0.0453,0.0702,0.4207,0.0674,0.1071
2025-08-06,model_Portfolio,Hold,0.0928,0.0292,0.0787,0.0243,0.0657,0.0447,0.0662,0.4229,0.0676,0.1079
2025-08-07,model_Portfolio,Hold,0.0929,0.0283,0.0781,0.0242,0.0703,0.0442,0.0663,0.4206,0.0675,0.1078
2025-08-08,model_Portfolio,Hold,0.0929,0.0275,0.0778,0.0237,0.0711,0.0436,0.0649,0.4242,0.0671,0.1071
2025-08-11,model_Portfolio,Hold,0.0911,0.0275,0.0785,0.0236,0.071,0.0429,0.063,0.4243,0.0682,0.1099
2025-08-12,model_Portfolio,Hold,0.09,0.0271,0.0772,0.0234,0.0721,0.0433,0.064,0.425,0.0686,0.1093
2025-08-13,model_Portfolio,Hold,0.0887,0.028,0.0787,0.0237,0.0724,0.044,0.065,0.4215,0.0695,0.1083
2025-08-14,model_Portfolio,Hold,0.0887,0.0281,0.0784,0.0244,0.0722,0.0437,0.0646,0.4236,0.068,0.1084
2025-08-15,model_Portfolio,Hold,0.09,0.0281,0.0782,0.0243,0.0719,0.0433,0.0658,0.4241,0.0659,0.1085
2025-08-18,model_Portfolio,Hold,0.0891,0.0283,0.0785,0.0244,0.0717,0.0429,0.0668,0.4234,0.0661,0.1088
2025-08-19,model_Portfolio,Hold,0.0897,0.0291,0.0794,0.024,0.0711,0.0433,0.0677,0.4194,0.0668,0.1097
2025-08-20,model_Portfolio,Hold,0.0907,0.029,0.0807,0.0236,0.0715,0.0436,0.0671,0.4153,0.067,0.1116
2025-08-21,model_Portfolio,Hold,0.0902,0.0289,0.0807,0.0234,0.0724,0.0437,0.0669,0.4155,0.0668,0.1115
2025-08-22,model_Portfolio,Hold,0.0884,0.0287,0.079,0.0235,0.0742,0.0435,0.0683,0.4185,0.067,0.1089
2025-08-25,model_Portfolio,Hold,0.0877,0.0283,0.078,0.0233,0.0764,0.0427,0.0677,0.4222,0.0659,0.1076
2025-08-26,model_Portfolio,Hold,0.0879,0.0284,0.0789,0.0235,0.0759,0.0428,0.0683,0.421,0.0665,0.107
2025-08-27,model_Portfolio,Hold,0.0875,0.0285,0.0781,0.0235,0.0773,0.0428,0.0688,0.4206,0.0663,0.1067
2025-08-28,model_Portfolio,Hold,0.0867,0.0281,0.0764,0.0235,0.0779,0.0424,0.0683,0.425,0.0661,0.1057
2025-08-29,model_Portfolio,Hold,0.087,0.0283,0.0765,0.0231,0.0782,0.0421,0.0684,0.4251,0.0648,0.1063
2025-09-02,model_Portfolio,Hold,0.0867,0.0281,0.0761,0.0229,0.0808,0.042,0.0675,0.4244,0.0647,0.1068
2025-09-03,model_Portfolio,Hold,0.0843,0.0269,0.0743,0.0222,0.0743,0.0405,0.0658,0.4476,0.0616,0.1025
2025-09-04,model_Portfolio,Hold,0.0838,0.0265,0.0748,0.0229,0.076,0.0399,0.0662,0.4462,0.0624,0.1013
2025-09-05,model_Portfolio,Hold,0.0836,0.0267,0.0735,0.0225,0.0735,0.0398,0.0674,0.45,0.0621,0.101
2025-09-08,model_Portfolio,Hold,0.0836,0.0269,0.0734,0.0229,0.0723,0.0398,0.0684,0.4506,0.0619,0.1003
2025-09-09,model_Portfolio,Hold,0.0828,0.0263,0.0728,0.023,0.0698,0.0393,0.0665,0.4582,0.0611,0.1002
2025-09-10,model_Portfolio,Hold,0.081,0.0253,0.0733,0.0222,0.0749,0.0393,0.0665,0.4563,0.0611,0.1
2025-09-11,model_Portfolio,Hold,0.0824,0.0252,0.0737,0.022,0.0733,0.0399,0.0666,0.4547,0.0629,0.0994
2025-09-12,model_Portfolio,Hold,0.083,0.0246,0.074,0.0218,0.0728,0.0396,0.0667,0.4554,0.0623,0.0998
2025-09-15,model_Portfolio,Hold,0.0801,0.0241,0.0722,0.0217,0.0718,0.0385,0.066,0.4677,0.0608,0.097
2025-09-16,model_Portfolio,Hold,0.0807,0.0239,0.0714,0.0219,0.0765,0.0378,0.0659,0.4649,0.0604,0.0965
2025-09-17,model_Portfolio,Hold,0.0816,0.0244,0.0726,0.0217,0.0755,0.0385,0.0655,0.4625,0.06,0.0977
2025-09-18,model_Portfolio,Hold,0.0816,0.0242,0.0716,0.0216,0.0745,0.0387,0.0671,0.4658,0.0599,0.0951
2025-09-19,model_Portfolio,Hold,0.0821,0.024,0.0712,0.0215,0.0728,0.0382,0.0658,0.4683,0.0601,0.096
2025-09-22,model_Portfolio,Hold,0.0831,0.0243,0.0713,0.0213,0.0737,0.0381,0.066,0.4677,0.0595,0.095
2025-09-23,model_Portfolio,Hold,0.0826,0.0238,0.0718,0.0206,0.0749,0.0366,0.0668,0.4658,0.0604,0.0966
2025-09-24,model_Portfolio,Hold,0.0821,0.0244,0.0732,0.0208,0.0769,0.0364,0.0666,0.4616,0.0602,0.0979
2025-09-25,model_Portfolio,Hold,0.0823,0.0239,0.0738,0.0207,0.0772,0.0358,0.0657,0.4621,0.06,0.0986
2025-09-26,model_Portfolio,Hold,0.082,0.0244,0.0747,0.0208,0.0779,0.0357,0.0651,0.4611,0.0596,0.0989
2025-09-29,model_Portfolio,Hold,0.082,0.0253,0.0749,0.0211,0.077,0.0363,0.0658,0.4581,0.0603,0.0992
2025-09-30,model_Portfolio,Hold,0.0825,0.0253,0.0752,0.0208,0.0768,0.0366,0.066,0.4563,0.0608,0.0997
2025-10-01,model_Portfolio,Hold,0.0818,0.0248,0.0741,0.0208,0.0789,0.0361,0.0657,0.4573,0.0608,0.0996
2025-10-02,model_Portfolio,Hold,0.0816,0.0249,0.0742,0.021,0.0753,0.0365,0.066,0.4595,0.062,0.0989
2025-10-03,model_Portfolio,Hold,0.0823,0.0249,0.075,0.0207,0.0771,0.0365,0.0659,0.4573,0.0617,0.0986
2025-10-06,model_Portfolio,Hold,0.0813,0.0251,0.075,0.0207,0.0784,0.0361,0.0624,0.4635,0.0602,0.0973
2025-10-07,model_Portfolio,Hold,0.0815,0.0256,0.0756,0.0209,0.079,0.0364,0.0615,0.4589,0.0605,0.1001
2025-10-08,model_Portfolio,Hold,0.0829,0.026,0.0754,0.0214,0.078,0.0364,0.0597,0.46,0.0612,0.099
2025-10-09,model_Portfolio,Hold,0.0833,0.0262,0.0759,0.0219,0.0759,0.036,0.0598,0.4597,0.0607,0.1006
2025-10-10,model_Portfolio,Hold,0.0845,0.0255,0.0772,0.0212,0.0718,0.0359,0.0605,0.4592,0.0602,0.1039
2025-10-13,model_Portfolio,Hold,0.0824,0.0254,0.0755,0.0212,0.0735,0.0359,0.0595,0.4665,0.0602,0.0998
2025-10-14,model_Portfolio,Hold,0.083,0.0253,0.0758,0.0207,0.0733,0.0358,0.0601,0.4657,0.0604,0.0998
2025-10-15,model_Portfolio,Hold,0.0804,0.0246,0.0741,0.0205,0.0738,0.0349,0.0605,0.4726,0.0603,0.0983
2025-10-16,model_Portfolio,Hold,0.0798,0.0242,0.0725,0.0205,0.0735,0.0346,0.0602,0.4767,0.0599,0.098
2025-10-17,model_Portfolio,Hold,0.08,0.0245,0.0728,0.0203,0.0716,0.0344,0.0597,0.4778,0.0601,0.0987
2025-10-20,model_Portfolio,Hold,0.0798,0.0247,0.0729,0.0204,0.0709,0.0342,0.0605,0.4794,0.0604,0.0968
2025-10-21,model_Portfolio,Hold,0.0792,0.0257,0.073,0.0211,0.0717,0.0346,0.061,0.4716,0.0655,0.0966
2025-10-22,model_Portfolio,Hold,0.079,0.0255,0.0724,0.0206,0.0731,0.0342,0.0614,0.4714,0.0654,0.0971
2025-10-23,model_Portfolio,Hold,0.0773,0.0253,0.0716,0.0207,0.0779,0.0341,0.0602,0.4699,0.0665,0.0964
2025-10-24,model_Portfolio,Hold,0.0769,0.0248,0.0706,0.0208,0.0747,0.0338,0.06,0.4779,0.0646,0.0957
2025-10-27,model_Portfolio,Hold,0.0759,0.0248,0.0698,0.0208,0.072,0.0334,0.0595,0.4875,0.0636,0.0928
2025-10-28,model_Portfolio,Hold,0.077,0.0255,0.0705,0.0214,0.0715,0.0338,0.049,0.4933,0.0642,0.0939
2025-10-29,model_Portfolio,Hold,0.0754,0.0249,0.0697,0.0214,0.0707,0.0329,0.0456,0.5048,0.0631,0.0917
2025-10-30,model_Portfolio,Hold,0.0753,0.0249,0.0701,0.0206,0.0699,0.0323,0.0435,0.5155,0.0636,0.0842
2025-10-31,model_Portfolio,Hold,0.0745,0.0249,0.0702,0.0226,0.0706,0.0319,0.0449,0.514,0.0635,0.0829
2025-11-03,model_Portfolio,Hold,0.0745,0.0247,0.07,0.0234,0.07,0.0315,0.0429,0.5179,0.0618,0.0832
2025-11-04,model_Portfolio,Hold,0.0766,0.0245,0.0721,0.0233,0.0696,0.032,0.0421,0.5128,0.0619,0.0852
2025-11-05,model_Portfolio,Hold,0.0748,0.0246,0.0727,0.023,0.0673,0.0312,0.0419,0.5181,0.0625,0.0838
2025-11-06,model_Portfolio,Hold,0.0744,0.0238,0.0736,0.0222,0.0728,0.0337,0.0405,0.5142,0.0617,0.0832
2025-11-07,model_Portfolio,Hold,0.0756,0.0243,0.0742,0.0224,0.0737,0.034,0.0426,0.506,0.0624,0.0847
2025-11-10,model_Portfolio,Hold,0.0738,0.0237,0.0724,0.0223,0.0738,0.0331,0.0407,0.5157,0.0622,0.0823
2025-11-11,model_Portfolio,Hold,0.074,0.0234,0.0721,0.0222,0.0741,0.0334,0.0409,0.5147,0.0622,0.083
2025-11-12,model_Portfolio,Hold,0.0757,0.024,0.0733,0.022,0.0726,0.0336,0.0405,0.5113,0.0637,0.0833
2025-11-13,model_Portfolio,Hold,0.0771,0.0244,0.0745,0.0217,0.0761,0.0343,0.0398,0.5036,0.0644,0.0841
2025-11-14,model_Portfolio,Hold,0.0782,0.0243,0.0744,0.0215,0.0768,0.0339,0.0401,0.502,0.0638,0.085
2025-11-17,model_Portfolio,Hold,0.0771,0.0237,0.0724,0.0212,0.0748,0.0328,0.0386,0.5129,0.0624,0.0841
2025-11-18,model_Portfolio,Hold,0.0771,0.0236,0.0721,0.0202,0.0765,0.0327,0.0386,0.5115,0.0625,0.0853
2025-11-19,model_Portfolio,Hold,0.0742,0.0235,0.0703,0.0201,0.0732,0.0326,0.0373,0.5225,0.0623,0.0841
2025-11-20,model_Portfolio,Hold,0.0738,0.0237,0.0719,0.0198,0.0719,0.0326,0.0372,0.5223,0.0622,0.0845
2025-11-21,model_Portfolio,Hold,0.0741,0.0241,0.0702,0.0196,0.0717,0.0325,0.0377,0.526,0.0618,0.0822
2025-11-24,model_Portfolio,Hold,0.0713,0.0226,0.0676,0.0194,0.0707,0.0314,0.0367,0.5415,0.0604,0.0784
2025-11-25,model_Portfolio,Hold,0.0709,0.0228,0.0675,0.0195,0.0689,0.0313,0.0373,0.5428,0.0603,0.0788
2025-11-26,model_Portfolio,Hold,0.0714,0.0228,0.0671,0.0195,0.0709,0.0314,0.0381,0.539,0.0603,0.0795
2025-11-28,model_Portfolio,Hold,0.0714,0.0229,0.0668,0.0198,0.0715,0.0316,0.038,0.5378,0.0606,0.0797
2025-12-01,model_Portfolio,Hold,0.0715,0.0238,0.0669,0.02,0.0731,0.0319,0.038,0.5337,0.0605,0.0806
2025-12-02,model_Portfolio,Hold,0.0705,0.0241,0.0664,0.0201,0.0735,0.0313,0.0384,0.5347,0.0609,0.0801
2025-12-03,model_Portfolio,Hold,0.0694,0.025,0.066,0.0197,0.0772,0.0315,0.0343,0.537,0.0609,0.0789
2025-12-04,model_Portfolio,Hold,0.07,0.0249,0.0666,0.0196,0.0771,0.0319,0.0332,0.5374,0.06,0.0794
2025-12-05,model_Portfolio,Hold,0.0694,0.0245,0.0663,0.0195,0.0778,0.0316,0.0323,0.5409,0.0591,0.0785
2025-12-08,model_Portfolio,Hold,0.0693,0.025,0.067,0.0197,0.0767,0.0293,0.0327,0.5405,0.0592,0.0805
2025-12-09,model_Portfolio,Hold,0.0684,0.0252,0.0666,0.0197,0.077,0.0284,0.0327,0.5428,0.0592,0.0801
2025-12-10,model_Portfolio,Hold,0.0685,0.0252,0.0655,0.0199,0.0761,0.0289,0.0333,0.5436,0.0589,0.0801
2025-12-11,model_Portfolio,Hold,0.0698,0.0253,0.0673,0.02,0.076,0.0301,0.033,0.5367,0.0607,0.0811
2025-12-12,model_Portfolio,Hold,0.0712,0.0255,0.0683,0.0197,0.0761,0.0301,0.0339,0.5329,0.0609,0.0814
2025-12-15,model_Portfolio,Hold,0.073,0.0258,0.0692,0.0194,0.0743,0.0304,0.0345,0.5316,0.0598,0.0819
2025-12-16,model_Portfolio,Hold,0.0728,0.0259,0.0687,0.0196,0.0712,0.0304,0.0345,0.5343,0.0596,0.0831
2025-12-17,model_Portfolio,Hold,0.0738,0.0264,0.0703,0.0198,0.0742,0.0314,0.0354,0.5246,0.06,0.0841
2025-12-18,model_Portfolio,Hold,0.0724,0.0259,0.0699,0.0201,0.0713,0.0308,0.0362,0.5314,0.0595,0.0825
2025-12-19,model_Portfolio,Hold,0.072,0.0259,0.0693,0.02,0.0716,0.0301,0.0352,0.5354,0.0591,0.0814
2025-12-22,model_Portfolio,Hold,0.0715,0.0256,0.0686,0.02,0.0721,0.0305,0.0355,0.5366,0.058,0.0816
2025-12-23,model_Portfolio,Hold,0.0705,0.0254,0.0685,0.0201,0.0713,0.0303,0.0348,0.5402,0.0576,0.0812
2025-12-24,model_Portfolio,Hold,0.0706,0.0253,0.0684,0.0202,0.0713,0.0304,0.0353,0.5394,0.0577,0.0814
2025-12-26,model_Portfolio,Hold,0.0708,0.0254,0.0681,0.0202,0.0709,0.0306,0.0352,0.5393,0.0584,0.0811
2025-12-29,model_Portfolio,Hold,0.0705,0.0254,0.0681,0.0201,0.0714,0.0307,0.0356,0.5389,0.0582,0.0811
2025-12-30,model_Portfolio,Hold,0.071,0.0252,0.0684,0.0201,0.0721,0.0307,0.0357,0.5378,0.0578,0.081
